logged_at,symbol,kind,old_tag,new_tag,close,atr,stop_suggested,conviction_score,coverage_pct,vetoed,veto_reasons,rs_pctile,archetypes,days_elapsed,return_to_date_pct,max_favorable_R,max_adverse_R,hit_suggested_stop,r_to_date,status,plan_entry_date,plan_entry_price,plan_stop,plan_sized,plan_followed_R,plan_R_trading_lot,plan_R_core_lot,plan_exit_reasons,plan_status
2026-07-07 18:40:00,ACUTAAS,RE-ENTRY WINDOW,EXTENDED,CONFIRMED,3391.0,137.43,3047.43,62.2,100.0,False,,99.3421052631579,Quality + Hyper-growth,78,-3.16,0.9,-1.07,True,-1.0,stopped,2026-07-08,3395.0,3047.43,True,-1.028,-1.028,-1.028,stop_loss,closed
2026-07-07 18:40:00,ANANDRATHI,RE-ENTRY WINDOW,EXTENDED,CONFIRMED,2052.0,69.59,1878.02,57.9,100.0,False,,93.25657894736842,Quality,78,5.62,1.24,-0.29,False,0.66,open,2026-07-08,2050.1,1878.02,True,0.645,0.645,0.645,backtest_end,open
2026-07-07 18:40:00,BANDHANBNK,BUY CANDIDATE,WATCH,CONFIRMED,205.1000061035156,6.49,188.87,60.0,80.0,False,,78.61842105263158,(untagged — theme data Phase C),78,-10.82,0.96,-2.19,True,-1.0,stopped,2026-07-08,204.94,188.87,True,-1.094,-1.094,-1.094,stop_loss,closed
2026-07-07 18:40:00,CARBORUNIV,BUY CANDIDATE,WATCH,CONFIRMED,1106.0999755859375,56.57,,42.4,100.0,False,,80.3453947368421,(untagged — theme data Phase C),78,17.21,,,False,,open,2026-07-08,1106.1,981.1,False,1.494,1.494,1.494,backtest_end,open
2026-07-07 18:40:00,J&KBANK,RE-ENTRY WINDOW,EXTENDED,CONFIRMED,163.7100067138672,4.84,151.61,58.6,100.0,False,,93.91447368421052,(untagged — theme data Phase C),78,-10.16,3.14,-1.41,True,-1.0,stopped,2026-07-08,165.0,151.61,True,0.373,0.784,-0.037,stop_loss,closed
2026-07-07 18:40:00,KARURVYSYA,BUY CANDIDATE,WATCH,CONFIRMED,304.3500061035156,7.7,285.11,57.8,80.0,False,,77.71381578947368,(untagged — theme data Phase C),78,6.78,2.82,-0.67,False,1.07,open,2026-07-08,304.95,285.11,True,1.196,1.431,0.963,backtest_end; trend_break_50dma,open
2026-07-07 18:40:00,SYRMA,RE-ENTRY WINDOW,EXTENDED,CONFIRMED,1356.0,54.14,1220.64,65.8,100.0,False,,98.84868421052632,(untagged — theme data Phase C),78,25.27,3.31,-0.73,False,2.53,open,2026-07-08,1344.8,1220.64,True,2.757,2.701,2.813,backtest_end,open
2026-07-07 18:40:00,AUROPHARMA,RE-ENTRY WINDOW,EXTENDED,CONFIRMED,1583.0999755859375,37.89,1488.39,51.2,100.0,False,,86.51315789473685,(untagged — theme data Phase C),78,8.39,1.66,-0.75,False,1.4,open,2026-07-08,1575.5,1488.39,True,1.556,1.556,1.556,backtest_end,open
2026-07-07 18:40:00,LAURUSLABS,RE-ENTRY WINDOW,EXTENDED,CONFIRMED,1477.4000244140625,43.18,1369.45,64.6,100.0,False,,96.71052631578948,(untagged — theme data Phase C),78,37.15,5.35,-0.27,False,5.08,open,2026-07-08,1474.9,1369.45,True,4.746,4.305,5.178,backtest_end,open
2026-07-07 18:40:00,NAM-INDIA,RE-ENTRY WINDOW,EXTENDED,CONFIRMED,1192.5999755859375,29.04,1120.01,62.2,100.0,False,,88.81578947368422,Quality,78,-4.0,0.55,-1.36,True,-1.0,stopped,2026-07-08,1169.0,1120.01,True,-1.07,-1.07,-1.07,stop_loss,closed
2026-07-07 18:40:00,ARVIND,RE-ENTRY WINDOW,EXTENDED,CONFIRMED,539.0999755859375,23.72,479.8,60.3,100.0,False,,96.2171052631579,(untagged — theme data Phase C),78,4.93,1.15,-0.58,False,0.45,open,2026-07-08,533.15,479.8,True,0.579,0.579,0.579,backtest_end,open
2026-07-07 18:40:00,AVALON,RE-ENTRY WINDOW,EXTENDED,CONFIRMED,1639.9000244140625,72.71,1458.13,65.3,100.0,False,,98.51973684210526,Turnaround,78,41.23,5.38,-0.1,False,3.72,open,2026-07-08,1639.9,1458.13,True,3.49,3.293,3.687,backtest_end,open
2026-07-07 18:40:00,BALAMINES,RE-ENTRY WINDOW,EXTENDED,CONFIRMED,2067.800048828125,101.84,,52.3,100.0,False,,96.54605263157896,(untagged — theme data Phase C),78,7.65,,,False,,open,2026-07-08,2074.5,1797.7,False,0.524,0.524,0.524,backtest_end,open
2026-07-07 18:40:00,EPL,BUY CANDIDATE,WATCH,CONFIRMED,245.08999633789065,6.01,230.05,54.2,100.0,False,,,(untagged — theme data Phase C),78,-2.87,0.0,-1.54,True,-1.0,stopped,2026-07-08,242.89,230.05,True,-1.055,-1.055,-1.055,stop_loss,closed
2026-07-07 18:40:00,KTKBANK,BUY CANDIDATE,WATCH,CONFIRMED,265.75,6.77,248.83,48.7,100.0,False,,79.11184210526315,(untagged — theme data Phase C),78,27.24,4.74,-0.28,False,4.28,open,2026-07-08,265.0,248.83,True,4.135,3.803,4.468,backtest_end,open
2026-07-07 18:40:00,PRIVISCL,RE-ENTRY WINDOW,EXTENDED,CONFIRMED,3639.300048828125,97.22,3396.25,64.6,100.0,False,,81.74342105263158,(untagged — theme data Phase C),78,-2.79,0.6,-1.36,True,-1.0,stopped,2026-07-08,3615.0,3396.25,True,-1.048,-1.048,-1.048,stop_loss,closed
2026-07-07 18:40:00,SANSERA,RE-ENTRY WINDOW,EXTENDED,CONFIRMED,3151.5,104.6,2890.0,62.7,100.0,False,,98.68421052631578,(untagged — theme data Phase C),78,46.14,6.09,-0.31,False,5.56,open,2026-07-08,3149.0,2890.0,True,5.114,4.628,5.579,backtest_end,open
2026-07-07 18:40:00,SHILPAMED,RE-ENTRY WINDOW,EXTENDED,CONFIRMED,599.7999877929688,25.75,535.42,65.6,100.0,False,,95.55921052631578,(untagged — theme data Phase C),78,67.94,7.38,-0.18,False,6.33,open,2026-07-08,599.0,535.42,True,5.744,5.103,6.384,backtest_end,open
2026-07-07 18:40:00,VIYASH,RE-ENTRY WINDOW,EXTENDED,CONFIRMED,278.8999938964844,11.52,250.09,58.4,100.0,False,,90.13157894736842,Hyper-growth,78,-11.8,0.25,-1.07,True,-1.0,stopped,2026-07-08,277.8,250.09,True,-1.029,-1.029,-1.029,stop_loss,closed
2026-07-09 16:39:00,ACMESOLAR,BUY CANDIDATE,WATCH,CONFIRMED,367.7999877929688,14.7,331.06,68.9,75.0,False,,93.0921052631579,(untagged — theme data Phase C),76,21.44,2.97,-0.63,False,2.15,open,2026-07-10,370.0,331.06,True,2.023,2.11,1.937,backtest_end,open
2026-07-09 16:39:00,BALRAMCHIN,BUY CANDIDATE,WATCH,CONFIRMED,567.4500122070312,15.26,529.29,46.3,100.0,False,,67.76315789473685,(untagged — theme data Phase C),76,16.2,5.59,-0.13,False,2.41,open,2026-07-10,567.7,529.29,True,2.358,2.376,2.339,backtest_end,open
2026-07-09 16:39:00,CHENNPETRO,BUY CANDIDATE,WATCH,CONFIRMED,1121.699951171875,33.5,1037.95,75.1,100.0,False,,88.65131578947368,Turnaround,76,22.38,6.64,-0.27,False,3.0,open,2026-07-10,1130.7,1037.95,True,2.551,2.534,2.569,backtest_end,open
2026-07-09 16:39:00,IKS,RE-ENTRY WINDOW,EXTENDED,CONFIRMED,1862.9000244140625,57.14,1720.06,64.3,100.0,False,,61.43092105263158,(untagged — theme data Phase C),76,0.29,0.49,-1.24,True,-1.0,stopped,2026-07-10,1885.0,1720.06,True,-1.033,-1.033,-1.033,stop_loss,closed
2026-07-09 16:39:00,WELSPUNLIV,RE-ENTRY WINDOW,EXTENDED,CONFIRMED,166.52999877929688,5.7,152.27,51.0,100.0,False,,79.27631578947368,(untagged — theme data Phase C),76,33.5,4.66,-0.95,False,3.91,open,2026-07-10,167.76,152.27,True,3.317,3.15,3.485,backtest_end,open
2026-07-09 16:39:00,ABCAPITAL,RE-ENTRY WINDOW,EXTENDED,CONFIRMED,397.3500061035156,10.97,369.93,60.7,100.0,False,,79.44078947368422,(untagged — theme data Phase C),76,-1.82,1.22,-0.71,False,-0.26,open,2026-07-10,400.0,369.93,True,-0.369,-0.369,-0.369,backtest_end,open
2026-07-09 16:39:00,GMRAIRPORT,RE-ENTRY WINDOW,EXTENDED,CONFIRMED,111.83000183105467,2.58,105.39,65.7,100.0,False,,73.84868421052632,Turnaround + Hyper-growth,76,-12.95,0.49,-1.33,True,-1.0,stopped,2026-07-10,112.64,105.39,True,-1.045,-1.045,-1.045,stop_loss,closed
2026-07-09 16:39:00,INDUSINDBK,RE-ENTRY WINDOW,EXTENDED,CONFIRMED,1015.1500244140624,26.52,948.85,25.0,100.0,True,promoter_pledge: 42.8% of promoter holding pledged,68.58552631578947,Turnaround,76,-9.42,0.95,-1.07,True,-1.0,stopped,2026-07-10,1019.7,948.85,True,-1.042,-1.042,-1.042,stop_loss,closed
2026-07-09 16:39:00,IPCALAB,RE-ENTRY WINDOW,EXTENDED,CONFIRMED,1770.4000244140625,48.12,1650.1,70.2,100.0,False,,80.3453947368421,Turnaround,76,12.81,2.22,-0.8,False,1.88,open,2026-07-10,1788.0,1650.1,True,1.475,1.475,1.475,backtest_end,open
2026-07-09 16:39:00,DYNAMATECH,BUY CANDIDATE,WATCH,CONFIRMED,10845.0,433.29,9761.79,49.8,100.0,False,,75.6578947368421,(untagged — theme data Phase C),76,15.73,1.96,-0.73,False,1.57,open,2026-07-10,10892.0,9761.79,True,1.437,1.437,1.437,backtest_end,open
2026-07-09 16:39:00,NAZARA,BUY CANDIDATE,WATCH,CONFIRMED,303.79998779296875,8.78,281.86,25.0,100.0,True,promoter_pledge: 55.9% of promoter holding pledged,67.26973684210526,Quality,76,23.29,3.47,-0.39,False,3.22,open,2026-07-10,305.0,281.86,True,2.879,2.796,2.962,backtest_end,open
2026-07-09 16:39:00,PARAS,RE-ENTRY WINDOW,EXTENDED,CONFIRMED,1216.800048828125,73.44,,55.8,100.0,False,,97.20394736842104,Hyper-growth,76,10.4,,,False,,open,2026-07-10,1222.9,1034.24,False,0.618,0.618,0.618,backtest_end,open
2026-07-09 16:39:00,RATNAMANI,BUY CANDIDATE,WATCH,CONFIRMED,2633.89990234375,79.61,2434.88,44.5,100.0,False,,,(untagged — theme data Phase C),76,7.23,0.41,-1.17,True,-1.0,stopped,2026-07-10,2637.0,2434.88,True,-1.038,-1.038,-1.038,stop_loss,closed
2026-07-09 16:39:00,TRIVENI,RE-ENTRY WINDOW,EXTENDED,CONFIRMED,455.0499877929688,16.39,414.09,52.5,100.0,False,,69.81907894736842,(untagged — theme data Phase C),76,-47.21,0.86,-4.38,True,-1.0,stopped,2026-07-10,458.0,414.09,True,-3.853,-3.853,-3.853,stop_loss,closed
2026-07-11 14:57:00,AARTIIND,BUY CANDIDATE,WATCH,CONFIRMED,484.1000061035156,14.07,448.92,60.8,100.0,False,,74.50657894736842,(untagged — theme data Phase C),74,1.11,1.92,-0.7,False,0.15,open,2026-07-13,482.45,448.92,True,-0.043,-0.043,-0.043,stop_loss,closed
2026-07-11 14:57:00,BANDHANBNK,BUY CANDIDATE,WATCH,CONFIRMED,210.0,7.38,191.54,62.1,80.0,False,,78.61842105263158,(untagged — theme data Phase C),74,-12.9,0.58,-2.19,True,-1.0,stopped,2026-07-13,208.0,191.54,True,-1.254,-1.254,-1.254,stop_loss,closed
2026-07-11 14:57:00,GLAND,BUY CANDIDATE,WATCH,CONFIRMED,2479.39990234375,79.73,2280.08,63.4,100.0,False,,89.0625,(untagged — theme data Phase C),74,16.86,2.82,-0.64,False,2.1,open,2026-07-13,2476.0,2280.08,True,2.162,2.214,2.11,backtest_end,open
2026-07-11 14:57:00,ZYDUSWELL,BUY CANDIDATE,WATCH,CONFIRMED,592.4500122070312,25.19,529.47,47.1,100.0,False,,88.32236842105263,(untagged — theme data Phase C),74,-12.2,0.31,-1.07,True,-1.0,stopped,2026-07-13,590.0,529.47,True,-1.028,-1.028,-1.028,stop_loss,closed
2026-07-11 14:57:00,MAHABANK,BUY CANDIDATE,WATCH,CONFIRMED,84.25,3.11,76.47,61.2,100.0,False,,92.68092105263158,(untagged — theme data Phase C),74,-2.22,0.42,-0.91,False,-0.24,open,2026-07-13,83.57,76.47,True,-0.203,-0.203,-0.203,backtest_end,open
2026-07-11 14:57:00,LLOYDSME,BUY CANDIDATE,WATCH,CONFIRMED,1799.5999755859375,57.66,1655.46,61.5,100.0,False,,76.80921052631578,Hyper-growth,74,1.24,2.26,-0.41,False,0.15,open,2026-07-13,1799.0,1655.46,True,-0.038,-0.038,-0.038,stop_loss,closed
2026-07-11 14:57:00,LUPIN,RE-ENTRY WINDOW,EXTENDED,CONFIRMED,2496.300048828125,50.04,2371.19,60.6,100.0,False,,74.83552631578947,Quality,74,-15.85,0.27,-1.25,True,-1.0,stopped,2026-07-13,2495.0,2371.19,True,-1.149,-1.149,-1.149,stop_loss,closed
2026-07-11 14:57:00,DCBBANK,BUY CANDIDATE,WATCH,CONFIRMED,188.6699981689453,5.45,175.04,65.8,80.0,False,,72.86184210526315,(untagged — theme data Phase C),74,13.08,3.38,-0.64,False,1.81,open,2026-07-13,186.0,175.04,True,1.015,2.442,-0.412,backtest_end; weekly_close_below_30wk_ma,open
2026-07-11 14:57:00,DIACABS,RE-ENTRY WINDOW,EXTENDED,CONFIRMED,229.009994506836,11.7,,63.9,100.0,False,,92.10526315789474,(untagged — theme data Phase C),74,57.39,,,False,,open,2026-07-13,228.99,200.15,False,4.19,3.851,4.527,backtest_end,open
2026-07-11 14:57:00,ICIL,RE-ENTRY WINDOW,EXTENDED,CONFIRMED,412.5499877929688,21.41,,48.6,100.0,False,,92.26973684210526,(untagged — theme data Phase C),74,9.31,,,False,,open,2026-07-13,412.0,356.48,False,0.678,0.678,0.678,backtest_end,open
2026-07-11 14:57:00,LLOYDSENGG,BUY CANDIDATE,WATCH,CONFIRMED,90.5999984741211,4.49,,57.1,100.0,False,,89.63815789473685,(untagged — theme data Phase C),74,0.34,,,False,,open,2026-07-13,89.4,78.04,False,-1.022,-1.022,-1.022,stop_loss,closed
2026-07-11 14:57:00,MANORAMA,BUY CANDIDATE,WATCH,CONFIRMED,1603.4000244140625,57.43,1459.83,51.3,100.0,False,,69.81907894736842,(untagged — theme data Phase C),74,17.42,3.8,-0.29,False,1.95,open,2026-07-13,1603.4,1459.83,True,1.998,2.09,1.909,backtest_end,open
2026-07-11 14:57:00,MARKSANS,RE-ENTRY WINDOW,EXTENDED,CONFIRMED,272.3999938964844,11.22,244.34,55.0,100.0,False,,82.48355263157895,(untagged — theme data Phase C),74,23.86,0.32,-1.17,True,-1.0,stopped,2026-07-13,270.95,244.34,True,-1.029,-1.029,-1.029,stop_loss,closed
2026-07-11 14:57:00,PRUDENT,BUY CANDIDATE,WATCH,CONFIRMED,2983.199951171875,82.37,2777.27,49.7,100.0,False,,67.59868421052632,Quality,74,7.92,0.49,-1.07,True,-1.0,stopped,2026-07-13,2983.0,2777.27,True,-1.042,-1.042,-1.042,stop_loss,closed
2026-07-11 14:57:00,QPOWER,BUY CANDIDATE,WATCH,CONFIRMED,1212.300048828125,55.11,1074.53,65.4,100.0,False,,94.4078947368421,Quality + Hyper-growth,74,23.74,0.2,-1.09,True,-1.0,stopped,,,,,,,,,engine took no position
2026-07-14 10:37:00,ASTERDM,BUY CANDIDATE,WATCH,CONFIRMED,814.9000244140625,21.4,761.41,25.0,100.0,True,promoter_pledge: 40.7% of promoter holding pledged,84.9,Turnaround,71,-5.68,1.43,-1.1,True,-1.0,stopped,2026-07-15,815.0,761.41,True,-1.044,-1.044,-1.044,stop_loss,closed
2026-07-14 10:37:00,BHEL,BUY CANDIDATE,WATCH,CONFIRMED,409.1000061035156,12.85,376.98,66.0,100.0,False,,89.9,(untagged — theme data Phase C),71,1.53,1.16,-0.42,False,0.19,open,2026-07-15,405.2,376.98,True,0.316,0.316,0.316,backtest_end,open
2026-07-14 10:37:00,AZAD,RE-ENTRY WINDOW,EXTENDED,CONFIRMED,2378.5,100.36,2127.61,53.7,100.0,False,,89.5,Hyper-growth,71,12.6,2.42,-0.51,False,1.19,open,2026-07-15,2400.0,2127.61,True,0.994,0.994,0.994,backtest_end,open
2026-07-14 10:37:00,BALAMINES,RE-ENTRY WINDOW,EXTENDED,CONFIRMED,2340.89990234375,124.89,,52.3,100.0,False,,96.6,(untagged — theme data Phase C),71,-4.91,,,False,,open,2026-07-15,2335.0,2027.2,False,-1.021,-1.021,-1.021,stop_loss,closed
2026-07-14 10:37:00,EDELWEISS,BUY CANDIDATE,WATCH,CONFIRMED,123.93000030517578,4.47,112.75,54.5,100.0,False,,62.6,(untagged — theme data Phase C),71,12.17,1.97,-0.95,False,1.35,open,2026-07-15,119.88,112.75,True,2.598,2.568,2.629,backtest_end,open
2026-07-14 10:37:00,SPARC,RE-ENTRY WINDOW,EXTENDED,CONFIRMED,259.4200134277344,13.56,,62.0,100.0,False,,96.7,Turnaround + Hyper-growth,71,-21.37,,,False,,open,2026-07-15,248.5,216.77,False,-1.022,-1.022,-1.022,stop_loss,closed
2026-07-14 10:37:00,THANGAMAYL,RE-ENTRY WINDOW,EXTENDED,CONFIRMED,6233.0,404.04,,59.9,70.0,False,,99.3,(untagged — theme data Phase C),71,-18.23,,,False,,open,2026-07-15,6435.0,5363.54,False,-1.017,-1.017,-1.017,stop_loss,closed
2026-07-14 14:19:00,ANANDRATHI,RE-ENTRY WINDOW,EXTENDED,CONFIRMED,2080.800048828125,69.26,1907.66,56.2,45.0,False,,93.5,,71,4.16,1.08,-0.45,False,0.5,open,2026-07-15,2090.0,1907.66,True,0.389,0.389,0.389,backtest_end,open
2026-07-14 14:19:00,HFCL,RE-ENTRY WINDOW,EXTENDED,CONFIRMED,212.77999877929688,9.27,189.6,83.0,45.0,False,,99.5,,71,-0.98,0.72,-1.29,True,-1.0,stopped,2026-07-15,214.3,189.6,True,-1.13,-1.13,-1.13,stop_loss,closed
2026-07-14 14:19:00,IKS,RE-ENTRY WINDOW,EXTENDED,CONFIRMED,1879.4000244140625,57.53,1735.58,48.0,45.0,False,,67.8,,71,-0.59,0.25,-1.34,True,-1.0,stopped,2026-07-15,1875.0,1735.58,True,-1.039,-1.039,-1.039,stop_loss,closed
2026-07-14 14:19:00,J&KBANK,RE-ENTRY WINDOW,EXTENDED,CONFIRMED,177.39999389648438,7.59,158.42,49.2,45.0,False,,95.6,,71,-17.1,0.77,-1.28,True,-1.0,stopped,2026-07-15,179.2,158.42,True,-1.024,-1.024,-1.024,stop_loss,closed
2026-07-14 14:19:00,JINDALSAW,RE-ENTRY WINDOW,EXTENDED,CONFIRMED,258.8500061035156,9.57,234.92,47.5,45.0,False,,85.8,,71,9.37,2.56,-0.52,False,1.01,open,2026-07-15,253.0,234.92,True,1.757,1.894,1.62,backtest_end,open
2026-07-14 14:19:00,KIRLOSENG,RE-ENTRY WINDOW,EXTENDED,CONFIRMED,2362.300048828125,111.4,2083.8,47.6,45.0,False,,98.9,,71,-8.37,0.28,-1.3,True,-1.0,stopped,,,,,,,,,engine took no position
2026-07-14 14:19:00,SONACOMS,RE-ENTRY WINDOW,EXTENDED,CONFIRMED,666.7999877929688,17.44,623.19,47.9,45.0,False,,88.0,,71,22.42,4.06,-0.08,False,3.43,open,2026-07-15,675.05,623.19,True,2.33,1.98,2.681,backtest_end; trend_break_50dma,open
2026-07-14 14:19:00,STARHEALTH,RE-ENTRY WINDOW,EXTENDED,CONFIRMED,597.3499755859375,16.46,556.19,47.5,45.0,False,,86.1,,71,-7.86,0.67,-1.07,True,-1.0,stopped,2026-07-15,597.85,556.19,True,-1.042,-1.042,-1.042,stop_loss,closed
2026-07-14 14:19:00,WELSPUNLIV,RE-ENTRY WINDOW,EXTENDED,CONFIRMED,164.5399932861328,6.08,149.35,46.0,45.0,False,,77.7,,71,35.12,4.51,-0.76,False,3.8,open,2026-07-15,165.43,149.35,True,3.331,3.159,3.502,backtest_end,open
2026-07-14 14:19:00,WOCKPHARMA,BUY CANDIDATE,WATCH,CONFIRMED,1850.699951171875,59.37,1702.27,45.5,45.0,False,,74.7,,71,23.61,3.43,-0.24,False,2.94,open,2026-07-15,1854.4,1702.27,True,2.751,2.694,2.807,backtest_end,open
2026-07-14 14:19:00,ABCAPITAL,RE-ENTRY WINDOW,EXTENDED,CONFIRMED,399.25,10.41,373.23,50.2,45.0,False,,80.0,,71,-2.29,1.21,-0.82,False,-0.35,open,2026-07-15,403.0,373.23,True,-0.473,-0.473,-0.473,backtest_end,open
2026-07-14 14:19:00,BIOCON,BUY CANDIDATE,WATCH,CONFIRMED,437.2999877929688,13.56,403.4,63.5,45.0,False,,70.0,,71,-11.5,0.29,-1.05,True,-1.0,stopped,2026-07-15,438.0,403.4,True,-1.036,-1.036,-1.036,stop_loss,closed
2026-07-14 14:19:00,FEDERALBNK,RE-ENTRY WINDOW,EXTENDED,CONFIRMED,327.5,5.92,312.71,54.1,45.0,False,,85.8,,71,0.61,2.99,-0.28,False,0.14,open,2026-07-15,328.5,312.71,True,0.683,1.428,-0.062,stop_loss; trend_break_50dma,closed
2026-07-14 14:19:00,POLYCAB,BUY CANDIDATE,WATCH,CONFIRMED,9532.5,253.14,8899.64,46.9,45.0,False,,82.7,,71,-12.23,0.16,-1.12,True,-1.0,stopped,2026-07-15,9514.0,8899.64,True,-1.045,-1.045,-1.045,stop_loss,closed
2026-07-14 14:19:00,ENTERO,BUY CANDIDATE,WATCH,CONFIRMED,1241.5999755859375,37.72,1147.3,47.9,45.0,False,,63.2,,71,49.18,7.19,-0.77,False,6.48,open,2026-07-15,1240.0,1147.3,True,5.904,5.254,6.554,backtest_end,open
2026-07-14 14:19:00,EQUITASBNK,RE-ENTRY WINDOW,EXTENDED,CONFIRMED,79.94000244140625,2.71,73.17,49.1,45.0,False,,74.2,,71,-12.17,0.58,-1.38,True,-1.0,stopped,2026-07-15,80.49,73.17,True,-1.031,-1.031,-1.031,stop_loss,closed
2026-07-14 14:19:00,METROPOLIS,BUY CANDIDATE,WATCH,CONFIRMED,559.2000122070312,17.84,514.6,51.8,45.0,False,,72.8,,71,4.25,1.12,-0.51,False,0.53,open,2026-07-15,563.0,514.6,True,0.377,0.377,0.377,backtest_end,open
2026-07-14 14:19:00,RAIN,RE-ENTRY WINDOW,EXTENDED,CONFIRMED,205.4600067138672,8.09,185.23,45.6,45.0,False,,87.6,,71,6.22,2.3,-0.71,False,0.63,open,2026-07-15,206.4,185.23,True,-0.029,-0.029,-0.029,stop_loss,closed
2026-07-14 14:19:00,SANSERA,RE-ENTRY WINDOW,EXTENDED,CONFIRMED,3238.60009765625,112.02,2958.55,53.3,45.0,False,,97.9,,71,42.21,5.37,-0.49,False,4.88,open,2026-07-15,3264.8,2958.55,True,4.058,3.776,4.34,backtest_end,open
2026-07-14 14:19:00,STLTECH,BUY CANDIDATE,WATCH,CONFIRMED,533.8499755859375,33.45,,67.7,45.0,False,,99.8,,71,54.3,,,False,,open,2026-07-15,523.9,439.19,False,3.346,3.174,3.516,backtest_end,open
2026-07-15 15:04:00,ANGELONE,BUY CANDIDATE,WATCH,CONFIRMED,343.3999938964844,10.39,317.42,51.2,45.0,False,,85.7,,70,-15.35,0.46,-1.25,True,-1.0,stopped,2026-07-16,347.05,317.42,True,-1.034,-1.034,-1.034,stop_loss,closed
2026-07-15 15:04:00,NIVABUPA,BUY CANDIDATE,WATCH,CONFIRMED,88.36000061035156,2.04,83.27,42.1,45.0,False,,68.1,,70,-13.84,0.6,-1.18,True,-1.0,stopped,2026-07-16,89.2,83.27,True,-1.044,-1.044,-1.044,stop_loss,closed
2026-07-15 15:04:00,SYRMA,RE-ENTRY WINDOW,EXTENDED,CONFIRMED,1404.5999755859375,50.84,1277.51,53.5,45.0,False,,98.7,,70,20.93,0.25,-1.04,True,-1.0,stopped,2026-07-16,1417.0,1277.51,True,-1.029,-1.029,-1.029,stop_loss,closed
2026-07-15 15:04:00,APARINDS,BUY CANDIDATE,WATCH,CONFIRMED,14136.0,685.86,,49.2,45.0,False,,95.6,,70,25.95,,,False,,open,2026-07-16,14190.0,12392.68,False,1.984,1.984,1.984,backtest_end,open
2026-07-15 15:04:00,GMRAIRPORT,RE-ENTRY WINDOW,EXTENDED,CONFIRMED,111.81999969482422,2.63,105.24,46.1,45.0,False,,69.9,,70,-12.94,0.09,-1.3,True,-1.0,stopped,2026-07-16,112.05,105.24,True,-1.048,-1.048,-1.048,stop_loss,closed
2026-07-15 15:04:00,LAURUSLABS,RE-ENTRY WINDOW,EXTENDED,CONFIRMED,1554.300048828125,43.41,1445.78,49.0,45.0,False,,94.1,,70,30.36,4.62,-0.31,False,4.35,open,2026-07-16,1554.3,1445.78,True,4.01,3.721,4.299,backtest_end,open
2026-07-15 15:04:00,APOLLO,BUY CANDIDATE,WATCH,CONFIRMED,404.75,20.12,,60.5,45.0,False,,96.4,,70,-1.41,,,False,,open,2026-07-16,406.0,353.69,False,-0.156,-0.156,-0.156,backtest_end,open
2026-07-15 15:04:00,GRWRHITECH,RE-ENTRY WINDOW,EXTENDED,CONFIRMED,6991.0,241.32,6387.7,49.7,45.0,False,,98.5,,70,-9.28,1.66,-1.19,True,-1.0,stopped,2026-07-16,7040.0,6387.7,True,-1.066,-1.066,-1.066,stop_loss,closed
2026-07-15 15:04:00,SHRIPISTON,RE-ENTRY WINDOW,EXTENDED,CONFIRMED,4175.60009765625,139.26,3827.44,51.5,45.0,False,,87.6,,70,8.41,1.75,-0.25,False,1.01,open,2026-07-16,4175.6,3827.44,True,-0.036,-0.036,-0.036,stop_loss,closed
2026-07-15 15:04:00,TRIVENI,RE-ENTRY WINDOW,EXTENDED,CONFIRMED,461.2999877929688,17.8,416.79,47.8,45.0,False,,79.5,,70,-47.93,0.44,-4.17,True,-1.0,stopped,2026-07-16,464.95,416.79,True,-3.657,-3.657,-3.657,stop_loss,closed
2026-07-15 15:04:00,WABAG,RE-ENTRY WINDOW,EXTENDED,CONFIRMED,2100.300048828125,109.54,,52.6,45.0,False,,93.9,,70,-3.39,,,False,,open,2026-07-16,2110.0,1823.25,False,-0.303,-0.303,-0.303,backtest_end,open
2026-07-16 14:04:00,HONASA,RE-ENTRY WINDOW,EXTENDED,CONFIRMED,470.1000061035156,16.21,429.56,46.5,45.0,False,,92.8,,69,0.61,0.98,-0.81,False,0.07,open,2026-07-17,471.9,429.56,True,-0.009,-0.009,-0.009,backtest_end,open
2026-07-16 14:04:00,J&KBANK,RE-ENTRY WINDOW,EXTENDED,CONFIRMED,177.72999572753906,8.63,,52.9,45.0,False,,95.3,,69,-17.25,,,False,,open,2026-07-17,178.4,156.01,False,-1.022,-1.022,-1.022,stop_loss,closed
2026-07-16 14:04:00,KIRLOSENG,RE-ENTRY WINDOW,EXTENDED,CONFIRMED,2396.10009765625,114.67,2109.42,47.6,45.0,False,,99.0,,69,-9.67,-0.01,-1.39,True,-1.0,stopped,2026-07-17,2394.1,2109.42,True,-1.309,-1.309,-1.309,stop_loss,closed
2026-07-16 14:04:00,NUVAMA,RE-ENTRY WINDOW,EXTENDED,CONFIRMED,1846.4000244140625,70.11,1671.11,53.9,45.0,False,,80.1,,69,-8.18,1.25,-1.11,True,-1.0,stopped,2026-07-17,1840.0,1671.11,True,-1.031,-1.031,-1.031,stop_loss,closed
2026-07-16 14:04:00,ASTRAMICRO,RE-ENTRY WINDOW,EXTENDED,CONFIRMED,1721.699951171875,70.24,1546.11,53.7,45.0,False,,95.9,,69,-7.29,1.36,-1.05,True,-1.0,stopped,2026-07-17,1720.0,1546.11,True,-1.028,-1.028,-1.028,stop_loss,closed
2026-07-16 14:04:00,FEDFINA,BUY CANDIDATE,WATCH,CONFIRMED,161.38999938964844,6.75,144.5,44.7,45.0,False,,70.2,,69,-5.38,0.45,-0.83,False,-0.51,open,2026-07-17,161.39,144.5,True,-0.542,-0.542,-0.542,backtest_end,open
2026-07-16 14:04:00,PGIL,RE-ENTRY WINDOW,EXTENDED,CONFIRMED,2048.5,80.02,1848.45,57.4,45.0,False,,83.1,,69,-37.83,-5.1,-5.26,True,-1.0,stopped,2026-07-17,1024.25,926.65,False,2.511,2.502,2.52,backtest_end,open
2026-07-16 14:04:00,SKYGOLD,RE-ENTRY WINDOW,EXTENDED,CONFIRMED,622.4500122070312,29.82,547.91,53.3,45.0,False,,97.6,,69,25.75,3.3,-0.27,False,2.15,open,2026-07-17,612.5,547.91,True,2.581,2.559,2.603,backtest_end,open
2026-07-16 14:04:00,THANGAMAYL,RE-ENTRY WINDOW,EXTENDED,CONFIRMED,6377.0,450.01,,49.8,45.0,False,,98.9,,69,-20.07,,,False,,open,2026-07-17,6433.0,5343.36,False,-1.016,-1.016,-1.016,stop_loss,closed
2026-07-17 14:56:00,ACMESOLAR,RE-ENTRY WINDOW,EXTENDED,CONFIRMED,385.25,14.92,347.95,46.8,45.0,False,,94.5,,68,15.94,0.23,-1.09,True,-1.0,stopped,2026-07-20,383.0,347.95,True,-1.031,-1.031,-1.031,stop_loss,closed
2026-07-17 14:56:00,HFCL,RE-ENTRY WINDOW,EXTENDED,CONFIRMED,213.1699981689453,9.92,188.37,60.3,45.0,False,,99.5,,68,-1.16,0.6,-1.22,True,-1.0,stopped,2026-07-20,208.25,188.37,True,-1.099,-1.099,-1.099,stop_loss,closed
2026-07-17 14:56:00,SHYAMMETL,BUY CANDIDATE,WATCH,CONFIRMED,1022.5,31.43,943.94,53.7,45.0,False,,79.1,,68,7.37,1.6,-0.67,False,0.96,open,2026-07-20,1030.0,943.94,True,0.752,0.752,0.752,backtest_end,open
2026-07-17 14:56:00,WELCORP,RE-ENTRY WINDOW,EXTENDED,CONFIRMED,1581.5,65.18,1418.55,49.6,45.0,False,,98.0,,68,70.23,7.7,-0.09,False,6.82,open,2026-07-20,1585.0,1418.55,True,5.949,5.267,6.613,backtest_end,open
2026-07-17 14:56:00,PHOENIXLTD,RE-ENTRY WINDOW,EXTENDED,CONFIRMED,2075.800048828125,61.81,1921.28,45.2,45.0,False,,72.9,,68,-5.82,0.16,-1.16,True,-1.0,stopped,2026-07-20,2080.0,1921.28,True,-1.038,-1.038,-1.038,stop_loss,closed
2026-07-17 14:56:00,AKUMS,RE-ENTRY WINDOW,EXTENDED,CONFIRMED,664.9500122070312,25.65,600.82,45.2,45.0,False,,85.7,,68,22.96,2.71,-0.18,False,2.38,open,2026-07-20,667.25,600.82,True,2.269,2.308,2.23,backtest_end,open
2026-07-17 14:56:00,NEOGEN,RE-ENTRY WINDOW,EXTENDED,CONFIRMED,2175.60009765625,108.89,,47.1,45.0,False,,96.4,,68,6.92,,,False,,open,2026-07-20,2157.5,1893.43,False,0.613,0.613,0.613,backtest_end,open
2026-07-17 14:56:00,SHILPAMED,RE-ENTRY WINDOW,EXTENDED,CONFIRMED,620.25,24.63,558.68,56.2,45.0,False,,97.2,,68,62.4,7.39,-0.37,False,6.29,open,2026-07-20,620.8,558.68,True,5.571,4.954,6.183,backtest_end,open
2026-07-17 14:56:00,TRIVENI,RE-ENTRY WINDOW,EXTENDED,CONFIRMED,472.1499938964844,19.08,424.46,48.3,45.0,False,,82.2,,68,-49.13,0.19,-4.12,True,-1.0,stopped,2026-07-20,472.2,424.46,True,-3.841,-3.841,-3.841,stop_loss,closed
2026-07-20 15:24:00,ELGIEQUIP,BUY CANDIDATE,WATCH,CONFIRMED,588.0,17.77,543.57,59.7,100.0,False,,75.6,Quality,65,3.54,1.47,-0.51,False,0.47,open,2026-07-21,588.9,543.57,True,0.399,0.399,0.399,backtest_end,open
2026-07-20 15:24:00,GRANULES,RE-ENTRY WINDOW,EXTENDED,CONFIRMED,876.0999755859375,24.22,815.56,64.0,100.0,False,,93.2,(untagged — theme data Phase C),65,-2.64,0.47,-1.02,True,-1.0,stopped,2026-07-21,880.0,815.56,True,-1.039,-1.039,-1.039,stop_loss,closed
2026-07-20 15:24:00,SCHNEIDER,BUY CANDIDATE,WATCH,CONFIRMED,1341.0,62.79,1184.02,58.4,70.0,False,,97.4,(untagged — theme data Phase C),65,-9.11,0.69,-1.2,True,-1.0,stopped,2026-07-21,1339.7,1184.02,True,-1.024,-1.024,-1.024,stop_loss,closed
2026-07-20 15:24:00,IPCALAB,RE-ENTRY WINDOW,EXTENDED,CONFIRMED,1838.5999755859373,61.11,1685.81,67.8,100.0,False,,74.3,Turnaround,65,8.62,0.04,-1.01,True,-1.0,stopped,2026-07-21,1830.0,1685.81,True,-1.037,-1.037,-1.037,stop_loss,closed
2026-07-20 15:24:00,JSWENERGY,BUY CANDIDATE,WATCH,CONFIRMED,567.7000122070312,15.36,529.31,66.2,100.0,False,,66.4,(untagged — theme data Phase C),65,-10.16,0.41,-1.03,True,-1.0,stopped,2026-07-21,569.5,529.31,True,-1.041,-1.041,-1.041,stop_loss,closed
2026-07-20 15:24:00,THERMAX,BUY CANDIDATE,WATCH,CONFIRMED,4710.5,204.36,4199.61,52.3,100.0,False,,91.0,(untagged — theme data Phase C),65,-27.69,0.33,-2.24,True,-1.0,stopped,2026-07-21,4749.0,4199.61,True,-1.584,-1.584,-1.584,stop_loss,closed
2026-07-20 15:24:00,DCBBANK,BUY CANDIDATE,WATCH,CONFIRMED,189.8500061035156,6.06,174.71,65.9,80.0,False,,69.1,(untagged — theme data Phase C),65,12.38,2.97,-0.65,False,1.55,open,2026-07-21,188.99,174.71,True,0.698,1.924,-0.526,backtest_end; weekly_close_below_30wk_ma,open
2026-07-20 15:24:00,EDELWEISS,BUY CANDIDATE,WATCH,CONFIRMED,122.0999984741211,4.73,110.27,54.6,100.0,False,,64.1,(untagged — theme data Phase C),65,13.85,2.02,-0.74,False,1.43,open,2026-07-21,122.0,110.27,True,1.417,1.417,1.417,backtest_end,open
2026-07-20 15:24:00,KIRLPNU,BUY CANDIDATE,WATCH,CONFIRMED,1720.300048828125,72.69,1538.59,59.0,100.0,False,,89.9,(untagged — theme data Phase C),65,-59.44,-4.68,-5.13,True,-1.0,stopped,2026-07-21,869.55,771.68,False,-1.025,-1.025,-1.025,stop_loss,closed
2026-07-21 15:15:00,KIMS,BUY CANDIDATE,WATCH,CONFIRMED,790.4500122070312,20.97,738.02,37.7,100.0,False,,74.3,(untagged — theme data Phase C),64,1.27,0.72,-0.8,False,0.19,open,2026-07-22,790.25,738.02,True,0.15,0.15,0.15,backtest_end,open
2026-07-21 15:15:00,USHAMART,BUY CANDIDATE,WATCH,CONFIRMED,500.2000122070313,15.1,462.44,71.3,100.0,False,,76.4,Turnaround,64,4.6,1.12,-0.95,False,0.61,open,2026-07-22,500.2,462.44,True,0.568,0.568,0.568,backtest_end,open
2026-07-21 15:15:00,IONEXCHANG,BUY CANDIDATE,WATCH,CONFIRMED,437.7000122070313,20.34,386.85,45.9,100.0,False,,59.4,(untagged — theme data Phase C),64,-3.92,0.09,-1.1,True,-1.0,stopped,,,,,,,,,engine took no position
2026-07-21 15:15:00,PGIL,RE-ENTRY WINDOW,EXTENDED,CONFIRMED,2047.800048828125,81.62,1843.75,59.6,100.0,False,,84.8,(untagged — theme data Phase C),64,-37.81,-5.02,-5.23,True,-1.0,stopped,2026-07-22,1018.15,913.03,False,2.409,2.42,2.397,backtest_end,open
2026-07-21 15:15:00,PRUDENT,BUY CANDIDATE,WATCH,CONFIRMED,2912.5,102.39,2656.54,48.0,100.0,False,,67.1,Quality,64,10.54,4.66,-0.59,False,1.2,open,2026-07-22,2925.0,2656.54,True,1.276,1.49,1.063,backtest_end; trend_break_50dma,open
2026-07-22 15:15:00,DATAPATTNS,BUY CANDIDATE,WATCH,CONFIRMED,4782.7998046875,200.41,4281.76,59.7,70.0,False,,96.4,(untagged — theme data Phase C),63,-8.1,0.1,-1.38,True,-1.0,stopped,2026-07-23,4677.6,4281.76,True,-1.42,-1.42,-1.42,stop_loss,closed
2026-07-22 15:15:00,KARURVYSYA,RE-ENTRY WINDOW,EXTENDED,CONFIRMED,339.1499938964844,13.22,306.1,62.9,80.0,False,,87.0,(untagged — theme data Phase C),63,-4.17,0.59,-0.64,False,-0.43,open,2026-07-23,337.0,306.1,True,-0.42,-0.42,-0.42,backtest_end,open
2026-07-22 15:15:00,AJANTPHARM,RE-ENTRY WINDOW,EXTENDED,CONFIRMED,3458.89990234375,104.64,3197.29,57.0,100.0,False,,81.8,Quality,63,2.33,1.29,-0.6,False,0.31,open,2026-07-23,3458.9,3197.29,True,0.268,0.268,0.268,backtest_end,open
2026-07-22 15:15:00,LAURUSLABS,RE-ENTRY WINDOW,EXTENDED,CONFIRMED,1577.800048828125,39.89,1478.07,64.5,100.0,False,,95.1,(untagged — theme data Phase C),63,28.42,4.79,-0.23,False,4.5,open,2026-07-23,1577.7,1478.07,True,4.131,3.809,4.447,backtest_end,open
2026-07-22 15:15:00,OFSS,RE-ENTRY WINDOW,EXTENDED,CONFIRMED,10851.0,375.93,9911.18,68.8,100.0,False,,85.6,Turnaround,63,0.68,1.8,-0.97,False,0.08,open,,,,,,,,,engine took no position
2026-07-22 15:15:00,PHOENIXLTD,RE-ENTRY WINDOW,EXTENDED,CONFIRMED,2055.60009765625,59.18,1907.65,58.9,100.0,False,,74.5,(untagged — theme data Phase C),63,-4.89,0.15,-1.08,True,-1.0,stopped,2026-07-23,2052.0,1907.65,True,-1.041,-1.041,-1.041,stop_loss,closed
2026-07-22 15:15:00,APOLLO,BUY CANDIDATE,WATCH,CONFIRMED,404.8999938964844,17.78,360.44,25.0,100.0,True,promoter_pledge: 30.8% of promoter holding pledged,97.1,Hyper-growth,63,-1.44,0.52,-0.98,False,-0.13,open,2026-07-23,405.0,360.44,True,-0.161,-0.161,-0.161,backtest_end,open
2026-07-22 15:15:00,CUPID,RE-ENTRY WINDOW,EXTENDED,CONFIRMED,206.8999938964844,14.99,,62.1,100.0,False,,99.8,(untagged — theme data Phase C),63,28.71,,,False,,open,2026-07-23,207.5,170.74,False,1.58,1.58,1.58,backtest_end,open
2026-07-22 15:15:00,ENTERO,BUY CANDIDATE,WATCH,CONFIRMED,1239.300048828125,41.21,1136.26,49.5,100.0,False,,48.2,Turnaround,63,49.46,6.61,-0.58,False,5.95,open,2026-07-23,1239.3,1136.26,True,5.362,4.811,5.903,backtest_end,open
2026-07-22 15:15:00,IIFLCAPS,BUY CANDIDATE,WATCH,CONFIRMED,342.95001220703125,3.67,333.78,41.5,100.0,False,,43.2,(untagged — theme data Phase C),63,1.39,0.11,-1.05,True,-1.0,stopped,2026-07-23,344.0,333.78,True,-1.099,-1.099,-1.099,stop_loss,closed
2026-07-22 15:15:00,INOXINDIA,RE-ENTRY WINDOW,EXTENDED,CONFIRMED,2042.199951171875,101.81,,53.6,100.0,False,,96.1,Quality,63,1.11,,,False,,open,2026-07-23,2033.8,1781.32,False,0.098,0.098,0.098,backtest_end,open
2026-07-22 15:15:00,SHILPAMED,RE-ENTRY WINDOW,EXTENDED,CONFIRMED,613.3499755859375,21.7,559.11,67.1,100.0,False,,96.6,(untagged — theme data Phase C),63,64.23,8.51,-0.29,False,7.26,open,2026-07-23,609.0,559.11,True,7.043,6.152,7.935,backtest_end,open
2026-07-22 15:15:00,STLTECH,BUY CANDIDATE,WATCH,CONFIRMED,552.9500122070312,35.06,,74.9,100.0,False,,100.0,Turnaround,63,48.97,,,False,,open,2026-07-23,560.0,476.43,False,3.025,2.918,3.131,backtest_end,open
2026-07-23 15:23:00,ATHERENERG,RE-ENTRY WINDOW,EXTENDED,CONFIRMED,1233.199951171875,60.01,,52.8,70.0,False,,99.3,(untagged — theme data Phase C),62,21.55,,,False,,open,2026-07-24,1224.1,1070.72,False,1.879,1.996,1.766,backtest_end,open
2026-07-23 15:23:00,BALRAMCHIN,RE-ENTRY WINDOW,EXTENDED,CONFIRMED,612.7999877929688,19.58,563.84,47.8,100.0,False,,82.1,(untagged — theme data Phase C),62,7.6,3.43,-0.63,False,0.95,open,2026-07-24,612.0,563.84,True,1.192,1.442,0.945,backtest_end,open
2026-07-23 15:23:00,INDUSINDBK,RE-ENTRY WINDOW,EXTENDED,CONFIRMED,1005.5,30.24,929.91,25.0,100.0,True,promoter_pledge: 42.8% of promoter holding pledged,64.7,(untagged — theme data Phase C),62,-8.55,0.43,-1.27,True,-1.0,stopped,2026-07-24,1000.0,929.91,True,-1.211,-1.211,-1.211,stop_loss,closed
2026-07-23 15:23:00,RADICO,RE-ENTRY WINDOW,EXTENDED,CONFIRMED,4065.300048828125,95.26,3827.16,74.9,100.0,False,,89.3,Turnaround + Quality,62,10.23,2.86,-0.11,False,1.75,open,2026-07-24,4065.0,3827.16,True,1.629,1.562,1.696,backtest_end; trend_break_50dma,open
2026-07-23 15:23:00,AETHER,RE-ENTRY WINDOW,EXTENDED,CONFIRMED,1435.5,57.76,1291.11,62.9,100.0,False,,94.3,(untagged — theme data Phase C),62,14.68,1.95,-0.24,False,1.46,open,2026-07-24,1435.5,1291.11,True,1.427,1.427,1.427,backtest_end,open
2026-07-23 15:23:00,DCBBANK,BUY CANDIDATE,WATCH,CONFIRMED,189.72000122070312,5.88,175.03,60.0,80.0,False,,68.9,(untagged — theme data Phase C),62,12.46,3.07,-0.66,False,1.61,open,2026-07-24,189.6,175.03,True,0.657,1.875,-0.557,backtest_end; weekly_close_below_30wk_ma,open
2026-07-23 15:23:00,JAMNAAUTO,BUY CANDIDATE,WATCH,CONFIRMED,130.8000030517578,4.67,119.13,73.1,100.0,False,,73.4,Turnaround,62,5.8,1.55,-1.1,True,-1.0,stopped,2026-07-24,129.2,119.13,True,-0.038,-0.038,-0.038,stop_loss,closed
2026-07-23 15:23:00,SKYGOLD,RE-ENTRY WINDOW,EXTENDED,CONFIRMED,649.2000122070312,31.61,,64.4,100.0,False,,98.2,Hyper-growth,62,20.56,,,False,,open,2026-07-24,645.55,566.22,False,1.825,1.949,1.702,backtest_end,open
2026-07-23 15:23:00,SHRIPISTON,RE-ENTRY WINDOW,EXTENDED,CONFIRMED,4277.89990234375,146.14,3912.54,53.1,100.0,False,,93.7,(untagged — theme data Phase C),62,5.82,1.39,-0.51,False,0.68,open,2026-07-24,4265.1,3912.54,True,0.705,0.705,0.705,backtest_end,open
2026-07-23 15:23:00,TIPSMUSIC,BUY CANDIDATE,WATCH,CONFIRMED,676.5999755859375,40.89,,55.4,70.0,False,,76.1,(untagged — theme data Phase C),62,-2.15,,,False,,open,2026-07-24,670.0,561.34,False,-0.092,-0.092,-0.092,backtest_end,open
2026-07-24 15:07:00,CEMPRO,RE-ENTRY WINDOW,EXTENDED,CONFIRMED,1441.0,71.11,,66.6,100.0,False,,97.7,(untagged — theme data Phase C),61,-11.97,,,False,,open,2026-07-27,1382.0,1218.5,False,-1.024,-1.024,-1.024,stop_loss,closed
2026-07-24 15:07:00,GRAPHITE,BUY CANDIDATE,BROKEN,CONFIRMED,672.75,26.75,605.87,43.1,100.0,False,,63.9,(untagged — theme data Phase C),61,21.1,3.01,-0.52,False,2.12,open,2026-07-27,675.8,605.87,True,0.908,2.122,-0.306,backtest_end; weekly_close_below_30wk_ma,open
2026-07-24 15:07:00,KIMS,BUY CANDIDATE,WATCH,CONFIRMED,797.8499755859375,19.25,749.73,38.0,100.0,False,,78.0,(untagged — theme data Phase C),61,0.33,0.63,-1.03,True,-1.0,stopped,2026-07-27,801.95,749.73,True,-1.045,-1.045,-1.045,stop_loss,closed
2026-07-24 15:07:00,AKUMS,RE-ENTRY WINDOW,EXTENDED,CONFIRMED,687.2999877929688,27.21,619.26,57.6,100.0,False,,89.3,Turnaround,61,18.96,2.23,-0.5,False,1.92,open,2026-07-27,687.4,619.26,True,1.878,1.878,1.878,backtest_end,open
2026-07-24 15:07:00,ARVIND,BUY CANDIDATE,WATCH,CONFIRMED,527.2000122070312,17.44,483.59,63.3,100.0,False,,95.6,(untagged — theme data Phase C),61,7.3,1.83,-0.51,False,0.88,open,2026-07-27,530.0,483.59,True,0.734,0.734,0.734,backtest_end,open
2026-07-24 15:07:00,ENTERO,BUY CANDIDATE,WATCH,CONFIRMED,1229.5999755859375,44.2,1119.1,52.8,100.0,False,,52.2,Turnaround,61,50.63,6.25,-0.2,False,5.63,open,2026-07-27,1244.0,1119.1,True,4.453,4.074,4.832,backtest_end,open
2026-07-24 15:07:00,IONEXCHANG,BUY CANDIDATE,WATCH,CONFIRMED,425.1000061035156,21.2,,47.1,100.0,False,,53.5,(untagged — theme data Phase C),61,-1.07,,,False,,open,2026-07-27,430.0,377.12,False,-1.023,-1.023,-1.023,stop_loss,closed
2026-07-24 15:07:00,STLTECH,BUY CANDIDATE,WATCH,CONFIRMED,564.1500244140625,34.69,,80.5,100.0,False,,100.0,Turnaround,61,46.02,,,False,,open,2026-07-27,587.0,497.58,False,-1.018,-1.018,-1.018,stop_loss,closed
2026-07-27 15:02:00,ACUTAAS,BUY CANDIDATE,WATCH,CONFIRMED,3367.800048828125,140.79,3015.82,68.1,100.0,False,,99.0,Quality + Hyper-growth,58,-2.5,0.4,-0.97,False,-0.24,open,2026-07-28,3369.7,3015.82,True,-0.271,-0.271,-0.271,backtest_end,open
2026-07-27 15:02:00,AEGISLOG,RE-ENTRY WINDOW,EXTENDED,CONFIRMED,1291.300048828125,90.21,,59.1,100.0,False,,96.6,(untagged — theme data Phase C),58,6.07,,,False,,open,2026-07-28,1295.9,1085.78,False,0.332,0.332,0.332,backtest_end,open
2026-07-27 15:02:00,NUVAMA,RE-ENTRY WINDOW,EXTENDED,CONFIRMED,1916.5999755859373,79.04,1718.99,25.0,100.0,True,promoter_pledge: 62.8% of promoter holding pledged,83.0,(untagged — theme data Phase C),58,-11.54,0.04,-1.2,True,-1.0,stopped,2026-07-28,1862.9,1718.99,True,-1.037,-1.037,-1.037,stop_loss,closed
2026-07-27 15:02:00,RBLBANK,BUY CANDIDATE,WATCH,CONFIRMED,362.8500061035156,10.56,336.44,50.5,100.0,False,,79.5,(untagged — theme data Phase C),58,13.75,2.53,-0.06,False,1.89,open,2026-07-28,363.0,336.44,True,1.931,2.033,1.829,backtest_end,open
2026-07-27 15:02:00,RKFORGE,BUY CANDIDATE,WATCH,CONFIRMED,625.4500122070312,20.7,573.7,51.6,100.0,False,,67.7,(untagged — theme data Phase C),58,13.45,2.85,-0.1,False,1.63,open,2026-07-28,626.0,573.7,True,1.706,1.855,1.559,backtest_end,open
2026-07-27 15:02:00,VIJAYA,BUY CANDIDATE,WATCH,CONFIRMED,1350.800048828125,50.13,1225.48,52.6,100.0,False,,86.9,(untagged — theme data Phase C),58,13.01,1.94,-0.18,False,1.4,open,2026-07-28,1339.0,1225.48,True,1.614,1.614,1.614,backtest_end,open
2026-07-27 15:02:00,AUBANK,BUY CANDIDATE,WATCH,CONFIRMED,1052.199951171875,29.81,977.68,52.2,80.0,False,,67.9,(untagged — theme data Phase C),58,-4.95,1.23,-0.71,False,-0.7,open,2026-07-28,1051.9,977.68,True,-0.739,-0.739,-0.739,backtest_end; weekly_close_below_30wk_ma,open
2026-07-27 15:02:00,LUPIN,BUY CANDIDATE,WATCH,CONFIRMED,2410.0,57.92,2265.2,61.4,100.0,False,,70.0,Quality,58,-12.83,0.45,-1.21,True,-1.0,stopped,2026-07-28,2409.2,2265.2,True,-1.049,-1.049,-1.049,stop_loss,closed
2026-07-27 15:02:00,NAM-INDIA,BUY CANDIDATE,WATCH,CONFIRMED,1153.9000244140625,41.18,1050.95,57.4,100.0,False,,83.8,Quality,58,-0.78,1.12,-0.47,False,-0.09,open,2026-07-28,1157.0,1050.95,True,-0.147,-0.147,-0.147,backtest_end,open
2026-07-27 15:02:00,DCBBANK,BUY CANDIDATE,WATCH,CONFIRMED,190.259994506836,6.9,173.01,65.0,100.0,False,,64.6,(untagged — theme data Phase C),58,12.14,2.58,-0.59,False,1.34,open,2026-07-28,191.25,173.01,True,0.32,1.178,-0.536,backtest_end; weekly_close_below_30wk_ma,open
2026-07-27 15:02:00,DYNAMATECH,BUY CANDIDATE,WATCH,CONFIRMED,10546.0,366.21,9630.46,51.1,100.0,False,,83.3,(untagged — theme data Phase C),58,19.01,2.64,-0.4,False,2.19,open,2026-07-28,10599.0,9630.46,True,1.98,1.98,1.98,backtest_end,open
2026-07-27 15:02:00,GAEL,BUY CANDIDATE,WATCH,CONFIRMED,157.30999755859375,6.09,142.09,59.8,100.0,False,,77.8,(untagged — theme data Phase C),58,3.36,1.82,-0.31,False,0.35,open,2026-07-28,157.0,142.09,True,-0.032,-0.032,-0.032,stop_loss,closed
2026-07-27 15:02:00,KSB,BUY CANDIDATE,WATCH,CONFIRMED,877.4000244140625,26.59,810.93,47.1,100.0,False,,66.0,Quality,58,-8.58,0.22,-1.36,True,-1.0,stopped,2026-07-28,877.4,810.93,True,-1.038,-1.038,-1.038,stop_loss,closed
2026-07-27 15:02:00,LLOYDSENT,BUY CANDIDATE,WATCH,CONFIRMED,81.63999938964844,3.68,72.45,49.8,100.0,False,,79.8,(untagged — theme data Phase C),58,-7.42,0.33,-1.08,True,-1.0,stopped,2026-07-28,81.64,72.45,True,-1.025,-1.025,-1.025,stop_loss,closed
2026-07-27 15:02:00,MARKSANS,BUY CANDIDATE,WATCH,CONFIRMED,263.3999938964844,11.9,233.64,62.2,100.0,False,,84.1,(untagged — theme data Phase C),58,28.09,2.94,-0.38,False,2.49,open,2026-07-28,263.7,233.64,True,2.43,2.438,2.422,backtest_end,open
2026-07-27 15:02:00,PRUDENT,BUY CANDIDATE,WATCH,CONFIRMED,2870.0,115.34,2581.66,50.7,100.0,False,,68.3,Quality,58,12.18,4.28,-0.02,False,1.21,open,2026-07-28,2870.0,2581.66,True,1.36,1.549,1.181,backtest_end; trend_break_50dma,open
2026-07-27 15:02:00,THYROCARE,BUY CANDIDATE,WATCH,CONFIRMED,584.0499877929688,28.12,,25.0,100.0,True,promoter_pledge: 100.0% of promoter holding pledged,84.3,Quality,58,-2.96,,,False,,open,2026-07-28,587.5,518.11,False,-0.324,-0.324,-0.324,backtest_end,open
2026-07-28 10:43:00,CAPLIPOINT,BUY CANDIDATE,WATCH,CONFIRMED,2588.300048828125,99.19,2340.32,55.9,100.0,False,,86.8,Turnaround + Quality,57,10.78,1.62,-0.83,False,1.13,open,2026-07-29,2590.9,2340.32,True,1.071,1.071,1.071,backtest_end,open
2026-07-28 10:43:00,HSCL,RE-ENTRY WINDOW,EXTENDED,CONFIRMED,749.6500244140625,33.46,665.99,62.8,100.0,False,,92.1,Quality,57,-9.97,0.54,-1.19,True,-1.0,stopped,2026-07-29,753.0,665.99,True,-1.024,-1.024,-1.024,stop_loss,closed
2026-07-28 10:43:00,JINDALSAW,BUY CANDIDATE,WATCH,CONFIRMED,257.1499938964844,11.54,228.29,49.4,100.0,False,,80.6,(untagged — theme data Phase C),57,10.09,2.18,-0.14,False,0.9,open,2026-07-29,259.0,228.29,True,0.758,0.758,0.758,backtest_end,open
2026-07-28 10:43:00,ASTRAMICRO,RE-ENTRY WINDOW,EXTENDED,CONFIRMED,1704.0999755859375,67.87,1534.42,65.6,100.0,False,,96.8,Quality,57,-6.33,1.51,-0.98,False,-0.64,open,2026-07-29,1710.0,1534.42,True,-0.676,-0.676,-0.676,backtest_end,open
2026-07-28 10:43:00,GRINDWELL,BUY CANDIDATE,WATCH,CONFIRMED,2043.300048828125,112.72,,62.6,100.0,False,,78.1,(untagged — theme data Phase C),57,-3.05,,,False,,open,2026-07-29,2043.0,1754.93,False,-0.236,-0.236,-0.236,backtest_end,open
2026-07-28 10:43:00,TMB,RE-ENTRY WINDOW,EXTENDED,CONFIRMED,880.7999877929688,34.66,794.15,61.4,100.0,False,,95.6,(untagged — theme data Phase C),57,1.45,0.85,-0.66,False,0.15,open,2026-07-29,879.7,794.15,True,0.131,0.131,0.131,backtest_end,open
2026-07-29 15:37:00,BELRISE,BUY CANDIDATE,WATCH,CONFIRMED,230.47000122070312,6.75,213.59,67.5,100.0,False,,91.5,Turnaround,56,5.71,2.24,-0.46,False,0.78,open,2026-07-30,229.91,213.59,True,-0.042,-0.042,-0.042,stop_loss,closed
2026-07-29 15:37:00,VTL,BUY CANDIDATE,WATCH,CONFIRMED,629.5499877929688,19.19,581.57,54.0,100.0,False,,88.7,(untagged — theme data Phase C),56,-10.48,0.43,-1.12,True,-1.0,stopped,2026-07-30,630.7,581.57,True,-1.037,-1.037,-1.037,stop_loss,closed
2026-07-29 15:37:00,WOCKPHARMA,BUY CANDIDATE,WATCH,CONFIRMED,1916.5,55.59,1777.52,60.9,100.0,False,,78.9,Turnaround,56,19.37,3.19,-0.73,False,2.67,open,2026-07-30,1913.0,1777.52,True,2.678,2.637,2.719,backtest_end,open
2026-07-29 15:37:00,AVALON,BUY CANDIDATE,WATCH,CONFIRMED,1677.300048828125,77.09,1484.59,66.1,100.0,False,,97.7,Turnaround,56,38.09,4.88,-0.04,False,3.31,open,2026-07-30,1669.4,1484.59,True,3.318,3.164,3.467,backtest_end,open
2026-07-29 15:37:00,GOKULAGRO,BUY CANDIDATE,WATCH,CONFIRMED,223.1999969482422,7.66,204.04,67.3,100.0,False,,87.5,(untagged — theme data Phase C),56,0.8,1.91,-0.53,False,0.09,open,2026-07-30,225.4,204.04,True,-0.051,-0.051,-0.051,backtest_end,open
2026-07-29 15:37:00,GAEL,BUY CANDIDATE,WATCH,CONFIRMED,164.30999755859375,6.25,148.69,58.9,100.0,False,,82.1,(untagged — theme data Phase C),56,-1.05,1.32,-0.75,False,-0.11,open,2026-07-30,164.0,148.69,True,-0.124,-0.124,-0.124,backtest_end,open
2026-07-29 15:37:00,SKYGOLD,RE-ENTRY WINDOW,EXTENDED,CONFIRMED,653.5,28.73,581.68,62.2,100.0,False,,97.9,Hyper-growth,56,19.77,3.0,-0.29,False,1.8,open,2026-07-30,657.5,581.68,True,1.763,1.902,1.623,backtest_end,open
2026-07-29 15:37:00,THANGAMAYL,RE-ENTRY WINDOW,EXTENDED,CONFIRMED,6452.0,361.43,,67.8,100.0,False,,99.0,Hyper-growth,56,-21.0,,,False,,open,2026-07-30,6100.0,5144.11,False,-1.018,-1.018,-1.018,stop_loss,closed
2026-07-30 15:23:00,WELCORP,RE-ENTRY WINDOW,EXTENDED,CONFIRMED,1655.0,56.16,1514.61,75.8,100.0,False,,98.1,Turnaround + Quality,55,62.67,8.41,-0.07,False,7.39,open,2026-07-31,1668.4,1514.61,True,5.947,5.264,6.615,backtest_end,open
2026-07-30 15:23:00,FLUOROCHEM,RE-ENTRY WINDOW,EXTENDED,CONFIRMED,4395.0,154.81,4007.96,51.9,100.0,False,,82.3,(untagged — theme data Phase C),55,1.84,1.46,-0.13,False,0.21,open,2026-07-31,4388.9,4007.96,True,0.193,0.193,0.193,backtest_end,open
2026-07-30 15:23:00,ENTERO,BUY CANDIDATE,WATCH,CONFIRMED,1243.0,44.84,1130.91,51.1,100.0,False,,52.1,Turnaround,55,49.01,6.04,-0.17,False,5.43,open,2026-07-31,1243.1,1130.91,True,4.913,4.429,5.388,backtest_end,open
2026-07-30 15:23:00,RATEGAIN,BUY CANDIDATE,WATCH,CONFIRMED,896.4500122070312,35.24,808.34,50.7,100.0,False,,93.7,Hyper-growth,55,-8.08,1.74,-0.87,False,-0.82,open,2026-07-31,900.1,808.34,True,-0.858,-0.858,-0.858,backtest_end,open
2026-07-30 15:23:00,SENCO,RE-ENTRY WINDOW,EXTENDED,CONFIRMED,404.8500061035156,16.92,362.56,61.1,100.0,False,,74.6,Hyper-growth,55,-17.01,0.12,-1.46,True,-1.0,stopped,2026-07-31,407.4,362.56,True,-1.026,-1.026,-1.026,stop_loss,closed
2026-07-30 15:23:00,SMLMAH,EPISODIC PIVOT,WATCH,EXTENDED,5479.2001953125,263.86,5020.5,62.5,100.0,False,,91.7,(untagged — theme data Phase C),55,20.51,3.09,-0.91,False,2.45,open,2026-07-31,5550.0,5020.5,True,2.021,2.094,1.954,backtest_end,open
2026-07-31 15:29:00,CGCL,BUY CANDIDATE,WATCH,CONFIRMED,232.3800048828125,10.42,206.33,70.2,100.0,False,,82.5,Hyper-growth,54,11.63,2.11,-0.59,False,1.04,open,2026-08-03,232.38,206.33,True,1.009,1.009,1.009,backtest_end,open
2026-07-31 15:29:00,IFCI,BUY CANDIDATE,WATCH,CONFIRMED,76.54000091552734,2.3,70.79,47.4,100.0,False,,81.0,(untagged — theme data Phase C),54,-1.76,5.38,-0.67,False,-0.23,open,2026-08-03,77.3,70.79,True,0.376,0.787,-0.036,stop_loss,closed
2026-07-31 15:29:00,KIRLOSENG,BUY CANDIDATE,WATCH,CONFIRMED,2189.800048828125,97.05,1947.18,64.0,100.0,False,,98.4,(untagged — theme data Phase C),54,-1.16,0.52,-1.05,True,-1.0,stopped,2026-08-03,2190.0,1947.18,True,-1.026,-1.026,-1.026,stop_loss,closed
2026-07-31 15:29:00,NAVINFLUOR,BUY CANDIDATE,WATCH,CONFIRMED,7567.5,201.82,7062.95,66.6,100.0,False,,84.3,(untagged — theme data Phase C),54,11.81,2.74,-0.11,False,1.77,open,2026-08-03,7650.0,7062.95,True,1.34,1.34,1.34,backtest_end,open
2026-07-31 15:29:00,NETWEB,BUY CANDIDATE,WATCH,CONFIRMED,4524.0,170.44,4097.89,67.1,100.0,False,,95.9,Hyper-growth,54,3.04,3.03,-0.32,False,0.32,open,2026-08-03,4560.4,4097.89,True,0.379,0.82,-0.03,stop_loss; trend_break_50dma,closed
2026-07-31 15:29:00,PNBHOUSING,BUY CANDIDATE,WATCH,CONFIRMED,1053.0999755859375,29.2,980.1,57.2,100.0,False,,66.0,(untagged — theme data Phase C),54,3.93,2.17,-0.05,False,0.57,open,2026-08-03,1057.0,980.1,True,0.446,0.446,0.446,backtest_end,open
2026-07-31 15:29:00,SCHNEIDER,BUY CANDIDATE,WATCH,CONFIRMED,1355.300048828125,56.36,1214.41,48.0,100.0,False,,96.9,(untagged — theme data Phase C),54,-10.07,0.67,-1.21,True,-1.0,stopped,2026-08-03,1370.0,1214.41,True,-1.025,-1.025,-1.025,stop_loss,closed
2026-07-31 15:29:00,WOCKPHARMA,BUY CANDIDATE,WATCH,CONFIRMED,1959.699951171875,54.51,1823.41,61.4,100.0,False,,81.4,Turnaround,54,16.74,0.79,-1.07,True,-1.0,stopped,2026-08-03,1967.0,1823.41,True,-1.04,-1.04,-1.04,stop_loss,closed
2026-07-31 15:29:00,BHEL,BUY CANDIDATE,WATCH,CONFIRMED,407.0,14.0,372.0,69.8,100.0,False,,93.2,Turnaround,54,2.05,1.02,-0.19,False,0.24,open,2026-08-03,409.0,372.0,True,0.138,0.138,0.138,backtest_end,open
2026-07-31 15:29:00,ALIVUS,BUY CANDIDATE,WATCH,CONFIRMED,1160.0,38.26,1064.36,55.8,70.0,False,,73.5,(untagged — theme data Phase C),54,18.1,3.49,0.13,False,2.2,open,2026-08-03,1182.8,1064.36,True,1.697,1.849,1.548,backtest_end,open
2026-07-31 15:29:00,TVSSCS,BUY CANDIDATE,WATCH,CONFIRMED,135.11000061035156,3.25,126.99,25.0,100.0,True,promoter_pledge: 31.9% of promoter holding pledged,76.5,(untagged — theme data Phase C),54,-3.43,0.55,-1.44,True,-1.0,stopped,2026-08-03,136.5,126.99,True,-1.042,-1.042,-1.042,stop_loss,closed
2026-07-31 15:29:00,TIPSMUSIC,BUY CANDIDATE,WATCH,CONFIRMED,668.0499877929688,42.67,,58.5,100.0,False,,69.1,Quality,54,-0.9,,,False,,open,2026-08-03,668.05,560.96,False,-0.075,-0.075,-0.075,backtest_end,open
2026-07-31 15:29:00,VOLTAMP,BUY CANDIDATE,WATCH,CONFIRMED,9923.0,261.29,9269.79,56.6,100.0,False,,79.4,(untagged — theme data Phase C),54,6.69,2.72,-0.24,False,1.02,open,2026-08-03,10215.0,9269.79,True,0.361,0.361,0.361,backtest_end,open
2026-08-03 13:42:00,CARBORUNIV,BUY CANDIDATE,WATCH,CONFIRMED,1095.5,36.02,1005.45,40.6,100.0,False,,73.6,(untagged — theme data Phase C),51,18.35,3.04,-0.86,False,2.23,open,2026-08-04,1090.4,1005.45,True,2.396,2.408,2.384,backtest_end,open
2026-08-03 13:42:00,DATAPATTNS,BUY CANDIDATE,WATCH,CONFIRMED,4428.7998046875,232.82,,63.0,100.0,False,,95.5,Quality + Hyper-growth,51,-0.75,,,False,,open,2026-08-04,4445.0,3846.64,False,-0.105,-0.105,-0.105,backtest_end,open
2026-08-03 13:42:00,HFCL,BUY CANDIDATE,WATCH,CONFIRMED,202.5200042724609,11.39,,74.7,100.0,False,,99.5,Turnaround,51,4.03,,,False,,open,2026-08-04,202.4,174.62,False,0.276,0.276,0.276,backtest_end,open
2026-08-03 13:42:00,THELEELA,BUY CANDIDATE,WATCH,CONFIRMED,501.7999877929688,16.87,459.63,25.0,100.0,True,promoter_pledge: 73.6% of promoter holding pledged,65.3,Turnaround,51,6.26,1.92,-0.25,False,0.74,open,2026-08-04,500.0,459.63,True,0.784,0.784,0.784,backtest_end,open
2026-08-03 13:42:00,MANAPPURAM,RE-ENTRY WINDOW,EXTENDED,CONFIRMED,365.0,10.65,338.37,53.7,100.0,False,,76.3,Turnaround,51,-10.97,0.3,-1.07,True,-1.0,stopped,2026-08-04,365.0,338.37,True,-1.04,-1.04,-1.04,stop_loss,closed
2026-08-03 13:42:00,AIAENG,BUY CANDIDATE,WATCH,CONFIRMED,4684.60009765625,130.39,4358.62,62.9,100.0,False,,77.3,Turnaround,51,-15.61,0.62,-1.05,True,-1.0,stopped,2026-08-04,4640.0,4358.62,True,-1.048,-1.048,-1.048,stop_loss,closed
2026-08-03 13:42:00,APARINDS,BUY CANDIDATE,WATCH,CONFIRMED,14746.0,638.07,13150.82,69.4,100.0,False,,96.3,Quality,51,20.74,2.83,0.03,False,1.92,open,2026-08-04,14820.0,13150.82,True,1.758,1.758,1.758,backtest_end,open
2026-08-03 13:42:00,JSWENERGY,BUY CANDIDATE,WATCH,CONFIRMED,569.0,13.04,536.39,46.2,100.0,False,,69.0,(untagged — theme data Phase C),51,-10.37,0.44,-1.25,True,-1.0,stopped,2026-08-04,569.0,536.39,True,-1.051,-1.051,-1.051,stop_loss,closed
2026-08-03 13:42:00,PHOENIXLTD,BUY CANDIDATE,WATCH,CONFIRMED,1955.0,51.51,1826.21,58.8,100.0,False,,70.4,(untagged — theme data Phase C),51,0.0,0.12,-1.01,True,-1.0,stopped,2026-08-04,1937.2,1826.21,True,-1.051,-1.051,-1.051,stop_loss,closed
2026-08-03 13:42:00,AVL,BUY CANDIDATE,WATCH,CONFIRMED,623.6500244140625,21.46,569.99,60.2,100.0,False,,85.8,(untagged — theme data Phase C),51,0.71,0.34,-0.99,False,0.08,open,2026-08-04,623.65,569.99,True,0.047,0.047,0.047,backtest_end,open
2026-08-03 13:42:00,ARVIND,BUY CANDIDATE,WATCH,CONFIRMED,528.9500122070312,14.88,491.76,70.1,100.0,False,,94.2,(untagged — theme data Phase C),51,6.95,2.1,-0.46,False,0.99,open,2026-08-04,540.0,491.76,True,0.498,0.498,0.498,backtest_end,open
2026-08-03 13:42:00,DYNAMATECH,BUY CANDIDATE,WATCH,CONFIRMED,10763.0,321.36,9959.61,58.1,100.0,False,,85.9,(untagged — theme data Phase C),51,16.61,2.74,-0.45,False,2.23,open,2026-08-04,10779.0,9959.61,True,2.146,2.176,2.12,backtest_end,open
2026-08-03 13:42:00,EQUITASBNK,BUY CANDIDATE,WATCH,CONFIRMED,76.26000213623047,3.18,68.32,62.2,100.0,False,,63.7,Turnaround,51,-7.93,0.32,-0.97,False,-0.76,open,2026-08-04,76.0,68.32,True,-0.782,-0.782,-0.782,backtest_end,open
2026-08-03 13:42:00,KRN,BUY CANDIDATE,WATCH,CONFIRMED,1212.0999755859375,49.44,1088.49,58.3,100.0,False,,95.1,(untagged — theme data Phase C),51,15.63,3.84,-0.18,False,1.53,open,2026-08-04,1195.0,1088.49,True,1.994,2.087,1.903,backtest_end; trend_break_50dma,open
2026-08-03 13:42:00,STLTECH,BUY CANDIDATE,WATCH,CONFIRMED,584.9000244140625,33.26,,79.5,100.0,False,,100.0,Turnaround,51,40.84,,,False,,open,2026-08-04,614.1,532.04,False,2.519,2.51,2.528,backtest_end,open
2026-08-03 13:42:00,VIYASH,BUY CANDIDATE,WATCH,CONFIRMED,263.70001220703125,9.1,240.94,64.3,100.0,False,,81.6,(untagged — theme data Phase C),51,-6.71,0.77,-1.18,True,-1.0,stopped,2026-08-04,265.45,240.94,True,-1.031,-1.031,-1.031,stop_loss,closed
2026-08-04 15:36:00,AEGISLOG,RE-ENTRY WINDOW,EXTENDED,CONFIRMED,1357.9000244140625,70.36,,59.9,100.0,False,,96.4,(untagged — theme data Phase C),50,0.87,,,False,,open,2026-08-05,1370.2,1198.43,False,-1.022,-1.022,-1.022,stop_loss,closed
2026-08-04 15:36:00,LALPATHLAB,RE-ENTRY WINDOW,EXTENDED,CONFIRMED,1889.4000244140625,65.29,1726.17,61.7,100.0,False,,79.6,Turnaround + Quality,50,3.81,0.91,-0.21,False,0.44,open,2026-08-05,1899.9,1726.17,True,0.32,0.32,0.32,backtest_end,open
2026-08-04 15:36:00,GESHIP,BUY CANDIDATE,BROKEN,CONFIRMED,1434.9000244140625,54.45,1298.78,62.8,100.0,False,,80.8,Turnaround,50,3.32,0.18,-1.1,True,-1.0,stopped,2026-08-05,1450.0,1298.78,True,-0.885,-1.027,-0.743,stop_loss; weekly_close_below_30wk_ma,closed
2026-08-04 15:36:00,KARURVYSYA,RE-ENTRY WINDOW,EXTENDED,CONFIRMED,341.45001220703125,10.91,314.16,69.6,100.0,False,,79.8,(untagged — theme data Phase C),50,-4.82,0.63,-0.86,False,-0.6,open,2026-08-05,341.85,314.16,True,-0.645,-0.645,-0.645,backtest_end,open
2026-08-04 15:36:00,SCI,BUY CANDIDATE,WATCH,CONFIRMED,300.8999938964844,9.31,277.63,72.0,100.0,False,,83.2,(untagged — theme data Phase C),50,-8.08,0.82,-1.01,True,-1.0,stopped,2026-08-05,302.35,277.63,True,-1.035,-1.035,-1.035,stop_loss,closed
2026-08-04 15:36:00,WELSPUNLIV,BUY CANDIDATE,WATCH,CONFIRMED,160.72999572753906,5.27,147.55,51.5,100.0,False,,72.1,(untagged — theme data Phase C),50,38.32,5.48,-0.13,False,4.67,open,2026-08-05,160.7,147.55,True,4.284,3.925,4.642,backtest_end,open
2026-08-04 15:36:00,ABCAPITAL,RE-ENTRY WINDOW,EXTENDED,CONFIRMED,420.0,11.17,392.07,58.7,100.0,False,,82.1,(untagged — theme data Phase C),50,-7.12,0.23,-1.06,True,-1.0,stopped,2026-08-05,421.0,392.07,True,-1.042,-1.042,-1.042,stop_loss,closed
2026-08-04 15:36:00,GODREJIND,BUY CANDIDATE,WATCH,CONFIRMED,1308.800048828125,41.93,1203.98,58.5,100.0,False,,75.5,(untagged — theme data Phase C),50,-16.03,0.39,-1.05,True,-1.0,stopped,2026-08-05,1320.0,1203.98,True,-1.033,-1.033,-1.033,stop_loss,closed
2026-08-04 15:36:00,JSWINFRA,BUY CANDIDATE,WATCH,CONFIRMED,329.25,10.8,302.24,50.3,100.0,False,,67.3,(untagged — theme data Phase C),50,9.55,1.71,-0.42,False,1.16,open,2026-08-05,331.0,302.24,True,0.997,0.997,0.997,backtest_end,open
2026-08-04 15:36:00,KEI,BUY CANDIDATE,WATCH,CONFIRMED,5500.0,147.73,5130.68,67.7,100.0,False,,86.3,Quality,50,-15.7,1.08,-1.84,True,-1.0,stopped,2026-08-05,5484.1,5130.68,True,-1.414,-1.414,-1.414,stop_loss,closed
2026-08-04 15:36:00,SKYGOLD,RE-ENTRY WINDOW,EXTENDED,CONFIRMED,675.5,30.98,598.05,62.9,100.0,False,,98.4,Hyper-growth,50,15.87,2.5,-0.01,False,1.38,open,,,,,,,,,engine took no position
2026-08-04 15:36:00,SHRIPISTON,RE-ENTRY WINDOW,EXTENDED,CONFIRMED,4402.7001953125,163.13,3994.88,51.9,100.0,False,,94.3,(untagged — theme data Phase C),50,2.82,0.94,-0.62,False,0.3,open,2026-08-05,4288.0,3994.88,True,-0.044,-0.044,-0.044,stop_loss,closed
2026-08-04 15:36:00,UJJIVANSFB,RE-ENTRY WINDOW,EXTENDED,CONFIRMED,70.3499984741211,2.93,63.02,67.5,100.0,False,,78.8,(untagged — theme data Phase C),50,-10.89,0.49,-1.22,True,-1.0,stopped,2026-08-05,70.29,63.02,True,-1.028,-1.028,-1.028,stop_loss,closed
2026-08-04 15:36:00,ARVIND,BUY TRIGGER,CONFIRMED,CONFIRMED,547.3499755859375,15.91,507.58,67.3,100.0,False,,95.5,(untagged — theme data Phase C),50,3.35,1.5,-0.89,False,0.46,open,2026-08-05,551.0,507.58,True,0.3,0.3,0.3,backtest_end,open
2026-08-04 15:36:00,STLTECH,BUY TRIGGER,CONFIRMED,CONFIRMED,604.4500122070312,32.83,,80.9,100.0,False,,100.0,Turnaround,50,36.28,,,False,,open,2026-08-05,618.6,535.97,False,2.459,2.462,2.456,backtest_end,open
2026-08-04 15:36:00,RBA,EPISODIC PIVOT,WATCH,EXTENDED,84.91000366210938,3.29,76.73,45.5,100.0,False,,70.6,(untagged — theme data Phase C),50,6.76,3.21,0.13,False,0.7,open,,,,,,,,,engine took no position
2026-08-05 15:27:00,BALRAMCHIN,RE-ENTRY WINDOW,EXTENDED,CONFIRMED,635.5499877929688,24.52,574.25,46.9,100.0,False,,82.9,(untagged — theme data Phase C),49,3.75,2.37,-0.7,False,0.39,open,2026-08-06,638.15,574.25,True,-0.03,-0.03,-0.03,stop_loss,closed
2026-08-05 15:27:00,ENGINERSIN,BUY CANDIDATE,WATCH,CONFIRMED,240.2700042724609,5.76,225.87,57.9,100.0,False,,75.8,Quality,49,23.47,4.81,-0.34,False,3.92,open,2026-08-06,240.27,225.87,True,3.628,3.397,3.859,backtest_end,open
2026-08-05 15:27:00,MINDACORP,BUY CANDIDATE,WATCH,CONFIRMED,723.0,20.06,672.86,59.3,100.0,False,,81.3,(untagged — theme data Phase C),49,-5.91,0.92,-1.22,True,-1.0,stopped,2026-08-06,724.5,672.86,True,-1.041,-1.041,-1.041,stop_loss,closed
2026-08-05 15:27:00,FEDERALBNK,RE-ENTRY WINDOW,EXTENDED,CONFIRMED,356.45001220703125,8.52,335.15,63.9,100.0,False,,86.4,(untagged — theme data Phase C),49,-7.56,0.36,-1.13,True,-1.0,stopped,2026-08-06,356.45,335.15,True,-1.049,-1.049,-1.049,stop_loss,closed
2026-08-05 15:27:00,FLUOROCHEM,RE-ENTRY WINDOW,EXTENDED,CONFIRMED,4498.10009765625,165.23,4085.03,48.2,100.0,False,,85.9,(untagged — theme data Phase C),49,-0.49,1.12,-0.23,False,-0.05,open,2026-08-06,4498.1,4085.03,True,-0.086,-0.086,-0.086,backtest_end,open
2026-08-05 15:27:00,SAIL,BUY CANDIDATE,WATCH,CONFIRMED,175.5,5.27,162.32,69.2,100.0,False,,69.4,(untagged — theme data Phase C),49,4.84,0.35,-1.27,True,-1.0,stopped,2026-08-06,176.21,162.32,True,-1.037,-1.037,-1.037,stop_loss,closed
2026-08-05 15:27:00,EPL,BUY CANDIDATE,WATCH,CONFIRMED,229.8699951171875,7.14,212.01,59.3,100.0,False,,60.3,(untagged — theme data Phase C),49,3.56,2.47,-0.35,False,0.46,open,2026-08-06,229.5,212.01,True,0.5,1.042,-0.039,stop_loss; trend_break_50dma,closed
2026-08-05 15:27:00,JAYNECOIND,BUY CANDIDATE,WATCH,CONFIRMED,91.7699966430664,4.07,81.59,25.0,80.0,True,promoter_pledge: 99.9% of promoter holding pledged,91.2,(untagged — theme data Phase C),49,-2.44,1.32,-0.64,False,-0.22,open,,,,,,,,,engine took no position
2026-08-05 15:27:00,KRN,BUY CANDIDATE,WATCH,CONFIRMED,1213.699951171875,45.86,1099.06,58.7,100.0,False,,95.1,(untagged — theme data Phase C),49,15.48,4.13,-0.14,False,1.64,open,2026-08-06,1201.1,1099.06,True,2.014,2.102,1.927,backtest_end; trend_break_50dma,open
2026-08-05 15:27:00,QUESS,RE-ENTRY WINDOW,EXTENDED,CONFIRMED,314.5,14.7,277.76,62.4,100.0,False,,80.9,Turnaround,49,12.37,2.02,-0.3,False,1.06,open,2026-08-06,312.85,277.76,True,1.127,1.127,1.127,backtest_end,open
2026-08-05 15:27:00,TDPOWERSYS,BUY CANDIDATE,WATCH,CONFIRMED,1201.9000244140625,56.22,1061.35,64.5,100.0,False,,97.7,Quality + Hyper-growth,49,-38.26,-4.1,-4.35,True,-1.0,stopped,2026-08-06,605.0,531.61,False,1.943,2.048,1.839,backtest_end,open
2026-08-05 15:27:00,YATHARTH,BUY CANDIDATE,WATCH,CONFIRMED,858.3499755859375,20.02,808.3,62.4,100.0,False,,88.5,Hyper-growth,49,34.79,6.51,-0.69,False,5.97,open,2026-08-06,855.0,808.3,True,5.767,5.126,6.402,backtest_end,open
2026-08-06 15:07:00,AEGISLOG,RE-ENTRY WINDOW,EXTENDED,CONFIRMED,1400.0,75.31,,60.4,100.0,False,,96.6,(no archetype — see the Sectors tab for its theme),48,-2.16,,,False,,open,2026-08-07,1423.0,1230.48,False,-1.021,-1.021,-1.021,stop_loss,closed
2026-08-06 15:07:00,AIAENG,BUY CANDIDATE,WATCH,CONFIRMED,4795.39990234375,133.49,4461.67,64.0,100.0,False,,79.0,Turnaround,48,-17.56,0.27,-1.29,True,-1.0,stopped,2026-08-07,4804.0,4461.67,True,-1.041,-1.041,-1.041,stop_loss,closed
2026-08-06 15:07:00,ABCAPITAL,RE-ENTRY WINDOW,EXTENDED,CONFIRMED,421.5,11.17,393.58,58.8,100.0,False,,85.1,(no archetype — see the Sectors tab for its theme),48,-7.45,-0.04,-1.12,True,-1.0,stopped,2026-08-07,419.0,393.58,True,-1.048,-1.048,-1.048,stop_loss,closed
2026-08-06 15:07:00,ANTHEM,BUY CANDIDATE,WATCH,CONFIRMED,825.6500244140625,27.12,757.85,50.3,100.0,False,,74.6,Turnaround + Quality,48,7.26,2.24,-0.03,False,0.88,open,2026-08-07,828.0,757.85,True,0.784,0.784,0.784,backtest_end,open
2026-08-06 15:07:00,BIOCON,BUY CANDIDATE,WATCH,CONFIRMED,436.6000061035156,9.01,414.06,59.5,100.0,False,,65.0,(no archetype — see the Sectors tab for its theme),48,-11.36,-0.02,-1.04,True,-1.0,stopped,2026-08-07,430.0,414.06,True,-1.079,-1.079,-1.079,stop_loss,closed
2026-08-06 15:07:00,NYKAA,RE-ENTRY WINDOW,EXTENDED,CONFIRMED,331.95001220703125,8.4,310.95,64.4,100.0,False,,88.2,(no archetype — see the Sectors tab for its theme),48,1.01,0.84,-0.55,False,0.16,open,2026-08-07,331.55,310.95,True,0.133,0.133,0.133,backtest_end,open
2026-08-06 15:07:00,LLOYDSME,RE-ENTRY WINDOW,EXTENDED,CONFIRMED,2059.0,65.04,1896.41,59.2,100.0,False,,94.0,Hyper-growth,48,-11.52,0.41,-1.12,True,-1.0,stopped,2026-08-07,2070.0,1896.41,True,-1.034,-1.034,-1.034,stop_loss,closed
2026-08-06 15:07:00,EDELWEISS,BUY CANDIDATE,WATCH,CONFIRMED,121.16000366210938,4.03,111.09,53.5,100.0,False,,61.5,(no archetype — see the Sectors tab for its theme),48,14.73,2.47,-0.39,False,1.77,open,2026-08-07,120.89,111.09,True,1.916,2.023,1.809,backtest_end,open
2026-08-06 15:07:00,MTARTECH,BUY CANDIDATE,WATCH,CONFIRMED,6959.0,305.07,6196.32,70.9,100.0,False,,99.7,(no archetype — see the Sectors tab for its theme),48,1.31,1.29,-0.47,False,0.12,open,2026-08-07,6976.0,6196.32,True,0.068,0.068,0.068,backtest_end,open
2026-08-06 15:07:00,MIDHANI,BUY CANDIDATE,WATCH,CONFIRMED,434.25,10.34,408.4,59.8,100.0,False,,59.8,(no archetype — see the Sectors tab for its theme),48,-6.3,0.37,-1.32,True,-1.0,stopped,2026-08-07,433.0,408.4,True,-1.051,-1.051,-1.051,stop_loss,closed
2026-08-07 14:21:00,CARBORUNIV,BUY CANDIDATE,WATCH,CONFIRMED,1097.0,35.81,1007.46,43.8,100.0,False,,81.1,(no archetype — see the Sectors tab for its theme),47,18.19,3.04,-0.88,False,2.23,open,2026-08-10,1114.8,1007.46,True,1.659,1.659,1.659,backtest_end,open
2026-08-07 14:21:00,CREDITACC,BUY CANDIDATE,WATCH,CONFIRMED,1523.5999755859375,54.37,1387.67,62.9,100.0,False,,71.4,(no archetype — see the Sectors tab for its theme),47,-13.68,0.32,-1.15,True,-1.0,stopped,2026-08-10,1518.0,1387.67,True,-1.033,-1.033,-1.033,stop_loss,closed
2026-08-07 14:21:00,NAVINFLUOR,RE-ENTRY WINDOW,EXTENDED,CONFIRMED,8271.0,282.46,7564.84,68.3,100.0,False,,88.3,(no archetype — see the Sectors tab for its theme),47,2.3,0.96,-0.26,False,0.27,open,2026-08-10,8270.0,7564.84,True,0.235,0.235,0.235,backtest_end,open
2026-08-07 14:21:00,SAILIFE,RE-ENTRY WINDOW,EXTENDED,CONFIRMED,1365.199951171875,41.53,1261.38,60.2,100.0,False,,92.1,Turnaround,47,16.83,3.2,0.05,False,2.21,open,2026-08-10,1379.0,1261.38,True,1.904,2.011,1.798,backtest_end,open
2026-08-07 14:21:00,JSWENERGY,BUY CANDIDATE,WATCH,CONFIRMED,564.4000244140625,10.94,537.04,48.5,100.0,False,,66.2,(no archetype — see the Sectors tab for its theme),47,-9.64,0.69,-1.32,True,-1.0,stopped,2026-08-10,564.0,537.04,True,-1.061,-1.061,-1.061,stop_loss,closed
2026-08-07 14:21:00,RAIN,RE-ENTRY WINDOW,EXTENDED,CONFIRMED,222.8800048828125,10.93,,56.1,100.0,False,,86.4,(no archetype — see the Sectors tab for its theme),47,-2.09,,,False,,open,2026-08-10,221.01,192.7,False,-1.022,-1.022,-1.022,stop_loss,closed
2026-08-07 14:21:00,TVSSCS,BUY CANDIDATE,WATCH,CONFIRMED,133.7899932861328,3.35,125.41,25.0,100.0,True,promoter_pledge: 31.9% of promoter holding pledged,73.0,(no archetype — see the Sectors tab for its theme),47,-2.48,0.2,-1.23,True,-1.0,stopped,2026-08-10,135.5,125.41,True,-1.039,-1.039,-1.039,stop_loss,closed
2026-08-07 14:21:00,UJJIVANSFB,RE-ENTRY WINDOW,EXTENDED,CONFIRMED,70.11000061035156,3.06,62.45,65.8,100.0,False,,78.4,(no archetype — see the Sectors tab for its theme),47,-10.58,0.5,-1.14,True,-1.0,stopped,2026-08-10,70.7,62.45,True,-1.024,-1.024,-1.024,stop_loss,closed
2026-08-10 14:27:00,DATAPATTNS,BUY CANDIDATE,WATCH,CONFIRMED,4429.7001953125,221.95,,61.3,100.0,False,,94.6,Quality + Hyper-growth,44,-0.77,,,False,,open,2026-08-11,4433.7,3954.83,False,-0.107,-0.107,-0.107,backtest_end,open
2026-08-10 14:27:00,FINCABLES,BUY CANDIDATE,WATCH,CONFIRMED,1058.050048828125,30.2,982.54,60.8,100.0,False,,81.6,(no archetype — see the Sectors tab for its theme),44,39.88,5.83,-0.07,False,5.59,open,2026-08-11,1070.0,982.54,True,4.285,3.925,4.644,backtest_end,open
2026-08-10 14:27:00,RRKABEL,RE-ENTRY WINDOW,EXTENDED,CONFIRMED,2756.89990234375,109.86,2482.24,75.3,100.0,False,,97.6,Turnaround + Quality,44,-8.24,0.83,-1.39,True,-1.0,stopped,2026-08-11,2763.0,2482.24,True,-1.028,-1.028,-1.028,stop_loss,closed
2026-08-10 14:27:00,SAREGAMA,BUY CANDIDATE,WATCH,CONFIRMED,530.0499877929688,26.57,,59.8,100.0,False,,87.1,(no archetype — see the Sectors tab for its theme),44,-5.96,,,False,,open,2026-08-11,529.0,464.81,False,-0.5,-0.5,-0.5,backtest_end,open
2026-08-10 14:27:00,STARHEALTH,BUY CANDIDATE,WATCH,CONFIRMED,574.9500122070312,17.44,531.36,56.3,100.0,False,,75.1,(no archetype — see the Sectors tab for its theme),44,-4.27,0.36,-1.01,True,-1.0,stopped,2026-08-11,574.95,531.36,True,-1.038,-1.038,-1.038,stop_loss,closed
2026-08-10 14:27:00,POWERINDIA,BUY CANDIDATE,WATCH,CONFIRMED,36050.0,1178.21,33104.46,73.3,100.0,False,,96.0,Turnaround + Quality,44,-14.8,0.18,-1.03,True,-1.0,stopped,2026-08-11,36230.0,33104.46,True,-1.033,-1.033,-1.033,stop_loss,closed
2026-08-10 14:27:00,LLOYDSME,RE-ENTRY WINDOW,EXTENDED,CONFIRMED,2052.800048828125,68.21,1882.26,59.1,100.0,False,,92.6,Hyper-growth,44,-11.25,0.07,-1.03,True,-1.0,stopped,2026-08-11,2060.2,1882.26,True,-1.033,-1.033,-1.033,stop_loss,closed
2026-08-10 14:27:00,KRN,BUY CANDIDATE,WATCH,CONFIRMED,1226.4000244140625,39.89,1126.67,57.8,100.0,False,,93.7,(no archetype — see the Sectors tab for its theme),44,14.29,4.62,0.07,False,1.76,open,2026-08-11,1240.0,1126.67,True,1.567,1.742,1.391,backtest_end; trend_break_50dma,open
2026-08-10 14:27:00,QPOWER,BUY CANDIDATE,WATCH,CONFIRMED,1180.300048828125,49.65,1056.18,65.1,100.0,False,,91.6,Quality + Hyper-growth,44,27.09,3.14,0.44,False,2.58,open,,,,,,,,,engine took no position
2026-08-10 14:27:00,SMLMAH,RE-ENTRY WINDOW,EXTENDED,CONFIRMED,5227.0,369.74,,55.6,100.0,False,,89.3,(no archetype — see the Sectors tab for its theme),44,26.32,,,False,,open,2026-08-11,5205.0,4242.8,False,1.435,1.435,1.435,backtest_end,open
2026-08-10 14:27:00,SUPRIYA,BUY CANDIDATE,WATCH,CONFIRMED,922.8499755859376,33.4,839.36,56.8,100.0,False,,83.0,Turnaround + Quality,44,4.22,0.2,-1.17,True,-1.0,stopped,2026-08-11,915.1,839.36,True,-1.035,-1.035,-1.035,stop_loss,closed
2026-08-10 14:27:00,AARTIPHARM,EPISODIC PIVOT,WATCH,WATCH,823.0,30.18,763.0,41.5,100.0,False,,38.3,(no archetype — see the Sectors tab for its theme),44,13.52,2.24,-0.97,False,1.85,open,2026-08-11,848.9,763.0,True,0.962,0.962,0.962,backtest_end,open
2026-08-11 14:27:00,LALPATHLAB,RE-ENTRY WINDOW,EXTENDED,CONFIRMED,1949.9000244140625,68.09,1779.67,61.0,100.0,False,,81.4,Turnaround + Quality,43,0.58,0.52,-0.55,False,0.07,open,2026-08-12,1954.8,1779.67,True,0.004,0.004,0.004,backtest_end,open
2026-08-11 14:27:00,KPIL,BUY CANDIDATE,WATCH,CONFIRMED,1347.699951171875,35.19,1259.74,66.1,100.0,False,,69.4,(no archetype — see the Sectors tab for its theme),43,3.85,1.37,-0.06,False,0.59,open,2026-08-12,1348.3,1259.74,True,0.533,0.533,0.533,backtest_end,open
2026-08-11 14:27:00,ZENTEC,BUY CANDIDATE,WATCH,CONFIRMED,1819.800048828125,63.29,1661.59,63.0,100.0,False,,80.1,(no archetype — see the Sectors tab for its theme),43,-9.57,1.42,-1.2,True,-1.0,stopped,2026-08-12,1826.0,1661.59,True,-1.032,-1.032,-1.032,stop_loss,closed
2026-08-11 14:27:00,FEDERALBNK,RE-ENTRY WINDOW,EXTENDED,CONFIRMED,354.54998779296875,6.7,337.79,67.1,100.0,False,,87.9,(no archetype — see the Sectors tab for its theme),43,-7.07,0.58,-1.01,True,-1.0,stopped,2026-08-12,354.55,337.79,True,-1.062,-1.062,-1.062,stop_loss,closed
2026-08-11 14:27:00,IPCALAB,BUY CANDIDATE,WATCH,CONFIRMED,1748.4000244140625,54.91,1611.13,65.1,100.0,False,,73.5,Turnaround,43,14.22,2.11,-0.21,False,1.81,open,2026-08-12,1758.5,1611.13,True,1.581,1.581,1.581,backtest_end,open
2026-08-11 14:27:00,MCX,BUY CANDIDATE,WATCH,CONFIRMED,2895.0,81.74,2690.64,72.8,100.0,False,,87.4,Quality + Hyper-growth,43,18.4,2.85,-0.07,False,2.61,open,2026-08-12,2965.0,2690.64,True,1.652,1.652,1.652,backtest_end,open
2026-08-11 14:27:00,SAIL,BUY CANDIDATE,WATCH,CONFIRMED,173.0,5.86,158.34,67.7,100.0,False,,72.3,(no archetype — see the Sectors tab for its theme),43,6.36,1.91,-0.97,False,0.75,open,2026-08-12,172.69,158.34,True,-0.036,-0.036,-0.036,stop_loss,closed
2026-08-11 14:27:00,EPL,BUY CANDIDATE,WATCH,CONFIRMED,235.77999877929688,6.94,218.44,60.9,100.0,False,,59.4,(no archetype — see the Sectors tab for its theme),43,0.96,2.21,-0.45,False,0.13,open,2026-08-12,244.27,218.44,True,-0.269,-0.269,-0.269,backtest_end,open
2026-08-11 14:27:00,TIPSMUSIC,BUY CANDIDATE,WATCH,CONFIRMED,669.0999755859375,32.04,589.0,56.8,100.0,False,,69.0,Quality,43,-1.05,0.18,-0.51,False,-0.09,open,,,,,,,,,engine took no position
2026-08-11 14:27:00,KRN,BUY TRIGGER,CONFIRMED,CONFIRMED,1287.699951171875,40.56,1186.31,57.9,100.0,False,,94.8,(no archetype — see the Sectors tab for its theme),43,8.85,3.94,0.06,False,1.12,open,2026-08-12,1295.0,1186.31,True,1.181,1.423,0.944,backtest_end; trend_break_50dma,open
2026-08-12 14:28:00,DATAPATTNS,BUY CANDIDATE,WATCH,CONFIRMED,4491.0,183.25,4032.88,63.7,100.0,False,,94.9,Quality + Hyper-growth,42,-2.13,1.11,-0.77,False,-0.21,open,2026-08-13,4513.9,4032.88,True,-0.274,-0.274,-0.274,backtest_end,open
2026-08-12 14:28:00,SCI,BUY CANDIDATE,WATCH,CONFIRMED,298.79998779296875,10.3,273.06,67.2,100.0,False,,83.2,(no archetype — see the Sectors tab for its theme),42,-7.43,0.19,-1.2,True,-1.0,stopped,2026-08-13,297.0,273.06,True,-0.878,-1.036,-0.721,stop_loss; weekly_close_below_30wk_ma,closed
2026-08-12 14:28:00,DCBBANK,BUY CANDIDATE,WATCH,CONFIRMED,188.2400054931641,6.51,171.95,69.6,100.0,False,,65.0,(no archetype — see the Sectors tab for its theme),42,13.34,2.86,-0.51,False,1.54,open,2026-08-13,188.24,171.95,True,0.701,1.82,-0.415,backtest_end; weekly_close_below_30wk_ma,open
2026-08-12 14:28:00,MTARTECH,BUY CANDIDATE,WATCH,CONFIRMED,7111.5,312.61,6329.98,71.8,100.0,False,,99.7,(no archetype — see the Sectors tab for its theme),42,-0.86,1.07,-0.65,False,-0.08,open,,,,,,,,,engine took no position
2026-08-12 14:28:00,PICCADIL,RE-ENTRY WINDOW,EXTENDED,CONFIRMED,692.4000244140625,37.59,,53.3,100.0,False,,66.3,(no archetype — see the Sectors tab for its theme),42,-13.12,,,False,,open,2026-08-13,700.45,601.94,False,-0.95,-1.02,-0.88,stop_loss; weekly_close_below_30wk_ma,closed
2026-08-12 14:28:00,RAIN,BUY CANDIDATE,WATCH,CONFIRMED,209.3800048828125,11.25,,55.9,100.0,False,,79.9,(no archetype — see the Sectors tab for its theme),42,4.23,,,False,,open,2026-08-13,211.0,183.47,False,0.239,0.239,0.239,backtest_end,open
2026-08-12 14:28:00,QPOWER,BUY TRIGGER,CONFIRMED,CONFIRMED,1294.5,51.15,1166.63,65.0,100.0,False,,92.7,Quality + Hyper-growth,42,15.88,2.15,-0.46,False,1.61,open,2026-08-13,1290.2,1166.63,True,1.665,1.665,1.665,backtest_end,open
2026-08-12 14:28:00,TDPOWERSYS,EPISODIC PIVOT,CONFIRMED,EXTENDED,1480.0999755859375,80.51,1358.4,67.5,100.0,False,,98.5,Quality + Hyper-growth,42,-49.87,-5.95,-6.23,True,-1.0,stopped,2026-08-13,747.5,644.0,False,-0.075,-0.075,-0.075,backtest_end,open
2026-08-13 14:29:00,BELRISE,RE-ENTRY WINDOW,EXTENDED,CONFIRMED,254.4199981689453,7.5,235.67,70.1,100.0,False,,90.7,Turnaround,41,-4.24,0.35,-1.18,True,-1.0,stopped,2026-08-14,254.39,235.67,True,-1.039,-1.039,-1.039,stop_loss,closed
2026-08-13 14:29:00,CGCL,BUY CANDIDATE,WATCH,CONFIRMED,231.1199951171875,10.77,204.19,67.6,100.0,False,,77.5,Hyper-growth,41,12.24,2.09,-0.52,False,1.05,open,2026-08-14,231.0,204.19,True,1.032,1.032,1.032,backtest_end,open
2026-08-13 14:29:00,GABRIEL,BUY CANDIDATE,WATCH,CONFIRMED,1447.9000244140625,61.44,1294.31,55.6,100.0,False,,88.3,(no archetype — see the Sectors tab for its theme),41,-3.49,0.24,-1.02,True,-1.0,stopped,2026-08-14,1440.0,1294.31,True,-1.028,-1.028,-1.028,stop_loss,closed
2026-08-13 14:29:00,IFCI,BUY CANDIDATE,WATCH,CONFIRMED,76.66000366210938,2.67,69.98,45.8,100.0,False,,78.3,(no archetype — see the Sectors tab for its theme),41,-1.92,4.62,-0.55,False,-0.22,open,2026-08-14,76.9,69.98,True,0.378,0.789,-0.033,stop_loss,closed
2026-08-13 14:29:00,KARURVYSYA,RE-ENTRY WINDOW,EXTENDED,CONFIRMED,335.95001220703125,7.5,317.2,69.6,100.0,False,,73.9,(no archetype — see the Sectors tab for its theme),41,-3.26,1.21,-0.96,False,-0.58,open,2026-08-14,335.5,317.2,True,-0.628,-0.628,-0.628,backtest_end,open
2026-08-13 14:29:00,THELEELA,BUY CANDIDATE,WATCH,CONFIRMED,508.4500122070313,18.55,462.08,25.0,100.0,True,promoter_pledge: 73.6% of promoter holding pledged,69.0,Turnaround,41,4.87,1.6,-0.22,False,0.53,open,2026-08-14,508.45,462.08,True,0.5,0.5,0.5,backtest_end,open
2026-08-13 14:29:00,ANTHEM,RE-ENTRY WINDOW,EXTENDED,CONFIRMED,874.9000244140625,26.31,809.12,50.4,100.0,False,,76.2,Turnaround + Quality,41,1.22,1.56,-0.14,False,0.16,open,2026-08-14,870.6,809.12,True,0.201,0.201,0.201,backtest_end,open
2026-08-13 14:29:00,APARINDS,RE-ENTRY WINDOW,EXTENDED,CONFIRMED,17225.0,800.29,15224.29,70.6,100.0,False,,96.3,Quality,41,3.36,1.02,-0.6,False,0.29,open,2026-08-14,17000.0,15224.29,True,0.423,0.423,0.423,backtest_end,open
2026-08-13 14:29:00,AETHER,RE-ENTRY WINDOW,EXTENDED,CONFIRMED,1580.0999755859375,60.44,1428.99,61.0,100.0,False,,95.0,(no archetype — see the Sectors tab for its theme),41,4.18,0.91,-0.18,False,0.44,open,2026-08-14,1588.0,1428.99,True,0.336,0.336,0.336,backtest_end,open
2026-08-13 14:29:00,EDELWEISS,BUY CANDIDATE,WATCH,CONFIRMED,124.87999725341795,4.16,114.48,54.7,100.0,False,,71.6,(no archetype — see the Sectors tab for its theme),41,11.31,2.03,-0.46,False,1.36,open,2026-08-14,125.0,114.48,True,1.294,1.294,1.294,backtest_end,open
2026-08-13 14:29:00,MARKSANS,RE-ENTRY WINDOW,EXTENDED,CONFIRMED,303.3999938964844,12.09,273.17,70.8,100.0,False,,91.3,(no archetype — see the Sectors tab for its theme),41,11.21,1.57,-0.09,False,1.12,open,2026-08-14,301.15,273.17,True,1.261,1.261,1.261,backtest_end,open
2026-08-13 14:29:00,METROPOLIS,BUY CANDIDATE,WATCH,CONFIRMED,558.5,20.33,507.67,70.0,100.0,False,,60.8,(no archetype — see the Sectors tab for its theme),41,4.38,0.97,-0.43,False,0.48,open,2026-08-14,560.0,507.67,True,0.406,0.406,0.406,backtest_end,open
2026-08-13 14:29:00,MIDHANI,BUY CANDIDATE,WATCH,CONFIRMED,444.8500061035156,16.37,403.92,67.1,100.0,False,,70.7,(no archetype — see the Sectors tab for its theme),41,-8.53,0.92,-1.04,True,-1.0,stopped,2026-08-14,444.0,403.92,True,-1.032,-1.032,-1.032,stop_loss,closed
2026-08-13 14:29:00,SHAILY,RE-ENTRY WINDOW,EXTENDED,CONFIRMED,3406.89990234375,135.33,3068.58,58.6,100.0,False,,96.0,Quality,41,-8.65,0.24,-1.08,True,-1.0,stopped,2026-08-14,3407.0,3068.58,True,-1.029,-1.029,-1.029,stop_loss,closed
2026-08-13 14:29:00,TDPOWERSYS,RE-ENTRY WINDOW,EXTENDED,CONFIRMED,1481.5999755859375,82.8,,68.5,100.0,False,,98.5,Quality + Hyper-growth,41,-49.92,,,False,,open,2026-08-14,740.5,637.15,False,-0.007,-0.007,-0.007,backtest_end,open
2026-08-13 14:29:00,THYROCARE,RE-ENTRY WINDOW,EXTENDED,CONFIRMED,606.0,25.93,541.19,25.0,100.0,True,promoter_pledge: 100.0% of promoter holding pledged,86.6,Quality,41,-6.48,0.37,-1.13,True,-1.0,stopped,2026-08-14,610.0,541.19,True,-1.025,-1.025,-1.025,stop_loss,closed
2026-08-13 14:29:00,UJJIVANSFB,RE-ENTRY WINDOW,EXTENDED,CONFIRMED,71.19000244140625,2.34,65.33,67.0,100.0,False,,80.6,(no archetype — see the Sectors tab for its theme),41,-11.94,0.47,-1.06,True,-1.0,stopped,2026-08-14,71.55,65.33,True,-1.033,-1.033,-1.033,stop_loss,closed
2026-08-13 14:29:00,VIYASH,BUY CANDIDATE,WATCH,CONFIRMED,266.29998779296875,10.43,240.23,67.0,100.0,False,,84.3,Hyper-growth,41,-7.62,0.53,-1.13,True,-1.0,stopped,2026-08-14,267.8,240.23,True,-1.028,-1.028,-1.028,stop_loss,closed
2026-08-14 14:23:00,AARTIIND,RE-ENTRY WINDOW,EXTENDED,CONFIRMED,534.0999755859375,16.46,492.95,72.6,100.0,False,,76.4,(no archetype — see the Sectors tab for its theme),40,-8.36,0.43,-1.07,True,-1.0,stopped,2026-08-17,534.1,492.95,True,-1.037,-1.037,-1.037,stop_loss,closed
2026-08-14 14:23:00,LALPATHLAB,RE-ENTRY WINDOW,EXTENDED,CONFIRMED,1916.300048828125,56.26,1775.66,63.4,100.0,False,,79.1,Turnaround + Quality,40,2.35,0.87,-0.43,False,0.32,open,2026-08-17,1931.0,1775.66,True,0.157,0.157,0.157,backtest_end,open
2026-08-14 14:23:00,ELGIEQUIP,BUY CANDIDATE,WATCH,CONFIRMED,609.5,15.75,570.12,65.0,100.0,False,,68.9,(no archetype — see the Sectors tab for its theme),40,-0.11,1.11,-0.62,False,-0.02,open,2026-08-17,614.0,570.12,True,-0.16,-0.16,-0.16,backtest_end,open
2026-08-14 14:23:00,FINCABLES,RE-ENTRY WINDOW,EXTENDED,CONFIRMED,1246.8499755859375,50.76,1119.95,60.3,100.0,False,,89.8,(no archetype — see the Sectors tab for its theme),40,18.7,1.98,-0.48,False,1.84,open,2026-08-17,1252.1,1119.95,True,1.694,1.694,1.694,backtest_end,open
2026-08-14 14:23:00,SHYAMMETL,BUY CANDIDATE,WATCH,CONFIRMED,999.5999755859376,22.85,942.47,63.1,100.0,False,,58.3,(no archetype — see the Sectors tab for its theme),40,9.83,2.6,-0.32,False,1.72,open,2026-08-17,1004.0,942.47,True,1.475,1.475,1.475,backtest_end,open
2026-08-14 14:23:00,WELSPUNLIV,BUY CANDIDATE,WATCH,CONFIRMED,164.05999755859375,6.78,147.12,59.5,100.0,False,,74.0,(no archetype — see the Sectors tab for its theme),40,35.51,4.07,0.05,False,3.44,open,2026-08-17,165.05,147.12,True,3.048,2.934,3.162,backtest_end,open
2026-08-14 14:23:00,WOCKPHARMA,BUY CANDIDATE,WATCH,CONFIRMED,1932.699951171875,74.02,1747.65,65.8,100.0,False,,81.5,Turnaround,40,18.37,2.31,-0.64,False,1.92,open,2026-08-17,1928.5,1747.65,True,1.951,1.951,1.951,backtest_end,open
2026-08-14 14:23:00,KEI,RE-ENTRY WINDOW,EXTENDED,CONFIRMED,5700.0,151.81,5320.48,70.0,100.0,False,,83.2,Quality,40,-18.66,0.52,-1.05,True,-1.0,stopped,2026-08-17,5700.0,5320.48,True,-1.044,-1.044,-1.044,stop_loss,closed
2026-08-14 14:23:00,IDEA,BUY CANDIDATE,WATCH,CONFIRMED,14.109999656677246,0.39,13.15,61.8,100.0,False,,90.5,(no archetype — see the Sectors tab for its theme),40,0.07,1.75,-0.64,False,0.01,open,2026-08-17,14.11,13.15,True,-0.044,-0.044,-0.044,stop_loss,closed
2026-08-14 14:23:00,AVL,BUY CANDIDATE,WATCH,CONFIRMED,624.6500244140625,19.34,576.29,62.7,100.0,False,,84.1,(no archetype — see the Sectors tab for its theme),40,0.54,0.1,-1.07,True,-1.0,stopped,2026-08-17,629.65,576.29,True,-1.034,-1.034,-1.034,stop_loss,closed
2026-08-14 14:23:00,AKUMS,RE-ENTRY WINDOW,EXTENDED,CONFIRMED,726.5999755859375,24.92,664.3,59.7,100.0,False,,89.6,Turnaround,40,12.52,1.8,-0.18,False,1.46,open,2026-08-17,726.6,664.3,True,1.423,1.423,1.423,backtest_end,open
2026-08-14 14:23:00,ASTRAMICRO,BUY CANDIDATE,WATCH,CONFIRMED,1739.300048828125,91.73,,64.3,100.0,False,,96.8,Quality,40,-8.23,,,False,,open,2026-08-17,1747.0,1538.77,False,-1.024,-1.024,-1.024,stop_loss,closed
2026-08-14 14:23:00,ENTERO,RE-ENTRY WINDOW,EXTENDED,CONFIRMED,1416.5999755859375,62.03,1261.53,61.8,100.0,False,,69.9,Turnaround + Hyper-growth,40,30.75,3.25,-0.23,False,2.81,open,,,,,,,,,engine took no position
2026-08-14 14:23:00,LLOYDSENT,BUY CANDIDATE,WATCH,CONFIRMED,76.48999786376953,3.19,68.51,43.6,100.0,False,,71.4,Hyper-growth,40,-1.19,0.55,-1.11,True,-1.0,stopped,2026-08-17,76.5,68.51,True,-1.027,-1.027,-1.027,stop_loss,closed
2026-08-14 14:23:00,NAZARA,RE-ENTRY WINDOW,EXTENDED,CONFIRMED,355.8999938964844,12.93,323.57,25.0,100.0,True,promoter_pledge: 89.6% of promoter holding pledged,72.8,Quality,40,5.24,0.75,-0.4,False,0.58,open,2026-08-17,356.05,323.57,True,0.536,0.536,0.536,backtest_end,open
2026-08-14 14:23:00,RATEGAIN,BUY CANDIDATE,WATCH,CONFIRMED,942.5999755859376,47.06,,59.5,100.0,False,,95.8,Hyper-growth,40,-12.58,,,False,,open,2026-08-17,942.7,826.09,False,-1.023,-1.023,-1.023,stop_loss,closed
2026-08-17 13:52:00,SAILIFE,RE-ENTRY WINDOW,EXTENDED,CONFIRMED,1416.4000244140625,48.8,1294.4,59.2,100.0,False,,92.6,Turnaround,37,12.6,2.3,-0.01,False,1.46,open,2026-08-18,1428.8,1294.4,True,1.202,1.202,1.202,backtest_end,open
2026-08-17 13:52:00,USHAMART,BUY CANDIDATE,WATCH,CONFIRMED,498.0499877929688,13.3,464.8,67.8,100.0,False,,76.4,Turnaround,37,5.05,0.94,-1.02,True,-1.0,stopped,2026-08-18,498.1,464.8,True,-1.043,-1.043,-1.043,stop_loss,closed
2026-08-17 13:52:00,SAIL,BUY CANDIDATE,BROKEN,CONFIRMED,173.60000610351562,6.59,157.12,66.8,100.0,False,,72.7,(no archetype — see the Sectors tab for its theme),37,5.99,1.66,-0.26,False,0.63,open,2026-08-18,173.5,157.12,True,-0.032,-0.032,-0.032,stop_loss,closed
2026-08-17 13:52:00,AETHER,RE-ENTRY WINDOW,EXTENDED,CONFIRMED,1605.699951171875,61.75,1451.32,60.6,100.0,False,,96.3,(no archetype — see the Sectors tab for its theme),37,2.52,0.72,-0.34,False,0.26,open,2026-08-18,1606.0,1451.32,True,0.228,0.228,0.228,backtest_end,open
2026-08-17 13:52:00,IMFA,BUY CANDIDATE,WATCH,CONFIRMED,1398.699951171875,57.25,1255.57,63.5,100.0,False,,84.2,(no archetype — see the Sectors tab for its theme),37,-11.27,0.58,-1.13,True,-1.0,stopped,2026-08-18,1405.6,1255.57,True,-0.639,-1.027,-0.26,stop_loss; weekly_close_below_30wk_ma,closed
2026-08-17 13:52:00,MSTCLTD,BUY CANDIDATE,WATCH,CONFIRMED,653.2000122070312,22.56,596.8,57.7,100.0,False,,82.2,(no archetype — see the Sectors tab for its theme),37,12.99,2.69,0.03,False,1.5,open,2026-08-18,658.15,596.8,True,1.268,1.268,1.268,backtest_end,open
2026-08-17 13:52:00,MIDHANI,BUY CANDIDATE,WATCH,CONFIRMED,428.6000061035156,19.52,379.8,67.5,100.0,False,,62.1,(no archetype — see the Sectors tab for its theme),37,-5.06,1.1,-0.84,False,-0.44,open,2026-08-18,429.0,379.8,True,-0.475,-0.475,-0.475,backtest_end,open
2026-08-17 13:52:00,PICCADIL,BUY CANDIDATE,WATCH,CONFIRMED,695.4500122070312,42.08,,54.6,100.0,False,,60.8,(no archetype — see the Sectors tab for its theme),37,-13.5,,,False,,open,2026-08-18,699.8,596.01,False,-0.924,-1.019,-0.829,stop_loss; weekly_close_below_30wk_ma,closed
2026-08-18 13:55:00,ACMESOLAR,BUY CANDIDATE,WATCH,CONFIRMED,371.75,11.22,343.7,59.4,100.0,False,,90.3,(no archetype — see the Sectors tab for its theme),36,20.15,3.75,-0.15,False,2.67,open,2026-08-19,371.5,343.7,True,2.626,2.592,2.659,backtest_end,open
2026-08-18 13:55:00,ACUTAAS,BUY CANDIDATE,WATCH,CONFIRMED,3391.39990234375,126.3,3075.65,64.8,100.0,False,,97.9,Quality + Hyper-growth,36,-3.18,0.38,-0.86,False,-0.34,open,2026-08-19,3399.1,3075.65,True,-0.388,-0.388,-0.388,backtest_end,open
2026-08-18 13:55:00,KIMS,BUY CANDIDATE,WATCH,CONFIRMED,805.5,20.53,754.18,45.0,100.0,False,,65.9,(no archetype — see the Sectors tab for its theme),36,-0.63,0.07,-1.02,True,-1.0,stopped,2026-08-19,803.05,754.18,True,-1.048,-1.048,-1.048,stop_loss,closed
2026-08-18 13:55:00,SCI,BUY CANDIDATE,WATCH,CONFIRMED,295.75,10.11,270.46,68.4,100.0,False,,74.5,(no archetype — see the Sectors tab for its theme),36,-6.48,0.31,-1.1,True,-1.0,stopped,2026-08-19,298.0,270.46,True,-0.847,-1.031,-0.663,stop_loss; weekly_close_below_30wk_ma,closed
2026-08-18 13:55:00,KEI,RE-ENTRY WINDOW,EXTENDED,CONFIRMED,5790.0,168.26,5369.36,70.0,100.0,False,,83.2,Quality,36,-19.92,0.0,-1.16,True,-1.0,stopped,2026-08-19,5790.4,5369.36,True,-1.04,-1.04,-1.04,stop_loss,closed
2026-08-18 13:55:00,IDEA,BUY CANDIDATE,WATCH,CONFIRMED,14.119999885559082,0.44,13.01,59.6,100.0,False,,90.8,(no archetype — see the Sectors tab for its theme),36,0.0,1.5,-0.37,False,0.0,open,2026-08-19,14.12,13.01,True,-0.038,-0.038,-0.038,backtest_end,open
2026-08-18 13:55:00,ASTRAMICRO,BUY CANDIDATE,WATCH,CONFIRMED,1767.4000244140625,82.66,1560.76,65.4,100.0,False,,96.8,Quality,36,-9.69,0.15,-1.11,True,-1.0,stopped,,,,,,,,,engine took no position
2026-08-18 13:55:00,ICIL,BUY CANDIDATE,WATCH,CONFIRMED,437.7000122070313,23.92,,55.3,100.0,False,,91.9,(no archetype — see the Sectors tab for its theme),36,3.03,,,False,,open,2026-08-19,434.0,372.47,False,0.254,0.254,0.254,backtest_end,open
2026-08-18 13:55:00,JAYNECOIND,BUY CANDIDATE,WATCH,CONFIRMED,90.2300033569336,2.86,83.07,25.0,80.0,True,promoter_pledge: 99.9% of promoter holding pledged,83.0,(no archetype — see the Sectors tab for its theme),36,-0.78,2.09,-0.7,False,-0.1,open,2026-08-19,91.0,83.07,True,-0.034,-0.034,-0.034,stop_loss,closed
2026-08-18 13:55:00,LLOYDSENT,BUY CANDIDATE,WATCH,CONFIRMED,79.02999877929688,3.33,70.71,47.3,100.0,False,,74.2,Hyper-growth,36,-4.37,0.11,-1.14,True,-1.0,stopped,2026-08-19,79.41,70.71,True,-1.026,-1.026,-1.026,stop_loss,closed
2026-08-18 13:55:00,MANORAMA,RE-ENTRY WINDOW,EXTENDED,CONFIRMED,1901.0,87.09,1683.29,56.2,100.0,False,,80.7,(no archetype — see the Sectors tab for its theme),36,-0.96,1.14,-0.49,False,-0.08,open,2026-08-19,1909.0,1683.29,True,-0.142,-0.142,-0.142,backtest_end,open
2026-08-18 13:55:00,PGIL,RE-ENTRY WINDOW,EXTENDED,CONFIRMED,2360.800048828125,95.71,2121.51,67.6,100.0,False,,92.9,(no archetype — see the Sectors tab for its theme),36,-46.05,-4.78,-5.0,True,-1.0,stopped,2026-08-19,1177.0,1052.87,False,0.749,0.749,0.749,backtest_end,open
2026-08-18 13:55:00,WABAG,BUY CANDIDATE,WATCH,CONFIRMED,1980.5999755859373,67.41,1812.08,66.8,100.0,False,,86.3,Quality,36,2.45,2.01,-0.2,False,0.29,open,2026-08-19,1992.9,1812.08,True,0.167,0.167,0.167,backtest_end,open
2026-08-18 13:55:00,YATHARTH,BUY CANDIDATE,WATCH,CONFIRMED,854.0,26.29,788.29,60.3,100.0,False,,75.2,Hyper-growth,36,35.48,5.02,-0.15,False,4.61,open,2026-08-19,855.0,788.29,True,4.157,3.829,4.482,backtest_end,open
2026-08-19 13:55:00,ATHERENERG,RE-ENTRY WINDOW,EXTENDED,CONFIRMED,1438.199951171875,70.21,,59.3,70.0,False,,99.2,(no archetype — see the Sectors tab for its theme),35,4.23,,,False,,open,2026-08-20,1445.5,1269.46,False,0.279,0.279,0.279,backtest_end,open
2026-08-19 13:55:00,CAPLIPOINT,BUY CANDIDATE,WATCH,CONFIRMED,2571.0,81.29,2367.79,58.4,100.0,False,,84.2,Turnaround + Quality,35,11.53,2.06,-0.55,False,1.46,open,2026-08-20,2600.0,2367.79,True,1.116,1.116,1.116,backtest_end,open
2026-08-19 13:55:00,ANTHEM,RE-ENTRY WINDOW,EXTENDED,CONFIRMED,881.9000244140625,25.95,817.02,50.3,100.0,False,,74.9,Turnaround + Quality,35,0.42,1.47,-0.2,False,0.06,open,2026-08-20,890.0,817.02,True,-0.097,-0.097,-0.097,backtest_end,open
2026-08-19 13:55:00,MEDANTA,BUY CANDIDATE,WATCH,CONFIRMED,1417.199951171875,47.86,1297.56,55.3,100.0,False,,65.8,(no archetype — see the Sectors tab for its theme),35,6.28,1.06,-0.31,False,0.74,open,2026-08-20,1420.0,1297.56,True,0.668,0.668,0.668,backtest_end,open
2026-08-19 13:55:00,SAIL,BUY CANDIDATE,BROKEN,CONFIRMED,172.75,6.28,157.05,67.8,100.0,False,,72.3,(no archetype — see the Sectors tab for its theme),35,6.51,1.8,-0.14,False,0.72,open,2026-08-20,174.1,157.05,True,-0.031,-0.031,-0.031,stop_loss,closed
2026-08-19 13:55:00,ALIVUS,RE-ENTRY WINDOW,EXTENDED,CONFIRMED,1369.0,56.56,1227.59,59.7,70.0,False,,88.7,(no archetype — see the Sectors tab for its theme),35,0.07,0.88,-0.36,False,0.01,open,2026-08-20,1370.0,1227.59,True,-0.029,-0.029,-0.029,backtest_end,open
2026-08-19 13:55:00,EDELWEISS,BUY CANDIDATE,WATCH,CONFIRMED,122.2699966430664,4.16,111.86,53.1,100.0,False,,58.9,(no archetype — see the Sectors tab for its theme),35,13.69,2.28,0.05,False,1.61,open,2026-08-20,122.76,111.86,True,1.455,1.455,1.455,backtest_end,open
2026-08-19 13:55:00,JSFB,BUY CANDIDATE,WATCH,CONFIRMED,571.1500244140625,23.5,512.39,53.8,100.0,False,,82.9,(no archetype — see the Sectors tab for its theme),35,-8.48,0.61,-1.06,True,-1.0,stopped,2026-08-20,578.0,512.39,True,-1.025,-1.025,-1.025,stop_loss,closed
2026-08-19 13:55:00,SANSERA,RE-ENTRY WINDOW,EXTENDED,CONFIRMED,3894.300048828125,168.8,3472.3,67.1,100.0,False,,98.2,(no archetype — see the Sectors tab for its theme),35,18.27,2.01,-0.38,False,1.69,open,2026-08-20,3938.1,3472.3,True,1.406,1.406,1.406,backtest_end,open
2026-08-19 13:55:00,UJJIVANSFB,RE-ENTRY WINDOW,EXTENDED,CONFIRMED,71.80000305175781,2.11,66.54,66.4,100.0,False,,81.6,(no archetype — see the Sectors tab for its theme),35,-12.69,0.41,-1.3,True,-1.0,stopped,2026-08-20,72.55,66.54,True,-1.035,-1.035,-1.035,stop_loss,closed
2026-08-19 13:55:00,VIYASH,BUY CANDIDATE,WATCH,CONFIRMED,271.3999938964844,11.76,242.01,64.8,100.0,False,,83.8,Hyper-growth,35,-9.36,0.29,-1.18,True,-1.0,stopped,2026-08-20,272.0,242.01,True,-1.026,-1.026,-1.026,stop_loss,closed
2026-08-19 13:55:00,GOKULAGRO,BUY TRIGGER,CONFIRMED,CONFIRMED,243.0200042724609,8.77,221.11,68.0,100.0,False,,89.7,(no archetype — see the Sectors tab for its theme),35,-7.42,0.77,-1.14,True,-1.0,stopped,2026-08-20,246.3,221.11,True,-1.028,-1.028,-1.028,stop_loss,closed
2026-08-20 13:58:00,ANANDRATHI,RE-ENTRY WINDOW,EXTENDED,CONFIRMED,2171.10009765625,46.06,2055.94,67.9,100.0,False,,89.0,Quality,34,-0.17,0.84,-0.18,False,-0.03,open,2026-08-21,2171.1,2055.94,True,-0.089,-0.089,-0.089,backtest_end,open
2026-08-20 13:58:00,CARBORUNIV,BUY CANDIDATE,WATCH,CONFIRMED,1137.5999755859375,47.09,1019.89,50.5,100.0,False,,82.4,(no archetype — see the Sectors tab for its theme),34,13.97,0.59,-1.02,True,-1.0,stopped,2026-08-21,1137.9,1019.89,True,-1.027,-1.027,-1.027,stop_loss,closed
2026-08-20 13:58:00,FINCABLES,RE-ENTRY WINDOW,EXTENDED,CONFIRMED,1291.199951171875,62.25,,70.4,100.0,False,,90.5,(no archetype — see the Sectors tab for its theme),34,14.62,,,False,,open,2026-08-21,1293.0,1133.04,False,1.143,1.143,1.143,backtest_end,open
2026-08-20 13:58:00,GLAND,RE-ENTRY WINDOW,EXTENDED,CONFIRMED,2820.0,101.35,2566.63,63.7,100.0,False,,89.8,(no archetype — see the Sectors tab for its theme),34,2.74,0.88,-0.17,False,0.31,open,2026-08-21,2844.8,2566.63,True,0.158,0.158,0.158,backtest_end,open
2026-08-20 13:58:00,SHYAMMETL,BUY CANDIDATE,WATCH,CONFIRMED,996.7999877929688,21.77,942.37,61.5,100.0,False,,57.6,(no archetype — see the Sectors tab for its theme),34,10.14,2.78,-0.25,False,1.86,open,2026-08-21,995.7,942.37,True,1.951,2.044,1.857,backtest_end,open
2026-08-20 13:58:00,ABCAPITAL,BUY CANDIDATE,WATCH,CONFIRMED,409.0,10.69,382.27,58.5,100.0,False,,80.6,(no archetype — see the Sectors tab for its theme),34,-4.62,0.28,-1.13,True,-1.0,stopped,2026-08-21,410.0,382.27,True,-1.043,-1.043,-1.043,stop_loss,closed
2026-08-20 13:58:00,AJANTPHARM,RE-ENTRY WINDOW,EXTENDED,CONFIRMED,3658.60009765625,91.69,3429.39,52.9,100.0,False,,79.0,Quality,34,-3.26,0.26,-1.02,True,-1.0,stopped,2026-08-21,3695.0,3429.39,True,-1.04,-1.04,-1.04,stop_loss,closed
2026-08-20 13:58:00,GLENMARK,BUY CANDIDATE,WATCH,CONFIRMED,2332.89990234375,52.34,2202.04,71.4,100.0,False,,65.2,Turnaround + Quality,34,4.18,1.56,-0.29,False,0.75,open,2026-08-21,2334.6,2202.04,True,0.669,0.669,0.669,backtest_end,open
2026-08-20 13:58:00,ARVIND,BUY CANDIDATE,WATCH,CONFIRMED,539.0,25.06,476.36,62.0,100.0,False,,90.3,(no archetype — see the Sectors tab for its theme),34,4.95,1.09,-0.23,False,0.43,open,2026-08-21,540.95,476.36,True,0.357,0.357,0.357,backtest_end,open
2026-08-20 13:58:00,DCBBANK,BUY CANDIDATE,BROKEN,CONFIRMED,188.6100006103516,5.63,174.54,69.1,100.0,False,,69.2,(no archetype — see the Sectors tab for its theme),34,13.12,3.28,-0.07,False,1.76,open,2026-08-21,188.99,174.54,True,1.778,1.911,1.644,backtest_end,open
2026-08-20 13:58:00,EQUITASBNK,BUY CANDIDATE,WATCH,CONFIRMED,76.98999786376953,2.08,71.79,66.5,100.0,False,,74.8,Turnaround,34,-8.81,0.22,-1.15,True,-1.0,stopped,2026-08-21,77.0,71.79,True,-1.043,-1.043,-1.043,stop_loss,closed
2026-08-20 13:58:00,MARKSANS,RE-ENTRY WINDOW,EXTENDED,CONFIRMED,320.8500061035156,14.59,284.37,70.0,100.0,False,,93.1,(no archetype — see the Sectors tab for its theme),34,5.16,0.83,-0.54,False,0.45,open,2026-08-21,320.85,284.37,True,0.427,0.427,0.427,backtest_end,open
2026-08-20 13:58:00,PARAS,RE-ENTRY WINDOW,EXTENDED,CONFIRMED,1502.0,66.24,1336.41,76.2,100.0,False,,98.5,Hyper-growth,34,-10.56,0.5,-1.18,True,-1.0,stopped,2026-08-21,1505.4,1336.41,True,-1.025,-1.025,-1.025,stop_loss,closed
2026-08-20 13:58:00,PGIL,RE-ENTRY WINDOW,EXTENDED,CONFIRMED,2377.60009765625,101.86,2122.96,65.5,100.0,False,,92.1,(no archetype — see the Sectors tab for its theme),34,-46.43,-4.56,-4.71,True,-1.0,stopped,2026-08-21,1205.0,1076.47,False,0.505,0.505,0.505,backtest_end,open
2026-08-20 13:58:00,SKIPPER,BUY CANDIDATE,WATCH,CONFIRMED,555.4500122070312,21.39,501.98,69.0,100.0,False,,80.5,(no archetype — see the Sectors tab for its theme),34,-0.56,1.15,-0.79,False,-0.06,open,2026-08-21,556.0,501.98,True,-0.098,-0.098,-0.098,backtest_end,open
2026-08-20 13:58:00,WABAG,BUY CANDIDATE,WATCH,CONFIRMED,2057.89990234375,67.36,1889.51,65.6,100.0,False,,88.9,Quality,34,-1.39,1.55,-0.65,False,-0.17,open,2026-08-21,2070.0,1889.51,True,-0.26,-0.26,-0.26,backtest_end,open
2026-08-21 13:56:00,CAPLIPOINT,BUY CANDIDATE,WATCH,CONFIRMED,2560.800048828125,80.73,2358.98,62.1,100.0,False,,82.9,Turnaround + Quality,33,11.97,2.13,-0.5,False,1.52,open,2026-08-24,2545.0,2358.98,True,-0.041,-0.041,-0.041,stop_loss,closed
2026-08-21 13:56:00,ENGINERSIN,BUY CANDIDATE,WATCH,CONFIRMED,244.91000366210932,8.8,222.92,61.0,100.0,False,,61.8,Quality,33,21.13,2.94,-0.06,False,2.35,open,2026-08-24,245.0,222.92,True,2.329,2.355,2.302,backtest_end,open
2026-08-21 13:56:00,TATATECH,BUY CANDIDATE,WATCH,CONFIRMED,820.75,32.4,739.76,51.7,100.0,False,,80.4,(no archetype — see the Sectors tab for its theme),33,-12.55,0.36,-1.29,True,-1.0,stopped,2026-08-24,818.8,739.76,True,-1.03,-1.03,-1.03,stop_loss,closed
2026-08-21 13:56:00,EXIDEIND,BUY CANDIDATE,WATCH,CONFIRMED,459.6000061035156,14.31,423.81,64.8,100.0,False,,78.1,(no archetype — see the Sectors tab for its theme),33,-7.19,0.05,-1.0,True,-1.0,stopped,2026-08-24,456.5,423.81,True,-1.04,-1.04,-1.04,stop_loss,closed
2026-08-21 13:56:00,POWERINDIA,BUY CANDIDATE,WATCH,CONFIRMED,34190.0,1204.64,31178.39,73.8,100.0,False,,90.5,Turnaround + Quality,33,-10.16,0.26,-1.21,True,-1.0,stopped,2026-08-24,34360.0,31178.39,True,-1.031,-1.031,-1.031,stop_loss,closed
2026-08-21 13:56:00,AETHER,RE-ENTRY WINDOW,EXTENDED,CONFIRMED,1626.5999755859375,53.36,1493.21,60.7,100.0,False,,96.3,(no archetype — see the Sectors tab for its theme),33,1.2,0.68,-0.55,False,0.15,open,2026-08-24,1633.0,1493.21,True,0.059,0.059,0.059,backtest_end,open
2026-08-21 13:56:00,AVALON,RE-ENTRY WINDOW,EXTENDED,CONFIRMED,2183.800048828125,117.25,,72.2,100.0,False,,97.9,Turnaround,33,6.06,,,False,,open,2026-08-24,2183.8,1879.44,False,0.413,0.413,0.413,backtest_end,open
2026-08-21 13:56:00,EPL,RE-ENTRY WINDOW,EXTENDED,CONFIRMED,265.6099853515625,9.64,241.52,54.7,100.0,False,,69.7,(no archetype — see the Sectors tab for its theme),33,-10.38,0.34,-1.17,True,-1.0,stopped,2026-08-24,264.0,241.52,True,-1.034,-1.034,-1.034,stop_loss,closed
2026-08-21 13:56:00,MANORAMA,RE-ENTRY WINDOW,EXTENDED,CONFIRMED,1927.300048828125,94.42,,55.5,100.0,False,,82.7,(no archetype — see the Sectors tab for its theme),33,-2.31,,,False,,open,2026-08-24,1930.9,1694.65,False,-0.228,-0.228,-0.228,backtest_end,open
2026-08-21 13:56:00,NAZARA,RE-ENTRY WINDOW,EXTENDED,CONFIRMED,354.3500061035156,10.61,327.82,25.0,100.0,True,promoter_pledge: 89.6% of promoter holding pledged,67.4,Quality,33,5.7,0.97,-0.42,False,0.76,open,2026-08-24,354.55,327.82,True,0.707,0.707,0.707,backtest_end,open
2026-08-21 13:56:00,RAIN,BUY CANDIDATE,WATCH,CONFIRMED,208.6100006103516,10.52,,56.2,100.0,False,,82.0,(no archetype — see the Sectors tab for its theme),33,4.61,,,False,,open,2026-08-24,209.59,183.27,False,0.304,0.304,0.304,backtest_end,open
2026-08-21 13:56:00,VIYASH,BUY CANDIDATE,WATCH,CONFIRMED,275.95001220703125,11.79,246.49,63.9,100.0,False,,83.7,Hyper-growth,33,-10.85,0.14,-1.04,True,-1.0,stopped,2026-08-24,276.25,246.49,True,-1.026,-1.026,-1.026,stop_loss,closed
2026-08-21 13:56:00,WELENT,BUY CANDIDATE,WATCH,CONFIRMED,631.4500122070312,22.39,575.48,49.7,100.0,False,,80.0,(no archetype — see the Sectors tab for its theme),33,18.64,3.76,-0.16,False,2.1,open,2026-08-24,631.45,575.48,True,2.13,2.195,2.066,backtest_end,open
2026-08-21 13:56:00,WELCORP,EPISODIC PIVOT,EXTENDED,EXTENDED,2311.89990234375,69.46,2133.0,66.9,100.0,False,,99.4,Turnaround + Quality,33,16.45,2.93,-0.6,False,2.13,open,2026-08-24,2290.0,2133.0,True,0.341,0.737,-0.044,stop_loss,closed
2026-08-24 14:00:00,BALRAMCHIN,RE-ENTRY WINDOW,EXTENDED,CONFIRMED,695.5,38.05,,45.5,100.0,False,,84.3,(no archetype — see the Sectors tab for its theme),30,-5.19,,,False,,open,2026-08-25,686.55,589.98,False,-0.302,-0.302,-0.302,backtest_end,open
2026-08-24 14:00:00,CGCL,BUY CANDIDATE,WATCH,CONFIRMED,234.32000732421875,8.15,213.95,68.8,100.0,False,,79.4,Hyper-growth,30,10.7,2.61,-0.03,False,1.23,open,2026-08-25,235.49,213.95,True,1.076,1.076,1.076,backtest_end,open
2026-08-24 14:00:00,THELEELA,RE-ENTRY WINDOW,EXTENDED,CONFIRMED,549.7000122070312,20.03,499.62,25.0,100.0,True,promoter_pledge: 73.6% of promoter holding pledged,73.9,Turnaround,30,-3.0,0.66,-0.73,False,-0.33,open,2026-08-25,545.5,499.62,True,-0.303,-0.303,-0.303,backtest_end,open
2026-08-24 14:00:00,NETWEB,RE-ENTRY WINDOW,EXTENDED,CONFIRMED,5454.5,263.36,,66.3,100.0,False,,97.6,Hyper-growth,30,-14.54,,,False,,open,2026-08-25,5400.0,4731.7,False,-1.023,-1.023,-1.023,stop_loss,closed
2026-08-24 14:00:00,NEULANDLAB,RE-ENTRY WINDOW,EXTENDED,CONFIRMED,22905.0,910.93,20627.68,72.4,100.0,False,,94.0,Quality,30,-4.37,0.58,-0.49,False,-0.44,open,2026-08-25,22905.0,20627.68,True,-0.469,-0.469,-0.469,backtest_end,open
2026-08-24 14:00:00,SHYAMMETL,BUY CANDIDATE,WATCH,CONFIRMED,1001.0,21.26,947.86,58.7,100.0,False,,56.5,(no archetype — see the Sectors tab for its theme),30,9.68,2.77,-0.18,False,1.82,open,2026-08-25,1001.0,947.86,True,1.873,1.984,1.764,backtest_end,open
2026-08-24 14:00:00,GLENMARK,BUY CANDIDATE,WATCH,CONFIRMED,2390.699951171875,52.84,2258.61,71.0,100.0,False,,67.6,Turnaround + Quality,30,1.66,1.11,-0.64,False,0.3,open,2026-08-25,2391.7,2258.61,True,0.236,0.236,0.236,backtest_end,open
2026-08-24 14:00:00,AZAD,RE-ENTRY WINDOW,EXTENDED,CONFIRMED,2796.199951171875,124.18,2485.75,58.7,100.0,False,,94.7,(no archetype — see the Sectors tab for its theme),30,-4.22,0.47,-0.78,False,-0.38,open,2026-08-25,2791.0,2485.75,True,-0.396,-0.396,-0.396,backtest_end,open
2026-08-24 14:00:00,BALAMINES,BUY CANDIDATE,WATCH,CONFIRMED,2224.5,86.13,2009.18,62.3,100.0,False,,95.5,(no archetype — see the Sectors tab for its theme),30,0.07,1.88,-0.67,False,0.01,open,2026-08-25,2241.6,2009.18,True,-0.096,-0.096,-0.096,backtest_end,open
2026-08-24 14:00:00,INOXINDIA,BUY CANDIDATE,WATCH,CONFIRMED,1941.5,56.71,1799.73,52.7,100.0,False,,94.2,Quality,30,6.35,2.81,-0.43,False,0.87,open,2026-08-25,1942.3,1799.73,True,0.468,0.99,-0.041,stop_loss; trend_break_50dma,closed
2026-08-24 14:00:00,KRN,RE-ENTRY WINDOW,EXTENDED,CONFIRMED,1471.199951171875,59.27,1323.02,60.1,100.0,False,,96.3,(no archetype — see the Sectors tab for its theme),30,-4.73,1.46,-0.67,False,-0.47,open,2026-08-25,1470.0,1323.02,True,-0.495,-0.495,-0.495,backtest_end,open
2026-08-24 14:00:00,METROPOLIS,BUY CANDIDATE,WATCH,CONFIRMED,563.3499755859375,18.97,515.92,67.8,100.0,False,,62.2,(no archetype — see the Sectors tab for its theme),30,3.48,0.94,-0.12,False,0.41,open,2026-08-25,566.95,515.92,True,0.28,0.28,0.28,backtest_end,open
2026-08-24 14:00:00,SENCO,BUY CANDIDATE,WATCH,CONFIRMED,371.75,18.21,,54.7,100.0,False,,55.9,Hyper-growth,30,-9.62,,,False,,open,2026-08-25,372.0,327.87,False,-1.024,-1.024,-1.024,stop_loss,closed
2026-08-24 14:00:00,VOLTAMP,BUY TRIGGER,EXTENDED,EXTENDED,11292.0,318.11,10496.73,62.8,100.0,False,,83.2,(no archetype — see the Sectors tab for its theme),30,-6.24,0.32,-1.05,True,-1.0,stopped,2026-08-25,11382.5,10496.73,True,-1.037,-1.037,-1.037,stop_loss,closed
2026-08-25 14:01:00,ATHERENERG,RE-ENTRY WINDOW,EXTENDED,CONFIRMED,1439.4000244140625,54.36,1303.49,63.2,70.0,False,,98.9,(no archetype — see the Sectors tab for its theme),29,4.14,2.24,0.03,False,0.44,open,2026-08-26,1445.0,1303.49,True,0.35,0.35,0.35,backtest_end,open
2026-08-25 14:01:00,KAJARIACER,BUY CANDIDATE,WATCH,CONFIRMED,1213.9000244140625,29.93,1139.08,65.2,100.0,False,,60.7,(no archetype — see the Sectors tab for its theme),29,0.65,0.81,-0.51,False,0.11,open,2026-08-26,1228.7,1139.08,True,-0.118,-0.118,-0.118,backtest_end,open
2026-08-25 14:01:00,RRKABEL,RE-ENTRY WINDOW,EXTENDED,CONFIRMED,2801.199951171875,88.94,2578.86,77.7,100.0,False,,97.7,Turnaround + Quality,29,-9.69,0.8,-1.92,True,-1.0,stopped,2026-08-26,2807.0,2578.86,True,-1.162,-1.162,-1.162,stop_loss,closed
2026-08-25 14:01:00,KPRMILL,BUY CANDIDATE,WATCH,CONFIRMED,1120.0,31.24,1041.91,63.7,100.0,False,,71.0,Turnaround,29,-0.55,1.0,-0.51,False,-0.08,open,2026-08-26,1129.0,1041.91,True,-0.213,-0.213,-0.213,backtest_end,open
2026-08-25 14:01:00,AETHER,RE-ENTRY WINDOW,EXTENDED,CONFIRMED,1633.9000244140625,51.61,1504.86,60.5,100.0,False,,96.1,(no archetype — see the Sectors tab for its theme),29,0.75,0.64,-0.63,False,0.1,open,2026-08-26,1650.2,1504.86,True,-0.062,-0.062,-0.062,backtest_end,open
2026-08-25 14:01:00,ALIVUS,RE-ENTRY WINDOW,EXTENDED,CONFIRMED,1348.4000244140625,43.97,1238.47,58.4,70.0,False,,88.2,(no archetype — see the Sectors tab for its theme),29,1.6,1.32,-0.28,False,0.2,open,2026-08-26,1344.8,1238.47,True,0.199,0.199,0.199,backtest_end,open
2026-08-25 14:01:00,ARVIND,BUY CANDIDATE,WATCH,CONFIRMED,539.2999877929688,23.45,480.68,63.2,100.0,False,,92.1,(no archetype — see the Sectors tab for its theme),29,4.9,1.16,-0.2,False,0.45,open,2026-08-26,539.25,480.68,True,0.423,0.423,0.423,backtest_end,open
2026-08-25 14:01:00,CUPID,RE-ENTRY WINDOW,EXTENDED,CONFIRMED,281.760009765625,16.63,,62.3,100.0,False,,100.0,(no archetype — see the Sectors tab for its theme),29,-5.49,,,False,,open,2026-08-26,282.61,242.27,False,-0.425,-0.425,-0.425,backtest_end,open
2026-08-25 14:01:00,DIACABS,RE-ENTRY WINDOW,EXTENDED,CONFIRMED,339.29998779296875,18.23,,62.7,100.0,False,,98.7,(no archetype — see the Sectors tab for its theme),29,6.23,,,False,,open,2026-08-26,341.0,295.67,False,0.406,0.406,0.406,backtest_end,open
2026-08-25 14:01:00,JAYNECOIND,RE-ENTRY WINDOW,EXTENDED,CONFIRMED,100.87999725341795,3.52,92.07,25.0,80.0,True,promoter_pledge: 99.9% of promoter holding pledged,85.9,(no archetype — see the Sectors tab for its theme),29,-11.25,0.32,-1.78,True,-1.0,stopped,2026-08-26,102.07,92.07,True,-1.036,-1.036,-1.036,stop_loss,closed
2026-08-25 14:01:00,LUMAXTECH,RE-ENTRY WINDOW,EXTENDED,CONFIRMED,1932.0999755859373,87.39,1713.62,71.0,100.0,False,,87.5,Hyper-growth,29,7.08,1.18,-0.18,False,0.63,open,2026-08-26,1932.1,1713.62,True,0.598,0.598,0.598,backtest_end,open
2026-08-25 14:01:00,MTARTECH,BUY CANDIDATE,WATCH,CONFIRMED,6928.5,295.32,6190.2,69.7,100.0,False,,99.5,(no archetype — see the Sectors tab for its theme),29,1.75,1.38,-0.44,False,0.16,open,,,,,,,,,engine took no position
2026-08-25 14:01:00,TDPOWERSYS,RE-ENTRY WINDOW,EXTENDED,CONFIRMED,729.4000244140625,40.72,,73.4,100.0,False,,97.9,Quality + Hyper-growth,29,1.73,,,False,,open,2026-08-26,734.0,633.98,False,0.058,0.058,0.058,backtest_end,open
2026-08-25 14:01:00,TVSSCS,BUY CANDIDATE,WATCH,CONFIRMED,135.13999938964844,6.15,119.76,25.0,100.0,True,promoter_pledge: 31.9% of promoter holding pledged,53.1,(no archetype — see the Sectors tab for its theme),29,-3.46,0.2,-0.82,False,-0.3,open,,,,,,,,,engine took no position
2026-08-25 14:01:00,WABAG,BUY CANDIDATE,WATCH,CONFIRMED,2021.5,69.04,1848.89,66.5,100.0,False,,87.5,Quality,29,0.38,1.72,-0.42,False,0.04,open,2026-08-26,2025.7,1848.89,True,-0.015,-0.015,-0.015,backtest_end,open
2026-08-25 14:01:00,VOLTAMP,RE-ENTRY WINDOW,EXTENDED,CONFIRMED,10974.0,349.46,10100.34,59.6,100.0,False,,81.9,(no archetype — see the Sectors tab for its theme),29,-3.53,0.66,-0.82,False,-0.44,open,2026-08-26,11020.0,10100.34,True,-0.506,-0.506,-0.506,backtest_end,open
2026-08-26 14:04:00,MAHABANK,BUY CANDIDATE,WATCH,CONFIRMED,85.5999984741211,2.08,80.41,66.7,100.0,False,,83.2,(no archetype — see the Sectors tab for its theme),28,-3.76,0.37,-1.16,True,-1.0,stopped,2026-08-27,85.74,80.41,True,-1.047,-1.047,-1.047,stop_loss,closed
2026-08-26 14:04:00,ALKYLAMINE,BUY CANDIDATE,WATCH,CONFIRMED,2089.60009765625,69.06,1916.94,62.9,100.0,False,,72.6,Quality,28,-10.87,0.0,-1.04,True,-1.0,stopped,2026-08-27,2083.0,1916.94,True,-1.036,-1.036,-1.036,stop_loss,closed
2026-08-26 14:04:00,MIDHANI,BUY CANDIDATE,WATCH,CONFIRMED,424.4500122070313,19.57,375.53,63.7,100.0,False,,64.7,(no archetype — see the Sectors tab for its theme),28,-4.13,1.18,-0.76,False,-0.36,open,2026-08-27,425.0,375.53,True,-0.391,-0.391,-0.391,backtest_end,open
2026-08-26 14:04:00,SOUTHBANK,BUY CANDIDATE,WATCH,CONFIRMED,46.31999969482422,0.85,44.19,65.9,100.0,False,,79.7,(no archetype — see the Sectors tab for its theme),28,7.73,1.81,-0.84,False,1.68,open,2026-08-27,46.3,44.19,True,1.638,1.638,1.638,backtest_end,open
2026-08-28 23:03:00,CPPLUS,BUY CANDIDATE,WATCH,CONFIRMED,3629.699951171875,169.26,3206.56,69.5,100.0,False,,99.2,Turnaround + Quality,26,4.69,0.64,-0.73,False,0.4,open,2026-08-31,3576.4,3206.56,True,0.575,0.575,0.575,backtest_end,open
2026-08-28 23:03:00,EMCURE,BUY CANDIDATE,WATCH,CONFIRMED,1878.4000244140625,49.21,1755.36,72.6,100.0,False,,78.2,Turnaround,26,3.92,1.81,-0.35,False,0.6,open,2026-08-31,1879.0,1755.36,True,0.545,0.545,0.545,backtest_end,open
2026-08-28 23:03:00,KARURVYSYA,RE-ENTRY WINDOW,EXTENDED,CONFIRMED,346.29998779296875,7.93,326.47,72.5,100.0,False,,76.6,(no archetype — see the Sectors tab for its theme),26,-6.15,0.59,-1.19,True,-1.0,stopped,2026-08-31,346.0,326.47,True,-1.052,-1.052,-1.052,stop_loss,closed
2026-08-28 23:03:00,LTFOODS,BUY CANDIDATE,WATCH,CONFIRMED,437.8500061035156,15.51,399.06,51.2,100.0,False,,46.9,(no archetype — see the Sectors tab for its theme),26,-3.05,0.75,-0.75,False,-0.34,open,2026-08-31,439.35,399.06,True,-0.401,-0.401,-0.401,backtest_end,open
2026-08-28 23:03:00,STARHEALTH,BUY CANDIDATE,WATCH,CONFIRMED,586.0999755859375,11.86,556.46,54.3,100.0,False,,79.8,(no archetype — see the Sectors tab for its theme),26,-6.09,-0.27,-1.1,True,-1.0,stopped,2026-08-31,570.1,556.46,True,-1.124,-1.124,-1.124,stop_loss,closed
2026-08-28 23:03:00,SUMICHEM,BUY CANDIDATE,WATCH,CONFIRMED,525.0,17.64,480.91,49.9,100.0,False,,62.3,(no archetype — see the Sectors tab for its theme),26,-14.34,-0.05,-1.07,True,-1.0,stopped,2026-08-31,517.95,480.91,True,-1.04,-1.04,-1.04,stop_loss,closed
2026-08-28 23:03:00,WOCKPHARMA,BUY CANDIDATE,WATCH,CONFIRMED,1962.0,69.32,1788.7,66.3,100.0,False,,84.0,Turnaround,26,16.6,2.3,-0.74,False,1.88,open,2026-08-31,1974.9,1788.7,True,1.646,1.646,1.646,backtest_end,open
2026-08-28 23:03:00,POWERINDIA,BUY CANDIDATE,WATCH,CONFIRMED,33880.0,1245.71,30765.71,73.4,100.0,False,,89.7,Turnaround + Quality,26,-9.34,-0.04,-1.07,True,-1.0,stopped,2026-08-31,33330.0,30765.71,True,-1.037,-1.037,-1.037,stop_loss,closed
2026-08-28 23:03:00,ALIVUS,RE-ENTRY WINDOW,EXTENDED,CONFIRMED,1358.199951171875,43.21,1250.16,56.9,70.0,False,,87.4,(no archetype — see the Sectors tab for its theme),26,0.87,1.26,-0.38,False,0.11,open,2026-08-31,1352.0,1250.16,True,0.137,0.137,0.137,backtest_end,open
2026-08-28 23:03:00,GNFC,BUY CANDIDATE,WATCH,CONFIRMED,577.0,15.13,539.19,58.5,100.0,False,,69.4,(no archetype — see the Sectors tab for its theme),26,8.34,0.76,-1.27,True,-1.0,stopped,2026-08-31,581.9,539.19,True,-1.039,-1.039,-1.039,stop_loss,closed
2026-08-28 23:03:00,INOXINDIA,BUY CANDIDATE,WATCH,CONFIRMED,2177.89990234375,74.61,1991.36,49.4,100.0,False,,97.0,Quality,26,-5.19,0.87,-1.05,True,-1.0,stopped,2026-08-31,2139.1,1991.36,True,-1.042,-1.042,-1.042,stop_loss,closed
2026-08-28 23:03:00,RBA,RE-ENTRY WINDOW,EXTENDED,CONFIRMED,100.62000274658205,5.68,,44.7,100.0,False,,87.3,(no archetype — see the Sectors tab for its theme),26,-9.91,,,False,,open,2026-08-31,101.0,87.43,False,-0.784,-0.784,-0.784,backtest_end,open
2026-08-28 23:03:00,WELENT,RE-ENTRY WINDOW,EXTENDED,CONFIRMED,676.5999755859375,24.15,616.22,42.4,100.0,False,,85.0,(no archetype — see the Sectors tab for its theme),26,10.72,2.74,-0.19,False,1.2,open,2026-08-31,672.0,616.22,True,1.525,1.707,1.345,backtest_end,open
2026-08-31 19:34:00,MINDACORP,BUY CANDIDATE,WATCH,CONFIRMED,702.7999877929688,28.65,631.17,65.9,100.0,False,,76.9,(no archetype — see the Sectors tab for its theme),23,-3.2,0.24,-0.57,False,-0.31,open,2026-09-01,712.7,631.17,True,-0.423,-0.423,-0.423,backtest_end,open
2026-08-31 19:34:00,NUVAMA,BUY CANDIDATE,WATCH,CONFIRMED,1805.0,51.16,1677.11,25.0,100.0,True,promoter_pledge: 62.8% of promoter holding pledged,84.0,(no archetype — see the Sectors tab for its theme),23,-6.07,0.77,-1.13,True,-1.0,stopped,2026-09-01,1770.2,1677.11,True,-1.056,-1.056,-1.056,stop_loss,closed
2026-08-31 19:34:00,SCI,BUY CANDIDATE,WATCH,CONFIRMED,299.04998779296875,8.34,278.2,68.0,100.0,False,,74.1,(no archetype — see the Sectors tab for its theme),23,-7.51,0.06,-1.03,True,-1.0,stopped,2026-09-01,290.5,278.2,True,-1.069,-1.069,-1.069,stop_loss,closed
2026-08-31 19:34:00,AVALON,RE-ENTRY WINDOW,EXTENDED,CONFIRMED,2231.699951171875,110.94,,70.8,100.0,False,,98.5,Turnaround,23,3.78,,,False,,open,2026-09-01,2370.1,2063.24,False,-1.022,-1.022,-1.022,stop_loss,closed
2026-08-31 19:34:00,DCBBANK,RE-ENTRY WINDOW,EXTENDED,CONFIRMED,212.97000122070312,7.38,194.52,71.1,100.0,False,,82.4,(no archetype — see the Sectors tab for its theme),23,0.18,1.18,-0.34,False,0.02,open,2026-09-01,217.55,194.52,True,-0.21,-0.21,-0.21,backtest_end,open
2026-08-31 19:34:00,YATHARTH,RE-ENTRY WINDOW,EXTENDED,CONFIRMED,967.4000244140624,34.17,881.97,61.0,100.0,False,,80.6,Hyper-growth,23,19.6,2.54,-0.16,False,2.22,open,,,,,,,,,engine took no position
2026-09-01 01:11:00,ACE,BUY CANDIDATE,WATCH,CONFIRMED,1140.5999755859375,37.58,1046.65,53.7,100.0,False,,73.6,Quality,22,8.8,1.36,-0.71,False,1.07,open,2026-09-02,1087.0,1046.65,True,3.519,3.304,3.73,backtest_end,open
2026-09-01 01:11:00,CARBORUNIV,BUY CANDIDATE,WATCH,CONFIRMED,1116.800048828125,47.46,998.14,49.6,100.0,False,,73.9,(no archetype — see the Sectors tab for its theme),22,16.09,2.12,-0.83,False,1.51,open,2026-09-02,1100.5,998.14,True,1.976,2.072,1.88,backtest_end,open
2026-09-01 01:11:00,KAJARIACER,BUY CANDIDATE,WATCH,CONFIRMED,1215.5,29.25,1142.37,64.1,100.0,False,,59.8,(no archetype — see the Sectors tab for its theme),22,0.52,0.81,-0.54,False,0.09,open,2026-09-02,1205.3,1142.37,True,0.204,0.204,0.204,backtest_end,open
2026-09-01 01:11:00,NAVINFLUOR,RE-ENTRY WINDOW,EXTENDED,CONFIRMED,8517.5,201.18,8014.55,71.3,100.0,False,,86.8,(no archetype — see the Sectors tab for its theme),22,-0.66,0.86,-0.83,False,-0.11,open,2026-09-02,8605.0,8014.55,True,-0.287,-0.287,-0.287,backtest_end,open
2026-09-01 01:11:00,SAILIFE,RE-ENTRY WINDOW,EXTENDED,CONFIRMED,1459.699951171875,38.99,1362.22,59.0,100.0,False,,89.9,Turnaround,22,9.26,2.43,0.36,False,1.39,open,2026-09-02,1518.1,1362.22,True,0.463,0.463,0.463,backtest_end,open
2026-09-01 01:11:00,SHYAMMETL,RE-ENTRY WINDOW,EXTENDED,CONFIRMED,1093.5,27.46,1024.86,62.3,100.0,False,,74.2,(no archetype — see the Sectors tab for its theme),22,0.4,0.12,-1.09,True,-1.0,stopped,2026-09-02,1078.0,1024.86,True,-1.059,-1.059,-1.059,stop_loss,closed
2026-09-01 01:11:00,USHAMART,BUY CANDIDATE,WATCH,CONFIRMED,498.9500122070313,13.77,464.52,67.2,100.0,False,,77.5,Turnaround,22,4.86,0.88,-1.01,True,-1.0,stopped,2026-09-02,500.0,464.52,True,-1.041,-1.041,-1.041,stop_loss,closed
2026-09-01 01:11:00,ANTHEM,RE-ENTRY WINDOW,EXTENDED,CONFIRMED,893.0499877929688,25.01,830.51,50.7,100.0,False,,68.4,Turnaround + Quality,22,-0.83,1.35,-0.27,False,-0.12,open,2026-09-02,920.0,830.51,True,-0.415,-0.415,-0.415,backtest_end,open
2026-09-01 01:11:00,GLENMARK,RE-ENTRY WINDOW,EXTENDED,CONFIRMED,2480.0,61.44,2326.41,68.5,100.0,False,,73.1,Turnaround + Quality,22,-2.0,0.08,-1.13,True,-1.0,stopped,2026-09-02,2455.0,2326.41,True,-1.056,-1.056,-1.056,stop_loss,closed
2026-09-01 01:11:00,INDUSINDBK,BUY CANDIDATE,WATCH,CONFIRMED,1016.5999755859376,16.72,974.8,25.0,100.0,True,promoter_pledge: 42.8% of promoter holding pledged,67.3,(no archetype — see the Sectors tab for its theme),22,-9.55,-0.69,-1.28,True,-1.0,stopped,2026-09-02,985.0,974.8,True,0.548,1.386,-0.29,stop_loss; trend_break_50dma,closed
2026-09-01 01:11:00,OBEROIRLTY,BUY CANDIDATE,WATCH,CONFIRMED,1870.0,48.61,1748.48,65.2,100.0,False,,68.6,(no archetype — see the Sectors tab for its theme),22,-1.74,0.52,-1.28,True,-1.0,stopped,2026-09-02,1869.0,1748.48,True,-1.045,-1.045,-1.045,stop_loss,closed
2026-09-01 01:11:00,AETHER,RE-ENTRY WINDOW,EXTENDED,CONFIRMED,1691.300048828125,54.68,1554.6,59.1,100.0,False,,97.3,(no archetype — see the Sectors tab for its theme),22,-2.67,0.02,-1.01,True,-1.0,stopped,2026-09-02,1685.0,1554.6,True,-1.037,-1.037,-1.037,stop_loss,closed
2026-09-01 01:11:00,KRN,RE-ENTRY WINDOW,EXTENDED,CONFIRMED,1553.0999755859375,76.85,,59.6,100.0,False,,93.3,(no archetype — see the Sectors tab for its theme),22,-9.75,,,False,,open,2026-09-02,1535.0,1339.36,False,-0.704,-0.704,-0.704,backtest_end,open
2026-09-01 01:11:00,MAHSEAMLES,BUY CANDIDATE,WATCH,CONFIRMED,663.2000122070312,18.56,616.8,51.0,100.0,False,,63.1,Turnaround,22,6.84,1.62,-0.39,False,0.98,open,2026-09-02,647.0,616.8,True,2.045,2.119,1.971,backtest_end,open
2026-09-01 01:11:00,RATEGAIN,BUY CANDIDATE,WATCH,CONFIRMED,937.7000122070312,37.81,843.18,58.2,100.0,False,,96.3,Hyper-growth,22,-12.13,-0.24,-1.09,True,-1.0,stopped,2026-09-02,907.0,843.18,True,-1.041,-1.041,-1.041,stop_loss,closed
2026-09-02 17:11:00,CAPLIPOINT,BUY CANDIDATE,WATCH,CONFIRMED,2720.5,83.29,2512.29,61.0,100.0,False,,87.5,Turnaround + Quality,21,5.4,0.75,-1.1,True,-1.0,stopped,2026-09-03,2712.0,2512.29,True,-1.039,-1.039,-1.039,stop_loss,closed
2026-09-02 17:11:00,CRAFTSMAN,RE-ENTRY WINDOW,EXTENDED,CONFIRMED,10999.0,343.43,10140.43,66.6,100.0,False,,88.9,Hyper-growth,21,-2.63,1.16,-0.57,False,-0.34,open,2026-09-03,11011.0,10140.43,True,-0.383,-0.383,-0.383,backtest_end,open
2026-09-02 17:11:00,GABRIEL,BUY CANDIDATE,WATCH,CONFIRMED,1384.9000244140625,54.5,1248.65,52.1,100.0,False,,80.1,(no archetype — see the Sectors tab for its theme),21,0.9,0.81,-0.86,False,0.09,open,2026-09-03,1383.0,1248.65,True,0.075,0.075,0.075,backtest_end,open
2026-09-02 17:11:00,HEG,RE-ENTRY WINDOW,EXTENDED,CONFIRMED,706.4000244140625,27.07,638.72,55.5,100.0,False,,79.6,(no archetype — see the Sectors tab for its theme),20,-66.41,0.57,-6.74,True,-1.0,stopped,2026-09-03,709.9,638.72,True,-6.341,-6.341,-6.341,stop_loss,closed
2026-09-02 17:11:00,HFCL,RE-ENTRY WINDOW,EXTENDED,CONFIRMED,226.2700042724609,10.21,200.73,71.3,100.0,False,,99.7,Turnaround,21,-6.89,1.13,-0.83,False,-0.61,open,,,,,,,,,engine took no position
2026-09-02 17:11:00,JINDALSAW,RE-ENTRY WINDOW,EXTENDED,CONFIRMED,309.1499938964844,11.99,279.17,44.1,100.0,False,,91.6,(no archetype — see the Sectors tab for its theme),21,-8.43,0.36,-1.12,True,-1.0,stopped,2026-09-03,314.5,279.17,True,-1.025,-1.025,-1.025,stop_loss,closed
2026-09-02 17:11:00,NUVAMA,BUY CANDIDATE,WATCH,CONFIRMED,1841.0,57.41,1697.48,25.0,100.0,True,promoter_pledge: 62.8% of promoter holding pledged,85.0,(no archetype — see the Sectors tab for its theme),21,-7.91,0.2,-1.26,True,-1.0,stopped,2026-09-03,1870.0,1697.48,True,-1.031,-1.031,-1.031,stop_loss,closed
2026-09-02 17:11:00,RRKABEL,RE-ENTRY WINDOW,EXTENDED,CONFIRMED,2630.39990234375,111.72,2351.1,74.0,100.0,False,,97.3,Turnaround + Quality,21,-3.82,0.2,-1.04,True,-1.0,stopped,2026-09-03,2650.0,2351.1,True,-1.025,-1.025,-1.025,stop_loss,closed
2026-09-02 17:11:00,RKFORGE,RE-ENTRY WINDOW,EXTENDED,CONFIRMED,726.0999755859375,23.34,667.74,52.4,100.0,False,,80.2,(no archetype — see the Sectors tab for its theme),21,-2.28,0.28,-1.15,True,-1.0,stopped,2026-09-03,731.2,667.74,True,-1.033,-1.033,-1.033,stop_loss,closed
2026-09-02 17:11:00,SONACOMS,RE-ENTRY WINDOW,EXTENDED,CONFIRMED,782.6500244140625,20.21,732.11,64.4,100.0,False,,90.7,(no archetype — see the Sectors tab for its theme),21,4.3,1.08,-0.47,False,0.67,open,2026-09-03,785.5,732.11,True,0.532,0.532,0.532,backtest_end,open
2026-09-02 17:11:00,ZENTEC,BUY CANDIDATE,WATCH,CONFIRMED,1829.0999755859373,66.81,1662.06,57.0,100.0,False,,78.9,(no archetype — see the Sectors tab for its theme),21,-10.03,0.22,-1.19,True,-1.0,stopped,2026-09-03,1861.0,1662.06,True,-1.027,-1.027,-1.027,stop_loss,closed
2026-09-02 17:11:00,AUROPHARMA,RE-ENTRY WINDOW,EXTENDED,CONFIRMED,1648.199951171875,37.81,1553.66,59.2,100.0,False,,86.5,(no archetype — see the Sectors tab for its theme),21,4.11,0.97,-0.27,False,0.72,open,2026-09-03,1656.1,1553.66,True,0.535,0.535,0.535,backtest_end,open
2026-09-02 17:11:00,MAHABANK,BUY CANDIDATE,WATCH,CONFIRMED,82.4000015258789,2.16,76.99,66.7,100.0,False,,76.8,(no archetype — see the Sectors tab for its theme),21,-0.02,0.94,-0.59,False,-0.0,open,2026-09-03,83.15,76.99,True,-0.165,-0.165,-0.165,backtest_end,open
2026-09-02 17:11:00,GLAXO,RE-ENTRY WINDOW,EXTENDED,CONFIRMED,2949.89990234375,100.71,2698.13,50.7,100.0,False,,58.4,Quality,21,-4.09,0.5,-0.77,False,-0.48,open,2026-09-03,2962.4,2698.13,True,-0.537,-0.537,-0.537,backtest_end,open
2026-09-02 17:11:00,LAURUSLABS,RE-ENTRY WINDOW,EXTENDED,CONFIRMED,1864.0,50.22,1738.45,68.8,100.0,False,,96.8,(no archetype — see the Sectors tab for its theme),21,8.7,1.52,-0.25,False,1.29,open,2026-09-03,1864.9,1738.45,True,1.229,1.229,1.229,backtest_end,open
2026-09-02 17:11:00,RADICO,RE-ENTRY WINDOW,EXTENDED,CONFIRMED,4476.2001953125,91.96,4246.29,66.7,100.0,False,,92.4,Turnaround + Quality,21,0.11,0.6,-0.77,False,0.02,open,2026-09-03,4489.0,4246.29,True,-0.087,-0.087,-0.087,backtest_end,open
2026-09-02 17:11:00,SAIL,BUY CANDIDATE,WATCH,CONFIRMED,196.5,7.56,177.59,67.5,100.0,False,,82.0,(no archetype — see the Sectors tab for its theme),21,-6.36,0.19,-1.25,True,-1.0,stopped,2026-09-03,196.5,177.59,True,-1.03,-1.03,-1.03,stop_loss,closed
2026-09-02 17:11:00,ASKAUTOLTD,RE-ENTRY WINDOW,EXTENDED,CONFIRMED,623.8499755859375,23.55,564.98,58.1,100.0,False,,84.1,(no archetype — see the Sectors tab for its theme),21,3.03,0.93,-0.46,False,0.32,open,2026-09-03,624.0,564.98,True,0.285,0.285,0.285,backtest_end,open
2026-09-02 17:11:00,AZAD,RE-ENTRY WINDOW,EXTENDED,CONFIRMED,2785.800048828125,113.14,2502.94,57.3,100.0,False,,93.5,(no archetype — see the Sectors tab for its theme),21,-3.86,0.42,-0.82,False,-0.38,open,2026-09-03,2800.0,2502.94,True,-0.437,-0.437,-0.437,backtest_end,open
2026-09-02 17:11:00,DIACABS,RE-ENTRY WINDOW,EXTENDED,CONFIRMED,330.8999938964844,15.79,291.42,65.1,100.0,False,,98.7,(no archetype — see the Sectors tab for its theme),21,8.93,1.85,-0.38,False,0.75,open,,,,,,,,,engine took no position
2026-09-02 17:11:00,KTKBANK,RE-ENTRY WINDOW,EXTENDED,CONFIRMED,330.3500061035156,10.57,303.93,60.8,100.0,False,,94.9,(no archetype — see the Sectors tab for its theme),21,2.36,0.59,-0.78,False,0.3,open,2026-09-03,331.1,303.93,True,0.223,0.223,0.223,backtest_end,open
2026-09-02 17:11:00,PGIL,RE-ENTRY WINDOW,EXTENDED,CONFIRMED,2361.60009765625,86.96,2144.19,72.5,100.0,False,,92.3,(no archetype — see the Sectors tab for its theme),21,-46.07,-5.42,-5.62,True,-1.0,stopped,2026-09-03,1178.65,1066.9,False,0.817,0.817,0.817,backtest_end,open
2026-09-02 17:11:00,RATNAMANI,BUY CANDIDATE,WATCH,CONFIRMED,2634.300048828125,128.73,,46.0,100.0,False,,59.2,(no archetype — see the Sectors tab for its theme),21,7.21,,,False,,open,2026-09-03,2621.3,2290.89,False,0.589,0.589,0.589,backtest_end,open
2026-09-02 17:11:00,SKYGOLD,RE-ENTRY WINDOW,EXTENDED,CONFIRMED,753.0999755859375,32.28,672.41,70.2,100.0,False,,98.4,Hyper-growth,21,3.93,1.23,-0.25,False,0.37,open,2026-09-03,756.5,672.41,True,0.284,0.284,0.284,backtest_end,open
2026-09-02 17:11:00,SANSERA,RE-ENTRY WINDOW,EXTENDED,CONFIRMED,3810.60009765625,136.97,3468.17,64.9,100.0,False,,98.2,(no archetype — see the Sectors tab for its theme),21,20.86,2.72,-0.22,False,2.32,open,2026-09-03,3850.8,3468.17,True,1.94,1.94,1.94,backtest_end,open
2026-09-02 17:11:00,STLTECH,RE-ENTRY WINDOW,EXTENDED,CONFIRMED,714.3499755859375,33.86,629.71,74.3,100.0,False,,99.8,Turnaround,21,15.31,2.34,-0.17,False,1.29,open,2026-09-03,714.8,629.71,True,1.253,1.253,1.253,backtest_end,open
2026-09-02 17:11:00,STAR,BUY CANDIDATE,WATCH,CONFIRMED,1047.800048828125,35.08,960.1,25.0,100.0,True,promoter_pledge: 38.1% of promoter holding pledged,69.9,Turnaround,21,14.79,2.43,-0.09,False,1.77,open,2026-09-03,1053.9,960.1,True,1.551,1.551,1.551,backtest_end,open
2026-09-02 17:11:00,TDPOWERSYS,RE-ENTRY WINDOW,EXTENDED,CONFIRMED,735.0499877929688,33.19,652.07,75.7,100.0,False,,97.9,Quality + Hyper-growth,21,0.95,0.99,-0.66,False,0.08,open,2026-09-03,739.7,652.07,True,0.001,0.001,0.001,backtest_end,open
2026-09-02 17:11:00,TMB,RE-ENTRY WINDOW,EXTENDED,CONFIRMED,906.5999755859376,25.33,843.27,66.6,100.0,False,,93.2,(no archetype — see the Sectors tab for its theme),21,-1.44,0.75,-0.74,False,-0.21,open,2026-09-03,911.95,843.27,True,-0.307,-0.307,-0.307,backtest_end,open
2026-09-02 17:11:00,TI,RE-ENTRY WINDOW,EXTENDED,CONFIRMED,552.3499755859375,20.57,500.93,38.4,100.0,False,,70.1,Hyper-growth,21,6.37,0.08,-1.01,True,-1.0,stopped,2026-09-03,556.2,500.93,True,-1.029,-1.029,-1.029,stop_loss,closed
2026-09-02 17:11:00,YATHARTH,RE-ENTRY WINDOW,EXTENDED,CONFIRMED,966.5,34.85,879.37,62.7,100.0,False,,83.7,Hyper-growth,21,19.71,2.5,-0.15,False,2.19,open,2026-09-03,967.0,879.37,True,2.132,2.132,2.132,backtest_end,open
2026-09-03 17:09:00,BELRISE,BUY CANDIDATE,WATCH,CONFIRMED,238.1100006103516,6.92,220.8,71.3,100.0,False,,85.1,Turnaround,20,2.32,0.74,-0.89,False,0.32,open,2026-09-04,238.15,220.8,True,0.274,0.274,0.274,backtest_end,open
2026-09-03 17:09:00,GRANULES,BUY CANDIDATE,WATCH,CONFIRMED,853.8499755859375,23.67,794.68,63.7,100.0,False,,91.3,(no archetype — see the Sectors tab for its theme),20,-0.1,1.18,-0.42,False,-0.01,open,2026-09-04,853.0,794.68,True,-0.044,-0.044,-0.044,backtest_end,open
2026-09-03 17:09:00,KIRLOSENG,BUY CANDIDATE,WATCH,CONFIRMED,2267.60009765625,76.99,2075.12,52.3,100.0,False,,97.3,(no archetype — see the Sectors tab for its theme),20,-4.55,0.26,-1.23,True,-1.0,stopped,2026-09-04,2270.0,2075.12,True,-1.033,-1.033,-1.033,stop_loss,closed
2026-09-03 17:09:00,PFOCUS,BUY CANDIDATE,WATCH,CONFIRMED,291.6499938964844,13.31,258.37,25.0,100.0,True,leverage_plus_froth: D/E 2.74 with P/E 127.0,87.5,(no archetype — see the Sectors tab for its theme),20,9.29,2.14,-0.05,False,0.81,open,,,,,,,,,engine took no position
2026-09-03 17:09:00,SCI,BUY CANDIDATE,WATCH,CONFIRMED,294.95001220703125,9.4,271.45,67.8,100.0,False,,72.3,(no archetype — see the Sectors tab for its theme),20,-6.22,0.23,-1.15,True,-1.0,stopped,2026-09-04,296.4,271.45,True,-0.851,-1.034,-0.668,stop_loss; weekly_close_below_30wk_ma,closed
2026-09-03 17:09:00,WOCKPHARMA,BUY CANDIDATE,WATCH,CONFIRMED,1950.5999755859373,66.19,1785.14,62.2,100.0,False,,82.5,Turnaround,20,17.28,2.47,0.1,False,2.04,open,2026-09-04,1980.0,1785.14,True,1.546,1.546,1.546,backtest_end,open
2026-09-03 17:09:00,INDUSINDBK,BUY CANDIDATE,WATCH,CONFIRMED,1004.7999877929688,19.85,955.17,25.0,100.0,True,promoter_pledge: 42.8% of promoter holding pledged,63.3,(no archetype — see the Sectors tab for its theme),20,-8.49,0.26,-1.0,True,-1.0,stopped,2026-09-04,1004.8,955.17,True,-1.059,-1.059,-1.059,stop_loss,closed
2026-09-03 17:09:00,JSWINFRA,BUY CANDIDATE,WATCH,CONFIRMED,334.1000061035156,7.94,314.26,48.7,100.0,False,,73.2,(no archetype — see the Sectors tab for its theme),20,7.96,2.09,-0.82,False,1.34,open,2026-09-04,334.1,314.26,True,1.288,1.288,1.288,backtest_end,open
2026-09-03 17:09:00,KEI,BUY CANDIDATE,WATCH,CONFIRMED,5327.0,189.44,4853.39,67.6,100.0,False,,65.6,Quality,20,-12.96,-0.63,-1.07,True,-1.0,stopped,2026-09-04,5000.0,4853.39,True,-1.124,-1.124,-1.124,stop_loss,closed
2026-09-03 17:09:00,MCX,RE-ENTRY WINDOW,EXTENDED,CONFIRMED,3170.199951171875,109.14,2897.36,72.0,100.0,False,,90.7,(no archetype — see the Sectors tab for its theme),20,8.12,1.12,-0.42,False,0.94,open,2026-09-04,3187.8,2897.36,True,0.792,0.792,0.792,backtest_end,open
2026-09-03 17:09:00,NIACL,BUY CANDIDATE,WATCH,CONFIRMED,195.3300018310547,7.35,176.96,39.8,100.0,False,,69.5,(no archetype — see the Sectors tab for its theme),20,-7.64,2.57,-0.88,False,-0.81,open,2026-09-04,196.49,176.96,True,-0.03,-0.03,-0.03,stop_loss,closed
2026-09-03 17:09:00,EPL,BUY CANDIDATE,WATCH,CONFIRMED,246.5500030517578,12.49,,53.7,100.0,False,,58.4,(no archetype — see the Sectors tab for its theme),20,-3.45,,,False,,open,2026-09-04,246.55,215.7,False,-0.299,-0.299,-0.299,backtest_end,open
2026-09-03 17:09:00,EDELWEISS,BUY CANDIDATE,WATCH,CONFIRMED,134.75999450683594,5.38,121.3,53.1,100.0,False,,69.2,(no archetype — see the Sectors tab for its theme),20,3.15,0.84,-0.81,False,0.32,open,2026-09-04,136.11,121.3,True,0.168,0.168,0.168,backtest_end,open
2026-09-03 17:09:00,EMIL,RE-ENTRY WINDOW,EXTENDED,CONFIRMED,176.16000366210938,6.87,158.99,60.5,100.0,False,,91.2,(no archetype — see the Sectors tab for its theme),20,7.38,1.56,-0.5,False,0.76,open,2026-09-04,175.4,158.99,True,0.805,0.805,0.805,backtest_end,open
2026-09-03 17:09:00,JKPAPER,BUY CANDIDATE,WATCH,CONFIRMED,410.1499938964844,12.98,377.69,53.3,100.0,False,,59.3,(no archetype — see the Sectors tab for its theme),20,0.24,0.98,-0.41,False,0.03,open,2026-09-04,412.0,377.69,True,-0.061,-0.061,-0.061,backtest_end,open
2026-09-03 17:09:00,JSFB,BUY CANDIDATE,WATCH,CONFIRMED,534.2000122070312,24.24,473.6,56.1,100.0,False,,77.4,(no archetype — see the Sectors tab for its theme),20,-2.15,0.28,-0.94,False,-0.19,open,2026-09-04,534.2,473.6,True,-0.216,-0.216,-0.216,backtest_end,open
2026-09-03 17:09:00,MIDHANI,BUY CANDIDATE,WATCH,CONFIRMED,416.8999938964844,12.41,385.88,63.4,100.0,False,,63.3,(no archetype — see the Sectors tab for its theme),20,-2.4,2.11,-0.95,False,-0.32,open,2026-09-04,417.0,385.88,True,-0.04,-0.04,-0.04,stop_loss,closed
2026-09-03 17:09:00,NAZARA,RE-ENTRY WINDOW,EXTENDED,CONFIRMED,365.7999877929688,10.54,339.44,25.0,100.0,True,promoter_pledge: 87.0% of promoter holding pledged,81.0,Quality,20,2.39,0.54,-0.77,False,0.33,open,2026-09-04,366.8,339.44,True,0.243,0.243,0.243,backtest_end,open
2026-09-03 17:09:00,QPOWER,RE-ENTRY WINDOW,EXTENDED,CONFIRMED,1424.0999755859375,62.19,1268.62,58.4,100.0,False,,94.4,Quality + Hyper-growth,20,5.34,0.94,-0.85,False,0.49,open,2026-09-04,1435.0,1268.62,True,0.365,0.365,0.365,backtest_end,open
2026-09-03 17:09:00,QUESS,RE-ENTRY WINDOW,EXTENDED,CONFIRMED,366.5499877929688,16.4,325.56,60.0,100.0,False,,92.9,Turnaround,20,-3.59,0.01,-1.04,True,-1.0,stopped,2026-09-04,367.0,325.56,True,-1.025,-1.025,-1.025,stop_loss,closed
2026-09-03 17:09:00,RAIN,BUY CANDIDATE,WATCH,CONFIRMED,211.7100067138672,8.1,191.45,52.3,100.0,False,,86.8,(no archetype — see the Sectors tab for its theme),20,3.08,0.9,-1.02,True,-1.0,stopped,2026-09-04,212.6,191.45,True,-1.029,-1.029,-1.029,stop_loss,closed
2026-09-03 17:09:00,SKIPPER,BUY CANDIDATE,WATCH,CONFIRMED,546.9000244140625,20.99,494.43,69.2,100.0,False,,78.6,(no archetype — see the Sectors tab for its theme),20,1.0,1.33,-0.65,False,0.1,open,2026-09-04,538.15,494.43,True,-0.037,-0.037,-0.037,stop_loss,closed
2026-09-03 17:09:00,SOUTHBANK,BUY CANDIDATE,WATCH,CONFIRMED,47.70000076293945,1.05,45.08,67.6,100.0,False,,80.8,(no archetype — see the Sectors tab for its theme),20,4.61,0.28,-1.08,True,-1.0,stopped,2026-09-04,47.95,45.08,True,-1.049,-1.049,-1.049,stop_loss,closed
2026-09-04 14:27:00,ABSLAMC,BUY CANDIDATE,WATCH,CONFIRMED,1062.300048828125,26.01,997.28,53.9,100.0,False,,69.9,Quality,19,-3.59,0.84,-0.9,False,-0.59,open,2026-09-07,1062.3,997.28,True,-0.634,-0.634,-0.634,backtest_end; weekly_close_below_30wk_ma,open
2026-09-04 14:27:00,ATHERENERG,RE-ENTRY WINDOW,EXTENDED,CONFIRMED,1584.0,64.41,1422.96,63.9,70.0,False,,99.2,(no archetype — see the Sectors tab for its theme),19,-5.37,0.56,-0.64,False,-0.53,open,2026-09-07,1575.0,1422.96,True,-0.53,-0.53,-0.53,backtest_end,open
2026-09-04 14:27:00,CARBORUNIV,BUY CANDIDATE,WATCH,CONFIRMED,1130.5999755859375,41.91,1025.81,49.4,100.0,False,,78.6,(no archetype — see the Sectors tab for its theme),19,14.67,0.19,-1.05,True,-1.0,stopped,2026-09-07,1139.4,1025.81,True,-1.029,-1.029,-1.029,stop_loss,closed
2026-09-04 14:27:00,EMCURE,BUY CANDIDATE,WATCH,CONFIRMED,1927.5999755859373,45.61,1813.58,76.2,100.0,False,,78.3,Turnaround,19,1.27,1.52,-0.33,False,0.21,open,2026-09-07,1934.8,1813.58,True,0.095,0.095,0.095,backtest_end,open
2026-09-04 14:27:00,NAVINFLUOR,RE-ENTRY WINDOW,EXTENDED,CONFIRMED,8557.5,211.29,8029.29,70.0,100.0,False,,88.7,(no archetype — see the Sectors tab for its theme),19,-1.13,0.74,-0.87,False,-0.18,open,2026-09-07,8557.5,8029.29,True,-0.231,-0.231,-0.231,backtest_end,open
2026-09-04 14:27:00,PVRINOX,RE-ENTRY WINDOW,EXTENDED,CONFIRMED,1227.199951171875,37.29,1133.97,67.3,100.0,False,,61.4,Turnaround,19,2.4,-0.3,-1.09,True,-1.0,stopped,2026-09-07,1199.1,1133.97,True,0.828,0.828,0.828,backtest_end,open
2026-09-04 14:27:00,SPLPETRO,BUY CANDIDATE,WATCH,CONFIRMED,771.0499877929688,21.4,717.54,52.6,100.0,False,,52.8,(no archetype — see the Sectors tab for its theme),19,14.12,2.39,-0.03,False,2.03,open,2026-09-07,774.9,717.54,True,1.787,1.787,1.787,backtest_end,open
2026-09-04 14:27:00,TEJASNET,BUY CANDIDATE,WATCH,CONFIRMED,614.1500244140625,24.18,553.69,40.3,100.0,False,,62.9,(no archetype — see the Sectors tab for its theme),19,-16.75,0.03,-1.12,True,-1.0,stopped,2026-09-07,615.0,553.69,True,-1.029,-1.029,-1.029,stop_loss,closed
2026-09-04 14:27:00,ABCAPITAL,BUY CANDIDATE,WATCH,CONFIRMED,404.8999938964844,9.04,382.31,58.0,100.0,False,,75.1,(no archetype — see the Sectors tab for its theme),19,-3.66,-0.01,-1.16,True,-1.0,stopped,2026-09-07,404.0,382.31,True,-1.054,-1.054,-1.054,stop_loss,closed
2026-09-04 14:27:00,DCBBANK,RE-ENTRY WINDOW,EXTENDED,CONFIRMED,220.7400054931641,8.02,200.68,68.5,100.0,False,,85.6,(no archetype — see the Sectors tab for its theme),19,-3.35,0.7,-0.7,False,-0.37,open,2026-09-07,220.9,200.68,True,-0.406,-0.406,-0.406,backtest_end,open
2026-09-04 14:27:00,LUMAXTECH,RE-ENTRY WINDOW,EXTENDED,CONFIRMED,1951.9000244140625,74.07,1766.72,68.4,100.0,False,,81.9,Hyper-growth,19,5.99,1.29,-0.31,False,0.63,open,2026-09-07,1947.7,1766.72,True,0.636,0.636,0.636,backtest_end,open
2026-09-04 14:27:00,MARKSANS,RE-ENTRY WINDOW,EXTENDED,CONFIRMED,326.75,12.26,296.1,70.7,100.0,False,,96.9,(no archetype — see the Sectors tab for its theme),19,3.26,0.79,-0.84,False,0.35,open,2026-09-07,327.5,296.1,True,0.284,0.284,0.284,backtest_end,open
2026-09-04 14:27:00,TMB,RE-ENTRY WINDOW,EXTENDED,CONFIRMED,932.4500122070312,27.43,863.89,66.6,100.0,False,,92.6,(no archetype — see the Sectors tab for its theme),19,-4.17,0.32,-1.06,True,-1.0,stopped,2026-09-07,942.9,863.89,True,-1.034,-1.034,-1.034,stop_loss,closed
2026-09-07 15:58:00,ENGINERSIN,RE-ENTRY WINDOW,EXTENDED,CONFIRMED,277.04998779296875,10.75,250.17,62.7,100.0,False,,78.5,Quality,16,7.07,1.21,-0.87,False,0.73,open,2026-09-08,277.6,250.17,True,0.663,0.663,0.663,backtest_end,open
2026-09-07 15:58:00,GRANULES,BUY CANDIDATE,WATCH,CONFIRMED,867.2999877929688,24.01,807.27,65.1,100.0,False,,90.0,(no archetype — see the Sectors tab for its theme),16,-1.65,0.94,-0.64,False,-0.24,open,2026-09-08,869.0,807.27,True,-0.301,-0.301,-0.301,backtest_end,open
2026-09-07 15:58:00,ZYDUSWELL,BUY CANDIDATE,WATCH,CONFIRMED,555.3499755859375,16.95,512.97,49.1,100.0,False,,82.0,(no archetype — see the Sectors tab for its theme),16,-6.34,0.38,-1.02,True,-1.0,stopped,2026-09-08,555.35,512.97,True,-1.038,-1.038,-1.038,stop_loss,closed
2026-09-07 15:58:00,AJANTPHARM,BUY CANDIDATE,WATCH,CONFIRMED,3513.60009765625,102.39,3257.64,52.2,100.0,False,,70.5,Quality,16,0.74,0.45,-0.21,False,0.1,open,2026-09-08,3513.4,3257.64,True,0.061,0.061,0.061,backtest_end,open
2026-09-07 15:58:00,ANTHEM,RE-ENTRY WINDOW,EXTENDED,CONFIRMED,933.5,30.51,857.23,50.9,100.0,False,,71.0,Turnaround + Quality,16,-5.13,0.58,-0.75,False,-0.63,open,2026-09-08,939.2,857.23,True,-0.687,-0.687,-0.687,backtest_end,open
2026-09-07 15:58:00,NAM-INDIA,BUY CANDIDATE,WATCH,CONFIRMED,1195.0,36.04,1104.91,66.7,100.0,False,,83.0,Quality,16,-4.19,0.0,-0.99,False,-0.56,open,2026-09-08,1194.0,1104.91,True,-0.591,-0.591,-0.591,backtest_end,open
2026-09-07 15:58:00,APOLLO,BUY CANDIDATE,WATCH,CONFIRMED,403.9500122070313,10.54,377.61,25.0,100.0,True,promoter_pledge: 30.5% of promoter holding pledged,93.4,Hyper-growth,16,-1.21,0.91,-1.62,True,-1.0,stopped,2026-09-08,408.0,377.61,True,-1.039,-1.039,-1.039,stop_loss,closed
2026-09-07 15:58:00,KTKBANK,RE-ENTRY WINDOW,EXTENDED,CONFIRMED,333.6000061035156,10.81,306.56,59.7,100.0,False,,93.9,(no archetype — see the Sectors tab for its theme),16,1.36,0.44,-0.88,False,0.17,open,2026-09-08,333.6,306.56,True,0.131,0.131,0.131,backtest_end,open
2026-09-07 15:58:00,MAHSEAMLES,RE-ENTRY WINDOW,EXTENDED,CONFIRMED,688.9500122070312,25.0,626.46,50.1,100.0,False,,59.4,Turnaround,16,2.84,0.79,-0.32,False,0.31,open,2026-09-08,690.35,626.46,True,0.252,0.252,0.252,backtest_end,open
2026-09-07 15:58:00,NAZARA,RE-ENTRY WINDOW,EXTENDED,CONFIRMED,370.2999877929688,10.81,343.26,25.0,100.0,True,promoter_pledge: 87.0% of promoter holding pledged,81.2,Quality,16,1.15,0.36,-0.91,False,0.16,open,2026-09-08,368.0,343.26,True,0.22,0.22,0.22,backtest_end,open
2026-09-07 15:58:00,SUPRIYA,BUY CANDIDATE,WATCH,CONFIRMED,909.0999755859376,28.63,837.54,53.4,100.0,False,,82.2,Turnaround + Quality,16,5.79,1.41,-0.89,False,0.74,open,2026-09-08,910.0,837.54,True,0.675,0.675,0.675,backtest_end,open
2026-09-12 08:30:00,AARTIIND,BUY CANDIDATE,WATCH,CONFIRMED,504.0499877929688,15.13,466.23,67.3,100.0,False,,68.2,(no archetype — see the Sectors tab for its theme),11,-2.9,-0.25,-1.0,True,-1.0,stopped,2026-09-14,492.7,466.23,True,-1.054,-1.054,-1.054,stop_loss,closed
2026-09-12 08:30:00,ACUTAAS,BUY CANDIDATE,WATCH,CONFIRMED,3383.699951171875,116.67,3092.02,62.6,100.0,False,,95.6,Quality + Hyper-growth,11,-2.96,0.43,-0.74,False,-0.34,open,2026-09-14,3383.7,3092.02,True,-0.377,-0.377,-0.377,backtest_end,open
2026-09-12 08:30:00,ABSLAMC,BUY CANDIDATE,WATCH,CONFIRMED,1109.9000244140625,34.85,1022.77,49.3,100.0,False,,65.9,Quality,11,-7.72,0.0,-1.22,True,-1.0,stopped,2026-09-14,1109.9,1022.77,True,-1.037,-1.037,-1.037,stop_loss,closed
2026-09-12 08:30:00,AEGISLOG,BUY CANDIDATE,WATCH,CONFIRMED,1353.5999755859375,56.16,1213.19,66.7,100.0,False,,97.3,(no archetype — see the Sectors tab for its theme),11,1.19,1.25,-0.31,False,0.11,open,2026-09-14,1353.6,1213.19,True,0.086,0.086,0.086,backtest_end,open
2026-09-12 08:30:00,CRAFTSMAN,RE-ENTRY WINDOW,EXTENDED,CONFIRMED,11669.0,411.86,10639.36,64.3,100.0,False,,89.6,Hyper-growth,11,-8.22,0.13,-1.04,True,-1.0,stopped,2026-09-14,11669.0,10639.36,True,-1.032,-1.032,-1.032,stop_loss,closed
2026-09-12 08:30:00,GLAND,RE-ENTRY WINDOW,EXTENDED,CONFIRMED,2946.89990234375,89.21,2723.86,62.0,100.0,False,,91.4,(no archetype — see the Sectors tab for its theme),11,-1.68,0.27,-0.69,False,-0.22,open,2026-09-14,2922.3,2723.86,True,-0.169,-0.169,-0.169,backtest_end,open
2026-09-12 08:30:00,HOMEFIRST,BUY CANDIDATE,WATCH,CONFIRMED,1209.4000244140625,30.23,1133.83,63.8,100.0,False,,48.4,(no archetype — see the Sectors tab for its theme),11,-4.29,0.85,-0.74,False,-0.69,open,2026-09-14,1184.5,1133.83,True,-0.602,-0.602,-0.602,backtest_end,open
2026-09-12 08:30:00,IFCI,RE-ENTRY WINDOW,EXTENDED,CONFIRMED,82.29000091552734,6.66,,49.1,100.0,False,,87.5,(no archetype — see the Sectors tab for its theme),11,-8.63,,,False,,open,2026-09-14,82.29,66.15,False,-0.455,-0.455,-0.455,backtest_end,open
2026-09-12 08:30:00,KIRLOSENG,BUY CANDIDATE,WATCH,CONFIRMED,2209.0,84.91,1996.73,56.5,100.0,False,,95.9,(no archetype — see the Sectors tab for its theme),11,-2.01,0.02,-1.3,True,-1.0,stopped,2026-09-14,2168.6,1996.73,True,-1.036,-1.036,-1.036,stop_loss,closed
2026-09-12 08:30:00,MINDACORP,BUY CANDIDATE,WATCH,CONFIRMED,705.4500122070312,19.1,657.69,68.6,100.0,False,,80.2,(no archetype — see the Sectors tab for its theme),11,-3.57,0.0,-0.91,False,-0.53,open,2026-09-14,705.45,657.69,True,-0.57,-0.57,-0.57,backtest_end,open
2026-09-12 08:30:00,PVRINOX,BUY CANDIDATE,WATCH,CONFIRMED,1237.0999755859375,51.4,1108.6,66.6,100.0,False,,57.6,Turnaround,11,1.58,0.94,-0.24,False,0.15,open,2026-09-14,1237.1,1108.6,True,0.123,0.123,0.123,backtest_end,open
2026-09-12 08:30:00,PPLPHARMA,RE-ENTRY WINDOW,EXTENDED,CONFIRMED,212.4900054931641,7.16,194.6,41.9,100.0,False,,68.2,(no archetype — see the Sectors tab for its theme),11,-2.06,0.24,-0.76,False,-0.24,open,2026-09-14,211.35,194.6,True,-0.23,-0.23,-0.23,backtest_end,open
2026-09-12 08:30:00,RBLBANK,RE-ENTRY WINDOW,EXTENDED,CONFIRMED,412.5499877929688,9.11,389.76,55.7,100.0,False,,82.1,(no archetype — see the Sectors tab for its theme),11,0.05,0.75,-0.73,False,0.01,open,2026-09-14,412.55,389.76,True,-0.046,-0.046,-0.046,backtest_end,open
2026-09-12 08:30:00,SAREGAMA,BUY CANDIDATE,WATCH,CONFIRMED,505.1499938964844,17.36,461.75,60.0,100.0,False,,75.2,(no archetype — see the Sectors tab for its theme),11,-1.33,0.28,-0.69,False,-0.15,open,2026-09-15,505.1,461.75,True,-0.188,-0.188,-0.188,backtest_end,open
2026-09-12 08:30:00,SYRMA,RE-ENTRY WINDOW,EXTENDED,CONFIRMED,1598.800048828125,51.55,1469.93,73.1,100.0,False,,97.8,Hyper-growth,11,6.24,0.12,-1.4,True,-1.0,stopped,2026-09-14,1589.3,1469.93,True,-1.038,-1.038,-1.038,stop_loss,closed
2026-09-12 08:30:00,WOCKPHARMA,RE-ENTRY WINDOW,EXTENDED,CONFIRMED,2179.39990234375,87.91,1959.61,62.2,100.0,False,,88.1,Turnaround,11,4.97,0.82,-0.97,False,0.49,open,2026-09-14,2179.4,1959.61,True,0.462,0.462,0.462,backtest_end,open
2026-09-12 08:30:00,APARINDS,RE-ENTRY WINDOW,EXTENDED,CONFIRMED,17500.0,645.71,15885.71,74.3,100.0,False,,96.5,Quality,11,1.74,1.09,-0.92,False,0.19,open,2026-09-14,17500.0,15885.71,True,0.156,0.156,0.156,backtest_end,open
2026-09-12 08:30:00,GVT&D,BUY CANDIDATE,WATCH,CONFIRMED,4548.10009765625,163.55,4139.22,57.2,80.0,False,,79.2,(no archetype — see the Sectors tab for its theme),11,-5.76,0.0,-0.97,False,-0.64,open,2026-09-14,4548.1,4139.22,True,-0.673,-0.673,-0.673,backtest_end; weekly_close_below_30wk_ma,open
2026-09-12 08:30:00,JSWINFRA,BUY CANDIDATE,WATCH,CONFIRMED,343.1499938964844,8.3,322.4,52.3,100.0,False,,67.3,(no archetype — see the Sectors tab for its theme),11,5.11,0.29,-1.22,True,-1.0,stopped,2026-09-14,343.15,322.4,True,-1.048,-1.048,-1.048,stop_loss,closed
2026-09-12 08:30:00,MOTILALOFS,RE-ENTRY WINDOW,EXTENDED,CONFIRMED,1015.0,28.18,944.55,60.3,100.0,False,,75.0,(no archetype — see the Sectors tab for its theme),11,0.69,0.61,-0.73,False,0.1,open,2026-09-14,1026.5,944.55,True,-0.092,-0.092,-0.092,backtest_end,open
2026-09-12 08:30:00,MCX,RE-ENTRY WINDOW,EXTENDED,CONFIRMED,3276.0,101.61,3021.98,72.2,100.0,False,,89.5,(no archetype — see the Sectors tab for its theme),11,4.63,0.79,-0.86,False,0.6,open,2026-09-14,3276.0,3021.98,True,0.558,0.558,0.558,backtest_end,open
2026-09-12 08:30:00,NIACL,RE-ENTRY WINDOW,EXTENDED,CONFIRMED,198.38999938964844,13.88,,42.4,100.0,False,,69.2,(no archetype — see the Sectors tab for its theme),11,-9.07,,,False,,open,2026-09-14,198.39,165.13,False,-0.558,-0.558,-0.558,backtest_end,open
2026-09-12 08:30:00,AZAD,RE-ENTRY WINDOW,EXTENDED,CONFIRMED,2849.10009765625,97.99,2604.14,59.0,100.0,False,,94.4,(no archetype — see the Sectors tab for its theme),11,-5.99,0.22,-1.2,True,-1.0,stopped,2026-09-14,2849.1,2604.14,True,-1.033,-1.033,-1.033,stop_loss,closed
2026-09-12 08:30:00,BLUESTONE,RE-ENTRY WINDOW,EXTENDED,CONFIRMED,890.3499755859375,36.18,799.9,25.0,100.0,True,promoter_pledge: 37.2% of promoter holding pledged,92.4,Turnaround,11,-9.34,0.15,-1.02,True,-1.0,stopped,2026-09-14,890.35,799.9,True,-1.028,-1.028,-1.028,stop_loss,closed
2026-09-12 08:30:00,CUPID,RE-ENTRY WINDOW,EXTENDED,CONFIRMED,280.0,9.31,256.74,63.9,100.0,False,,99.9,(no archetype — see the Sectors tab for its theme),11,-4.89,0.3,-1.24,True,-1.0,stopped,2026-09-14,280.0,256.74,True,-1.035,-1.035,-1.035,stop_loss,closed
2026-09-12 08:30:00,GODREJAGRO,BUY CANDIDATE,WATCH,CONFIRMED,675.8499755859375,27.82,606.31,46.5,100.0,False,,44.1,(no archetype — see the Sectors tab for its theme),11,0.03,0.32,-0.66,False,0.0,open,2026-09-14,675.85,606.31,True,-0.026,-0.026,-0.026,backtest_end,open
2026-09-12 08:30:00,GNFC,RE-ENTRY WINDOW,EXTENDED,CONFIRMED,562.4000244140625,14.94,525.06,57.8,100.0,False,,65.0,(no archetype — see the Sectors tab for its theme),11,11.15,1.94,-0.9,False,1.68,open,2026-09-14,562.4,525.06,True,1.631,1.631,1.631,backtest_end,open
2026-09-12 08:30:00,IONEXCHANG,BUY CANDIDATE,WATCH,CONFIRMED,445.7000122070313,17.24,402.61,52.1,100.0,False,,64.0,(no archetype — see the Sectors tab for its theme),11,-5.64,0.27,-0.72,False,-0.58,open,2026-09-14,445.7,402.61,True,-0.614,-0.614,-0.614,backtest_end,open
2026-09-12 08:30:00,KRN,RE-ENTRY WINDOW,EXTENDED,CONFIRMED,1584.5999755859375,77.14,,58.6,100.0,False,,93.5,(no archetype — see the Sectors tab for its theme),11,-11.55,,,False,,open,2026-09-14,1593.6,1408.71,False,-1.024,-1.024,-1.024,stop_loss,closed
2026-09-12 08:30:00,MSTCLTD,RE-ENTRY WINDOW,EXTENDED,CONFIRMED,737.5499877929688,35.22,649.51,57.3,100.0,False,,90.6,(no archetype — see the Sectors tab for its theme),11,0.07,0.27,-0.76,False,0.01,open,,,,,,,,,engine took no position
2026-09-12 08:30:00,MARKSANS,RE-ENTRY WINDOW,EXTENDED,CONFIRMED,329.3999938964844,12.86,297.26,65.9,100.0,False,,96.1,(no archetype — see the Sectors tab for its theme),11,2.43,0.67,-0.88,False,0.25,open,2026-09-14,329.4,297.26,True,0.218,0.218,0.218,backtest_end,open
2026-09-12 08:30:00,PRICOLLTD,BUY CANDIDATE,WATCH,CONFIRMED,761.4000244140625,26.56,694.99,54.7,100.0,False,,82.0,Quality + Hyper-growth,11,0.32,0.37,-0.61,False,0.04,open,2026-09-14,761.4,694.99,True,0.002,0.002,0.002,backtest_end,open
2026-09-12 08:30:00,QPOWER,RE-ENTRY WINDOW,EXTENDED,CONFIRMED,1458.199951171875,69.69,1283.97,62.0,100.0,False,,93.8,Quality + Hyper-growth,11,2.87,0.62,-0.96,False,0.24,open,2026-09-14,1426.5,1283.97,True,0.486,0.486,0.486,backtest_end,open
2026-09-12 08:30:00,WABAG,BUY CANDIDATE,WATCH,CONFIRMED,2277.89990234375,89.02,2055.35,75.3,100.0,False,,94.0,Quality,11,-10.92,0.05,-1.2,True,-1.0,stopped,2026-09-14,2277.9,2055.35,True,-1.029,-1.029,-1.029,stop_loss,closed
2026-09-12 08:30:00,VARROC,BUY CANDIDATE,WATCH,CONFIRMED,872.0,36.53,780.69,58.2,100.0,False,,91.7,Turnaround,11,-4.43,0.44,-0.7,False,-0.42,open,2026-09-14,872.0,780.69,True,-0.451,-0.451,-0.451,backtest_end,open
2026-09-12 08:30:00,SBCL,RE-ENTRY WINDOW,EXTENDED,CONFIRMED,1087.0,62.33,,58.6,100.0,False,,98.4,(no archetype — see the Sectors tab for its theme),11,5.17,,,False,,open,2026-09-14,1087.0,939.37,False,0.358,0.358,0.358,backtest_end,open
2026-09-12 08:30:00,BAJAJHIND,BUY CANDIDATE,WATCH,CONFIRMED,20.940000534057617,1.2,,25.0,100.0,True,promoter_pledge: 100.0% of promoter holding pledged,57.8,(no archetype — see the Sectors tab for its theme),11,-4.97,,,False,,open,2026-09-14,20.94,18.33,False,-0.422,-0.422,-0.422,backtest_end,open
2026-09-12 08:30:00,CENTUM,RE-ENTRY WINDOW,EXTENDED,CONFIRMED,4210.39990234375,176.26,3769.76,67.0,100.0,False,,85.8,Turnaround,11,14.9,1.79,-0.7,False,1.42,open,2026-09-14,4192.0,3769.76,True,1.497,1.497,1.497,backtest_end,open
2026-09-12 08:30:00,ARTEMISMED,RE-ENTRY WINDOW,EXTENDED,CONFIRMED,344.8999938964844,12.13,314.58,57.2,100.0,False,,86.3,(no archetype — see the Sectors tab for its theme),11,-3.54,0.09,-1.26,True,-1.0,stopped,2026-09-15,347.5,314.58,True,-1.03,-1.03,-1.03,stop_loss,closed
2026-09-12 08:30:00,HIRECT,BUY CANDIDATE,WATCH,CONFIRMED,1248.9000244140625,45.63,1134.83,53.6,100.0,False,,90.7,(no archetype — see the Sectors tab for its theme),11,-2.39,0.41,-0.81,False,-0.26,open,2026-09-15,1252.7,1134.83,True,-0.317,-0.317,-0.317,backtest_end,open
2026-09-12 08:30:00,GOODLUCK,BUY CANDIDATE,WATCH,CONFIRMED,517.9000244140625,24.37,456.96,62.0,100.0,False,,80.6,(no archetype — see the Sectors tab for its theme),11,2.42,0.56,-0.37,False,0.21,open,2026-09-14,516.85,456.96,True,0.201,0.201,0.201,backtest_end,open
2026-09-12 08:30:00,RPGLIFE,BUY CANDIDATE,WATCH,CONFIRMED,2782.699951171875,106.48,2516.5,61.0,100.0,False,,76.8,(no archetype — see the Sectors tab for its theme),11,4.21,0.99,-0.57,False,0.44,open,2026-09-14,2698.6,2516.5,True,1.059,1.059,1.059,backtest_end,open
2026-09-12 08:30:00,KOLTEPATIL,BUY CANDIDATE,WATCH,CONFIRMED,436.8500061035156,15.86,397.2,50.8,100.0,False,,60.8,Turnaround,11,-1.1,0.15,-0.6,False,-0.12,open,2026-09-14,436.85,397.2,True,-0.154,-0.154,-0.154,backtest_end,open
2026-09-12 08:30:00,TCPLPACK,BUY CANDIDATE,WATCH,CONFIRMED,3856.10009765625,155.03,3468.53,51.4,100.0,False,,76.2,(no archetype — see the Sectors tab for its theme),11,5.26,0.73,-0.52,False,0.52,open,2026-09-15,3879.3,3468.53,True,0.408,0.408,0.408,backtest_end,open
2026-09-12 08:30:00,CARYSIL,BUY CANDIDATE,WATCH,CONFIRMED,1178.5,37.64,1084.39,65.9,100.0,False,,78.0,(no archetype — see the Sectors tab for its theme),11,-11.08,-0.15,-1.28,True,-1.0,stopped,2026-09-15,1162.0,1084.39,True,-1.043,-1.043,-1.043,stop_loss,closed
2026-09-12 08:30:00,JASH,BUY CANDIDATE,WATCH,CONFIRMED,521.4500122070312,17.14,478.6,62.0,100.0,False,,67.2,Turnaround,11,10.68,1.9,-0.92,False,1.3,open,2026-09-15,514.05,478.6,True,1.85,1.967,1.734,backtest_end,open
2026-09-12 08:30:00,HINDOILEXP,RE-ENTRY WINDOW,EXTENDED,CONFIRMED,185.22000122070312,8.13,164.89,45.3,100.0,False,,61.0,Turnaround,11,-6.7,0.05,-0.75,False,-0.61,open,2026-09-14,185.22,164.89,True,-0.637,-0.637,-0.637,backtest_end,open
2026-09-12 08:30:00,SURAKSHA,RE-ENTRY WINDOW,EXTENDED,CONFIRMED,327.8500061035156,12.07,297.67,56.4,100.0,False,,60.6,(no archetype — see the Sectors tab for its theme),11,8.59,1.07,-0.92,False,0.93,open,2026-09-15,323.75,297.67,True,1.197,1.197,1.197,backtest_end,open
2026-09-12 08:30:00,IGPL,RE-ENTRY WINDOW,EXTENDED,CONFIRMED,547.0499877929688,22.04,491.96,60.3,100.0,False,,84.0,Turnaround,11,7.19,1.05,-0.7,False,0.71,open,2026-09-14,547.05,491.96,True,0.683,0.683,0.683,backtest_end,open
2026-09-12 08:30:00,SHREEPUSHK,RE-ENTRY WINDOW,EXTENDED,CONFIRMED,486.8999938964844,28.34,,51.2,100.0,False,,85.4,(no archetype — see the Sectors tab for its theme),11,1.08,,,False,,open,2026-09-14,486.9,422.38,False,0.059,0.059,0.059,backtest_end,open
2026-09-12 08:30:00,THEMISMED,BUY CANDIDATE,WATCH,CONFIRMED,132.07000732421875,8.01,,25.0,100.0,True,promoter_pledge: 43.4% of promoter holding pledged,86.9,(no archetype — see the Sectors tab for its theme),11,-10.58,,,False,,open,2026-09-14,128.25,111.36,False,-0.623,-0.623,-0.623,backtest_end,open
2026-09-12 08:30:00,KOPRAN,RE-ENTRY WINDOW,EXTENDED,CONFIRMED,235.259994506836,13.1,,48.7,100.0,False,,91.8,(no archetype — see the Sectors tab for its theme),11,15.11,,,False,,open,2026-09-14,235.26,203.76,False,1.105,1.105,1.105,backtest_end,open
2026-09-14 16:29:00,INDGN,BUY CANDIDATE,WATCH,CONFIRMED,578.3499755859375,16.32,537.55,53.5,100.0,False,,63.6,Turnaround,9,2.72,0.82,-0.47,False,0.39,open,2026-09-15,581.8,537.55,True,0.238,0.238,0.238,backtest_end,open
2026-09-14 16:29:00,JINDALSAW,RE-ENTRY WINDOW,EXTENDED,CONFIRMED,311.95001220703125,11.79,282.47,44.3,100.0,False,,93.7,(no archetype — see the Sectors tab for its theme),9,-9.25,0.07,-1.23,True,-1.0,stopped,2026-09-15,313.0,282.47,True,-1.029,-1.029,-1.029,stop_loss,closed
2026-09-14 16:29:00,NEULANDLAB,RE-ENTRY WINDOW,EXTENDED,CONFIRMED,23535.0,668.71,21863.21,74.5,100.0,False,,94.2,Quality,9,-6.93,-0.03,-1.0,True,-1.0,stopped,2026-09-15,23430.0,21863.21,True,-1.043,-1.043,-1.043,stop_loss,closed
2026-09-14 16:29:00,SAILIFE,RE-ENTRY WINDOW,EXTENDED,CONFIRMED,1585.0,57.21,1441.98,57.4,100.0,False,,92.5,Turnaround,9,0.62,0.45,-0.63,False,0.07,open,2026-09-15,1587.9,1441.98,True,0.015,0.015,0.015,backtest_end,open
2026-09-14 16:29:00,SPLPETRO,RE-ENTRY WINDOW,EXTENDED,CONFIRMED,818.3499755859375,28.44,747.24,52.6,100.0,False,,55.8,(no archetype — see the Sectors tab for its theme),9,7.52,1.13,-0.69,False,0.87,open,2026-09-15,828.0,747.24,True,0.611,0.611,0.611,backtest_end,open
2026-09-14 16:29:00,PRIVISCL,BUY CANDIDATE,WATCH,CONFIRMED,3556.10009765625,89.81,3331.56,59.4,100.0,False,,78.0,(no archetype — see the Sectors tab for its theme),9,-0.51,0.19,-0.77,False,-0.08,open,2026-09-15,3561.4,3331.56,True,-0.149,-0.149,-0.149,backtest_end,open
2026-09-14 16:29:00,SOUTHBANK,BUY CANDIDATE,WATCH,CONFIRMED,46.18000030517578,1.11,43.4,64.6,100.0,False,,76.4,(no archetype — see the Sectors tab for its theme),9,8.06,1.44,-0.59,False,1.34,open,2026-09-15,46.38,43.4,True,1.133,1.133,1.133,backtest_end,open
2026-09-14 16:29:00,STAR,RE-ENTRY WINDOW,EXTENDED,CONFIRMED,1183.4000244140625,41.69,1079.17,25.0,100.0,True,promoter_pledge: 38.1% of promoter holding pledged,77.4,Turnaround,9,1.64,0.74,-0.78,False,0.19,open,2026-09-15,1183.0,1079.17,True,0.156,0.156,0.156,backtest_end,open
2026-09-14 16:29:00,SUDARSCHEM,RE-ENTRY WINDOW,EXTENDED,CONFIRMED,1248.199951171875,44.39,1137.24,58.2,100.0,False,,67.0,Hyper-growth,9,-2.42,0.27,-0.9,False,-0.27,open,2026-09-15,1259.0,1137.24,True,-0.367,-0.367,-0.367,backtest_end,open
2026-09-14 16:29:00,VISHNU,RE-ENTRY WINDOW,EXTENDED,CONFIRMED,713.9500122070312,26.15,648.58,58.7,100.0,False,,85.0,(no archetype — see the Sectors tab for its theme),9,-1.5,0.29,-0.72,False,-0.16,open,2026-09-15,713.95,648.58,True,-0.196,-0.196,-0.196,backtest_end,open
2026-09-14 16:29:00,KIRLOSIND,BUY CANDIDATE,WATCH,CONFIRMED,3828.300048828125,108.97,3555.87,49.2,100.0,False,,64.6,(no archetype — see the Sectors tab for its theme),9,-5.05,0.57,-0.78,False,-0.71,open,2026-09-15,3974.6,3555.87,True,-0.838,-0.838,-0.838,backtest_end,open
2026-09-14 16:29:00,POLYPLEX,BUY CANDIDATE,WATCH,CONFIRMED,1134.199951171875,32.16,1053.81,58.4,100.0,False,,71.5,Turnaround,9,-3.24,0.05,-0.99,False,-0.46,open,2026-09-15,1134.2,1053.81,True,-0.499,-0.499,-0.499,backtest_end,open
2026-09-14 16:29:00,UNIPARTS,RE-ENTRY WINDOW,EXTENDED,CONFIRMED,897.4500122070312,36.06,807.31,63.7,100.0,False,,97.7,(no archetype — see the Sectors tab for its theme),9,-5.25,0.02,-0.89,False,-0.52,open,2026-09-15,897.45,807.31,True,-0.552,-0.552,-0.552,backtest_end,open
2026-09-14 16:29:00,RML,RE-ENTRY WINDOW,EXTENDED,CONFIRMED,1360.0,62.96,1202.61,62.2,100.0,False,,89.8,(no archetype — see the Sectors tab for its theme),9,0.21,0.22,-0.83,False,0.02,open,2026-09-15,1362.1,1202.61,True,-0.021,-0.021,-0.021,backtest_end,open
2026-09-14 16:29:00,XPROINDIA,BUY CANDIDATE,WATCH,CONFIRMED,1294.699951171875,65.27,,53.0,100.0,False,,74.2,Turnaround,9,-6.77,,,False,,open,2026-09-15,1294.7,1131.81,False,-0.561,-0.561,-0.561,backtest_end,open
2026-09-14 16:29:00,GIPCL,RE-ENTRY WINDOW,EXTENDED,CONFIRMED,199.72000122070312,7.55,180.84,54.5,80.0,False,,73.9,(no archetype — see the Sectors tab for its theme),9,-6.66,0.04,-0.99,False,-0.7,open,2026-09-15,199.5,180.84,True,-0.732,-0.732,-0.732,backtest_end,open
2026-09-14 16:29:00,NELCO,BUY CANDIDATE,WATCH,CONFIRMED,947.25,38.49,851.02,48.8,100.0,False,,81.2,(no archetype — see the Sectors tab for its theme),9,4.84,1.16,-0.44,False,0.48,open,2026-09-15,953.0,851.02,True,0.364,0.364,0.364,backtest_end,open
2026-09-15 15:10:00,ATHERENERG,RE-ENTRY WINDOW,EXTENDED,CONFIRMED,1568.5,73.26,1385.34,57.8,70.0,False,,99.4,(no archetype — see the Sectors tab for its theme),8,-4.43,0.39,-0.48,False,-0.38,open,2026-09-16,1557.9,1385.34,True,-0.368,-0.368,-0.368,backtest_end,open
2026-09-15 15:10:00,BEML,BUY CANDIDATE,WATCH,CONFIRMED,1939.300048828125,73.36,1755.91,49.7,100.0,False,,56.2,(no archetype — see the Sectors tab for its theme),8,5.42,1.18,-0.42,False,0.57,open,2026-09-16,1935.5,1755.91,True,0.573,0.573,0.573,backtest_end,open
2026-09-15 15:10:00,CHENNPETRO,RE-ENTRY WINDOW,EXTENDED,CONFIRMED,1471.800048828125,70.67,,65.4,100.0,False,,96.3,Turnaround,8,-6.73,,,False,,open,2026-09-16,1472.7,1299.81,False,-0.603,-0.603,-0.603,backtest_end,open
2026-09-15 15:10:00,FINCABLES,RE-ENTRY WINDOW,EXTENDED,CONFIRMED,1339.9000244140625,69.84,,68.4,100.0,False,,88.8,(no archetype — see the Sectors tab for its theme),8,10.46,,,False,,open,2026-09-16,1344.2,1166.88,False,0.742,0.742,0.742,backtest_end,open
2026-09-15 15:10:00,GRAPHITE,RE-ENTRY WINDOW,EXTENDED,CONFIRMED,781.5,39.9,,51.1,100.0,False,,78.2,(no archetype — see the Sectors tab for its theme),8,4.25,,,False,,open,2026-09-16,785.0,685.99,False,0.276,0.276,0.276,backtest_end,open
2026-09-15 15:10:00,WELCORP,RE-ENTRY WINDOW,EXTENDED,CONFIRMED,2413.300048828125,136.35,,65.5,100.0,False,,99.6,Turnaround + Quality,8,11.56,,,False,,open,2026-09-16,2413.0,2084.34,False,0.826,0.826,0.826,backtest_end,open
2026-09-15 15:10:00,WELSPUNLIV,RE-ENTRY WINDOW,EXTENDED,CONFIRMED,201.6300048828125,7.07,183.97,61.9,100.0,False,,94.5,(no archetype — see the Sectors tab for its theme),8,10.26,1.78,-0.34,False,1.17,open,2026-09-16,201.6,183.97,True,1.139,1.139,1.139,backtest_end,open
2026-09-15 15:10:00,KPRMILL,BUY CANDIDATE,WATCH,CONFIRMED,1120.199951171875,35.71,1030.93,61.7,100.0,False,,73.8,Turnaround,8,-0.57,0.38,-0.45,False,-0.07,open,2026-09-16,1117.2,1030.93,True,-0.078,-0.078,-0.078,backtest_end,open
2026-09-15 15:10:00,LAURUSLABS,RE-ENTRY WINDOW,EXTENDED,CONFIRMED,1926.9000244140625,53.01,1794.38,74.7,100.0,False,,97.7,(no archetype — see the Sectors tab for its theme),8,5.15,0.97,-0.48,False,0.75,open,2026-09-16,1924.6,1794.38,True,0.735,0.735,0.735,backtest_end,open
2026-09-15 15:10:00,DCBBANK,RE-ENTRY WINDOW,EXTENDED,CONFIRMED,221.88999938964844,7.46,203.24,69.8,100.0,False,,87.1,(no archetype — see the Sectors tab for its theme),8,-3.85,0.17,-0.82,False,-0.46,open,2026-09-16,222.82,203.24,True,-0.517,-0.517,-0.517,backtest_end,open
2026-09-15 15:10:00,MAHSEAMLES,RE-ENTRY WINDOW,EXTENDED,CONFIRMED,701.0999755859375,28.49,629.87,51.1,100.0,False,,67.7,Turnaround,8,1.06,0.47,-0.38,False,0.1,open,2026-09-16,701.1,629.87,True,0.075,0.075,0.075,backtest_end,open
2026-09-15 15:10:00,MANORAMA,RE-ENTRY WINDOW,EXTENDED,CONFIRMED,1987.0999755859373,75.24,1799.01,55.1,100.0,False,,87.0,(no archetype — see the Sectors tab for its theme),8,-5.25,0.03,-0.63,False,-0.56,open,2026-09-16,1986.0,1799.01,True,-0.583,-0.583,-0.583,backtest_end,open
2026-09-15 15:10:00,SANSERA,RE-ENTRY WINDOW,EXTENDED,CONFIRMED,3871.699951171875,159.41,3473.18,64.4,100.0,False,,98.4,(no archetype — see the Sectors tab for its theme),8,18.96,2.19,-0.18,False,1.84,open,2026-09-16,3870.4,3473.18,True,1.819,1.819,1.819,backtest_end,open
2026-09-15 15:10:00,SHILPAMED,RE-ENTRY WINDOW,EXTENDED,CONFIRMED,911.9000244140624,46.16,,72.7,100.0,False,,99.0,(no archetype — see the Sectors tab for its theme),8,10.46,,,False,,open,2026-09-16,909.9,795.86,False,0.829,0.829,0.829,backtest_end,open
2026-09-15 15:10:00,TDPOWERSYS,RE-ENTRY WINDOW,EXTENDED,CONFIRMED,725.5,39.08,,68.9,100.0,False,,98.2,Quality + Hyper-growth,8,2.27,,,False,,open,2026-09-16,728.75,633.46,False,0.116,0.116,0.116,backtest_end,open
2026-09-15 15:10:00,WELENT,RE-ENTRY WINDOW,EXTENDED,CONFIRMED,737.5999755859375,35.96,,46.4,100.0,False,,88.3,(no archetype — see the Sectors tab for its theme),8,1.57,,,False,,open,2026-09-16,743.0,654.02,False,0.044,0.044,0.044,backtest_end,open
2026-09-15 15:10:00,KINGFA,RE-ENTRY WINDOW,EXTENDED,CONFIRMED,5754.0,200.07,5253.82,67.5,100.0,False,,80.6,Turnaround + Quality,8,8.25,1.36,-0.16,False,0.95,open,2026-09-16,5694.0,5253.82,True,1.174,1.174,1.174,backtest_end,open
2026-09-15 15:10:00,UNIMECH,RE-ENTRY WINDOW,EXTENDED,CONFIRMED,1538.5,67.53,1369.68,55.2,100.0,False,,93.5,(no archetype — see the Sectors tab for its theme),8,10.0,1.95,-0.64,False,0.91,open,2026-09-16,1530.9,1369.68,True,0.971,0.971,0.971,backtest_end,open
2026-09-15 15:10:00,AEROFLEX,RE-ENTRY WINDOW,EXTENDED,CONFIRMED,507.6000061035156,30.42,,65.4,100.0,False,,98.8,Turnaround,8,3.86,,,False,,open,2026-09-16,495.0,423.08,False,0.426,0.426,0.426,backtest_end,open
2026-09-15 15:10:00,SSWL,RE-ENTRY WINDOW,EXTENDED,CONFIRMED,339.0,19.06,,53.3,100.0,False,,92.8,(no archetype — see the Sectors tab for its theme),8,10.94,,,False,,open,2026-09-16,340.8,290.51,False,0.68,0.68,0.68,backtest_end,open
2026-09-15 15:10:00,NRBBEARING,RE-ENTRY WINDOW,EXTENDED,CONFIRMED,480.8500061035156,20.17,430.43,57.6,100.0,False,,95.2,Turnaround,8,9.99,1.35,-0.54,False,0.95,open,2026-09-16,479.0,430.43,True,0.996,0.996,0.996,backtest_end,open
2026-09-15 15:10:00,SEAMECLTD,RE-ENTRY WINDOW,EXTENDED,CONFIRMED,1736.9000244140625,61.74,1582.54,66.1,100.0,False,,89.0,Hyper-growth,8,-0.39,0.18,-0.5,False,-0.04,open,2026-09-16,1736.0,1582.54,True,-0.072,-0.072,-0.072,backtest_end,open
2026-09-15 15:10:00,VSSL,RE-ENTRY WINDOW,EXTENDED,CONFIRMED,389.1000061035156,20.01,,48.7,100.0,False,,90.3,(no archetype — see the Sectors tab for its theme),8,4.09,,,False,,open,2026-09-16,395.0,346.99,False,0.183,0.183,0.183,backtest_end,open
2026-09-15 15:10:00,VENUSPIPES,RE-ENTRY WINDOW,EXTENDED,CONFIRMED,1941.5999755859373,95.46,,64.0,100.0,False,,94.4,(no archetype — see the Sectors tab for its theme),8,13.63,,,False,,open,2026-09-16,1935.0,1706.09,False,1.158,1.158,1.158,backtest_end,open
2026-09-15 15:10:00,ANTELOPUS,RE-ENTRY WINDOW,EXTENDED,CONFIRMED,1057.800048828125,82.75,,65.5,100.0,False,,96.8,Hyper-growth,8,6.92,,,False,,open,2026-09-16,1071.05,832.33,False,0.237,0.237,0.237,backtest_end,open
2026-09-15 15:10:00,NILKAMAL,RE-ENTRY WINDOW,EXTENDED,CONFIRMED,2017.9000244140625,75.33,1829.58,53.8,100.0,False,,86.0,(no archetype — see the Sectors tab for its theme),8,-6.65,-0.03,-0.99,False,-0.71,open,2026-09-16,2012.4,1829.58,True,-0.736,-0.736,-0.736,backtest_end,open
2026-09-15 15:10:00,RISHABH,RE-ENTRY WINDOW,EXTENDED,CONFIRMED,779.5,38.75,,58.6,100.0,False,,96.5,(no archetype — see the Sectors tab for its theme),8,-9.62,,,False,,open,2026-09-16,780.0,678.43,False,-0.765,-0.765,-0.765,backtest_end,open
2026-09-15 15:10:00,SANSTAR,BUY CANDIDATE,WATCH,CONFIRMED,110.76000213623048,4.01,100.73,40.7,100.0,False,,77.0,(no archetype — see the Sectors tab for its theme),8,-1.23,0.62,-0.35,False,-0.14,open,2026-09-16,111.5,100.73,True,-0.226,-0.226,-0.226,backtest_end,open
2026-09-15 15:10:00,ASIANENE,RE-ENTRY WINDOW,EXTENDED,CONFIRMED,485.25,32.15,,59.2,100.0,False,,88.6,Hyper-growth,8,-2.18,,,False,,open,2026-09-16,482.85,403.2,False,-0.121,-0.121,-0.121,backtest_end,open
2026-09-15 15:10:00,EIMCOELECO,RE-ENTRY WINDOW,EXTENDED,CONFIRMED,2242.199951171875,78.6,2045.7,71.2,100.0,False,,78.1,Turnaround,8,2.77,0.5,-0.16,False,0.32,open,2026-09-16,2242.2,2045.7,True,0.282,0.282,0.282,backtest_end,open
2026-09-15 15:10:00,EMUDHRA,EPISODIC PIVOT,WATCH,WATCH,592.8499755859375,24.32,531.0,51.3,100.0,False,,66.0,Hyper-growth,8,11.23,1.43,0.12,False,1.08,open,,,,,,,,,engine took no position
2026-09-16 15:05:00,ACUTAAS,BUY CANDIDATE,WATCH,CONFIRMED,3344.699951171875,123.24,3036.59,62.3,100.0,False,,96.4,Quality + Hyper-growth,7,-1.82,0.54,-0.58,False,-0.2,open,2026-09-17,3343.0,3036.59,True,-0.226,-0.226,-0.226,backtest_end,open
2026-09-16 15:05:00,ABSLAMC,BUY CANDIDATE,WATCH,CONFIRMED,1058.4000244140625,41.5,954.65,48.8,100.0,False,,59.9,Quality,7,-3.23,0.48,-0.43,False,-0.33,open,2026-09-17,1055.6,954.65,True,-0.342,-0.342,-0.342,backtest_end; weekly_close_below_30wk_ma,open
2026-09-16 15:05:00,HONASA,BUY CANDIDATE,WATCH,CONFIRMED,469.2999877929688,16.54,427.96,71.3,100.0,False,,92.7,Turnaround,7,0.78,0.55,-0.27,False,0.09,open,2026-09-17,471.8,427.96,True,-0.006,-0.006,-0.006,backtest_end,open
2026-09-16 15:05:00,KARURVYSYA,BUY CANDIDATE,WATCH,CONFIRMED,334.79998779296875,7.72,315.5,71.3,100.0,False,,78.5,(no archetype — see the Sectors tab for its theme),7,-2.93,0.26,-0.87,False,-0.51,open,2026-09-17,334.8,315.5,True,-0.559,-0.559,-0.559,backtest_end,open
2026-09-16 15:05:00,RADICO,BUY CANDIDATE,WATCH,CONFIRMED,4466.0,94.83,4228.93,68.5,100.0,False,,90.8,Turnaround + Quality,7,0.34,0.62,-0.38,False,0.06,open,2026-09-17,4450.0,4228.93,True,0.081,0.081,0.081,backtest_end,open
2026-09-16 15:05:00,AVL,BUY CANDIDATE,WATCH,CONFIRMED,620.5999755859375,20.27,569.91,60.5,100.0,False,,76.0,(no archetype — see the Sectors tab for its theme),7,1.2,0.42,-0.07,False,0.15,open,2026-09-17,624.0,569.91,True,0.04,0.04,0.04,backtest_end,open
2026-09-16 15:05:00,ENTERO,RE-ENTRY WINDOW,EXTENDED,CONFIRMED,1731.800048828125,83.17,,58.6,100.0,False,,91.7,Turnaround + Hyper-growth,7,6.95,,,False,,open,2026-09-17,1740.5,1529.93,False,0.505,0.505,0.505,backtest_end,open
2026-09-16 15:05:00,SMLMAH,RE-ENTRY WINDOW,EXTENDED,CONFIRMED,5971.5,320.57,,55.0,100.0,False,,90.7,(no archetype — see the Sectors tab for its theme),7,10.58,,,False,,open,2026-09-17,6030.0,5197.68,False,0.666,0.666,0.666,backtest_end,open
2026-09-16 15:05:00,LMW,BUY CANDIDATE,WATCH,CONFIRMED,17617.0,670.71,15940.21,54.7,100.0,False,,69.5,(no archetype — see the Sectors tab for its theme),7,-2.73,0.53,-0.36,False,-0.29,open,2026-09-17,17577.0,15940.21,True,-0.301,-0.301,-0.301,backtest_end,open
2026-09-16 15:05:00,MANINDS,RE-ENTRY WINDOW,EXTENDED,CONFIRMED,790.2999877929688,50.77,,62.3,100.0,False,,97.1,(no archetype — see the Sectors tab for its theme),7,21.83,,,False,,open,2026-09-17,788.05,657.68,False,1.321,1.321,1.321,backtest_end,open
2026-09-16 15:05:00,KOLTEPATIL,BUY CANDIDATE,WATCH,CONFIRMED,429.0499877929688,15.56,390.14,52.5,100.0,False,,60.3,Turnaround,7,0.7,0.35,-0.39,False,0.08,open,2026-09-17,432.4,390.14,True,-0.039,-0.039,-0.039,backtest_end,open
2026-09-16 15:05:00,WSTCSTPAPR,RE-ENTRY WINDOW,EXTENDED,CONFIRMED,711.0,31.79,631.53,57.2,100.0,False,,93.5,(no archetype — see the Sectors tab for its theme),7,3.79,0.83,-0.01,False,0.34,open,2026-09-17,711.0,631.53,True,0.312,0.312,0.312,backtest_end,open
2026-09-16 15:05:00,HARSHA,BUY CANDIDATE,WATCH,CONFIRMED,430.0,16.28,389.31,52.9,100.0,False,,61.9,(no archetype — see the Sectors tab for its theme),7,6.41,1.15,-0.02,False,0.68,open,2026-09-17,432.5,389.31,True,0.549,0.549,0.549,backtest_end,open
2026-09-16 15:05:00,NOCIL,BUY CANDIDATE,WATCH,CONFIRMED,181.9499969482422,7.18,163.99,55.4,100.0,False,,69.9,(no archetype — see the Sectors tab for its theme),7,5.19,1.63,-0.1,False,0.53,open,2026-09-17,180.9,163.99,True,0.588,0.588,0.588,backtest_end,open
2026-09-16 15:05:00,WINDLAS,RE-ENTRY WINDOW,EXTENDED,CONFIRMED,1075.050048828125,45.54,961.19,48.1,100.0,False,,75.2,(no archetype — see the Sectors tab for its theme),7,1.74,0.64,-0.08,False,0.16,open,2026-09-17,1075.05,961.19,True,0.136,0.136,0.136,backtest_end,open
2026-09-16 15:05:00,CLSEL,BUY CANDIDATE,WATCH,CONFIRMED,298.25,12.99,265.77,61.6,100.0,False,,59.7,Turnaround,7,-1.96,0.03,-0.25,False,-0.18,open,2026-09-17,292.0,265.77,True,-0.018,-0.018,-0.018,backtest_end,open
2026-09-17 15:07:00,GRANULES,BUY CANDIDATE,WATCH,CONFIRMED,870.4000244140625,30.6,793.91,71.5,100.0,False,,89.0,(no archetype — see the Sectors tab for its theme),6,-2.0,0.26,-0.26,False,-0.23,open,2026-09-18,874.0,793.91,True,-0.295,-0.295,-0.295,backtest_end,open
2026-09-17 15:07:00,KIMS,BUY CANDIDATE,WATCH,CONFIRMED,791.8499755859375,18.95,744.47,45.9,100.0,False,,60.5,(no archetype — see the Sectors tab for its theme),6,1.09,0.57,-0.17,False,0.18,open,2026-09-18,793.4,744.47,True,0.095,0.095,0.095,backtest_end,open
2026-09-17 15:07:00,SONACOMS,BUY CANDIDATE,WATCH,CONFIRMED,777.9000244140625,20.93,725.59,68.3,100.0,False,,91.8,(no archetype — see the Sectors tab for its theme),6,4.94,1.13,0.04,False,0.73,open,2026-09-18,780.2,725.59,True,0.617,0.617,0.617,backtest_end,open
2026-09-17 15:07:00,BHEL,BUY CANDIDATE,WATCH,CONFIRMED,429.2000122070313,12.74,397.35,72.7,100.0,False,,95.0,Turnaround,6,-3.23,0.34,-0.43,False,-0.43,open,2026-09-18,428.4,397.35,True,-0.461,-0.461,-0.461,backtest_end,open
2026-09-17 15:07:00,MEDANTA,BUY CANDIDATE,WATCH,CONFIRMED,1424.0,49.17,1301.07,55.9,100.0,False,,63.8,(no archetype — see the Sectors tab for its theme),6,5.77,0.84,0.05,False,0.67,open,2026-09-18,1448.7,1301.07,True,0.359,0.359,0.359,backtest_end,open
2026-09-17 15:07:00,NIACL,BUY CANDIDATE,WATCH,CONFIRMED,197.0500030517578,15.23,,42.3,100.0,False,,71.3,(no archetype — see the Sectors tab for its theme),6,-8.45,,,False,,open,2026-09-18,196.76,159.16,False,-0.45,-0.45,-0.45,backtest_end,open
2026-09-17 15:07:00,AZAD,BUY CANDIDATE,WATCH,CONFIRMED,2605.300048828125,107.19,2337.32,58.1,100.0,False,,92.4,(no archetype — see the Sectors tab for its theme),6,2.8,0.8,0.0,False,0.27,open,2026-09-18,2605.3,2337.32,True,0.243,0.243,0.243,backtest_end,open
2026-09-17 15:07:00,DIACABS,RE-ENTRY WINDOW,EXTENDED,CONFIRMED,376.0499877929688,17.91,331.28,64.2,100.0,False,,99.5,(no archetype — see the Sectors tab for its theme),6,-4.15,0.1,-0.38,False,-0.35,open,2026-09-18,375.0,331.28,True,-0.358,-0.358,-0.358,backtest_end,open
2026-09-17 15:07:00,EDELWEISS,BUY CANDIDATE,WATCH,CONFIRMED,128.33999633789062,6.41,,55.8,100.0,False,,59.6,(no archetype — see the Sectors tab for its theme),6,8.31,,,False,,open,2026-09-18,128.42,112.05,False,0.623,0.623,0.623,backtest_end,open
2026-09-17 15:07:00,GNFC,BUY CANDIDATE,WATCH,CONFIRMED,584.8499755859375,18.14,539.5,58.7,100.0,False,,71.1,(no archetype — see the Sectors tab for its theme),6,6.88,1.11,-0.24,False,0.89,open,2026-09-18,578.85,539.5,True,1.129,1.129,1.129,backtest_end,open
2026-09-17 15:07:00,INOXINDIA,BUY CANDIDATE,WATCH,CONFIRMED,2014.800048828125,116.37,,52.2,100.0,False,,94.4,Quality,6,2.48,,,False,,open,2026-09-18,2030.0,1765.16,False,0.108,0.108,0.108,backtest_end,open
2026-09-17 15:07:00,PARAS,BUY CANDIDATE,WATCH,CONFIRMED,1370.9000244140625,65.65,1206.78,71.5,100.0,False,,98.1,Hyper-growth,6,-2.01,0.45,-0.24,False,-0.17,open,,,,,,,,,engine took no position
2026-09-17 15:07:00,SUDARSCHEM,BUY CANDIDATE,WATCH,CONFIRMED,1205.4000244140625,50.44,1079.31,59.1,100.0,False,,62.9,Hyper-growth,6,1.05,0.58,-0.05,False,0.1,open,2026-09-18,1203.8,1079.31,True,0.085,0.085,0.085,backtest_end,open
2026-09-17 15:07:00,HATSUN,BUY CANDIDATE,WATCH,CONFIRMED,1181.5999755859375,58.61,,50.4,100.0,False,,70.1,(no archetype — see the Sectors tab for its theme),6,-3.99,,,False,,open,2026-09-18,1186.9,1033.44,False,-0.365,-0.365,-0.365,backtest_end,open
2026-09-17 15:07:00,BOSCH-HCIL,BUY CANDIDATE,WATCH,CONFIRMED,1668.300048828125,69.59,1494.32,25.0,100.0,True,promoter_pledge: 32.2% of promoter holding pledged,59.1,Turnaround,6,3.7,0.73,-0.05,False,0.35,open,2026-09-18,1668.3,1494.32,True,0.325,0.325,0.325,backtest_end,open
2026-09-17 15:07:00,NORTHARC,BUY CANDIDATE,WATCH,CONFIRMED,310.54998779296875,12.66,278.9,61.7,100.0,False,,75.7,(no archetype — see the Sectors tab for its theme),6,-2.43,0.44,-0.29,False,-0.24,open,2026-09-18,311.9,278.9,True,-0.298,-0.298,-0.298,backtest_end,open
2026-09-17 15:07:00,RPGLIFE,BUY CANDIDATE,WATCH,CONFIRMED,2824.5,130.3,2498.75,58.0,100.0,False,,78.5,(no archetype — see the Sectors tab for its theme),6,2.67,0.68,-0.31,False,0.23,open,2026-09-18,2824.5,2498.75,True,0.205,0.205,0.205,backtest_end,open
2026-09-17 15:07:00,VSSL,RE-ENTRY WINDOW,EXTENDED,CONFIRMED,406.0499877929688,20.21,,48.4,100.0,False,,91.2,(no archetype — see the Sectors tab for its theme),6,-0.26,,,False,,open,2026-09-18,406.95,356.86,False,-0.063,-0.063,-0.063,backtest_end,open
2026-09-17 15:07:00,APCOTEXIND,BUY CANDIDATE,WATCH,CONFIRMED,599.4000244140625,25.24,536.31,49.3,100.0,False,,89.6,(no archetype — see the Sectors tab for its theme),6,0.58,0.46,-0.09,False,0.05,open,2026-09-18,598.4,536.31,True,0.043,0.043,0.043,backtest_end,open
2026-09-17 15:07:00,JASH,BUY CANDIDATE,WATCH,CONFIRMED,514.0,20.12,463.7,62.5,100.0,False,,67.4,Turnaround,6,12.29,1.77,-0.1,False,1.26,open,2026-09-18,514.0,463.7,True,1.223,1.223,1.223,backtest_end,open
2026-09-17 15:07:00,NELCO,BUY CANDIDATE,WATCH,CONFIRMED,965.25,40.16,864.84,48.7,100.0,False,,82.8,(no archetype — see the Sectors tab for its theme),6,2.88,0.93,0.0,False,0.28,open,2026-09-18,969.55,864.84,True,0.196,0.196,0.196,backtest_end,open
2026-09-17 15:07:00,KROSS,BUY CANDIDATE,WATCH,CONFIRMED,242.0500030517578,10.2,216.55,54.8,100.0,False,,66.6,Turnaround,6,12.75,1.61,-0.18,False,1.21,open,2026-09-18,244.77,216.55,True,0.969,0.969,0.969,backtest_end,open
2026-09-17 15:07:00,GHCLTEXTIL,BUY CANDIDATE,WATCH,CONFIRMED,124.33000183105467,5.86,109.69,64.7,100.0,False,,92.9,(no archetype — see the Sectors tab for its theme),6,8.86,0.99,-0.21,False,0.75,open,,,,,,,,,engine took no position
2026-09-18 14:38:00,BELRISE,BUY CANDIDATE,WATCH,CONFIRMED,240.17999267578125,5.82,225.64,71.1,100.0,False,,85.4,Turnaround,5,1.44,0.74,-0.05,False,0.24,open,2026-09-21,242.5,225.64,True,0.024,0.024,0.024,backtest_end,open
2026-09-18 14:38:00,CAPLIPOINT,BUY CANDIDATE,WATCH,CONFIRMED,2748.60009765625,116.96,2456.19,55.5,100.0,False,,84.6,Quality,5,4.32,0.83,0.0,False,0.41,open,2026-09-21,2760.0,2456.19,True,0.326,0.326,0.326,backtest_end,open
2026-09-18 14:38:00,CARBORUNIV,BUY CANDIDATE,WATCH,CONFIRMED,1124.4000244140625,43.79,1014.92,46.8,100.0,False,,74.8,(no archetype — see the Sectors tab for its theme),5,15.31,2.23,0.25,False,1.57,open,,,,,,,,,engine took no position
2026-09-18 14:38:00,ELGIEQUIP,BUY CANDIDATE,WATCH,CONFIRMED,609.5499877929688,18.34,563.69,58.8,100.0,False,,72.0,(no archetype — see the Sectors tab for its theme),5,-0.12,0.31,-0.18,False,-0.02,open,2026-09-21,609.55,563.69,True,-0.056,-0.056,-0.056,backtest_end,open
2026-09-18 14:38:00,HOMEFIRST,BUY CANDIDATE,WATCH,CONFIRMED,1241.300048828125,39.72,1142.0,62.9,100.0,False,,55.2,(no archetype — see the Sectors tab for its theme),5,-6.75,0.33,-0.89,False,-0.84,open,2026-09-21,1250.0,1142.0,True,-0.89,-0.89,-0.89,backtest_end,open
2026-09-18 14:38:00,HONASA,BUY CANDIDATE,WATCH,CONFIRMED,479.5499877929688,16.76,437.64,69.9,100.0,False,,92.6,Turnaround,5,-1.38,0.3,-0.33,False,-0.16,open,2026-09-21,471.55,437.64,True,-0.0,-0.0,-0.0,backtest_end,open
2026-09-18 14:38:00,PNBHOUSING,BUY CANDIDATE,WATCH,CONFIRMED,1133.0999755859375,30.56,1056.69,53.3,100.0,False,,81.6,(no archetype — see the Sectors tab for its theme),5,-3.41,0.28,-0.62,False,-0.51,open,2026-09-21,1128.4,1056.69,True,-0.519,-0.519,-0.519,backtest_end,open
2026-09-18 14:38:00,USHAMART,BUY CANDIDATE,WATCH,CONFIRMED,507.2000122070313,13.75,472.83,64.6,100.0,False,,71.1,Turnaround,5,3.15,1.03,-0.06,False,0.47,open,2026-09-21,510.0,472.83,True,0.313,0.313,0.313,backtest_end,open
2026-09-18 14:38:00,ATGL,BUY CANDIDATE,WATCH,CONFIRMED,660.7000122070312,18.9,613.44,40.2,100.0,False,,61.2,(no archetype — see the Sectors tab for its theme),5,-7.31,-0.03,-1.05,True,-1.0,stopped,2026-09-21,657.65,613.44,True,-1.043,-1.043,-1.043,stop_loss,closed
2026-09-18 14:38:00,ABCAPITAL,BUY CANDIDATE,WATCH,CONFIRMED,410.0499877929688,9.68,385.84,61.1,100.0,False,,76.2,(no archetype — see the Sectors tab for its theme),5,-4.87,-0.19,-0.89,False,-0.82,open,2026-09-21,405.1,385.84,True,-0.841,-0.841,-0.841,backtest_end,open
2026-09-18 14:38:00,AJANTPHARM,BUY CANDIDATE,WATCH,CONFIRMED,3563.60009765625,99.26,3315.44,52.1,100.0,False,,69.0,Quality,5,-0.68,0.12,-0.39,False,-0.1,open,2026-09-21,3563.6,3315.44,True,-0.14,-0.14,-0.14,backtest_end,open
2026-09-18 14:38:00,MAHABANK,BUY CANDIDATE,WATCH,CONFIRMED,83.54000091552734,2.48,77.33,63.2,100.0,False,,80.3,(no archetype — see the Sectors tab for its theme),5,-1.39,0.19,-0.3,False,-0.19,open,2026-09-21,83.44,77.33,True,-0.214,-0.214,-0.214,backtest_end,open
2026-09-18 14:38:00,NYKAA,BUY CANDIDATE,WATCH,CONFIRMED,332.1499938964844,7.62,313.09,60.8,100.0,False,,79.4,(no archetype — see the Sectors tab for its theme),5,0.95,0.62,-0.43,False,0.17,open,2026-09-21,327.0,313.09,True,0.525,0.525,0.525,backtest_end,open
2026-09-18 14:38:00,FLUOROCHEM,BUY CANDIDATE,WATCH,CONFIRMED,4586.7001953125,158.09,4191.47,51.7,100.0,False,,77.9,(no archetype — see the Sectors tab for its theme),5,-2.42,0.06,-0.4,False,-0.28,open,2026-09-21,4610.0,4191.47,True,-0.353,-0.353,-0.353,backtest_end,open
2026-09-18 14:38:00,JSWINFRA,BUY CANDIDATE,WATCH,CONFIRMED,348.25,10.88,321.05,47.4,100.0,False,,68.6,(no archetype — see the Sectors tab for its theme),5,3.58,1.0,-0.08,False,0.46,open,2026-09-21,349.0,321.05,True,0.381,0.381,0.381,backtest_end,open
2026-09-18 14:38:00,KPRMILL,BUY CANDIDATE,WATCH,CONFIRMED,1141.4000244140625,40.79,1039.42,58.6,100.0,False,,69.5,Turnaround,5,-2.42,0.05,-0.35,False,-0.27,open,2026-09-21,1140.0,1039.42,True,-0.294,-0.294,-0.294,backtest_end,open
2026-09-18 14:38:00,OFSS,BUY CANDIDATE,WATCH,CONFIRMED,11896.0,303.07,11138.32,64.9,100.0,False,,88.8,Turnaround,5,-8.16,-0.14,-1.31,True,-1.0,stopped,2026-09-21,11787.0,11138.32,True,-1.324,-1.324,-1.324,stop_loss,closed
2026-09-18 14:38:00,RADICO,BUY CANDIDATE,WATCH,CONFIRMED,4535.39990234375,99.87,4285.72,65.1,100.0,False,,88.3,Turnaround + Quality,5,-1.19,0.32,-0.64,False,-0.22,open,2026-09-21,4475.0,4285.72,True,-0.038,-0.038,-0.038,backtest_end,open
2026-09-18 14:38:00,SAIL,BUY CANDIDATE,WATCH,CONFIRMED,177.3300018310547,5.52,163.53,61.5,100.0,False,,69.7,(no archetype — see the Sectors tab for its theme),5,3.76,1.02,-0.24,False,0.48,open,2026-09-21,178.0,163.53,True,0.377,0.377,0.377,backtest_end,open
2026-09-18 14:38:00,ARVIND,BUY CANDIDATE,WATCH,CONFIRMED,552.5999755859375,22.83,495.54,64.8,100.0,False,,90.6,(no archetype — see the Sectors tab for its theme),5,2.37,0.34,-0.38,False,0.23,open,2026-09-21,554.0,495.54,True,0.171,0.171,0.171,backtest_end,open
2026-09-18 14:38:00,GODREJAGRO,BUY CANDIDATE,WATCH,CONFIRMED,661.5999755859375,25.86,596.96,42.4,100.0,False,,43.9,(no archetype — see the Sectors tab for its theme),5,2.18,0.57,-0.18,False,0.22,open,2026-09-21,666.7,596.96,True,0.105,0.105,0.105,backtest_end,open
2026-09-18 14:38:00,SHRIPISTON,BUY CANDIDATE,WATCH,CONFIRMED,4576.60009765625,139.51,4227.81,52.8,100.0,False,,89.2,(no archetype — see the Sectors tab for its theme),5,-1.09,0.29,-0.34,False,-0.14,open,2026-09-21,4611.0,4227.81,True,-0.256,-0.256,-0.256,backtest_end,open
2026-09-18 14:38:00,SKIPPER,BUY CANDIDATE,WATCH,CONFIRMED,566.2000122070312,26.55,499.82,60.6,100.0,False,,80.5,(no archetype — see the Sectors tab for its theme),5,-2.45,0.21,-0.29,False,-0.21,open,2026-09-21,563.0,499.82,True,-0.195,-0.195,-0.195,backtest_end,open
2026-09-18 14:38:00,STLTECH,RE-ENTRY WINDOW,EXTENDED,CONFIRMED,818.7999877929688,46.22,,72.3,100.0,False,,100.0,Turnaround,5,0.6,,,False,,open,2026-09-21,793.0,679.11,False,0.249,0.249,0.249,backtest_end,open
2026-09-18 14:38:00,TVSSCS,BUY CANDIDATE,WATCH,CONFIRMED,133.85000610351562,4.78,121.91,25.0,100.0,True,promoter_pledge: 31.9% of promoter holding pledged,61.0,(no archetype — see the Sectors tab for its theme),5,-2.53,0.15,-0.32,False,-0.28,open,2026-09-21,133.81,121.91,True,-0.314,-0.314,-0.314,backtest_end,open
2026-09-18 14:38:00,VMART,BUY CANDIDATE,WATCH,CONFIRMED,808.1500244140625,26.66,741.5,58.0,100.0,False,,76.4,(no archetype — see the Sectors tab for its theme),5,-4.26,0.15,-0.72,False,-0.52,open,2026-09-21,805.4,741.5,True,-0.533,-0.533,-0.533,backtest_end,open
2026-09-18 14:38:00,SJS,BUY CANDIDATE,WATCH,CONFIRMED,2422.800048828125,80.94,2220.44,73.7,100.0,False,,89.1,Quality,5,-6.66,0.0,-0.83,False,-0.8,open,2026-09-21,2422.8,2220.44,True,-0.832,-0.832,-0.832,backtest_end,open
2026-09-18 14:38:00,SIS,BUY CANDIDATE,WATCH,CONFIRMED,428.25,10.2,402.76,57.6,100.0,False,,80.0,(no archetype — see the Sectors tab for its theme),5,-2.29,0.33,-0.51,False,-0.38,open,2026-09-21,428.25,402.76,True,-0.434,-0.434,-0.434,backtest_end,open
2026-09-18 14:38:00,CEIGALL,RE-ENTRY WINDOW,EXTENDED,CONFIRMED,373.75,13.3,340.5,55.1,100.0,False,,77.4,(no archetype — see the Sectors tab for its theme),5,2.35,0.67,-0.14,False,0.26,open,2026-09-21,374.0,340.5,True,0.221,0.221,0.221,backtest_end,open
2026-09-18 14:38:00,VADILALIND,BUY CANDIDATE,WATCH,CONFIRMED,7362.0,263.96,6702.09,66.9,100.0,False,,83.2,Quality,5,0.7,0.87,-0.08,False,0.08,open,2026-09-21,7350.0,6702.09,True,0.064,0.064,0.064,backtest_end,open
2026-09-18 14:38:00,BAJAJHIND,BUY CANDIDATE,WATCH,CONFIRMED,19.530000686645508,0.85,17.4,25.0,100.0,True,promoter_pledge: 100.0% of promoter holding pledged,53.0,(no archetype — see the Sectors tab for its theme),5,1.89,0.65,-0.18,False,0.17,open,2026-09-21,19.59,17.4,True,0.115,0.115,0.115,backtest_end,open
2026-09-18 14:38:00,FOSECOIND,RE-ENTRY WINDOW,EXTENDED,CONFIRMED,6677.5,303.07,5919.82,50.7,100.0,False,,67.5,(no archetype — see the Sectors tab for its theme),5,-3.0,0.16,-0.31,False,-0.26,open,,,,,,,,,engine took no position
2026-09-18 14:38:00,UNICHEMLAB,BUY CANDIDATE,WATCH,CONFIRMED,545.7000122070312,26.76,,49.2,100.0,False,,84.2,Turnaround,5,1.27,,,False,,open,2026-09-21,534.7,468.62,False,0.247,0.247,0.247,backtest_end,open
2026-09-18 14:38:00,ANTELOPUS,RE-ENTRY WINDOW,EXTENDED,CONFIRMED,1104.8499755859375,101.64,,63.7,100.0,False,,96.9,Hyper-growth,5,2.36,,,False,,open,2026-09-21,1131.0,868.47,False,-0.013,-0.013,-0.013,backtest_end,open
2026-09-18 14:38:00,MUFIN,BUY CANDIDATE,WATCH,CONFIRMED,133.4499969482422,3.4,124.96,51.8,100.0,False,,79.1,(no archetype — see the Sectors tab for its theme),5,-1.22,0.24,-0.36,False,-0.19,open,2026-09-21,133.73,124.96,True,-0.263,-0.263,-0.263,backtest_end,open
2026-09-18 14:38:00,WINDLAS,RE-ENTRY WINDOW,EXTENDED,CONFIRMED,1109.449951171875,44.75,997.58,48.4,100.0,False,,78.1,(no archetype — see the Sectors tab for its theme),5,-1.41,0.34,-0.39,False,-0.14,open,2026-09-21,1111.0,997.58,True,-0.181,-0.181,-0.181,backtest_end,open
2026-09-18 14:38:00,RACLGEAR,RE-ENTRY WINDOW,EXTENDED,CONFIRMED,1760.9000244140625,106.36,,57.7,100.0,False,,88.8,(no archetype — see the Sectors tab for its theme),5,-4.61,,,False,,open,2026-09-21,1750.8,1483.84,False,-0.285,-0.285,-0.285,backtest_end,open
2026-09-18 14:38:00,IKIO,BUY CANDIDATE,WATCH,CONFIRMED,210.25,11.65,,63.7,100.0,False,,81.3,Turnaround,5,-2.48,,,False,,open,2026-09-21,210.97,182.76,False,-0.233,-0.233,-0.233,backtest_end,open
2026-09-21 16:36:00,AEGISVOPAK,BUY CANDIDATE,WATCH,CONFIRMED,318.29998779296875,13.49,284.58,47.5,100.0,False,,84.9,(no archetype — see the Sectors tab for its theme),2,-9.17,0.08,-1.03,True,-1.0,stopped,2026-09-22,320.85,284.58,True,-1.025,-1.025,-1.025,stop_loss,closed
2026-09-21 16:36:00,PTCIL,BUY CANDIDATE,WATCH,CONFIRMED,22300.0,842.14,20194.64,67.8,100.0,False,,80.2,Hyper-growth,2,-2.15,0.09,-0.32,False,-0.23,open,2026-09-22,22320.0,20194.64,True,-0.266,-0.266,-0.266,backtest_end,open
2026-09-21 16:36:00,SYRMA,RE-ENTRY WINDOW,EXTENDED,CONFIRMED,1713.300048828125,77.83,1518.73,68.0,100.0,False,,97.9,Hyper-growth,2,-0.86,0.47,-0.14,False,-0.08,open,2026-09-22,1720.0,1518.73,True,-0.132,-0.132,-0.132,backtest_end,open
2026-09-21 16:36:00,AVALON,RE-ENTRY WINDOW,EXTENDED,CONFIRMED,2485.89990234375,151.94,,70.1,100.0,False,,99.3,Turnaround,2,-6.83,,,False,,open,2026-09-22,2485.9,2117.67,False,-0.481,-0.481,-0.481,backtest_end,open
2026-09-21 16:36:00,BBOX,BUY CANDIDATE,WATCH,CONFIRMED,831.3499755859375,37.61,737.32,54.9,100.0,False,,92.7,(no archetype — see the Sectors tab for its theme),2,-4.32,0.15,-0.42,False,-0.38,open,,,,,,,,,engine took no position
2026-09-21 16:36:00,JAYNECOIND,BUY CANDIDATE,WATCH,CONFIRMED,91.5999984741211,3.45,82.96,25.0,80.0,True,promoter_pledge: 99.9% of promoter holding pledged,71.1,(no archetype — see the Sectors tab for its theme),2,-2.26,0.06,-0.29,False,-0.24,open,2026-09-22,91.74,82.96,True,-0.283,-0.283,-0.283,backtest_end; weekly_close_below_30wk_ma,open
2026-09-21 16:36:00,LUMAXTECH,RE-ENTRY WINDOW,EXTENDED,CONFIRMED,2068.800048828125,75.53,1879.98,70.5,100.0,False,,87.8,Hyper-growth,2,0.0,0.64,-0.22,False,0.0,open,2026-09-22,2085.0,1879.98,True,-0.109,-0.109,-0.109,backtest_end,open
2026-09-21 16:36:00,OPTIEMUS,BUY CANDIDATE,WATCH,CONFIRMED,590.75,25.07,528.07,50.9,100.0,False,,81.7,(no archetype — see the Sectors tab for its theme),2,32.29,4.15,-0.01,False,3.04,open,2026-09-22,590.0,528.07,True,2.962,2.864,3.059,backtest_end,open
2026-09-21 16:36:00,SHAILY,BUY CANDIDATE,WATCH,CONFIRMED,3265.10009765625,120.49,2963.87,58.0,100.0,False,,81.4,Quality,2,-4.69,0.05,-0.55,False,-0.51,open,2026-09-22,3281.5,2963.87,True,-0.564,-0.564,-0.564,backtest_end,open
2026-09-21 16:36:00,WELENT,RE-ENTRY WINDOW,EXTENDED,CONFIRMED,784.7000122070312,41.35,,49.8,100.0,False,,91.2,(no archetype — see the Sectors tab for its theme),2,-4.53,,,False,,open,2026-09-22,788.65,688.09,False,-0.416,-0.416,-0.416,backtest_end,open
2026-09-21 16:36:00,ASHIANA,BUY CANDIDATE,WATCH,CONFIRMED,405.5499877929688,13.67,371.37,57.6,100.0,False,,72.0,Hyper-growth,2,-4.2,0.13,-0.7,False,-0.5,open,2026-09-22,405.55,371.37,True,-0.534,-0.534,-0.534,backtest_end,open
2026-09-21 16:36:00,NPST,BUY CANDIDATE,WATCH,CONFIRMED,1789.5999755859375,89.41,,54.2,100.0,False,,83.8,Hyper-growth,2,-0.41,,,False,,open,2026-09-22,1792.5,1563.62,False,-0.068,-0.068,-0.068,backtest_end,open
2026-09-21 16:36:00,PANAMAPET,BUY CANDIDATE,WATCH,CONFIRMED,475.1499938964844,18.02,430.1,63.9,100.0,False,,92.8,(no archetype — see the Sectors tab for its theme),2,1.15,0.35,-0.06,False,0.12,open,2026-09-22,475.9,430.1,True,0.071,0.071,0.071,backtest_end,open
2026-09-21 16:36:00,TALBROAUTO,RE-ENTRY WINDOW,EXTENDED,CONFIRMED,467.2999877929688,17.65,423.17,56.5,100.0,False,,95.1,(no archetype — see the Sectors tab for its theme),2,-0.28,0.42,-0.25,False,-0.03,open,2026-09-22,466.0,423.17,True,-0.033,-0.033,-0.033,backtest_end,open
2026-09-21 16:36:00,TARSONS,BUY CANDIDATE,WATCH,CONFIRMED,341.29998779296875,16.04,301.19,40.0,100.0,False,,85.3,(no archetype — see the Sectors tab for its theme),2,-1.71,0.09,-0.38,False,-0.15,open,2026-09-22,342.0,301.19,True,-0.185,-0.185,-0.185,backtest_end,open
2026-09-21 16:36:00,SOMANYCERA,BUY TRIGGER,CONFIRMED,CONFIRMED,589.4500122070312,18.34,543.59,65.8,100.0,False,,82.8,(no archetype — see the Sectors tab for its theme),2,2.1,0.41,-0.18,False,0.27,open,2026-09-22,589.5,543.59,True,0.23,0.23,0.23,backtest_end,open
2026-09-22 15:02:00,CPPLUS,BUY CANDIDATE,WATCH,CONFIRMED,3649.5,161.06,3246.86,69.8,100.0,False,,98.4,Turnaround + Quality,1,4.13,0.56,0.07,False,0.37,open,2026-09-23,3679.0,3246.86,True,0.254,0.254,0.254,backtest_end,open
2026-09-22 15:02:00,BLUEJET,BUY CANDIDATE,WATCH,CONFIRMED,587.2999877929688,15.26,549.16,60.9,80.0,False,,67.7,(no archetype — see the Sectors tab for its theme),1,-2.36,0.2,-0.41,False,-0.36,open,2026-09-23,589.95,549.16,True,-0.447,-0.447,-0.447,backtest_end,open
2026-09-22 15:02:00,GABRIEL,BUY CANDIDATE,WATCH,CONFIRMED,1471.4000244140625,58.92,1324.1,50.7,100.0,False,,84.8,(no archetype — see the Sectors tab for its theme),1,-5.04,0.16,-0.56,False,-0.5,open,2026-09-23,1475.5,1324.1,True,-0.545,-0.545,-0.545,backtest_end,open
2026-09-22 15:02:00,HFCL,BUY CANDIDATE,WATCH,CONFIRMED,221.0599975585937,10.95,,68.6,100.0,False,,99.7,Turnaround,1,-4.69,,,False,,open,2026-09-23,221.45,195.43,False,-0.438,-0.438,-0.438,backtest_end,open
2026-09-22 15:02:00,PVRINOX,RE-ENTRY WINDOW,EXTENDED,CONFIRMED,1334.800048828125,52.09,1204.59,60.9,100.0,False,,70.0,Turnaround,1,-5.85,-0.04,-0.64,False,-0.6,open,2026-09-23,1329.3,1204.59,True,-0.613,-0.613,-0.613,backtest_end,open
2026-09-22 15:02:00,APARINDS,RE-ENTRY WINDOW,EXTENDED,CONFIRMED,18233.0,807.79,16213.54,68.8,100.0,False,,96.8,Quality,1,-2.35,0.25,-0.26,False,-0.21,open,2026-09-23,18300.0,16213.54,True,-0.264,-0.264,-0.264,backtest_end,open
2026-09-22 15:02:00,OBEROIRLTY,BUY CANDIDATE,WATCH,CONFIRMED,1845.5999755859373,49.91,1720.83,60.4,100.0,False,,65.4,(no archetype — see the Sectors tab for its theme),1,-0.44,0.26,-0.25,False,-0.06,open,2026-09-23,1842.1,1720.83,True,-0.083,-0.083,-0.083,backtest_end,open
2026-09-22 15:02:00,PHOENIXLTD,BUY CANDIDATE,WATCH,CONFIRMED,1953.4000244140625,43.15,1845.52,58.9,100.0,False,,66.2,(no archetype — see the Sectors tab for its theme),1,0.08,0.76,-0.05,False,0.01,open,2026-09-23,1960.0,1845.52,True,-0.095,-0.095,-0.095,backtest_end,open
2026-09-22 15:02:00,IDEA,BUY CANDIDATE,WATCH,CONFIRMED,14.270000457763672,0.46,13.12,59.4,100.0,False,,91.3,(no archetype — see the Sectors tab for its theme),1,-1.05,0.24,-0.2,False,-0.13,open,2026-09-23,14.26,13.12,True,-0.16,-0.16,-0.16,backtest_end,open
2026-09-22 15:02:00,APOLLO,BUY CANDIDATE,WATCH,CONFIRMED,406.75,18.42,360.71,25.0,100.0,True,promoter_pledge: 30.5% of promoter holding pledged,92.0,Hyper-growth,1,-1.89,0.12,-0.22,False,-0.17,open,,,,,,,,,engine took no position
2026-09-22 15:02:00,RAIN,BUY CANDIDATE,WATCH,CONFIRMED,219.5399932861328,9.16,196.65,55.2,100.0,False,,94.6,(no archetype — see the Sectors tab for its theme),1,-0.6,0.23,-0.14,False,-0.06,open,2026-09-23,219.8,196.65,True,-0.096,-0.096,-0.096,backtest_end,open
2026-09-22 15:02:00,SUNFLAG,BUY CANDIDATE,WATCH,CONFIRMED,355.04998779296875,12.03,324.99,56.3,100.0,False,,85.7,(no archetype — see the Sectors tab for its theme),1,11.76,1.79,0.05,False,1.39,open,2026-09-23,356.9,324.99,True,1.215,1.215,1.215,backtest_end,open
2026-09-22 15:02:00,ITDC,BUY CANDIDATE,WATCH,CONFIRMED,705.75,30.81,628.71,47.5,100.0,False,,80.4,(no archetype — see the Sectors tab for its theme),1,-2.83,0.12,-0.32,False,-0.26,open,2026-09-23,705.2,628.71,True,-0.282,-0.282,-0.282,backtest_end,open
2026-09-22 15:02:00,KOLTEPATIL,BUY CANDIDATE,WATCH,CONFIRMED,435.5499877929688,15.96,395.65,53.2,100.0,False,,60.1,Turnaround,1,-0.8,0.18,-0.14,False,-0.09,open,2026-09-23,437.5,395.65,True,-0.161,-0.161,-0.161,backtest_end,open
2026-09-22 15:02:00,63MOONS,BUY CANDIDATE,WATCH,CONFIRMED,841.75,47.57,,40.9,100.0,False,,68.7,(no archetype — see the Sectors tab for its theme),1,2.51,,,False,,open,2026-09-23,849.8,733.21,False,0.09,0.09,0.09,backtest_end,open
2026-09-22 15:02:00,STEELCAS,BUY CANDIDATE,WATCH,CONFIRMED,350.1499938964844,16.57,308.73,59.9,100.0,False,,87.9,Turnaround,1,2.18,0.26,-0.09,False,0.18,open,,,,,,,,,engine took no position
2026-09-22 15:02:00,GREENPLY,BUY CANDIDATE,WATCH,CONFIRMED,296.6499938964844,10.77,269.72,63.3,100.0,False,,68.7,(no archetype — see the Sectors tab for its theme),1,-0.79,0.38,-0.1,False,-0.09,open,2026-09-23,296.95,269.72,True,-0.13,-0.13,-0.13,backtest_end,open
2026-09-22 15:02:00,WINDMACHIN,BUY CANDIDATE,WATCH,CONFIRMED,300.0,10.96,272.6,25.0,100.0,True,promoter_pledge: 48.8% of promoter holding pledged,65.2,(no archetype — see the Sectors tab for its theme),1,0.3,0.18,-0.26,False,0.03,open,2026-09-23,300.0,272.6,True,-0.0,-0.0,-0.0,backtest_end,open
2026-09-22 15:02:00,SPORTKING,BUY CANDIDATE,WATCH,CONFIRMED,214.4900054931641,9.65,190.37,70.6,100.0,False,,96.0,(no archetype — see the Sectors tab for its theme),1,-1.7,0.29,-0.27,False,-0.15,open,2026-09-23,215.01,190.37,True,-0.195,-0.195,-0.195,backtest_end,open
2026-09-22 15:02:00,ARMANFIN,BUY CANDIDATE,WATCH,CONFIRMED,1974.9000244140625,73.82,1790.35,62.1,100.0,False,,77.9,Turnaround,1,-3.92,0.16,-0.57,False,-0.42,open,2026-09-23,1950.1,1790.35,True,-0.365,-0.365,-0.365,backtest_end,open
2026-09-23 15:10:00,ACMESOLAR,RE-ENTRY WINDOW,EXTENDED,CONFIRMED,452.2999877929688,20.09,402.08,64.1,100.0,False,,88.3,(no archetype — see the Sectors tab for its theme),0,-1.25,0.14,-0.16,False,-0.11,open,2026-09-24,454.8,402.08,True,-0.026,-0.026,-0.026,backtest_end,open
2026-09-23 15:10:00,KIRLOSENG,BUY CANDIDATE,WATCH,CONFIRMED,2219.5,94.59,1983.02,59.0,100.0,False,,96.3,(no archetype — see the Sectors tab for its theme),0,-2.48,0.15,-0.27,False,-0.23,open,2026-09-24,2195.0,1983.02,True,-0.031,-0.031,-0.031,backtest_end,open
2026-09-23 15:10:00,NSLNISP,BUY CANDIDATE,WATCH,CONFIRMED,43.95000076293945,1.4,40.45,59.4,100.0,False,,50.8,(no archetype — see the Sectors tab for its theme),0,-3.21,0.07,-0.43,False,-0.4,open,2026-09-24,43.8,40.45,True,-0.039,-0.039,-0.039,backtest_end,open
2026-09-23 15:10:00,PNBHOUSING,BUY CANDIDATE,WATCH,CONFIRMED,1138.5,32.0,1058.5,57.0,100.0,False,,79.5,(no archetype — see the Sectors tab for its theme),0,-3.86,-0.04,-0.66,False,-0.55,open,2026-09-24,1130.0,1058.5,True,-0.047,-0.047,-0.047,backtest_end,open
2026-09-23 15:10:00,PFOCUS,RE-ENTRY WINDOW,EXTENDED,CONFIRMED,337.1499938964844,15.2,299.15,25.0,100.0,True,leverage_plus_froth: D/E 2.74 with P/E 147.0,84.5,(no archetype — see the Sectors tab for its theme),0,-5.46,-0.06,-0.58,False,-0.48,open,2026-09-24,329.0,299.15,True,-0.033,-0.033,-0.033,backtest_end,open
2026-09-23 15:10:00,AJANTPHARM,BUY CANDIDATE,WATCH,CONFIRMED,3568.10009765625,77.27,3374.92,52.1,100.0,False,,68.6,Quality,0,-0.8,0.13,-0.24,False,-0.15,open,2026-09-24,3521.1,3374.92,True,-0.072,-0.072,-0.072,backtest_end,open
2026-09-23 15:10:00,PAYTM,RE-ENTRY WINDOW,EXTENDED,CONFIRMED,1775.0,62.51,1618.73,63.6,100.0,False,,88.0,(no archetype — see the Sectors tab for its theme),0,-2.23,0.06,-0.29,False,-0.25,open,2026-09-24,1768.0,1618.73,True,-0.036,-0.036,-0.036,backtest_end,open
2026-09-23 15:10:00,SAIL,BUY CANDIDATE,BROKEN,CONFIRMED,185.44000244140625,5.25,172.31,70.1,100.0,False,,68.7,(no archetype — see the Sectors tab for its theme),0,-0.78,0.45,-0.25,False,-0.11,open,2026-09-24,182.7,172.31,True,-0.053,-0.053,-0.053,backtest_end,open
2026-09-23 15:10:00,ARVIND,BUY CANDIDATE,WATCH,CONFIRMED,548.25,22.61,491.73,65.5,100.0,False,,88.0,(no archetype — see the Sectors tab for its theme),0,3.18,0.42,-0.13,False,0.31,open,2026-09-24,541.1,491.73,True,-0.033,-0.033,-0.033,backtest_end,open
2026-09-23 15:10:00,BALAMINES,BUY CANDIDATE,WATCH,CONFIRMED,2271.199951171875,101.99,2016.24,61.7,100.0,False,,95.7,(no archetype — see the Sectors tab for its theme),0,-1.99,0.15,-0.24,False,-0.18,open,2026-09-24,2259.1,2016.24,True,-0.028,-0.028,-0.028,backtest_end,open
2026-09-23 15:10:00,CUPID,BUY CANDIDATE,WATCH,CONFIRMED,273.8500061035156,12.43,242.77,67.3,100.0,False,,99.9,(no archetype — see the Sectors tab for its theme),0,-2.76,0.1,-0.33,False,-0.24,open,2026-09-24,274.9,242.77,True,-0.026,-0.026,-0.026,backtest_end,open
2026-09-23 15:10:00,GODREJAGRO,BUY CANDIDATE,WATCH,CONFIRMED,670.0499877929688,21.01,617.51,45.2,100.0,False,,45.3,(no archetype — see the Sectors tab for its theme),0,0.9,0.54,-0.07,False,0.11,open,2026-09-24,671.0,617.51,True,-0.038,-0.038,-0.038,backtest_end,open
2026-09-23 15:10:00,JSFB,BUY CANDIDATE,WATCH,CONFIRMED,546.5999755859375,22.66,489.95,54.0,100.0,False,,79.0,(no archetype — see the Sectors tab for its theme),0,-4.37,-0.04,-0.48,False,-0.42,open,2026-09-24,543.0,489.95,True,-0.031,-0.031,-0.031,backtest_end,open
2026-09-23 15:10:00,LLOYDSENGG,BUY CANDIDATE,WATCH,CONFIRMED,91.5199966430664,3.03,83.95,57.8,100.0,False,,95.2,(no archetype — see the Sectors tab for its theme),0,-0.67,0.2,-0.19,False,-0.08,open,2026-09-24,90.25,83.95,True,-0.043,-0.043,-0.043,backtest_end,open
2026-09-23 15:10:00,LUMAXTECH,RE-ENTRY WINDOW,EXTENDED,CONFIRMED,2044.9000244140625,79.36,1846.49,67.6,100.0,False,,85.9,Hyper-growth,0,1.17,0.28,-0.09,False,0.12,open,2026-09-24,2049.4,1846.49,True,-0.03,-0.03,-0.03,backtest_end,open
2026-09-23 15:10:00,SHAILY,BUY CANDIDATE,WATCH,CONFIRMED,3211.0,117.15,2918.13,57.4,100.0,False,,78.8,Quality,0,-3.08,-0.0,-0.38,False,-0.34,open,2026-09-24,3210.3,2918.13,True,-0.033,-0.033,-0.033,backtest_end,open
2026-09-23 15:10:00,SOUTHBANK,BUY CANDIDATE,WATCH,CONFIRMED,47.08000183105469,1.16,44.18,68.0,100.0,False,,81.5,(no archetype — see the Sectors tab for its theme),0,5.99,1.07,-0.12,False,0.97,open,2026-09-24,47.0,44.18,True,-0.05,-0.05,-0.05,backtest_end,open
2026-09-23 15:10:00,TIPSMUSIC,BUY CANDIDATE,WATCH,CONFIRMED,670.5,16.71,628.71,56.2,100.0,False,,64.6,Quality,0,-1.26,0.15,-0.32,False,-0.2,open,2026-09-24,668.0,628.71,True,-0.051,-0.051,-0.051,backtest_end,open
2026-09-23 15:10:00,UNIMECH,RE-ENTRY WINDOW,EXTENDED,CONFIRMED,1716.0999755859375,86.61,,56.8,100.0,False,,96.2,(no archetype — see the Sectors tab for its theme),0,-1.39,,,False,,open,2026-09-24,1712.0,1489.41,False,-0.023,-0.023,-0.023,backtest_end,open
2026-09-23 15:10:00,RPGLIFE,BUY CANDIDATE,WATCH,CONFIRMED,3025.39990234375,145.24,,58.4,100.0,False,,84.4,(no archetype — see the Sectors tab for its theme),0,-4.15,,,False,,open,2026-09-24,3040.0,2666.2,False,-0.024,-0.024,-0.024,backtest_end,open
2026-09-23 15:10:00,MAHLOG,BUY CANDIDATE,WATCH,CONFIRMED,416.5499877929688,10.74,389.71,63.4,100.0,False,,58.1,Turnaround,0,0.84,0.47,-0.19,False,0.13,open,2026-09-24,415.9,389.71,True,-0.048,-0.048,-0.048,backtest_end,open
2026-09-23 15:10:00,RAYMONDREL,BUY CANDIDATE,WATCH,CONFIRMED,671.4500122070312,31.85,591.82,45.3,100.0,False,,79.2,(no archetype — see the Sectors tab for its theme),0,5.49,0.57,-0.11,False,0.46,open,2026-09-24,664.6,591.82,True,-0.027,-0.027,-0.027,backtest_end,open
2026-09-23 15:10:00,UNICHEMLAB,BUY CANDIDATE,WATCH,CONFIRMED,573.2000122070312,27.84,,50.3,100.0,False,,86.8,Turnaround,0,-3.59,,,False,,open,2026-09-24,573.0,502.37,False,-0.024,-0.024,-0.024,backtest_end,open
2026-09-23 15:10:00,ARVSMART,BUY CANDIDATE,WATCH,CONFIRMED,634.0499877929688,26.5,567.79,58.3,100.0,False,,52.9,(no archetype — see the Sectors tab for its theme),0,-1.78,0.06,-0.23,False,-0.17,open,2026-09-24,630.0,567.79,True,-0.03,-0.03,-0.03,backtest_end,open
2026-09-23 15:10:00,SOLARA,RE-ENTRY WINDOW,EXTENDED,CONFIRMED,722.9000244140625,40.24,,25.0,100.0,True,promoter_pledge: 37.1% of promoter holding pledged,77.5,Turnaround,0,0.62,,,False,,open,2026-09-24,726.0,624.52,False,-0.021,-0.021,-0.021,backtest_end,open
2026-09-23 15:10:00,SOMANYCERA,RE-ENTRY WINDOW,EXTENDED,CONFIRMED,596.2999877929688,18.28,550.6,62.5,100.0,False,,79.8,(no archetype — see the Sectors tab for its theme),0,0.93,0.27,-0.13,False,0.12,open,2026-09-24,597.95,550.6,True,-0.038,-0.038,-0.038,backtest_end,open
2026-09-23 15:10:00,IKIO,BUY CANDIDATE,WATCH,CONFIRMED,207.88999938964844,11.69,,65.1,100.0,False,,80.0,Turnaround,0,-1.38,,,False,,open,2026-09-24,207.89,180.18,False,-0.023,-0.023,-0.023,backtest_end,open
2026-09-23 15:10:00,GALAPREC,BUY CANDIDATE,WATCH,CONFIRMED,1164.199951171875,43.14,1056.36,64.7,100.0,False,,83.6,Turnaround,0,-4.05,0.14,-0.49,False,-0.44,open,2026-09-24,1164.2,1056.36,True,-0.032,-0.032,-0.032,backtest_end,open
2026-09-23 15:10:00,CENTENKA,BUY CANDIDATE,WATCH,CONFIRMED,580.5499877929688,18.53,534.24,70.1,100.0,False,,69.4,Turnaround,0,-2.24,0.03,-0.34,False,-0.28,open,2026-09-24,581.95,534.24,True,-0.037,-0.037,-0.037,backtest_end,open
2026-09-23 15:10:00,OPTIEMUS,EPISODIC PIVOT,EXTENDED,EXTENDED,828.3499755859375,40.53,781.2,59.2,100.0,False,,96.6,(no archetype — see the Sectors tab for its theme),0,-5.66,-0.18,-1.22,True,-1.0,stopped,2026-09-24,820.0,781.2,True,-0.063,-0.063,-0.063,backtest_end,open
2026-09-24 15:14:00,KAJARIACER,BUY CANDIDATE,WATCH,CONFIRMED,1221.800048828125,27.6,1152.8,59.6,100.0,False,,59.1,(no archetype — see the Sectors tab for its theme),0,,,,,,no data yet,,,,,,,,,
2026-09-24 15:14:00,PCBL,BUY CANDIDATE,WATCH,CONFIRMED,338.6000061035156,12.4,307.61,46.7,100.0,False,,58.5,(no archetype — see the Sectors tab for its theme),0,,,,,,no data yet,,,,,,,,,
2026-09-24 15:14:00,RBLBANK,RE-ENTRY WINDOW,EXTENDED,CONFIRMED,412.75,10.6,386.24,54.5,100.0,False,,83.7,(no archetype — see the Sectors tab for its theme),0,,,,,,no data yet,,,,,,,,,
2026-09-24 15:14:00,WOCKPHARMA,RE-ENTRY WINDOW,EXTENDED,CONFIRMED,2287.699951171875,91.71,2058.41,63.4,100.0,False,,93.8,Turnaround,0,,,,,,no data yet,,,,,,,,,
2026-09-24 15:14:00,MANKIND,BUY CANDIDATE,WATCH,CONFIRMED,2500.0,52.66,2368.34,52.8,100.0,False,,56.5,(no archetype — see the Sectors tab for its theme),0,,,,,,no data yet,,,,,,,,,
2026-09-24 15:14:00,PRIVISCL,BUY CANDIDATE,WATCH,CONFIRMED,3537.89990234375,103.12,3280.1,58.2,100.0,False,,75.7,(no archetype — see the Sectors tab for its theme),0,,,,,,no data yet,,,,,,,,,
2026-09-24 15:14:00,LOTUSDEV,RE-ENTRY WINDOW,EXTENDED,CONFIRMED,219.0500030517578,9.46,195.41,61.8,100.0,False,,89.4,Turnaround + Quality + Hyper-growth,0,,,,,,no data yet,,,,,,,,,
2026-09-24 15:14:00,STLTECH,RE-ENTRY WINDOW,EXTENDED,CONFIRMED,823.75,45.97,,70.7,100.0,False,,100.0,Turnaround,0,,,,,,no data yet,,,,,,,,,
2026-09-24 15:14:00,SUPRIYA,RE-ENTRY WINDOW,EXTENDED,CONFIRMED,961.75,39.18,863.81,56.4,100.0,False,,88.2,Turnaround + Quality,0,,,,,,no data yet,,,,,,,,,
2026-09-24 15:14:00,TI,RE-ENTRY WINDOW,EXTENDED,CONFIRMED,587.5499877929688,21.04,534.94,38.4,100.0,False,,72.0,Hyper-growth,0,,,,,,no data yet,,,,,,,,,
2026-09-24 15:14:00,KDDL,RE-ENTRY WINDOW,EXTENDED,CONFIRMED,4119.7998046875,140.74,3767.94,49.4,100.0,False,,94.6,(no archetype — see the Sectors tab for its theme),0,,,,,,no data yet,,,,,,,,,
2026-09-24 15:14:00,SAMBHV,RE-ENTRY WINDOW,EXTENDED,CONFIRMED,152.36000061035156,7.33,,65.1,100.0,False,,84.5,Hyper-growth,0,,,,,,no data yet,,,,,,,,,
2026-09-24 15:14:00,WINDMACHIN,BUY CANDIDATE,WATCH,CONFIRMED,300.8999938964844,10.46,274.74,25.0,100.0,True,promoter_pledge: 48.8% of promoter holding pledged,61.6,(no archetype — see the Sectors tab for its theme),0,,,,,,no data yet,,,,,,,,,
2026-09-24 15:14:00,ANTELOPUS,RE-ENTRY WINDOW,EXTENDED,CONFIRMED,1130.949951171875,91.89,,65.6,100.0,False,,97.9,Hyper-growth,0,,,,,,no data yet,,,,,,,,,
2026-09-24 15:14:00,NOCIL,RE-ENTRY WINDOW,EXTENDED,CONFIRMED,191.3999938964844,9.75,,58.4,100.0,False,,63.9,(no archetype — see the Sectors tab for its theme),0,,,,,,no data yet,,,,,,,,,
2026-09-24 15:14:00,JAGSNPHARM,BUY CANDIDATE,WATCH,CONFIRMED,243.97000122070312,8.61,222.45,56.0,100.0,False,,61.6,Quality,0,,,,,,no data yet,,,,,,,,,
2026-09-24 15:14:00,QUADFUTURE,RE-ENTRY WINDOW,EXTENDED,CONFIRMED,500.3999938964844,30.34,,55.2,100.0,False,,83.4,Turnaround,0,,,,,,no data yet,,,,,,,,,
