symbol,company,series,arm,last_close,market_cap_cr,median_turnover_cr,min_turnover_cr,median_trades,median_volume,band_pct,circuit_days,circuit_frac,sessions_seen,sessions_traded,listing_date,listing_age_days,in_index_universe,mcap_pending,last_date,gsm_stage,asm,exclude_reason,gate_reason
20MICRONS,20 Microns Limited,EQ,mcap,204.23,721.0,3.81,1.687,4264.0,194575.0,20.0,0,0.0,25,25,2008-10-06,6500.0,False,False,2026-07-24,,,,
21STCENMGM,21st Century Management Services Limited,EQ,price,37.11,,0.009,0.001,39.0,2743.0,2.0,5,0.2,25,25,1995-05-03,11405.0,False,False,2026-07-24,,LT Stage I,"ASM LT Stage I — surveillance: 100% margin, no intraday, no pledging; 2% circuit band — cannot exit on bad news; illiquid: Rs1 lakh median daily turnover (floor Rs50 lakh); only 39 trades/day median — one operator's book, not a market","ASM LT Stage I — surveillance: 100% margin, no intraday, no pledging; 2% circuit band — cannot exit on bad news; illiquid: Rs1 lakh median daily turnover (floor Rs50 lakh); only 39 trades/day median — one operator's book, not a market"
360ONE,360 ONE WAM LIMITED,EQ,,1102.3,45122.0,141.291,43.325,42371.0,1252279.0,,0,0.0,25,25,2019-09-19,2500.0,True,False,2026-07-24,,,not penny/nano — price >= Rs100 and mcap >= Rs1000 Cr,
3BBLACKBIO,3B Blackbio Dx Limited,EQ,,1278.1,1097.0,1.343,0.275,1232.0,11299.0,20.0,0,0.0,25,25,2026-04-20,95.0,False,False,2026-07-24,,,"listed 95d ago — under a year of history, no trend to read","listed 95d ago — under a year of history, no trend to read"
3IINFOLTD,3i Infotech Limited,EQ,price+mcap,19.74,409.0,0.548,0.171,1083.0,299618.0,20.0,0,0.0,25,25,2021-10-22,1736.0,False,False,2026-07-24,,,,
3MINDIA,3M India Limited,EQ,,35500.0,39710.0,13.681,5.058,2264.0,3974.0,20.0,0,0.0,25,25,2004-08-13,8015.0,True,False,2026-07-24,,,not penny/nano — price >= Rs100 and mcap >= Rs1000 Cr,
3PLAND,3P Land Holdings Limited,EQ,price,31.57,,0.01,0.002,67.0,3135.0,20.0,0,0.0,25,25,1995-07-19,11328.0,False,False,2026-07-24,,,"illiquid: Rs1 lakh median daily turnover (floor Rs50 lakh); only 67 trades/day median — one operator's book, not a market","illiquid: Rs1 lakh median daily turnover (floor Rs50 lakh); only 67 trades/day median — one operator's book, not a market"
5PAISA,5Paisa Capital Limited,EQ,,373.1,1749.0,2.217,0.728,2359.0,57567.0,20.0,0,0.0,25,25,2017-11-16,3172.0,False,False,2026-07-24,,,not penny/nano — price >= Rs100 and mcap >= Rs1000 Cr,
63MOONS,63 moons technologies limited,EQ,,708.3,3264.0,9.667,4.343,5478.0,142313.0,20.0,0,0.0,25,25,2005-06-20,7704.0,False,False,2026-07-24,,,not penny/nano — price >= Rs100 and mcap >= Rs1000 Cr,
A2ZINFRA,A2Z Infra Engineering Limited,EQ,price,12.46,,0.237,0.091,503.0,175649.0,10.0,0,0.0,25,25,2010-12-23,5692.0,False,False,2026-07-24,,,illiquid: Rs24 lakh median daily turnover (floor Rs50 lakh),illiquid: Rs24 lakh median daily turnover (floor Rs50 lakh)
AAATECH,AAA Technologies Limited,EQ,price,89.66,,0.175,0.037,754.0,18451.0,20.0,0,0.0,25,25,2022-11-28,1334.0,False,False,2026-07-24,,,illiquid: Rs18 lakh median daily turnover (floor Rs50 lakh),illiquid: Rs18 lakh median daily turnover (floor Rs50 lakh)
AADHARHFC,Aadhar Housing Finance Limited,EQ,,495.0,24298.0,21.161,6.781,18839.0,403259.0,20.0,0,0.0,25,25,2024-05-15,800.0,True,False,2026-07-24,,,not penny/nano — price >= Rs100 and mcap >= Rs1000 Cr,
AAKASH,Aakash Exploration Services Limited,EQ,price,8.92,,0.086,0.024,336.0,95093.0,20.0,0,0.0,25,25,2020-09-29,2124.0,False,False,2026-07-24,,,illiquid: Rs9 lakh median daily turnover (floor Rs50 lakh),illiquid: Rs9 lakh median daily turnover (floor Rs50 lakh)
AARNAV,Aarnav Fashions Limited,EQ,price,28.32,,0.098,0.018,275.0,39526.0,20.0,1,0.04,25,25,2026-02-25,149.0,False,False,2026-07-24,,ST Stage I,"ASM ST Stage I — surveillance: 100% margin, no intraday, no pledging; listed 149d ago — under a year of history, no trend to read; illiquid: Rs10 lakh median daily turnover (floor Rs50 lakh); only 275 trades/day median — one operator's book, not a market","ASM ST Stage I — surveillance: 100% margin, no intraday, no pledging; listed 149d ago — under a year of history, no trend to read; illiquid: Rs10 lakh median daily turnover (floor Rs50 lakh); only 275 trades/day median — one operator's book, not a market"
AARON,Aaron Industries Limited,EQ,,135.25,,0.099,0.019,281.0,8527.0,20.0,1,0.04,25,25,2020-11-06,2086.0,False,False,2026-07-24,,,"illiquid: Rs10 lakh median daily turnover (floor Rs50 lakh); only 281 trades/day median — one operator's book, not a market","illiquid: Rs10 lakh median daily turnover (floor Rs50 lakh); only 281 trades/day median — one operator's book, not a market"
AARTECH,Aartech Solonics Limited,BE,price,49.66,,0.711,0.07,1155.0,140901.0,5.0,5,0.357,14,14,2023-07-10,1110.0,False,False,2026-07-09,,,series BE (trade-to-trade / SME — not normal rolling settlement); 5% circuit band — cannot exit on bad news; closed at circuit on 36% of sessions — a stop cannot fill in a locked market,series BE (trade-to-trade / SME — not normal rolling settlement); 5% circuit band — cannot exit on bad news; closed at circuit on 36% of sessions — a stop cannot fill in a locked market
AARTIDRUGS,Aarti Drugs Limited,EQ,,404.5,3528.0,7.46,3.055,4877.0,191215.0,20.0,0,0.0,25,25,2003-09-19,8344.0,True,False,2026-07-24,,,not penny/nano — price >= Rs100 and mcap >= Rs1000 Cr,
AARTIIND,Aarti Industries Limited,EQ,,477.8,17331.0,35.42,14.729,18653.0,713939.0,20.0,0,0.0,25,25,1995-02-08,11489.0,True,False,2026-07-24,,,not penny/nano — price >= Rs100 and mcap >= Rs1000 Cr,
AARTIPHARM,Aarti Pharmalabs Limited,EQ,,673.8,6404.0,11.692,5.805,12548.0,164819.0,20.0,0,0.0,25,25,2023-01-30,1271.0,True,False,2026-07-24,,,not penny/nano — price >= Rs100 and mcap >= Rs1000 Cr,
AARTISURF,Aarti Surfactants Limited,EQ,,381.6,,0.328,0.084,449.0,8557.0,20.0,0,0.0,25,25,2020-07-14,2201.0,False,False,2026-07-24,,,illiquid: Rs33 lakh median daily turnover (floor Rs50 lakh),illiquid: Rs33 lakh median daily turnover (floor Rs50 lakh)
AARVI,Aarvi Encon Limited,EQ,,154.89,,0.467,0.096,751.0,31855.0,20.0,0,0.0,25,25,2020-06-24,2221.0,False,False,2026-07-24,,,illiquid: Rs47 lakh median daily turnover (floor Rs50 lakh),illiquid: Rs47 lakh median daily turnover (floor Rs50 lakh)
AASTHA,Aastha Spintex Limited,EQ,,102.62,,182.678,53.838,59866.0,17809358.0,20.0,2,0.4,5,5,2026-07-06,18.0,False,False,2026-07-24,,,"listed 18d ago — under a year of history, no trend to read; closed at circuit on 40% of sessions — a stop cannot fill in a locked market","listed 18d ago — under a year of history, no trend to read; closed at circuit on 40% of sessions — a stop cannot fill in a locked market"
AAVAS,Aavas Financiers Limited,EQ,,1379.0,11942.0,10.109,3.877,12000.0,67799.0,20.0,0,0.0,25,25,2018-10-08,2846.0,True,False,2026-07-24,,,not penny/nano — price >= Rs100 and mcap >= Rs1000 Cr,
ABB,ABB India Limited,EQ,,7375.5,156293.0,191.785,75.649,29010.0,258917.0,,0,0.0,25,25,1995-02-08,11489.0,False,False,2026-07-24,,,not penny/nano — price >= Rs100 and mcap >= Rs1000 Cr,
ABBOTINDIA,Abbott India Limited,EQ,,28005.0,59511.0,30.888,12.657,4582.0,11100.0,20.0,0,0.0,25,25,2010-01-08,6041.0,True,False,2026-07-24,,,not penny/nano — price >= Rs100 and mcap >= Rs1000 Cr,
ABCAPITAL,Aditya Birla Capital Limited,EQ,,393.85,107762.0,157.952,62.414,48398.0,4003937.0,,0,0.0,25,25,2017-09-01,3248.0,True,False,2026-07-24,,,not penny/nano — price >= Rs100 and mcap >= Rs1000 Cr,
ABCOTS,A B Cotspin India Limited,EQ,,200.38,,0.502,0.075,745.0,23848.0,20.0,0,0.0,25,25,2025-09-24,303.0,False,False,2026-07-24,,,"listed 303d ago — under a year of history, no trend to read","listed 303d ago — under a year of history, no trend to read"
ABDL,Allied Blenders and Distillers Limited,EQ,,620.75,18325.0,24.603,7.779,16939.0,393642.0,10.0,0,0.0,25,25,2024-07-02,752.0,True,False,2026-07-24,,,not penny/nano — price >= Rs100 and mcap >= Rs1000 Cr,
ABFRL,Aditya Birla Fashion and Retail Limited,EQ,,56.25,6865.0,18.807,9.32,15319.0,3087993.0,20.0,0,0.0,25,25,2013-07-17,4755.0,True,False,2026-07-24,,,"not penny/nano — too big on both arms: a Rs56 share of a Rs6,865 Cr company (the price arm's ceiling is Rs5,000 Cr — a cheap share is not a small company)",
ABGSEC,,,,113.32,,0.003,0.0,7.0,276.0,20.0,0,0.0,19,19,,,False,False,2026-07-24,,,"not in the NSE equity master (ETF / REIT / InvIT — not a company); illiquid: Rs0 lakh median daily turnover (floor Rs50 lakh); only 7 trades/day median — one operator's book, not a market","not in the NSE equity master (ETF / REIT / InvIT — not a company); illiquid: Rs0 lakh median daily turnover (floor Rs50 lakh); only 7 trades/day median — one operator's book, not a market"
ABINFRA,A B Infrabuild Limited,EQ,price+mcap,10.32,659.0,1.78,0.301,1952.0,1624732.0,20.0,0,0.0,25,25,2024-11-08,623.0,False,False,2026-07-24,,,,
ABLBL,Aditya Birla Lifestyle Brands Limited,EQ,,94.01,11486.0,6.03,1.87,8314.0,629413.0,20.0,0,0.0,25,25,2025-06-23,396.0,True,False,2026-07-24,,,"not penny/nano — too big on both arms: a Rs94 share of a Rs11,486 Cr company (the price arm's ceiling is Rs5,000 Cr — a cheap share is not a small company)",
ABMINTLLTD,ABM International Limited,EQ,price,41.02,,0.001,0.0,9.5,296.0,10.0,0,0.0,22,22,2021-09-09,1779.0,False,False,2026-07-24,,,"illiquid: Rs0 lakh median daily turnover (floor Rs50 lakh); only 9 trades/day median — one operator's book, not a market","illiquid: Rs0 lakh median daily turnover (floor Rs50 lakh); only 9 trades/day median — one operator's book, not a market"
ABMKNO,ABM Knowledgeware Limited,EQ,,190.11,,0.066,0.001,62.0,3108.0,20.0,0,0.0,25,25,2026-04-20,95.0,False,False,2026-07-24,,,"listed 95d ago — under a year of history, no trend to read; illiquid: Rs7 lakh median daily turnover (floor Rs50 lakh); only 62 trades/day median — one operator's book, not a market","listed 95d ago — under a year of history, no trend to read; illiquid: Rs7 lakh median daily turnover (floor Rs50 lakh); only 62 trades/day median — one operator's book, not a market"
ABREL,Aditya Birla Real Estate Limited,EQ,,1374.2,15700.0,21.418,9.424,11902.0,153424.0,20.0,0,0.0,25,25,2003-06-27,8428.0,True,False,2026-07-24,,,not penny/nano — price >= Rs100 and mcap >= Rs1000 Cr,
ABSL10BANK,,,,168.46,,0.044,0.005,36.0,2532.0,20.0,0,0.0,25,25,,,False,False,2026-07-24,,,"not in the NSE equity master (ETF / REIT / InvIT — not a company); illiquid: Rs4 lakh median daily turnover (floor Rs50 lakh); only 36 trades/day median — one operator's book, not a market","not in the NSE equity master (ETF / REIT / InvIT — not a company); illiquid: Rs4 lakh median daily turnover (floor Rs50 lakh); only 36 trades/day median — one operator's book, not a market"
ABSLAMC,Aditya Birla Sun Life AMC Limited,EQ,,1017.0,29418.0,39.131,14.236,24299.0,341944.0,20.0,0,0.0,25,25,2021-10-11,1747.0,True,False,2026-07-24,,,not penny/nano — price >= Rs100 and mcap >= Rs1000 Cr,
ABSLBANETF,,,price,58.25,,0.443,0.055,352.0,74599.0,20.0,0,0.0,25,25,,,False,False,2026-07-24,,,not in the NSE equity master (ETF / REIT / InvIT — not a company); illiquid: Rs44 lakh median daily turnover (floor Rs50 lakh),not in the NSE equity master (ETF / REIT / InvIT — not a company); illiquid: Rs44 lakh median daily turnover (floor Rs50 lakh)
ABSLLIQUID,,,,1000.0,,0.404,0.088,27.0,4042.0,5.0,0,0.0,25,25,,,False,False,2026-07-24,,,"not in the NSE equity master (ETF / REIT / InvIT — not a company); 5% circuit band — cannot exit on bad news; illiquid: Rs40 lakh median daily turnover (floor Rs50 lakh); only 27 trades/day median — one operator's book, not a market","not in the NSE equity master (ETF / REIT / InvIT — not a company); 5% circuit band — cannot exit on bad news; illiquid: Rs40 lakh median daily turnover (floor Rs50 lakh); only 27 trades/day median — one operator's book, not a market"
ABSLMSCIN,,,price,29.13,,0.014,0.0,28.0,4683.0,20.0,0,0.0,25,25,,,False,False,2026-07-24,,,"not in the NSE equity master (ETF / REIT / InvIT — not a company); illiquid: Rs1 lakh median daily turnover (floor Rs50 lakh); only 28 trades/day median — one operator's book, not a market","not in the NSE equity master (ETF / REIT / InvIT — not a company); illiquid: Rs1 lakh median daily turnover (floor Rs50 lakh); only 28 trades/day median — one operator's book, not a market"
ABSLNN50ET,,,price,75.56,,0.047,0.03,173.0,6220.0,20.0,0,0.0,25,25,,,False,False,2026-07-24,,,"not in the NSE equity master (ETF / REIT / InvIT — not a company); illiquid: Rs5 lakh median daily turnover (floor Rs50 lakh); only 173 trades/day median — one operator's book, not a market","not in the NSE equity master (ETF / REIT / InvIT — not a company); illiquid: Rs5 lakh median daily turnover (floor Rs50 lakh); only 173 trades/day median — one operator's book, not a market"
ABSLPSE,,,price,10.33,,0.133,0.048,377.0,129454.0,20.0,0,0.0,25,25,,,False,False,2026-07-24,,,not in the NSE equity master (ETF / REIT / InvIT — not a company); illiquid: Rs13 lakh median daily turnover (floor Rs50 lakh),not in the NSE equity master (ETF / REIT / InvIT — not a company); illiquid: Rs13 lakh median daily turnover (floor Rs50 lakh)
ACC,ACC Limited,EQ,,1340.9,26174.0,18.455,9.491,12677.0,136931.0,20.0,0,0.0,25,25,1996-11-20,10838.0,True,False,2026-07-24,,,not penny/nano — price >= Rs100 and mcap >= Rs1000 Cr,
ACCELYA,Accelya Solutions India Limited,EQ,,1158.9,1730.0,0.814,0.481,806.0,7198.0,20.0,0,0.0,25,25,1999-12-01,9732.0,False,False,2026-07-24,,,not penny/nano — price >= Rs100 and mcap >= Rs1000 Cr,
ACCURACY,Accuracy Shipping Limited,BE,price,5.47,,0.046,0.029,284.5,83165.5,5.0,0,0.0,8,8,2020-12-11,2051.0,False,False,2026-07-01,,,"series BE (trade-to-trade / SME — not normal rolling settlement); 5% circuit band — cannot exit on bad news; illiquid: Rs5 lakh median daily turnover (floor Rs50 lakh); only 284 trades/day median — one operator's book, not a market","series BE (trade-to-trade / SME — not normal rolling settlement); 5% circuit band — cannot exit on bad news; illiquid: Rs5 lakh median daily turnover (floor Rs50 lakh); only 284 trades/day median — one operator's book, not a market"
ACE,Action Construction Equipment Limited,EQ,,1039.4,11788.0,25.064,15.215,17231.0,250443.0,20.0,0,0.0,25,25,2006-09-26,7241.0,True,False,2026-07-24,,,not penny/nano — price >= Rs100 and mcap >= Rs1000 Cr,
ACEINTEG,Ace Integrated Solutions Limited,EQ,price,19.7,,0.01,0.002,56.0,4865.0,20.0,0,0.0,25,25,2022-11-04,1358.0,False,False,2026-07-24,,,"illiquid: Rs1 lakh median daily turnover (floor Rs50 lakh); only 56 trades/day median — one operator's book, not a market","illiquid: Rs1 lakh median daily turnover (floor Rs50 lakh); only 56 trades/day median — one operator's book, not a market"
ACI,Archean Chemical Industries Limited,EQ,,554.85,6662.0,7.088,2.276,9540.0,134137.0,20.0,0,0.0,25,25,2022-11-21,1341.0,True,False,2026-07-24,,,not penny/nano — price >= Rs100 and mcap >= Rs1000 Cr,
ACL,Andhra Cements Limited,EQ,price,47.06,,0.058,0.021,212.0,11417.0,10.0,0,0.0,25,25,2023-05-10,1171.0,False,False,2026-07-24,,,"illiquid: Rs6 lakh median daily turnover (floor Rs50 lakh); only 212 trades/day median — one operator's book, not a market","illiquid: Rs6 lakh median daily turnover (floor Rs50 lakh); only 212 trades/day median — one operator's book, not a market"
ACMESOLAR,Acme Solar Holdings Limited,EQ,,365.85,25861.0,63.434,25.026,37996.0,1611990.0,10.0,0,0.0,25,25,2024-11-13,618.0,True,False,2026-07-24,,,not penny/nano — price >= Rs100 and mcap >= Rs1000 Cr,
ACSTECH,ACS Technologies Limited,EQ,price,40.82,,0.752,0.129,776.0,173837.0,5.0,4,0.16,25,25,2026-04-20,95.0,False,False,2026-07-24,,,"5% circuit band — cannot exit on bad news; listed 95d ago — under a year of history, no trend to read","5% circuit band — cannot exit on bad news; listed 95d ago — under a year of history, no trend to read"
ACUTAAS,Acutaas Chemicals Limited,EQ,,3259.5,26686.0,109.116,59.095,29010.0,310324.0,20.0,0,0.0,25,25,2021-09-14,1774.0,True,False,2026-07-24,,LT Stage I,"ASM LT Stage I — surveillance: 100% margin, no intraday, no pledging","ASM LT Stage I — surveillance: 100% margin, no intraday, no pledging"
ADANIENSOL,Adani Energy Solutions Limited,EQ,,1702.2,204440.0,392.896,175.331,64946.0,2410451.0,,0,0.0,25,25,2015-07-31,4011.0,False,False,2026-07-24,,,not penny/nano — price >= Rs100 and mcap >= Rs1000 Cr,
ADANIENT,Adani Enterprises Limited,EQ,,3026.4,409597.0,527.469,303.871,68733.0,1726452.0,,0,0.0,25,25,1997-06-04,10642.0,False,False,2026-07-24,,,not penny/nano — price >= Rs100 and mcap >= Rs1000 Cr,
ADANIGREEN,Adani Green Energy Limited,EQ,,1395.1,229773.0,391.323,251.744,57533.0,2508984.0,,0,0.0,25,25,2018-06-18,2958.0,False,False,2026-07-24,,,not penny/nano — price >= Rs100 and mcap >= Rs1000 Cr,
ADANIPORTS,Adani Ports and Special Economic Zone Limited,EQ,,1768.3,407409.0,298.656,139.113,68718.0,1645113.0,,0,0.0,25,25,2007-11-27,6814.0,False,False,2026-07-24,,,not penny/nano — price >= Rs100 and mcap >= Rs1000 Cr,
ADANIPOWER,Adani Power Limited,EQ,,213.66,412037.0,623.454,387.546,114714.0,27392120.0,,0,0.0,25,25,2009-08-20,6182.0,False,False,2026-07-24,,,not penny/nano — price >= Rs100 and mcap >= Rs1000 Cr,
ADFFOODS,ADF Foods Limited,EQ,,307.05,3373.0,5.594,2.189,6294.0,182179.0,20.0,0,0.0,25,25,2010-09-15,5791.0,False,False,2026-07-24,,,not penny/nano — price >= Rs100 and mcap >= Rs1000 Cr,
ADL,Archidply Decor Limited,EQ,price,73.49,,0.006,0.0,26.5,802.5,20.0,0,0.0,24,24,2020-10-01,2122.0,False,False,2026-07-24,,LT Stage I,"ASM LT Stage I — surveillance: 100% margin, no intraday, no pledging; illiquid: Rs1 lakh median daily turnover (floor Rs50 lakh); only 26 trades/day median — one operator's book, not a market","ASM LT Stage I — surveillance: 100% margin, no intraday, no pledging; illiquid: Rs1 lakh median daily turnover (floor Rs50 lakh); only 26 trades/day median — one operator's book, not a market"
ADOR,Ador Welding Limited,EQ,,1493.9,2600.0,4.417,1.305,3172.0,33489.0,20.0,0,0.0,25,25,1995-05-10,11398.0,False,False,2026-07-24,,,not penny/nano — price >= Rs100 and mcap >= Rs1000 Cr,
ADROITINFO,Adroit Infotech Limited,EQ,price,9.25,,0.016,0.001,94.0,16994.0,20.0,0,0.0,25,25,1997-08-13,10572.0,False,False,2026-07-24,,,"illiquid: Rs2 lakh median daily turnover (floor Rs50 lakh); only 94 trades/day median — one operator's book, not a market","illiquid: Rs2 lakh median daily turnover (floor Rs50 lakh); only 94 trades/day median — one operator's book, not a market"
ADSL,Allied Digital Services Limited,EQ,mcap,118.14,668.0,1.393,1.02,2414.0,116301.0,20.0,0,0.0,25,25,2007-07-25,6939.0,False,False,2026-07-24,,,,
ADVAIT,Advait Energy Transitions Limited,EQ,,2252.4,2465.0,7.45,4.709,5256.0,34575.0,20.0,0,0.0,25,25,2026-01-20,185.0,False,False,2026-07-24,,,"listed 185d ago — under a year of history, no trend to read","listed 185d ago — under a year of history, no trend to read"
ADVANCE,Advance Agrolife Limited,EQ,mcap,109.89,706.0,2.936,1.019,2008.0,264846.0,20.0,0,0.0,25,25,2025-10-08,289.0,False,False,2026-07-24,,,"listed 289d ago — under a year of history, no trend to read","listed 289d ago — under a year of history, no trend to read"
ADVANIHOTR,Advani Hotels & Resorts (India) Limited,EQ,price,51.12,,0.125,0.038,526.0,23561.0,20.0,0,0.0,25,25,2007-06-25,6969.0,False,False,2026-07-24,,,illiquid: Rs12 lakh median daily turnover (floor Rs50 lakh),illiquid: Rs12 lakh median daily turnover (floor Rs50 lakh)
ADVENTHTL,Advent Hotels International Limited,EQ,mcap,142.31,768.0,1.948,0.67,3207.0,132888.0,20.0,0,0.0,25,25,2025-11-13,253.0,False,False,2026-07-24,,,"listed 253d ago — under a year of history, no trend to read","listed 253d ago — under a year of history, no trend to read"
ADVENZYMES,Advanced Enzyme Technologies Limited,EQ,,317.35,3556.0,7.152,2.852,6197.0,193399.0,20.0,0,0.0,25,25,2016-08-01,3644.0,True,False,2026-07-24,,,not penny/nano — price >= Rs100 and mcap >= Rs1000 Cr,
AEGISLOG,Aegis Logistics Limited,EQ,,1349.6,46522.0,365.329,75.339,73152.0,2812560.0,10.0,1,0.04,25,25,1996-04-03,11069.0,True,False,2026-07-24,,LT Stage I,"ASM LT Stage I — surveillance: 100% margin, no intraday, no pledging","ASM LT Stage I — surveillance: 100% margin, no intraday, no pledging"
AEGISVOPAK,Aegis Vopak Terminals Limited,EQ,,292.64,28523.0,53.924,5.669,29357.0,1932179.0,10.0,0,0.0,25,25,2025-06-02,417.0,True,False,2026-07-24,,,not penny/nano — price >= Rs100 and mcap >= Rs1000 Cr,
AEPL,Artemis Electricals and Projects Limited,EQ,price,14.96,,0.017,0.005,104.0,9965.0,10.0,0,0.0,25,25,2026-03-12,134.0,False,False,2026-07-24,,,"listed 134d ago — under a year of history, no trend to read; illiquid: Rs2 lakh median daily turnover (floor Rs50 lakh); only 104 trades/day median — one operator's book, not a market","listed 134d ago — under a year of history, no trend to read; illiquid: Rs2 lakh median daily turnover (floor Rs50 lakh); only 104 trades/day median — one operator's book, not a market"
AEQUS,Aequs Limited,EQ,,229.23,15864.0,141.039,34.633,51581.0,6066083.0,20.0,0,0.0,25,25,2025-12-10,226.0,True,False,2026-07-24,,LT Stage I,"ASM LT Stage I — surveillance: 100% margin, no intraday, no pledging; listed 226d ago — under a year of history, no trend to read","ASM LT Stage I — surveillance: 100% margin, no intraday, no pledging; listed 226d ago — under a year of history, no trend to read"
AEROENTER,Aeroflex Enterprises Limited,EQ,,127.3,1441.0,12.105,3.248,9105.0,873462.0,20.0,0,0.0,25,25,2022-11-21,1341.0,False,False,2026-07-24,,LT Stage I,"ASM LT Stage I — surveillance: 100% margin, no intraday, no pledging","ASM LT Stage I — surveillance: 100% margin, no intraday, no pledging"
AEROFLEX,Aeroflex Industries Limited,EQ,,420.85,5569.0,63.485,21.37,24705.0,1363185.0,10.0,1,0.04,25,25,2023-08-31,1058.0,False,False,2026-07-24,,LT Stage I,"ASM LT Stage I — surveillance: 100% margin, no intraday, no pledging","ASM LT Stage I — surveillance: 100% margin, no intraday, no pledging"
AERONEU,Aeroflex Neu Limited,EQ,price,85.38,,0.468,0.354,553.0,51762.0,20.0,0,0.0,25,25,2023-01-12,1289.0,False,False,2026-07-24,,LT Stage I,"ASM LT Stage I — surveillance: 100% margin, no intraday, no pledging; illiquid: Rs47 lakh median daily turnover (floor Rs50 lakh)","ASM LT Stage I — surveillance: 100% margin, no intraday, no pledging; illiquid: Rs47 lakh median daily turnover (floor Rs50 lakh)"
AEROPLANE,Amir Chand Jagdish Kumar (Exports) Limited,EQ,,187.84,1950.0,15.289,5.941,3619.0,795916.0,5.0,0,0.0,5,5,2026-04-02,113.0,False,False,2026-07-24,,ST Stage I,"ASM ST Stage I — surveillance: 100% margin, no intraday, no pledging; 5% circuit band — cannot exit on bad news; listed 113d ago — under a year of history, no trend to read","ASM ST Stage I — surveillance: 100% margin, no intraday, no pledging; 5% circuit band — cannot exit on bad news; listed 113d ago — under a year of history, no trend to read"
AETHER,Aether Industries Limited,EQ,,1427.5,18945.0,37.696,13.923,27217.0,278645.0,20.0,0,0.0,25,25,2022-06-03,1512.0,True,False,2026-07-24,,,not penny/nano — price >= Rs100 and mcap >= Rs1000 Cr,
AFCONS,Afcons Infrastructure Limited,EQ,,285.95,11480.0,11.478,5.436,8963.0,369030.0,20.0,0,0.0,25,25,2024-11-04,627.0,True,False,2026-07-24,,,not penny/nano — price >= Rs100 and mcap >= Rs1000 Cr,
AFFLE,Affle 3i Limited,EQ,,1445.3,20621.0,27.946,14.728,15894.0,191012.0,20.0,0,0.0,25,25,2019-08-08,2542.0,True,False,2026-07-24,,,not penny/nano — price >= Rs100 and mcap >= Rs1000 Cr,
AFIL,Akme Fintrade (India) Limited,EQ,price+mcap,9.21,405.0,1.007,0.728,824.0,1056955.0,10.0,0,0.0,5,5,2024-06-26,758.0,False,False,2026-07-24,,,,
AFSL,Abans Financial Services Limited,EQ,,201.0,,0.107,0.012,71.0,5328.0,20.0,0,0.0,25,25,2022-12-23,1309.0,False,False,2026-07-24,,,"illiquid: Rs11 lakh median daily turnover (floor Rs50 lakh); only 71 trades/day median — one operator's book, not a market","illiquid: Rs11 lakh median daily turnover (floor Rs50 lakh); only 71 trades/day median — one operator's book, not a market"
AGARIND,Agarwal Industrial Corporation Limited,EQ,mcap,477.7,715.0,2.068,0.983,2021.0,41197.0,20.0,0,0.0,25,25,2014-05-26,4442.0,False,False,2026-07-24,,,,
AGARWALEYE,Dr. Agarwal's Health Care Limited,EQ,,478.9,15139.0,3.144,1.171,8170.0,66499.0,20.0,0,0.0,25,25,2025-02-04,535.0,True,False,2026-07-24,,,not penny/nano — price >= Rs100 and mcap >= Rs1000 Cr,
AGI,AGI Greenpac Limited,EQ,,672.85,4353.0,5.325,3.007,4559.0,76033.0,20.0,0,0.0,25,25,2000-05-31,9550.0,False,False,2026-07-24,,,not penny/nano — price >= Rs100 and mcap >= Rs1000 Cr,
AGIIL,Agi Infra Limited,EQ,,311.75,3897.0,71.877,13.284,11639.0,2108704.0,20.0,0,0.0,25,25,2024-07-15,739.0,False,False,2026-07-24,,,not penny/nano — price >= Rs100 and mcap >= Rs1000 Cr,
AGL,Allcargo Global Limited,EQ,price,12.58,,5.583,3.182,10085.5,4263356.5,10.0,0,0.0,6,6,2026-07-03,21.0,False,False,2026-07-24,,,"listed 21d ago — under a year of history, no trend to read","listed 21d ago — under a year of history, no trend to read"
AGROPHOS,Agro Phos India Limited,EQ,price,29.04,,0.022,0.005,115.0,7519.0,20.0,0,0.0,25,25,2019-03-08,2695.0,False,False,2026-07-24,,,"illiquid: Rs2 lakh median daily turnover (floor Rs50 lakh); only 115 trades/day median — one operator's book, not a market","illiquid: Rs2 lakh median daily turnover (floor Rs50 lakh); only 115 trades/day median — one operator's book, not a market"
AHCL,Anlon Healthcare Limited,EQ,price,15.01,,5.642,2.271,5436.0,3489328.0,20.0,0,0.0,25,25,2025-09-03,324.0,False,False,2026-07-24,,,"listed 324d ago — under a year of history, no trend to read","listed 324d ago — under a year of history, no trend to read"
AHLADA,Ahlada Engineers Limited,EQ,price,38.01,,0.027,0.009,106.0,7014.0,20.0,0,0.0,25,25,2021-01-28,2003.0,False,False,2026-07-24,,,"illiquid: Rs3 lakh median daily turnover (floor Rs50 lakh); only 106 trades/day median — one operator's book, not a market","illiquid: Rs3 lakh median daily turnover (floor Rs50 lakh); only 106 trades/day median — one operator's book, not a market"
AHLEAST,Asian Hotels (East) Limited,EQ,,146.23,,0.045,0.003,78.0,3036.0,20.0,0,0.0,25,25,2010-08-11,5826.0,False,False,2026-07-24,,,"illiquid: Rs4 lakh median daily turnover (floor Rs50 lakh); only 78 trades/day median — one operator's book, not a market","illiquid: Rs4 lakh median daily turnover (floor Rs50 lakh); only 78 trades/day median — one operator's book, not a market"
AHLUCONT,Ahluwalia Contracts (India) Limited,EQ,,827.7,5556.0,2.087,1.292,3674.0,25134.0,20.0,0,0.0,25,25,2009-12-14,6066.0,True,False,2026-07-24,,,not penny/nano — price >= Rs100 and mcap >= Rs1000 Cr,
AIAENG,AIA Engineering Limited,EQ,,4583.0,42769.0,43.108,14.723,19789.0,92253.0,20.0,0,0.0,25,25,2005-12-14,7527.0,True,False,2026-07-24,,,not penny/nano — price >= Rs100 and mcap >= Rs1000 Cr,
AIIL,Authum Investment & Infrastructure Limited,EQ,,531.1,44563.0,16.472,3.199,12756.0,317275.0,20.0,0,0.0,25,25,2024-04-23,822.0,True,False,2026-07-24,,,not penny/nano — price >= Rs100 and mcap >= Rs1000 Cr,
AIRAN,Airan Limited,EQ,price,15.03,,0.074,0.023,230.0,45906.0,20.0,0,0.0,25,25,2019-05-03,2639.0,False,False,2026-07-24,,,"illiquid: Rs7 lakh median daily turnover (floor Rs50 lakh); only 230 trades/day median — one operator's book, not a market","illiquid: Rs7 lakh median daily turnover (floor Rs50 lakh); only 230 trades/day median — one operator's book, not a market"
AIROLAM,Airo Lam limited,EQ,price,85.88,,0.032,0.007,80.0,3628.0,20.0,1,0.04,25,25,2021-10-13,1745.0,False,False,2026-07-24,,,"illiquid: Rs3 lakh median daily turnover (floor Rs50 lakh); only 80 trades/day median — one operator's book, not a market","illiquid: Rs3 lakh median daily turnover (floor Rs50 lakh); only 80 trades/day median — one operator's book, not a market"
AJANTPHARM,Ajanta Pharma Limited,EQ,,3369.5,42097.0,30.41,11.945,17088.0,89241.0,20.0,0,0.0,25,25,2000-05-29,9552.0,True,False,2026-07-24,,,not penny/nano — price >= Rs100 and mcap >= Rs1000 Cr,
AJAXENGG,Ajax Engineering Limited,EQ,,567.6,6494.0,2.43,0.985,3349.0,43099.0,10.0,1,0.04,25,25,2025-02-17,522.0,False,False,2026-07-24,,,not penny/nano — price >= Rs100 and mcap >= Rs1000 Cr,
AJMERA,Ajmera Realty & Infra India Limited,EQ,,122.57,2412.0,6.562,2.065,6291.0,494443.0,20.0,0,0.0,25,25,2009-06-16,6247.0,False,False,2026-07-24,,,not penny/nano — price >= Rs100 and mcap >= Rs1000 Cr,
AJOONI,Ajooni Biotech Limited,EQ,price,4.03,,0.158,0.043,549.0,384411.0,20.0,0,0.0,25,25,2021-05-07,1904.0,False,False,2026-07-24,,,price Rs4.03 below the Rs5 floor (tick size ~1% of price; the spread eats the edge); illiquid: Rs16 lakh median daily turnover (floor Rs50 lakh),price Rs4.03 below the Rs5 floor (tick size ~1% of price; the spread eats the edge); illiquid: Rs16 lakh median daily turnover (floor Rs50 lakh)
AKASH,Akash Infra-Projects Limited,EQ,price,26.95,,0.015,0.001,47.0,5692.0,20.0,0,0.0,25,25,2019-10-11,2478.0,False,False,2026-07-24,,,"illiquid: Rs2 lakh median daily turnover (floor Rs50 lakh); only 47 trades/day median — one operator's book, not a market","illiquid: Rs2 lakh median daily turnover (floor Rs50 lakh); only 47 trades/day median — one operator's book, not a market"
AKCAPIT,AK Capital Services Limited,EQ,,1759.5,,0.524,0.12,290.0,2960.0,20.0,0,0.0,25,25,2026-04-20,95.0,False,False,2026-07-24,,,"listed 95d ago — under a year of history, no trend to read; only 290 trades/day median — one operator's book, not a market","listed 95d ago — under a year of history, no trend to read; only 290 trades/day median — one operator's book, not a market"
AKG,Akg Exim Limited,EQ,price,10.46,,0.012,0.002,96.0,10916.0,20.0,0,0.0,25,25,2021-02-16,1984.0,False,False,2026-07-24,,,"illiquid: Rs1 lakh median daily turnover (floor Rs50 lakh); only 96 trades/day median — one operator's book, not a market","illiquid: Rs1 lakh median daily turnover (floor Rs50 lakh); only 96 trades/day median — one operator's book, not a market"
AKI,AKI India Limited,EQ,price,4.26,,0.031,0.008,216.0,70167.0,20.0,0,0.0,25,25,2023-04-06,1205.0,False,False,2026-07-24,,,"price Rs4.26 below the Rs5 floor (tick size ~1% of price; the spread eats the edge); illiquid: Rs3 lakh median daily turnover (floor Rs50 lakh); only 216 trades/day median — one operator's book, not a market","price Rs4.26 below the Rs5 floor (tick size ~1% of price; the spread eats the edge); illiquid: Rs3 lakh median daily turnover (floor Rs50 lakh); only 216 trades/day median — one operator's book, not a market"
AKSHAR,Akshar Spintex Limited,EQ,price,0.42,,0.022,0.008,242.0,510519.0,20.0,0,0.0,25,25,2022-05-23,1523.0,False,False,2026-07-24,,,"price Rs0.42 below the Rs5 floor (tick size ~1% of price; the spread eats the edge); illiquid: Rs2 lakh median daily turnover (floor Rs50 lakh); only 242 trades/day median — one operator's book, not a market","price Rs0.42 below the Rs5 floor (tick size ~1% of price; the spread eats the edge); illiquid: Rs2 lakh median daily turnover (floor Rs50 lakh); only 242 trades/day median — one operator's book, not a market"
AKSHARCHEM,AksharChem India Limited,BE,,242.9,,0.459,0.194,1290.0,18738.0,5.0,1,0.125,8,8,2017-03-28,3405.0,False,False,2026-07-01,,,series BE (trade-to-trade / SME — not normal rolling settlement); 5% circuit band — cannot exit on bad news; illiquid: Rs46 lakh median daily turnover (floor Rs50 lakh),series BE (trade-to-trade / SME — not normal rolling settlement); 5% circuit band — cannot exit on bad news; illiquid: Rs46 lakh median daily turnover (floor Rs50 lakh)
AKUMS,Akums Drugs and Pharmaceuticals Limited,EQ,,687.3,10818.0,16.139,6.745,14152.0,231402.0,10.0,0,0.0,25,25,2024-08-06,717.0,True,False,2026-07-24,,,not penny/nano — price >= Rs100 and mcap >= Rs1000 Cr,
ALANKIT,Alankit Limited,EQ,price,7.96,,0.085,0.03,426.0,104612.0,20.0,0,0.0,25,25,2015-06-30,4042.0,False,False,2026-07-24,,,illiquid: Rs8 lakh median daily turnover (floor Rs50 lakh),illiquid: Rs8 lakh median daily turnover (floor Rs50 lakh)
ALBERTDAVD,Albert David Limited,EQ,,698.35,,0.114,0.03,131.0,1611.0,20.0,0,0.0,25,25,2016-06-14,3692.0,False,False,2026-07-24,,,"illiquid: Rs11 lakh median daily turnover (floor Rs50 lakh); only 131 trades/day median — one operator's book, not a market","illiquid: Rs11 lakh median daily turnover (floor Rs50 lakh); only 131 trades/day median — one operator's book, not a market"
ALEMBICLTD,Alembic Limited,EQ,price,87.94,2258.0,1.894,0.833,1861.0,206773.0,20.0,0,0.0,25,25,1999-09-22,9802.0,False,False,2026-07-24,,,,
ALGOQUANT,Algoquant Fintech Limited,EQ,price,68.41,,6.733,5.69,3821.0,1167609.0,20.0,0,0.0,25,25,2026-01-06,199.0,False,False,2026-07-24,,,"listed 199d ago — under a year of history, no trend to read","listed 199d ago — under a year of history, no trend to read"
ALICON,Alicon Castalloy Limited,EQ,,636.35,1044.0,0.708,0.291,777.0,11226.0,20.0,0,0.0,25,25,2006-09-29,7238.0,False,False,2026-07-24,,,not penny/nano — price >= Rs100 and mcap >= Rs1000 Cr,
ALIVUS,Alivus Life Sciences Limited,EQ,,1101.2,13516.0,8.42,3.096,7892.0,72465.0,20.0,0,0.0,25,25,2021-08-06,1813.0,True,False,2026-07-24,,,not penny/nano — price >= Rs100 and mcap >= Rs1000 Cr,
ALKEM,Alkem Laboratories Limited,EQ,,5633.5,66508.0,61.599,15.814,19507.0,109986.0,,0,0.0,25,25,2015-12-23,3866.0,True,False,2026-07-24,,,not penny/nano — price >= Rs100 and mcap >= Rs1000 Cr,
ALKYLAMINE,Alkyl Amines Chemicals Limited,EQ,,1789.5,9344.0,14.405,4.321,11400.0,78213.0,20.0,0,0.0,25,25,2007-11-26,6815.0,True,False,2026-07-24,,,not penny/nano — price >= Rs100 and mcap >= Rs1000 Cr,
ALLCARGO,Allcargo Logistics Limited,EQ,price,8.06,1207.0,3.134,1.917,6160.0,3812058.0,20.0,0,0.0,25,25,2006-06-23,7336.0,False,False,2026-07-24,,,,
ALLDIGI,Alldigi Tech Limited,EQ,,822.75,,0.399,0.104,483.0,4866.0,20.0,0,0.0,25,25,2005-05-09,7746.0,False,False,2026-07-24,,,illiquid: Rs40 lakh median daily turnover (floor Rs50 lakh),illiquid: Rs40 lakh median daily turnover (floor Rs50 lakh)
ALLTIME,All Time Plastics Limited,EQ,,220.87,1447.0,1.218,0.458,1200.0,50962.0,20.0,0,0.0,25,25,2025-08-14,344.0,False,False,2026-07-24,,,"listed 344d ago — under a year of history, no trend to read","listed 344d ago — under a year of history, no trend to read"
ALMONDZ,Almondz Global Securities Limited,EQ,price,12.86,,0.084,0.024,203.0,62750.0,20.0,0,0.0,25,25,2008-06-16,6612.0,False,False,2026-07-24,,,"illiquid: Rs8 lakh median daily turnover (floor Rs50 lakh); only 203 trades/day median — one operator's book, not a market","illiquid: Rs8 lakh median daily turnover (floor Rs50 lakh); only 203 trades/day median — one operator's book, not a market"
ALOKINDS,Alok Industries Limited,EQ,,12.07,5993.0,5.12,3.003,6508.0,4151602.0,20.0,0,0.0,25,25,2020-02-19,2347.0,True,False,2026-07-24,,,"not penny/nano — too big on both arms: a Rs12 share of a Rs5,993 Cr company (the price arm's ceiling is Rs5,000 Cr — a cheap share is not a small company)",
ALPA,Alpa Laboratories Limited,EQ,price,67.17,,0.06,0.026,186.0,8827.0,20.0,0,0.0,25,25,2007-08-06,6927.0,False,False,2026-07-24,,,"illiquid: Rs6 lakh median daily turnover (floor Rs50 lakh); only 186 trades/day median — one operator's book, not a market","illiquid: Rs6 lakh median daily turnover (floor Rs50 lakh); only 186 trades/day median — one operator's book, not a market"
ALPHA,,,price,50.84,,4.997,2.564,2441.0,955960.0,20.0,0,0.0,25,25,,,False,False,2026-07-24,,,not in the NSE equity master (ETF / REIT / InvIT — not a company),not in the NSE equity master (ETF / REIT / InvIT — not a company)
ALPHAETF,,,price,25.56,,0.889,0.318,897.0,343453.0,20.0,0,0.0,25,25,,,False,False,2026-07-24,,,not in the NSE equity master (ETF / REIT / InvIT — not a company),not in the NSE equity master (ETF / REIT / InvIT — not a company)
ALPHAGEO,Alphageo (India) Limited,EQ,,204.65,,0.084,0.013,148.0,4206.0,20.0,0,0.0,25,25,2007-05-11,7014.0,False,False,2026-07-24,,LT Stage I,"ASM LT Stage I — surveillance: 100% margin, no intraday, no pledging; illiquid: Rs8 lakh median daily turnover (floor Rs50 lakh); only 148 trades/day median — one operator's book, not a market","ASM LT Stage I — surveillance: 100% margin, no intraday, no pledging; illiquid: Rs8 lakh median daily turnover (floor Rs50 lakh); only 148 trades/day median — one operator's book, not a market"
ALPL30IETF,,,price,27.75,,1.026,0.402,839.0,377263.0,20.0,0,0.0,25,25,,,False,False,2026-07-24,,,not in the NSE equity master (ETF / REIT / InvIT — not a company),not in the NSE equity master (ETF / REIT / InvIT — not a company)
AMAGI,Amagi Media Labs Limited,EQ,,609.05,13178.0,23.289,4.718,19641.0,401197.0,20.0,0,0.0,25,25,2026-01-21,184.0,False,False,2026-07-24,,,"listed 184d ago — under a year of history, no trend to read","listed 184d ago — under a year of history, no trend to read"
AMBALALSA,Ambalal Sarabhai Enterprises Limited,EQ,price,32.39,,0.121,0.04,374.0,38326.0,20.0,0,0.0,25,25,2026-04-20,95.0,False,False,2026-07-24,,,"listed 95d ago — under a year of history, no trend to read; illiquid: Rs12 lakh median daily turnover (floor Rs50 lakh)","listed 95d ago — under a year of history, no trend to read; illiquid: Rs12 lakh median daily turnover (floor Rs50 lakh)"
AMBER,Amber Enterprises India Limited,EQ,,7261.5,26396.0,205.786,100.559,28411.0,268126.0,,0,0.0,25,25,2018-01-30,3097.0,True,False,2026-07-24,,,not penny/nano — price >= Rs100 and mcap >= Rs1000 Cr,
AMBICAAGAR,Ambica Agarbathies & Aroma industries Limited,EQ,price,24.64,,0.007,0.0,34.0,2953.0,20.0,0,0.0,25,25,2004-06-29,8060.0,False,False,2026-07-24,,,"illiquid: Rs1 lakh median daily turnover (floor Rs50 lakh); only 34 trades/day median — one operator's book, not a market","illiquid: Rs1 lakh median daily turnover (floor Rs50 lakh); only 34 trades/day median — one operator's book, not a market"
AMBIKCO,Ambika Cotton Mills Limited,EQ,mcap,1708.2,978.0,1.516,0.612,1558.0,8718.0,20.0,0,0.0,25,25,2008-01-29,6751.0,False,False,2026-07-24,,,,
AMBUJACEM,Ambuja Cements Limited,EQ,,425.15,105642.0,102.504,31.695,29354.0,2327392.0,,0,0.0,25,25,1998-02-18,10383.0,False,False,2026-07-24,,,not penny/nano — price >= Rs100 and mcap >= Rs1000 Cr,
AMDIND,AMD Industries Limited,EQ,price,49.68,,0.057,0.017,191.0,12584.0,20.0,0,0.0,25,25,2007-03-19,7067.0,False,False,2026-07-24,,LT Stage I,"ASM LT Stage I — surveillance: 100% margin, no intraday, no pledging; illiquid: Rs6 lakh median daily turnover (floor Rs50 lakh); only 191 trades/day median — one operator's book, not a market","ASM LT Stage I — surveillance: 100% margin, no intraday, no pledging; illiquid: Rs6 lakh median daily turnover (floor Rs50 lakh); only 191 trades/day median — one operator's book, not a market"
AMIRCHAND,,,,185.11,,15.114,3.736,6417.0,990025.0,,0,0.0,20,20,,,False,False,2026-07-17,,,"not in the NSE equity master (ETF / REIT / InvIT — not a company); GSM stage nan — exchange surveillance, periodic call auction","not in the NSE equity master (ETF / REIT / InvIT — not a company); GSM stage nan — exchange surveillance, periodic call auction"
AMJLAND,Amj Land Holdings Limited,EQ,price,37.99,,0.024,0.006,122.0,6335.0,20.0,0,0.0,25,25,1995-02-08,11489.0,False,False,2026-07-24,,,"illiquid: Rs2 lakh median daily turnover (floor Rs50 lakh); only 122 trades/day median — one operator's book, not a market","illiquid: Rs2 lakh median daily turnover (floor Rs50 lakh); only 122 trades/day median — one operator's book, not a market"
AMNPLST,Amines & Plasticizers Limited,EQ,,194.27,,0.15,0.045,388.0,7672.0,20.0,0,0.0,25,25,2023-11-10,987.0,False,False,2026-07-24,,,illiquid: Rs15 lakh median daily turnover (floor Rs50 lakh),illiquid: Rs15 lakh median daily turnover (floor Rs50 lakh)
AMRUTANJAN,Amrutanjan Health Care Limited,EQ,,509.0,1472.0,2.117,0.782,1849.0,39591.0,20.0,0,0.0,25,25,2015-01-02,4221.0,False,False,2026-07-24,,,not penny/nano — price >= Rs100 and mcap >= Rs1000 Cr,
ANANDRATHI,Anand Rathi Wealth Limited,EQ,,2042.1,33907.0,72.041,22.652,24181.0,348980.0,20.0,0,0.0,25,25,2021-12-14,1683.0,True,False,2026-07-24,,,not penny/nano — price >= Rs100 and mcap >= Rs1000 Cr,
ANANTRAJ,Anant Raj Limited,EQ,,586.55,19962.0,109.488,43.933,36654.0,1983441.0,20.0,0,0.0,25,25,2006-09-27,7240.0,True,False,2026-07-24,,,not penny/nano — price >= Rs100 and mcap >= Rs1000 Cr,
ANDHRAPAP,ANDHRA PAPER LIMITED,EQ,price,61.33,,0.377,0.109,1014.0,61240.0,20.0,0,0.0,25,25,2004-05-13,8107.0,False,False,2026-07-24,,,illiquid: Rs38 lakh median daily turnover (floor Rs50 lakh),illiquid: Rs38 lakh median daily turnover (floor Rs50 lakh)
ANDHRSUGAR,The Andhra Sugars Limited,EQ,price,86.33,1170.0,2.42,0.663,2873.0,290453.0,20.0,0,0.0,25,25,1995-11-01,11223.0,False,False,2026-07-24,,,,
ANGELONE,Angel One Limited,EQ,,307.95,28132.0,209.708,104.815,54835.0,6434814.0,,0,0.0,25,25,2020-10-05,2118.0,True,False,2026-07-24,,,not penny/nano — price >= Rs100 and mcap >= Rs1000 Cr,
ANMOL,Anmol India Limited,EQ,price,10.14,,0.022,0.009,149.0,19300.0,20.0,0,0.0,25,25,2021-06-04,1876.0,False,False,2026-07-24,,,"illiquid: Rs2 lakh median daily turnover (floor Rs50 lakh); only 149 trades/day median — one operator's book, not a market","illiquid: Rs2 lakh median daily turnover (floor Rs50 lakh); only 149 trades/day median — one operator's book, not a market"
ANTELOPUS,Antelopus Selan Energy Limited,EQ,,894.45,,8.093,3.807,5171.0,99108.0,5.0,2,0.08,25,25,2006-09-26,7241.0,False,False,2026-07-24,,,5% circuit band — cannot exit on bad news,5% circuit band — cannot exit on bad news
ANTGRAPHIC,Antarctica Limited,EQ,price,0.75,,0.011,0.005,169.0,133050.0,20.0,0,0.0,25,25,1997-12-31,10432.0,False,False,2026-07-24,,,"price Rs0.75 below the Rs5 floor (tick size ~1% of price; the spread eats the edge); illiquid: Rs1 lakh median daily turnover (floor Rs50 lakh); only 169 trades/day median — one operator's book, not a market","price Rs0.75 below the Rs5 floor (tick size ~1% of price; the spread eats the edge); illiquid: Rs1 lakh median daily turnover (floor Rs50 lakh); only 169 trades/day median — one operator's book, not a market"
ANTHEM,Anthem Biosciences Limited,EQ,,769.9,43417.0,39.219,15.204,28436.0,500806.0,20.0,0,0.0,25,25,2025-07-21,368.0,True,False,2026-07-24,,,not penny/nano — price >= Rs100 and mcap >= Rs1000 Cr,
ANUHPHR,Anuh Pharma Limited,EQ,price,79.07,,0.333,0.13,1033.0,40967.0,20.0,0,0.0,25,25,2024-12-20,581.0,False,False,2026-07-24,,,illiquid: Rs33 lakh median daily turnover (floor Rs50 lakh),illiquid: Rs33 lakh median daily turnover (floor Rs50 lakh)
ANUP,The Anup Engineering Limited,EQ,,2119.6,4634.0,5.516,1.673,4127.0,24303.0,20.0,0,0.0,25,25,2019-03-01,2702.0,True,False,2026-07-24,,,not penny/nano — price >= Rs100 and mcap >= Rs1000 Cr,
ANURAS,Anupam Rasayan India Limited,EQ,,1249.6,14458.0,30.856,12.004,5240.0,243209.0,20.0,0,0.0,25,25,2021-03-24,1948.0,True,False,2026-07-24,,,not penny/nano — price >= Rs100 and mcap >= Rs1000 Cr,
AONEGOLD,,,price,13.3,,0.562,0.232,1374.0,422691.0,20.0,0,0.0,25,25,,,False,False,2026-07-24,,,not in the NSE equity master (ETF / REIT / InvIT — not a company),not in the NSE equity master (ETF / REIT / InvIT — not a company)
AONELIQUID,,,,1069.79,,1.682,0.483,127.0,15762.0,5.0,0,0.0,25,25,,,False,False,2026-07-24,,,"not in the NSE equity master (ETF / REIT / InvIT — not a company); 5% circuit band — cannot exit on bad news; only 127 trades/day median — one operator's book, not a market","not in the NSE equity master (ETF / REIT / InvIT — not a company); 5% circuit band — cannot exit on bad news; only 127 trades/day median — one operator's book, not a market"
AONENIFTY,,,price,9.82,,0.16,0.083,1074.0,161910.0,20.0,0,0.0,25,25,,,False,False,2026-07-24,,,not in the NSE equity master (ETF / REIT / InvIT — not a company); illiquid: Rs16 lakh median daily turnover (floor Rs50 lakh),not in the NSE equity master (ETF / REIT / InvIT — not a company); illiquid: Rs16 lakh median daily turnover (floor Rs50 lakh)
AONESILVER,,,price,8.39,,0.478,0.25,1233.0,568548.0,20.0,0,0.0,25,25,,,False,False,2026-07-24,,,not in the NSE equity master (ETF / REIT / InvIT — not a company); illiquid: Rs48 lakh median daily turnover (floor Rs50 lakh),not in the NSE equity master (ETF / REIT / InvIT — not a company); illiquid: Rs48 lakh median daily turnover (floor Rs50 lakh)
AONETMMQ50,,,price,9.94,,0.082,0.028,304.0,79362.0,20.0,0,0.0,25,25,,,False,False,2026-07-24,,,not in the NSE equity master (ETF / REIT / InvIT — not a company); illiquid: Rs8 lakh median daily turnover (floor Rs50 lakh),not in the NSE equity master (ETF / REIT / InvIT — not a company); illiquid: Rs8 lakh median daily turnover (floor Rs50 lakh)
AONETOTAL,,,price,11.68,,0.212,0.077,1198.0,179219.0,20.0,0,0.0,25,25,,,False,False,2026-07-24,,,not in the NSE equity master (ETF / REIT / InvIT — not a company); illiquid: Rs21 lakh median daily turnover (floor Rs50 lakh),not in the NSE equity master (ETF / REIT / InvIT — not a company); illiquid: Rs21 lakh median daily turnover (floor Rs50 lakh)
APARINDS,Apar Industries Limited,EQ,,13889.0,55798.0,183.44,68.59,31042.0,119371.0,20.0,0,0.0,25,25,2004-07-12,8047.0,True,False,2026-07-24,,,not penny/nano — price >= Rs100 and mcap >= Rs1000 Cr,
APCL,Anjani Portland Cement Limited,EQ,,102.97,,0.061,0.009,141.0,5866.0,20.0,0,0.0,25,25,2017-04-10,3392.0,False,False,2026-07-24,,,"illiquid: Rs6 lakh median daily turnover (floor Rs50 lakh); only 141 trades/day median — one operator's book, not a market","illiquid: Rs6 lakh median daily turnover (floor Rs50 lakh); only 141 trades/day median — one operator's book, not a market"
APCOTEXIND,Apcotex Industries Limited,EQ,,561.05,2909.0,4.829,1.701,4019.0,90850.0,20.0,0,0.0,25,25,1995-09-06,11279.0,False,False,2026-07-24,,,not penny/nano — price >= Rs100 and mcap >= Rs1000 Cr,
APEX,Apex Frozen Foods Limited,EQ,,381.0,1191.0,4.544,2.305,4098.0,113413.0,20.0,0,0.0,25,25,2017-09-04,3245.0,False,False,2026-07-24,,,not penny/nano — price >= Rs100 and mcap >= Rs1000 Cr,
APLAPOLLO,APL Apollo Tubes Limited,EQ,,1822.8,49645.0,93.21,38.305,29926.0,502095.0,,0,0.0,25,25,2011-12-14,5336.0,True,False,2026-07-24,,,not penny/nano — price >= Rs100 and mcap >= Rs1000 Cr,
APLLTD,Alembic Pharmaceuticals Limited,EQ,,797.6,15678.0,8.45,1.688,8634.0,101420.0,20.0,0,0.0,25,25,2011-09-20,5421.0,True,False,2026-07-24,,,not penny/nano — price >= Rs100 and mcap >= Rs1000 Cr,
APOLLO,Apollo Micro Systems Limited,EQ,,394.3,14652.0,410.18,142.848,97929.0,10218594.0,20.0,0,0.0,25,25,2018-01-22,3105.0,True,False,2026-07-24,,LT Stage I,"ASM LT Stage I — surveillance: 100% margin, no intraday, no pledging","ASM LT Stage I — surveillance: 100% margin, no intraday, no pledging"
APOLLOHOSP,Apollo Hospitals Enterprise Limited,EQ,,8805.5,126610.0,233.538,127.632,34505.0,264694.0,,0,0.0,25,25,1996-01-10,11153.0,False,False,2026-07-24,,,not penny/nano — price >= Rs100 and mcap >= Rs1000 Cr,
APOLLOPIPE,Apollo Pipes Limited,EQ,,490.3,2160.0,4.387,1.375,3201.0,85372.0,20.0,0,0.0,25,25,2019-11-11,2447.0,False,False,2026-07-24,,,not penny/nano — price >= Rs100 and mcap >= Rs1000 Cr,
APOLLOTYRE,Apollo Tyres Limited,EQ,,419.65,28484.0,30.488,6.819,19748.0,713234.0,20.0,0,0.0,25,25,1995-05-31,11377.0,True,False,2026-07-24,,,not penny/nano — price >= Rs100 and mcap >= Rs1000 Cr,
APOLSINHOT,Apollo Sindoori Hotels Limited,EQ,,1173.0,,0.098,0.029,131.0,833.0,20.0,0,0.0,25,25,2015-01-28,4195.0,False,False,2026-07-24,,,"illiquid: Rs10 lakh median daily turnover (floor Rs50 lakh); only 131 trades/day median — one operator's book, not a market","illiquid: Rs10 lakh median daily turnover (floor Rs50 lakh); only 131 trades/day median — one operator's book, not a market"
APTUS,Aptus Value Housing Finance India Limited,EQ,,277.15,14415.0,25.941,7.288,23455.0,932035.0,20.0,0,0.0,25,25,2021-08-24,1795.0,True,False,2026-07-24,,,not penny/nano — price >= Rs100 and mcap >= Rs1000 Cr,
AQYLON,Aqylon Nexus Limited,EQ,price,26.25,,4.472,0.185,3033.0,1144297.0,5.0,10,0.4,25,25,2024-04-01,844.0,False,False,2026-07-24,0.0,,"GSM stage 0 — exchange surveillance, periodic call auction; 5% circuit band — cannot exit on bad news; closed at circuit on 40% of sessions — a stop cannot fill in a locked market","GSM stage 0 — exchange surveillance, periodic call auction; 5% circuit band — cannot exit on bad news; closed at circuit on 40% of sessions — a stop cannot fill in a locked market"
ARCHIDPLY,Archidply Industries Limited,EQ,price,82.94,,0.037,0.004,74.0,4625.0,20.0,0,0.0,25,25,2008-07-04,6594.0,False,False,2026-07-24,,,"illiquid: Rs4 lakh median daily turnover (floor Rs50 lakh); only 74 trades/day median — one operator's book, not a market","illiquid: Rs4 lakh median daily turnover (floor Rs50 lakh); only 74 trades/day median — one operator's book, not a market"
ARCHIES,Archies Limited,EQ,price,13.75,,0.022,0.003,84.0,15161.0,20.0,0,0.0,25,25,1998-09-02,10187.0,False,False,2026-07-24,,,"illiquid: Rs2 lakh median daily turnover (floor Rs50 lakh); only 84 trades/day median — one operator's book, not a market","illiquid: Rs2 lakh median daily turnover (floor Rs50 lakh); only 84 trades/day median — one operator's book, not a market"
ARE&M,Amara Raja Energy & Mobility Limited,EQ,,872.9,15651.0,55.178,20.373,33818.0,643968.0,20.0,0,0.0,25,25,2003-09-05,8358.0,True,False,2026-07-24,,,not penny/nano — price >= Rs100 and mcap >= Rs1000 Cr,
ARENTERP,Rajdarshan Industries Limited,EQ,price,44.24,,0.005,0.0,36.0,1224.0,20.0,2,0.08,25,25,1995-10-18,11237.0,False,False,2026-07-24,,,"illiquid: Rs0 lakh median daily turnover (floor Rs50 lakh); only 36 trades/day median — one operator's book, not a market","illiquid: Rs0 lakh median daily turnover (floor Rs50 lakh); only 36 trades/day median — one operator's book, not a market"
ARFIN,Arfin India Limited,EQ,price,91.99,,21.059,13.614,7391.0,2257584.0,20.0,0,0.0,25,25,2025-07-22,367.0,False,False,2026-07-24,,LT Stage I,"ASM LT Stage I — surveillance: 100% margin, no intraday, no pledging","ASM LT Stage I — surveillance: 100% margin, no intraday, no pledging"
ARIES,Aries Agro Limited,EQ,mcap,341.05,444.0,0.55,0.276,557.0,15977.0,20.0,0,0.0,25,25,2008-01-11,6769.0,False,False,2026-07-24,,,,
ARIHANT,Arihant Foundations & Housing Limited,EQ,,1021.7,,0.429,0.061,356.0,4778.0,20.0,0,0.0,25,25,2026-04-20,95.0,False,False,2026-07-24,,LT Stage I,"ASM LT Stage I — surveillance: 100% margin, no intraday, no pledging; listed 95d ago — under a year of history, no trend to read; illiquid: Rs43 lakh median daily turnover (floor Rs50 lakh)","ASM LT Stage I — surveillance: 100% margin, no intraday, no pledging; listed 95d ago — under a year of history, no trend to read; illiquid: Rs43 lakh median daily turnover (floor Rs50 lakh)"
ARIHANTCAP,Arihant Capital Markets Limited,EQ,price+mcap,81.62,895.0,1.06,0.352,1551.0,148479.0,20.0,0,0.0,25,25,2021-06-15,1865.0,False,False,2026-07-24,,,,
ARIHANTSUP,Arihant Superstructures Limited,EQ,,262.6,,0.416,0.086,365.0,15921.0,20.0,0,0.0,25,25,2017-03-28,3405.0,False,False,2026-07-24,,,illiquid: Rs42 lakh median daily turnover (floor Rs50 lakh),illiquid: Rs42 lakh median daily turnover (floor Rs50 lakh)
ARIS,Arisinfra Solutions Limited,EQ,,123.06,1007.0,3.23,0.968,2693.0,291243.0,20.0,0,0.0,25,25,2025-06-25,394.0,False,False,2026-07-24,,,not penny/nano — price >= Rs100 and mcap >= Rs1000 Cr,
ARKADE,Arkade Developers Limited,EQ,,135.61,2518.0,5.255,1.419,4001.0,398950.0,20.0,0,0.0,25,25,2024-09-24,668.0,False,False,2026-07-24,,,not penny/nano — price >= Rs100 and mcap >= Rs1000 Cr,
ARMANFIN,Arman Financial Services Limited,EQ,,1917.3,2016.0,5.129,2.415,3153.0,29172.0,20.0,0,0.0,25,25,2016-06-14,3692.0,False,False,2026-07-24,,,not penny/nano — price >= Rs100 and mcap >= Rs1000 Cr,
AROGRANITE,Aro Granite Industries Limited,EQ,price,25.01,,0.012,0.002,51.0,4688.0,20.0,0,0.0,25,25,2007-04-24,7031.0,False,False,2026-07-24,,LT Stage I,"ASM LT Stage I — surveillance: 100% margin, no intraday, no pledging; illiquid: Rs1 lakh median daily turnover (floor Rs50 lakh); only 51 trades/day median — one operator's book, not a market","ASM LT Stage I — surveillance: 100% margin, no intraday, no pledging; illiquid: Rs1 lakh median daily turnover (floor Rs50 lakh); only 51 trades/day median — one operator's book, not a market"
ARSSBL,Anand Rathi Share and Stock Brokers Limited,EQ,,508.2,3193.0,14.696,5.559,7380.0,256593.0,20.0,0,0.0,25,25,2025-09-30,297.0,False,False,2026-07-24,,,"listed 297d ago — under a year of history, no trend to read","listed 297d ago — under a year of history, no trend to read"
ARTEMISMED,Artemis Medicare Services Limited,EQ,,275.75,4365.0,3.71,1.934,3947.0,135392.0,20.0,0,0.0,25,25,2020-01-23,2374.0,False,False,2026-07-24,,,not penny/nano — price >= Rs100 and mcap >= Rs1000 Cr,
ARTNIRMAN,Art Nirman Limited,EQ,price,40.19,,0.003,0.0,11.0,733.5,10.0,0,0.0,24,24,2021-10-18,1740.0,False,False,2026-07-24,,,"illiquid: Rs0 lakh median daily turnover (floor Rs50 lakh); only 11 trades/day median — one operator's book, not a market","illiquid: Rs0 lakh median daily turnover (floor Rs50 lakh); only 11 trades/day median — one operator's book, not a market"
ARVEE,Arvee Laboratories (India) Limited,EQ,,153.66,,0.016,0.002,31.0,920.0,20.0,0,0.0,25,25,2021-03-22,1950.0,False,False,2026-07-24,,,"illiquid: Rs2 lakh median daily turnover (floor Rs50 lakh); only 31 trades/day median — one operator's book, not a market","illiquid: Rs2 lakh median daily turnover (floor Rs50 lakh); only 31 trades/day median — one operator's book, not a market"
ARVIND,Arvind Limited,EQ,,527.2,13820.0,32.688,10.872,26718.0,606626.0,20.0,0,0.0,25,25,1995-02-08,11489.0,True,False,2026-07-24,,,not penny/nano — price >= Rs100 and mcap >= Rs1000 Cr,
ARVINDFASN,Arvind Fashions Limited,EQ,,462.65,6282.0,12.987,4.23,13852.0,275505.0,20.0,0,0.0,25,25,2019-03-08,2695.0,True,False,2026-07-24,,,not penny/nano — price >= Rs100 and mcap >= Rs1000 Cr,
ARVSMART,Arvind SmartSpaces Limited,EQ,,608.8,2792.0,1.363,0.683,1178.0,22781.0,20.0,0,0.0,25,25,2015-08-26,3985.0,False,False,2026-07-24,,,not penny/nano — price >= Rs100 and mcap >= Rs1000 Cr,
ASAHIINDIA,Asahi India Glass Limited,EQ,,888.3,22272.0,7.432,1.943,7288.0,86541.0,20.0,0,0.0,25,25,1998-03-18,10355.0,True,False,2026-07-24,,,not penny/nano — price >= Rs100 and mcap >= Rs1000 Cr,
ASAHISONG,Asahi Songwon Colors Limited,EQ,,332.95,,0.207,0.082,449.0,7884.0,20.0,0,0.0,25,25,2011-08-29,5443.0,False,False,2026-07-24,,,illiquid: Rs21 lakh median daily turnover (floor Rs50 lakh),illiquid: Rs21 lakh median daily turnover (floor Rs50 lakh)
ASAL,Automotive Stampings and Assemblies Limited,EQ,mcap,508.75,807.0,1.179,0.444,1534.0,23225.0,20.0,0,0.0,25,25,2002-03-12,8900.0,False,False,2026-07-24,,,,
ASALCBR,Associated Alcohols & Breweries Ltd.,EQ,,821.45,1649.0,2.213,0.947,1832.0,26737.0,20.0,0,0.0,25,25,2020-02-12,2354.0,False,False,2026-07-24,,,not penny/nano — price >= Rs100 and mcap >= Rs1000 Cr,
ASHAPURMIN,Ashapura Minechem Limited,EQ,,697.05,6167.0,19.76,9.274,10929.0,287330.0,20.0,0,0.0,25,25,1995-09-20,11265.0,True,False,2026-07-24,,,not penny/nano — price >= Rs100 and mcap >= Rs1000 Cr,
ASHIANA,Ashiana Housing Limited,EQ,,386.7,3887.0,1.815,0.536,1976.0,48183.0,20.0,0,0.0,25,25,2011-06-29,5504.0,False,False,2026-07-24,,,not penny/nano — price >= Rs100 and mcap >= Rs1000 Cr,
ASHIKA,Ashika Credit Capital Limited,EQ,,399.25,2951.0,7.227,3.894,1294.0,180568.0,,0,0.0,25,25,2026-04-20,95.0,False,False,2026-07-24,,,"GSM stage nan — exchange surveillance, periodic call auction; listed 95d ago — under a year of history, no trend to read","GSM stage nan — exchange surveillance, periodic call auction; listed 95d ago — under a year of history, no trend to read"
ASHIMASYN,Ashima Limited,EQ,price,16.85,,0.119,0.046,303.0,80186.0,20.0,1,0.04,25,25,1995-07-27,11320.0,False,False,2026-07-24,,ST Stage I,"ASM ST Stage I — surveillance: 100% margin, no intraday, no pledging; illiquid: Rs12 lakh median daily turnover (floor Rs50 lakh)","ASM ST Stage I — surveillance: 100% margin, no intraday, no pledging; illiquid: Rs12 lakh median daily turnover (floor Rs50 lakh)"
ASHOKA,Ashoka Buildcon Limited,EQ,,120.87,3707.0,8.18,4.936,6823.0,633192.0,20.0,0,0.0,25,25,2010-10-14,5762.0,True,False,2026-07-24,,,not penny/nano — price >= Rs100 and mcap >= Rs1000 Cr,
ASHOKAMET,Ashoka Metcast Limited,EQ,price,14.16,,0.015,0.007,112.0,10441.0,20.0,0,0.0,25,25,2023-06-27,1123.0,False,False,2026-07-24,,,"illiquid: Rs2 lakh median daily turnover (floor Rs50 lakh); only 112 trades/day median — one operator's book, not a market","illiquid: Rs2 lakh median daily turnover (floor Rs50 lakh); only 112 trades/day median — one operator's book, not a market"
ASHOKLEY,Ashok Leyland Limited,EQ,,151.07,96537.0,273.2,133.918,101019.0,17409676.0,,0,0.0,25,25,1995-05-25,11383.0,True,False,2026-07-24,,,not penny/nano — price >= Rs100 and mcap >= Rs1000 Cr,
ASIANENE,Asian Energy Services Limited,EQ,,355.7,1730.0,6.082,2.384,5619.0,178482.0,20.0,0,0.0,25,25,2021-12-09,1688.0,False,False,2026-07-24,,,not penny/nano — price >= Rs100 and mcap >= Rs1000 Cr,
ASIANHOTNR,Asian Hotels (North) Limited,EQ,,306.65,,0.456,0.036,766.0,15096.0,20.0,0,0.0,25,25,2010-04-07,5952.0,False,False,2026-07-24,,,illiquid: Rs46 lakh median daily turnover (floor Rs50 lakh),illiquid: Rs46 lakh median daily turnover (floor Rs50 lakh)
ASIANPAINT,Asian Paints Limited,EQ,,2637.9,253027.0,257.474,121.567,61072.0,975301.0,,0,0.0,25,25,1995-05-31,11377.0,False,False,2026-07-24,,,not penny/nano — price >= Rs100 and mcap >= Rs1000 Cr,
ASIANTILES,Asian Granito India Limited,EQ,price,53.47,1585.0,6.131,1.508,4686.0,1179866.0,20.0,0,0.0,25,25,2007-08-23,6910.0,False,False,2026-07-24,,,,
ASKAUTOLTD,ASK Automotive Limited,EQ,,509.3,8963.0,7.255,2.163,9112.0,154244.0,20.0,0,0.0,25,25,2023-11-15,982.0,True,False,2026-07-24,,,not penny/nano — price >= Rs100 and mcap >= Rs1000 Cr,
ASPINWALL,Aspinwall and Company Limited,EQ,,250.4,,0.058,0.005,71.0,2345.0,20.0,0,0.0,25,25,2016-06-14,3692.0,False,False,2026-07-24,,,"illiquid: Rs6 lakh median daily turnover (floor Rs50 lakh); only 71 trades/day median — one operator's book, not a market","illiquid: Rs6 lakh median daily turnover (floor Rs50 lakh); only 71 trades/day median — one operator's book, not a market"
ASTAR,Asian Star Company Limited,EQ,,606.5,,0.001,0.0,7.0,22.0,20.0,0,0.0,23,23,2026-04-20,95.0,False,False,2026-07-24,,,"listed 95d ago — under a year of history, no trend to read; illiquid: Rs0 lakh median daily turnover (floor Rs50 lakh); only 7 trades/day median — one operator's book, not a market","listed 95d ago — under a year of history, no trend to read; illiquid: Rs0 lakh median daily turnover (floor Rs50 lakh); only 7 trades/day median — one operator's book, not a market"
ASTEC,Astec LifeSciences Limited,EQ,,659.1,1469.0,1.993,0.361,1780.0,27790.0,20.0,0,0.0,25,25,2009-11-25,6085.0,False,False,2026-07-24,,,not penny/nano — price >= Rs100 and mcap >= Rs1000 Cr,
ASTERDM,Aster DM Healthcare Limited,EQ,,785.65,68483.0,38.432,13.85,24184.0,470326.0,20.0,0,0.0,25,25,2018-02-26,3070.0,True,False,2026-07-24,,,not penny/nano — price >= Rs100 and mcap >= Rs1000 Cr,
ASTRAL,Astral Limited,EQ,,1468.1,37208.0,85.867,24.652,34745.0,624569.0,,0,0.0,25,25,2007-03-20,7066.0,True,False,2026-07-24,,,not penny/nano — price >= Rs100 and mcap >= Rs1000 Cr,
ASTRAMICRO,Astra Microwave Products Limited,EQ,,1813.4,17217.0,86.944,36.337,29130.0,479665.0,20.0,0,0.0,25,25,2004-11-01,7935.0,True,False,2026-07-24,,LT Stage I,"ASM LT Stage I — surveillance: 100% margin, no intraday, no pledging","ASM LT Stage I — surveillance: 100% margin, no intraday, no pledging"
ASTRAZEN,AstraZeneca Pharma India Limited,EQ,,8005.5,20014.0,4.457,0.867,1900.0,5456.0,20.0,0,0.0,25,25,2001-05-04,9212.0,False,False,2026-07-24,,,not penny/nano — price >= Rs100 and mcap >= Rs1000 Cr,
ATALREAL,Atal Realtech Limited,EQ,price+mcap,31.44,382.0,23.146,8.195,4694.0,7907450.0,20.0,0,0.0,25,25,2023-05-12,1169.0,False,False,2026-07-24,,,,
ATAM,Atam Valves Limited,EQ,price,65.88,,0.048,0.013,98.0,6898.0,20.0,0,0.0,25,25,2023-05-10,1171.0,False,False,2026-07-24,,,"illiquid: Rs5 lakh median daily turnover (floor Rs50 lakh); only 98 trades/day median — one operator's book, not a market","illiquid: Rs5 lakh median daily turnover (floor Rs50 lakh); only 98 trades/day median — one operator's book, not a market"
ATGL,Adani Total Gas Limited,EQ,,652.85,79379.0,128.598,54.392,32474.0,1764349.0,20.0,0,0.0,25,25,2018-11-05,2818.0,True,False,2026-07-24,,,not penny/nano — price >= Rs100 and mcap >= Rs1000 Cr,
ATHERENERG,Ather Energy Limited,EQ,,1208.7,47638.0,435.392,148.174,117259.0,3601828.0,20.0,0,0.0,25,25,2025-05-06,444.0,True,False,2026-07-24,,,not penny/nano — price >= Rs100 and mcap >= Rs1000 Cr,
ATL,Allcargo Terminals Limited,EQ,price,22.81,,0.233,0.166,640.0,96799.0,20.0,0,0.0,25,25,2023-08-10,1079.0,False,False,2026-07-24,,,illiquid: Rs23 lakh median daily turnover (floor Rs50 lakh),illiquid: Rs23 lakh median daily turnover (floor Rs50 lakh)
ATLANTAA,ATLANTAA LIMITED,EQ,price,35.18,,0.145,0.049,635.0,36820.0,20.0,0,0.0,25,25,2006-09-25,7242.0,False,False,2026-07-24,,,illiquid: Rs14 lakh median daily turnover (floor Rs50 lakh),illiquid: Rs14 lakh median daily turnover (floor Rs50 lakh)
ATLANTAELE,Atlanta Electricals Limited,EQ,,1589.8,12983.0,16.146,6.656,9321.5,94921.5,5.0,0,0.0,24,24,2025-09-29,298.0,True,False,2026-07-24,,LT Stage I,"ASM LT Stage I — surveillance: 100% margin, no intraday, no pledging; 5% circuit band — cannot exit on bad news; listed 298d ago — under a year of history, no trend to read","ASM LT Stage I — surveillance: 100% margin, no intraday, no pledging; 5% circuit band — cannot exit on bad news; listed 298d ago — under a year of history, no trend to read"
ATLASCYCLE,Atlas Cycles (Haryana) Limited,EQ,price,97.1,,0.038,0.007,86.0,3950.0,10.0,0,0.0,25,25,1996-10-23,10866.0,False,False,2026-07-24,,,"illiquid: Rs4 lakh median daily turnover (floor Rs50 lakh); only 86 trades/day median — one operator's book, not a market","illiquid: Rs4 lakh median daily turnover (floor Rs50 lakh); only 86 trades/day median — one operator's book, not a market"
ATUL,Atul Limited,EQ,,6407.5,19303.0,15.54,5.111,6314.0,24097.0,20.0,0,0.0,25,25,1998-05-06,10306.0,True,False,2026-07-24,,,not penny/nano — price >= Rs100 and mcap >= Rs1000 Cr,
ATULAUTO,Atul Auto Limited,EQ,,473.4,1314.0,4.045,1.61,3085.0,82878.0,20.0,0,0.0,25,25,2013-06-26,4776.0,False,False,2026-07-24,,,not penny/nano — price >= Rs100 and mcap >= Rs1000 Cr,
AUBANK,AU Small Finance Bank Limited,EQ,,1004.0,75259.0,157.783,48.484,51846.0,1470963.0,,0,0.0,25,25,2017-07-10,3301.0,True,False,2026-07-24,,,not penny/nano — price >= Rs100 and mcap >= Rs1000 Cr,
AURIGROW,,,price,0.28,,0.478,0.149,1291.5,16379962.5,,0,0.0,12,12,,,False,False,2026-07-07,,,"not in the NSE equity master (ETF / REIT / InvIT — not a company); GSM stage nan — exchange surveillance, periodic call auction; price Rs0.28 below the Rs5 floor (tick size ~1% of price; the spread eats the edge); illiquid: Rs48 lakh median daily turnover (floor Rs50 lakh)","not in the NSE equity master (ETF / REIT / InvIT — not a company); GSM stage nan — exchange surveillance, periodic call auction; price Rs0.28 below the Rs5 floor (tick size ~1% of price; the spread eats the edge); illiquid: Rs48 lakh median daily turnover (floor Rs50 lakh)"
AURIONPRO,Aurionpro Solutions Limited,EQ,,825.45,4861.0,8.565,4.175,5095.0,99635.0,20.0,0,0.0,25,25,2005-10-25,7577.0,True,False,2026-07-24,,,not penny/nano — price >= Rs100 and mcap >= Rs1000 Cr,
AUROPHARMA,Aurobindo Pharma Limited,EQ,,1532.0,88979.0,143.59,50.819,44839.0,924372.0,,0,0.0,25,25,2000-07-19,9501.0,True,False,2026-07-24,,,not penny/nano — price >= Rs100 and mcap >= Rs1000 Cr,
AURUM,Aurum PropTech Limited,EQ,,221.25,1595.0,4.94,1.265,3793.0,212529.0,20.0,0,0.0,25,25,2015-08-19,3992.0,False,False,2026-07-24,,,not penny/nano — price >= Rs100 and mcap >= Rs1000 Cr,
AURUS,AURUS GEM CORPORATION LIMITED,EQ,price,4.8,,0.01,0.002,259.0,21664.0,20.0,0,0.0,9,9,2013-11-05,4644.0,False,False,2026-07-24,,,"price Rs4.8 below the Rs5 floor (tick size ~1% of price; the spread eats the edge); illiquid: Rs1 lakh median daily turnover (floor Rs50 lakh); only 259 trades/day median — one operator's book, not a market","price Rs4.8 below the Rs5 floor (tick size ~1% of price; the spread eats the edge); illiquid: Rs1 lakh median daily turnover (floor Rs50 lakh); only 259 trades/day median — one operator's book, not a market"
AUTOAXLES,Automotive Axles Limited,EQ,,1798.9,2718.0,1.118,0.353,786.0,6271.0,20.0,0,0.0,25,25,2003-05-29,8457.0,False,False,2026-07-24,,,not penny/nano — price >= Rs100 and mcap >= Rs1000 Cr,
AUTOBEES,,,,281.18,,5.766,2.782,2642.0,205948.0,20.0,0,0.0,25,25,,,False,False,2026-07-24,,,not in the NSE equity master (ETF / REIT / InvIT — not a company),not in the NSE equity master (ETF / REIT / InvIT — not a company)
AUTOIETF,,,price,28.22,,1.759,0.498,1893.0,619236.0,20.0,0,0.0,25,25,,,False,False,2026-07-24,,,not in the NSE equity master (ETF / REIT / InvIT — not a company),not in the NSE equity master (ETF / REIT / InvIT — not a company)
AVALON,Avalon Technologies Limited,EQ,,1741.5,11635.0,47.373,16.554,25832.0,268397.0,20.0,0,0.0,25,25,2023-04-18,1193.0,True,False,2026-07-24,,,not penny/nano — price >= Rs100 and mcap >= Rs1000 Cr,
AVANTEL,Avantel Limited,EQ,,163.49,4344.0,36.572,16.304,16780.0,2094737.0,20.0,0,0.0,25,25,2024-07-31,723.0,False,False,2026-07-24,,,not penny/nano — price >= Rs100 and mcap >= Rs1000 Cr,
AVANTIFEED,Avanti Feeds Limited,EQ,,977.05,13020.0,35.477,17.151,19558.0,377543.0,20.0,0,0.0,25,25,2015-04-15,4118.0,True,False,2026-07-24,,,not penny/nano — price >= Rs100 and mcap >= Rs1000 Cr,
AVG,AVG Logistics Limited,BE,mcap,224.24,381.0,2.811,0.403,3088.5,143132.5,5.0,3,0.3,10,10,2023-05-12,1169.0,False,False,2026-07-03,,,series BE (trade-to-trade / SME — not normal rolling settlement); 5% circuit band — cannot exit on bad news; closed at circuit on 30% of sessions — a stop cannot fill in a locked market,series BE (trade-to-trade / SME — not normal rolling settlement); 5% circuit band — cannot exit on bad news; closed at circuit on 30% of sessions — a stop cannot fill in a locked market
AVL,Aditya Vision Limited,EQ,,611.05,7891.0,14.427,3.625,12110.0,229342.0,20.0,0,0.0,25,25,2024-11-06,625.0,True,False,2026-07-24,,,not penny/nano — price >= Rs100 and mcap >= Rs1000 Cr,
AVONMORE,Avonmore Capital & Management Services Limited,EQ,price,9.39,,0.129,0.051,461.0,120825.0,20.0,0,0.0,25,25,2023-01-04,1297.0,False,False,2026-07-24,,,illiquid: Rs13 lakh median daily turnover (floor Rs50 lakh),illiquid: Rs13 lakh median daily turnover (floor Rs50 lakh)
AVROIND,AVRO INDIA LIMITED,EQ,price,8.82,,0.182,0.051,742.0,203453.0,20.0,0,0.0,25,25,2022-04-07,1569.0,False,False,2026-07-24,,,illiquid: Rs18 lakh median daily turnover (floor Rs50 lakh),illiquid: Rs18 lakh median daily turnover (floor Rs50 lakh)
AVTNPL,AVT Natural Products Limited,EQ,price,70.02,,0.251,0.082,682.0,35411.0,20.0,0,0.0,25,25,2007-01-10,7135.0,False,False,2026-07-24,,,illiquid: Rs25 lakh median daily turnover (floor Rs50 lakh),illiquid: Rs25 lakh median daily turnover (floor Rs50 lakh)
AWFIS,Awfis Space Solutions Limited,EQ,,271.85,2157.0,6.288,3.319,4604.0,211346.0,20.0,0,0.0,25,25,2024-05-30,785.0,True,False,2026-07-24,,,not penny/nano — price >= Rs100 and mcap >= Rs1000 Cr,
AWHCL,Antony Waste Handling Cell Limited,EQ,,433.4,1230.0,3.408,1.607,3594.0,76393.0,20.0,0,0.0,25,25,2021-01-01,2030.0,False,False,2026-07-24,,,not penny/nano — price >= Rs100 and mcap >= Rs1000 Cr,
AWL,AWL Agri Business Limited,EQ,,188.16,24838.0,42.395,19.188,29509.0,2264863.0,20.0,0,0.0,25,25,2022-02-08,1627.0,True,False,2026-07-24,,,not penny/nano — price >= Rs100 and mcap >= Rs1000 Cr,
AXISBANK,Axis Bank Limited,EQ,,1227.3,381823.0,834.033,429.118,157864.0,6198988.0,,0,0.0,25,25,1998-11-16,10112.0,False,False,2026-07-24,,,not penny/nano — price >= Rs100 and mcap >= Rs1000 Cr,
AXISBNKETF,,,,597.15,,0.091,0.02,40.0,1515.0,,0,0.0,9,9,,,False,False,2026-07-02,,,"not in the NSE equity master (ETF / REIT / InvIT — not a company); GSM stage nan — exchange surveillance, periodic call auction; illiquid: Rs9 lakh median daily turnover (floor Rs50 lakh); only 40 trades/day median — one operator's book, not a market","not in the NSE equity master (ETF / REIT / InvIT — not a company); GSM stage nan — exchange surveillance, periodic call auction; illiquid: Rs9 lakh median daily turnover (floor Rs50 lakh); only 40 trades/day median — one operator's book, not a market"
AXISCADES,AXISCADES Technologies Limited,EQ,,1608.0,7013.0,25.61,8.119,10085.0,158969.0,5.0,0,0.0,25,25,2000-12-21,9346.0,True,False,2026-07-24,,,5% circuit band — cannot exit on bad news,5% circuit band — cannot exit on bad news
AXISCETF,,,,121.12,,0.014,0.005,30.0,1209.0,,0,0.0,9,9,,,False,False,2026-07-02,,,"not in the NSE equity master (ETF / REIT / InvIT — not a company); GSM stage nan — exchange surveillance, periodic call auction; illiquid: Rs1 lakh median daily turnover (floor Rs50 lakh); only 30 trades/day median — one operator's book, not a market","not in the NSE equity master (ETF / REIT / InvIT — not a company); GSM stage nan — exchange surveillance, periodic call auction; illiquid: Rs1 lakh median daily turnover (floor Rs50 lakh); only 30 trades/day median — one operator's book, not a market"
AXISGOLD,,,,118.82,,36.596,15.118,9331.0,3083737.0,,0,0.0,9,9,,,False,False,2026-07-02,,,"not in the NSE equity master (ETF / REIT / InvIT — not a company); GSM stage nan — exchange surveillance, periodic call auction","not in the NSE equity master (ETF / REIT / InvIT — not a company); GSM stage nan — exchange surveillance, periodic call auction"
AXISHCETF,,,,164.72,,0.152,0.028,92.0,9302.0,,0,0.0,9,9,,,False,False,2026-07-02,,,"not in the NSE equity master (ETF / REIT / InvIT — not a company); GSM stage nan — exchange surveillance, periodic call auction; illiquid: Rs15 lakh median daily turnover (floor Rs50 lakh); only 92 trades/day median — one operator's book, not a market","not in the NSE equity master (ETF / REIT / InvIT — not a company); GSM stage nan — exchange surveillance, periodic call auction; illiquid: Rs15 lakh median daily turnover (floor Rs50 lakh); only 92 trades/day median — one operator's book, not a market"
AXISILVER,,,,224.91,,9.089,6.331,6153.0,418820.0,,0,0.0,9,9,,,False,False,2026-07-02,,,"not in the NSE equity master (ETF / REIT / InvIT — not a company); GSM stage nan — exchange surveillance, periodic call auction","not in the NSE equity master (ETF / REIT / InvIT — not a company); GSM stage nan — exchange surveillance, periodic call auction"
AXISNIFTY,,,,266.64,,0.218,0.104,376.0,8243.0,,0,0.0,9,9,,,False,False,2026-07-02,,,"not in the NSE equity master (ETF / REIT / InvIT — not a company); GSM stage nan — exchange surveillance, periodic call auction; illiquid: Rs22 lakh median daily turnover (floor Rs50 lakh)","not in the NSE equity master (ETF / REIT / InvIT — not a company); GSM stage nan — exchange surveillance, periodic call auction; illiquid: Rs22 lakh median daily turnover (floor Rs50 lakh)"
AXISTECETF,,,,296.77,,0.205,0.083,162.0,6878.0,,0,0.0,9,9,,,False,False,2026-07-02,,,"not in the NSE equity master (ETF / REIT / InvIT — not a company); GSM stage nan — exchange surveillance, periodic call auction; illiquid: Rs20 lakh median daily turnover (floor Rs50 lakh); only 162 trades/day median — one operator's book, not a market","not in the NSE equity master (ETF / REIT / InvIT — not a company); GSM stage nan — exchange surveillance, periodic call auction; illiquid: Rs20 lakh median daily turnover (floor Rs50 lakh); only 162 trades/day median — one operator's book, not a market"
AXISVALUE,,,price,33.16,,0.23,0.135,485.0,67642.0,,0,0.0,9,9,,,False,False,2026-07-02,,,"not in the NSE equity master (ETF / REIT / InvIT — not a company); GSM stage nan — exchange surveillance, periodic call auction; illiquid: Rs23 lakh median daily turnover (floor Rs50 lakh)","not in the NSE equity master (ETF / REIT / InvIT — not a company); GSM stage nan — exchange surveillance, periodic call auction; illiquid: Rs23 lakh median daily turnover (floor Rs50 lakh)"
AXITA,Axita Cotton Limited,EQ,price,7.36,,0.179,0.068,746.0,234726.0,20.0,0,0.0,25,25,2022-06-21,1494.0,False,False,2026-07-24,,,illiquid: Rs18 lakh median daily turnover (floor Rs50 lakh),illiquid: Rs18 lakh median daily turnover (floor Rs50 lakh)
AXSENSEX,,,price,80.09,,0.023,0.007,64.0,2862.0,,0,0.0,9,9,,,False,False,2026-07-02,,,"not in the NSE equity master (ETF / REIT / InvIT — not a company); GSM stage nan — exchange surveillance, periodic call auction; illiquid: Rs2 lakh median daily turnover (floor Rs50 lakh); only 64 trades/day median — one operator's book, not a market","not in the NSE equity master (ETF / REIT / InvIT — not a company); GSM stage nan — exchange surveillance, periodic call auction; illiquid: Rs2 lakh median daily turnover (floor Rs50 lakh); only 64 trades/day median — one operator's book, not a market"
AYE,Aye Finance Limited,EQ,,172.03,,13.827,4.523,10015.0,803132.0,20.0,0,0.0,25,25,2026-02-16,158.0,False,False,2026-07-24,,,"listed 158d ago — under a year of history, no trend to read","listed 158d ago — under a year of history, no trend to read"
AYMSYNTEX,AYM Syntex Limited,EQ,,234.49,1377.0,0.896,0.052,1343.0,37897.0,20.0,0,0.0,25,25,2015-08-14,3997.0,False,False,2026-07-24,,,not penny/nano — price >= Rs100 and mcap >= Rs1000 Cr,
AZAD,Azad Engineering Limited,EQ,,2439.0,15751.0,104.687,39.159,27368.0,441196.0,20.0,0,0.0,25,25,2023-12-28,939.0,True,False,2026-07-24,,,not penny/nano — price >= Rs100 and mcap >= Rs1000 Cr,
BAGFILMS,B.A.G Films and Media Limited,EQ,price,4.54,,0.031,0.013,185.0,69448.0,20.0,0,0.0,25,25,2003-10-17,8316.0,False,False,2026-07-24,,,"price Rs4.54 below the Rs5 floor (tick size ~1% of price; the spread eats the edge); illiquid: Rs3 lakh median daily turnover (floor Rs50 lakh); only 185 trades/day median — one operator's book, not a market","price Rs4.54 below the Rs5 floor (tick size ~1% of price; the spread eats the edge); illiquid: Rs3 lakh median daily turnover (floor Rs50 lakh); only 185 trades/day median — one operator's book, not a market"
BAIDFIN,Baid Finserv Limited,EQ,price,9.86,,0.055,0.011,181.0,52668.0,20.0,0,0.0,25,25,2023-01-20,1281.0,False,False,2026-07-24,,,"illiquid: Rs6 lakh median daily turnover (floor Rs50 lakh); only 181 trades/day median — one operator's book, not a market","illiquid: Rs6 lakh median daily turnover (floor Rs50 lakh); only 181 trades/day median — one operator's book, not a market"
BAJAJ-AUTO,Bajaj Auto Limited,EQ,,11130.0,305857.0,420.54,142.765,53111.0,426656.0,,0,0.0,25,25,2008-05-26,6633.0,False,False,2026-07-24,,,not penny/nano — price >= Rs100 and mcap >= Rs1000 Cr,
BAJAJCON,Bajaj Consumer Care Limited,EQ,,549.8,7181.0,43.577,18.178,22517.0,720891.0,20.0,0,0.0,25,25,2010-08-18,5819.0,False,False,2026-07-24,,LT Stage I,"ASM LT Stage I — surveillance: 100% margin, no intraday, no pledging","ASM LT Stage I — surveillance: 100% margin, no intraday, no pledging"
BAJAJELEC,Bajaj Electricals Limited,EQ,,328.9,3796.0,2.741,1.463,3211.0,83341.0,20.0,0,0.0,25,25,2007-11-02,6839.0,True,False,2026-07-24,,,not penny/nano — price >= Rs100 and mcap >= Rs1000 Cr,
BAJAJFINSV,Bajaj Finserv Limited,EQ,,1876.7,300375.0,234.962,111.159,65533.0,1242914.0,,0,0.0,25,25,2008-05-26,6633.0,False,False,2026-07-24,,,not penny/nano — price >= Rs100 and mcap >= Rs1000 Cr,
BAJAJHCARE,Bajaj Healthcare Limited,EQ,,323.35,1088.0,9.64,3.687,7426.0,297322.0,20.0,0,0.0,25,25,2021-11-25,1702.0,False,False,2026-07-24,,,not penny/nano — price >= Rs100 and mcap >= Rs1000 Cr,
BAJAJHFL,Bajaj Housing Finance Limited,EQ,,84.19,70150.0,28.49,15.475,25353.0,3387116.0,10.0,0,0.0,25,25,2024-09-16,676.0,True,False,2026-07-24,,,"not penny/nano — too big on both arms: a Rs84 share of a Rs70,150 Cr company (the price arm's ceiling is Rs5,000 Cr — a cheap share is not a small company)",
BAJAJHIND,Bajaj Hindusthan Sugar Limited,EQ,price,17.29,4133.0,7.776,4.127,7606.0,4468412.0,20.0,0,0.0,25,25,1995-05-10,11398.0,False,False,2026-07-24,,,,
BAJAJHLDNG,Bajaj Holdings & Investment Limited,EQ,,10679.0,118847.0,62.78,24.861,15058.0,60178.0,,0,0.0,25,25,1995-03-15,11454.0,False,False,2026-07-24,,,not penny/nano — price >= Rs100 and mcap >= Rs1000 Cr,
BAJAJINDEF,Indef Manufacturing Limited,EQ,mcap,230.25,737.0,0.57,0.121,718.0,22559.0,20.0,0,0.0,25,25,2025-02-21,518.0,False,False,2026-07-24,,,,
BAJAJST,Bajaj Steel Industries Limited,EQ,,395.7,,0.492,0.17,767.0,11963.0,20.0,0,0.0,25,25,2026-04-20,95.0,False,False,2026-07-24,,,"listed 95d ago — under a year of history, no trend to read; illiquid: Rs49 lakh median daily turnover (floor Rs50 lakh)","listed 95d ago — under a year of history, no trend to read; illiquid: Rs49 lakh median daily turnover (floor Rs50 lakh)"
BAJEL,Bajel Projects Limited,EQ,,178.9,2070.0,3.46,1.41,3001.0,185314.0,20.0,0,0.0,25,25,2023-12-19,948.0,False,False,2026-07-24,,,not penny/nano — price >= Rs100 and mcap >= Rs1000 Cr,
BAJFINANCE,Bajaj Finance Limited,EQ,,1012.8,630565.0,848.103,496.091,159723.0,8313859.0,,0,0.0,25,25,2003-04-01,8515.0,False,False,2026-07-24,,,not penny/nano — price >= Rs100 and mcap >= Rs1000 Cr,
BALAJEE,Shree Tirupati Balajee Agro Trading Company Limited,EQ,price,27.07,,0.068,0.022,180.0,22992.0,20.0,0,0.0,25,25,2024-09-12,680.0,False,False,2026-07-24,,,"illiquid: Rs7 lakh median daily turnover (floor Rs50 lakh); only 180 trades/day median — one operator's book, not a market","illiquid: Rs7 lakh median daily turnover (floor Rs50 lakh); only 180 trades/day median — one operator's book, not a market"
BALAJITELE,Balaji Telefilms Limited,EQ,price,84.04,1024.0,1.064,0.332,1600.0,116720.0,20.0,0,0.0,25,25,2000-11-22,9375.0,False,False,2026-07-24,,,,
BALAMINES,Balaji Amines Limited,EQ,,2174.5,7046.0,35.8,21.776,16878.0,170002.0,20.0,0,0.0,25,25,2007-04-05,7050.0,True,False,2026-07-24,,LT Stage I,"ASM LT Stage I — surveillance: 100% margin, no intraday, no pledging","ASM LT Stage I — surveillance: 100% margin, no intraday, no pledging"
BALKRISHNA,Balkrishna Paper Mills Limited,EQ,price,17.54,,0.013,0.004,83.0,7554.0,20.0,0,0.0,25,25,2015-07-28,4014.0,False,False,2026-07-24,0.0,,"GSM stage 0 — exchange surveillance, periodic call auction; illiquid: Rs1 lakh median daily turnover (floor Rs50 lakh); only 83 trades/day median — one operator's book, not a market","GSM stage 0 — exchange surveillance, periodic call auction; illiquid: Rs1 lakh median daily turnover (floor Rs50 lakh); only 83 trades/day median — one operator's book, not a market"
BALKRISIND,Balkrishna Industries Limited,EQ,,2013.5,42924.0,26.231,11.672,15654.0,126415.0,20.0,0,0.0,25,25,2006-01-27,7483.0,True,False,2026-07-24,,,not penny/nano — price >= Rs100 and mcap >= Rs1000 Cr,
BALMLAWRIE,Balmer Lawrie & Company Limited,EQ,,174.6,2986.0,1.716,0.844,1913.0,95191.0,20.0,0,0.0,25,25,1995-07-06,11341.0,False,False,2026-07-24,,,not penny/nano — price >= Rs100 and mcap >= Rs1000 Cr,
BALPHARMA,Bal Pharma Limited,EQ,price,87.34,,0.211,0.048,682.0,25136.0,20.0,0,0.0,25,25,2006-05-08,7382.0,False,False,2026-07-24,,,illiquid: Rs21 lakh median daily turnover (floor Rs50 lakh),illiquid: Rs21 lakh median daily turnover (floor Rs50 lakh)
BALRAMCHIN,Balrampur Chini Mills Limited,EQ,,610.15,12890.0,23.303,10.045,15179.0,391574.0,20.0,0,0.0,25,25,1995-02-08,11489.0,True,False,2026-07-24,,,not penny/nano — price >= Rs100 and mcap >= Rs1000 Cr,
BALUFORGE,Balu Forge Industries Limited,EQ,,433.6,5653.0,17.145,7.439,10520.0,366525.0,20.0,0,0.0,25,25,2024-04-29,816.0,True,False,2026-07-24,,,not penny/nano — price >= Rs100 and mcap >= Rs1000 Cr,
BANARBEADS,Banaras Beads Limited,EQ,,121.95,,0.024,0.002,188.0,2333.0,20.0,0,0.0,25,25,1995-07-07,11340.0,False,False,2026-07-24,,,"illiquid: Rs2 lakh median daily turnover (floor Rs50 lakh); only 188 trades/day median — one operator's book, not a market","illiquid: Rs2 lakh median daily turnover (floor Rs50 lakh); only 188 trades/day median — one operator's book, not a market"
BANARISUG,Bannari Amman Sugars Limited,EQ,,3501.8,,0.106,0.014,52.0,305.0,20.0,0,0.0,25,25,2003-05-28,8458.0,False,False,2026-07-24,,,"illiquid: Rs11 lakh median daily turnover (floor Rs50 lakh); only 52 trades/day median — one operator's book, not a market","illiquid: Rs11 lakh median daily turnover (floor Rs50 lakh); only 52 trades/day median — one operator's book, not a market"
BANCOINDIA,Banco Products (I) Limited,EQ,,608.45,9857.0,9.154,3.578,7931.0,138471.0,20.0,0,0.0,25,25,2006-12-22,7154.0,True,False,2026-07-24,,,not penny/nano — price >= Rs100 and mcap >= Rs1000 Cr,
BANDHANBNK,Bandhan Bank Limited,EQ,,165.93,26733.0,216.741,60.771,60614.0,10287087.0,,0,0.0,25,25,2018-03-27,3041.0,True,False,2026-07-24,,,not penny/nano — price >= Rs100 and mcap >= Rs1000 Cr,
BANG,Bang Overseas Limited,EQ,price,28.1,,0.11,0.026,597.0,37517.0,20.0,0,0.0,25,25,2008-02-20,6729.0,False,False,2026-07-24,,,illiquid: Rs11 lakh median daily turnover (floor Rs50 lakh),illiquid: Rs11 lakh median daily turnover (floor Rs50 lakh)
BANK10ADD,,,price,16.83,,0.113,0.014,144.0,64273.0,20.0,0,0.0,25,25,,,False,False,2026-07-24,,,"not in the NSE equity master (ETF / REIT / InvIT — not a company); illiquid: Rs11 lakh median daily turnover (floor Rs50 lakh); only 144 trades/day median — one operator's book, not a market","not in the NSE equity master (ETF / REIT / InvIT — not a company); illiquid: Rs11 lakh median daily turnover (floor Rs50 lakh); only 144 trades/day median — one operator's book, not a market"
BANK10BETF,,,price,20.97,,0.01,0.003,31.5,4538.5,20.0,0,0.0,4,4,,,False,False,2026-07-24,,,"not in the NSE equity master (ETF / REIT / InvIT — not a company); illiquid: Rs1 lakh median daily turnover (floor Rs50 lakh); only 31 trades/day median — one operator's book, not a market","not in the NSE equity master (ETF / REIT / InvIT — not a company); illiquid: Rs1 lakh median daily turnover (floor Rs50 lakh); only 31 trades/day median — one operator's book, not a market"
BANKADD,,,price,58.08,,0.126,0.032,136.0,21475.0,20.0,0,0.0,25,25,,,False,False,2026-07-24,,,"not in the NSE equity master (ETF / REIT / InvIT — not a company); illiquid: Rs13 lakh median daily turnover (floor Rs50 lakh); only 136 trades/day median — one operator's book, not a market","not in the NSE equity master (ETF / REIT / InvIT — not a company); illiquid: Rs13 lakh median daily turnover (floor Rs50 lakh); only 136 trades/day median — one operator's book, not a market"
BANKBARODA,Bank of Baroda,EQ,,246.45,127448.0,291.103,131.015,70205.0,10797792.0,,0,0.0,25,25,1997-02-19,10747.0,False,False,2026-07-24,,,not penny/nano — price >= Rs100 and mcap >= Rs1000 Cr,
BANKBEES,,,,587.76,,56.591,34.08,8669.0,935851.0,20.0,0,0.0,25,25,,,False,False,2026-07-24,,,not in the NSE equity master (ETF / REIT / InvIT — not a company),not in the NSE equity master (ETF / REIT / InvIT — not a company)
BANKBETA,,,price,58.74,,1.221,0.285,590.0,206554.0,20.0,0,0.0,25,25,,,False,False,2026-07-24,,,not in the NSE equity master (ETF / REIT / InvIT — not a company),not in the NSE equity master (ETF / REIT / InvIT — not a company)
BANKBETF,,,price,57.76,,0.084,0.019,230.0,14172.0,20.0,0,0.0,25,25,,,False,False,2026-07-24,,,"not in the NSE equity master (ETF / REIT / InvIT — not a company); illiquid: Rs8 lakh median daily turnover (floor Rs50 lakh); only 230 trades/day median — one operator's book, not a market","not in the NSE equity master (ETF / REIT / InvIT — not a company); illiquid: Rs8 lakh median daily turnover (floor Rs50 lakh); only 230 trades/day median — one operator's book, not a market"
BANKETF,,,,578.68,,0.623,0.223,257.0,10609.0,20.0,0,0.0,25,25,,,False,False,2026-07-24,,,"not in the NSE equity master (ETF / REIT / InvIT — not a company); only 257 trades/day median — one operator's book, not a market","not in the NSE equity master (ETF / REIT / InvIT — not a company); only 257 trades/day median — one operator's book, not a market"
BANKIETF,,,price,58.31,,2.73,0.932,1706.0,457280.0,20.0,0,0.0,25,25,,,False,False,2026-07-24,,,not in the NSE equity master (ETF / REIT / InvIT — not a company),not in the NSE equity master (ETF / REIT / InvIT — not a company)
BANKINDIA,Bank of India,EQ,,142.62,65581.0,139.228,55.471,40651.0,9684026.0,,0,0.0,25,25,1997-04-30,10677.0,True,False,2026-07-24,,,not penny/nano — price >= Rs100 and mcap >= Rs1000 Cr,
BANKNIFTY1,,,price,58.9,,2.889,0.406,841.0,476415.0,20.0,0,0.0,25,25,,,False,False,2026-07-24,,,not in the NSE equity master (ETF / REIT / InvIT — not a company),not in the NSE equity master (ETF / REIT / InvIT — not a company)
BANKPSU,,,price,84.43,,0.173,0.052,138.0,19918.0,20.0,0,0.0,25,25,,,False,False,2026-07-24,,,"not in the NSE equity master (ETF / REIT / InvIT — not a company); illiquid: Rs17 lakh median daily turnover (floor Rs50 lakh); only 138 trades/day median — one operator's book, not a market","not in the NSE equity master (ETF / REIT / InvIT — not a company); illiquid: Rs17 lakh median daily turnover (floor Rs50 lakh); only 138 trades/day median — one operator's book, not a market"
BANSALWIRE,Bansal Wire Industries Limited,EQ,,324.0,5072.0,6.024,0.791,5426.0,185693.0,10.0,0,0.0,25,25,2024-07-10,744.0,False,False,2026-07-24,,,not penny/nano — price >= Rs100 and mcap >= Rs1000 Cr,
BANSWRAS,Banswara Syntex Limited,EQ,mcap,127.94,438.0,0.809,0.203,1028.0,60762.0,20.0,0,0.0,25,25,2007-04-11,7044.0,False,False,2026-07-24,,,,
BASF,BASF India Limited,EQ,,3670.2,15887.0,5.891,2.714,3817.0,16889.0,20.0,0,0.0,25,25,1995-05-17,11391.0,False,False,2026-07-24,,,not penny/nano — price >= Rs100 and mcap >= Rs1000 Cr,
BASML,Bannari Amman Spinning Mills Limited,BE,price,27.28,,0.684,0.123,2397.5,246188.5,5.0,2,0.25,8,8,2005-11-14,7557.0,False,False,2026-07-01,,,series BE (trade-to-trade / SME — not normal rolling settlement); 5% circuit band — cannot exit on bad news; closed at circuit on 25% of sessions — a stop cannot fill in a locked market,series BE (trade-to-trade / SME — not normal rolling settlement); 5% circuit band — cannot exit on bad news; closed at circuit on 25% of sessions — a stop cannot fill in a locked market
BATAINDIA,Bata India Limited,EQ,,689.95,8953.0,14.492,4.821,11734.0,212581.0,20.0,0,0.0,25,25,2003-06-18,8437.0,True,False,2026-07-24,,,not penny/nano — price >= Rs100 and mcap >= Rs1000 Cr,
BATLIBOI,Batliboi Limited,EQ,price,84.93,,0.224,0.032,620.0,26419.0,20.0,0,0.0,25,25,2026-04-20,95.0,False,False,2026-07-24,,,"listed 95d ago — under a year of history, no trend to read; illiquid: Rs22 lakh median daily turnover (floor Rs50 lakh)","listed 95d ago — under a year of history, no trend to read; illiquid: Rs22 lakh median daily turnover (floor Rs50 lakh)"
BAYERCROP,Bayer Cropscience Limited,EQ,,4217.5,18586.0,11.937,5.521,5520.0,28360.0,20.0,0,0.0,25,25,2010-01-08,6041.0,True,False,2026-07-24,,,not penny/nano — price >= Rs100 and mcap >= Rs1000 Cr,
BBETF0432,,,,1354.62,,0.162,0.048,61.0,1197.0,20.0,0,0.0,25,25,,,False,False,2026-07-24,,,"not in the NSE equity master (ETF / REIT / InvIT — not a company); illiquid: Rs16 lakh median daily turnover (floor Rs50 lakh); only 61 trades/day median — one operator's book, not a market","not in the NSE equity master (ETF / REIT / InvIT — not a company); illiquid: Rs16 lakh median daily turnover (floor Rs50 lakh); only 61 trades/day median — one operator's book, not a market"
BBL,Bharat Bijlee Limited,EQ,,2519.4,2848.0,7.809,2.71,4220.0,27915.0,20.0,0,0.0,25,25,2006-11-21,7185.0,False,False,2026-07-24,,,not penny/nano — price >= Rs100 and mcap >= Rs1000 Cr,
BBNPNBETF,,,price,57.22,,0.004,0.001,22.0,715.0,20.0,0,0.0,25,25,,,False,False,2026-07-24,,,"not in the NSE equity master (ETF / REIT / InvIT — not a company); illiquid: Rs0 lakh median daily turnover (floor Rs50 lakh); only 22 trades/day median — one operator's book, not a market","not in the NSE equity master (ETF / REIT / InvIT — not a company); illiquid: Rs0 lakh median daily turnover (floor Rs50 lakh); only 22 trades/day median — one operator's book, not a market"
BBNPPGOLD,,,,137.9,,0.095,0.007,95.0,6963.0,20.0,0,0.0,25,25,,,False,False,2026-07-24,,,"not in the NSE equity master (ETF / REIT / InvIT — not a company); illiquid: Rs10 lakh median daily turnover (floor Rs50 lakh); only 95 trades/day median — one operator's book, not a market","not in the NSE equity master (ETF / REIT / InvIT — not a company); illiquid: Rs10 lakh median daily turnover (floor Rs50 lakh); only 95 trades/day median — one operator's book, not a market"
BBOX,Black Box Limited,EQ,,778.45,17670.0,28.344,14.084,17625.0,298427.0,10.0,0,0.0,25,25,2003-07-22,8403.0,True,False,2026-07-24,,LT Stage I,"ASM LT Stage I — surveillance: 100% margin, no intraday, no pledging","ASM LT Stage I — surveillance: 100% margin, no intraday, no pledging"
BBTC,The Bombay Burmah Trading Corporation Limited,EQ,,1458.2,10861.0,3.59,2.218,3362.0,23650.0,20.0,0,0.0,25,25,1996-04-03,11069.0,True,False,2026-07-24,,,not penny/nano — price >= Rs100 and mcap >= Rs1000 Cr,
BBTCL,B&B Triplewall Containers Limited,EQ,,217.09,,0.09,0.005,154.0,4221.0,20.0,0,0.0,25,25,2022-11-23,1339.0,False,False,2026-07-24,,,"illiquid: Rs9 lakh median daily turnover (floor Rs50 lakh); only 154 trades/day median — one operator's book, not a market","illiquid: Rs9 lakh median daily turnover (floor Rs50 lakh); only 154 trades/day median — one operator's book, not a market"
BCG,Brightcom Group Limited,EQ,price,9.4,1897.0,3.787,2.098,4353.0,3926075.0,20.0,0,0.0,25,25,2015-05-08,4095.0,False,False,2026-07-24,,,,
BCLIND,Bcl Industries Limited,EQ,price,35.74,1055.0,2.713,1.113,3701.0,769649.0,20.0,0,0.0,25,25,2021-03-04,1968.0,False,False,2026-07-24,,,,
BCONCEPTS,Brand Concepts Limited,EQ,,186.53,,0.28,0.048,656.0,14192.0,20.0,0,0.0,25,25,2022-01-11,1655.0,False,False,2026-07-24,,,illiquid: Rs28 lakh median daily turnover (floor Rs50 lakh),illiquid: Rs28 lakh median daily turnover (floor Rs50 lakh)
BCPL,BCPL Railway Infrastructure Limited,EQ,price,70.39,,0.065,0.019,363.0,9078.0,20.0,0,0.0,25,25,2026-03-27,119.0,False,False,2026-07-24,,,"listed 119d ago — under a year of history, no trend to read; illiquid: Rs6 lakh median daily turnover (floor Rs50 lakh)","listed 119d ago — under a year of history, no trend to read; illiquid: Rs6 lakh median daily turnover (floor Rs50 lakh)"
BDL,Bharat Dynamics Limited,EQ,,1243.0,45564.0,155.86,51.293,42368.0,1146756.0,,0,0.0,25,25,2018-03-23,3045.0,True,False,2026-07-24,,,not penny/nano — price >= Rs100 and mcap >= Rs1000 Cr,
BEARDSELL,Beardsell Limited,EQ,price,27.64,,0.044,0.016,177.0,15106.0,20.0,0,0.0,25,25,2015-01-13,4210.0,False,False,2026-07-24,,,"illiquid: Rs4 lakh median daily turnover (floor Rs50 lakh); only 177 trades/day median — one operator's book, not a market","illiquid: Rs4 lakh median daily turnover (floor Rs50 lakh); only 177 trades/day median — one operator's book, not a market"
BECTORFOOD,Mrs. Bectors Food Specialities Limited,EQ,,206.63,5422.0,19.195,5.022,25772.0,1079569.0,20.0,0,0.0,25,25,2020-12-24,2038.0,True,False,2026-07-24,,ST Stage I,"ASM ST Stage I — surveillance: 100% margin, no intraday, no pledging","ASM ST Stage I — surveillance: 100% margin, no intraday, no pledging"
BEDMUTHA,Bedmutha Industries Limited,EQ,,106.89,,0.017,0.002,31.0,1628.0,5.0,0,0.0,25,25,2010-10-14,5762.0,False,False,2026-07-24,,,"5% circuit band — cannot exit on bad news; illiquid: Rs2 lakh median daily turnover (floor Rs50 lakh); only 31 trades/day median — one operator's book, not a market","5% circuit band — cannot exit on bad news; illiquid: Rs2 lakh median daily turnover (floor Rs50 lakh); only 31 trades/day median — one operator's book, not a market"
BEEKAY,Beekay Steel Industries Limited,EQ,,400.4,,0.062,0.009,58.0,1548.0,20.0,0,0.0,25,25,2026-04-20,95.0,False,False,2026-07-24,,,"listed 95d ago — under a year of history, no trend to read; illiquid: Rs6 lakh median daily turnover (floor Rs50 lakh); only 58 trades/day median — one operator's book, not a market","listed 95d ago — under a year of history, no trend to read; illiquid: Rs6 lakh median daily turnover (floor Rs50 lakh); only 58 trades/day median — one operator's book, not a market"
BEL,Bharat Electronics Limited,EQ,,405.0,296046.0,401.945,214.225,125536.0,9754708.0,,0,0.0,25,25,2000-07-19,9501.0,False,False,2026-07-24,,,not penny/nano — price >= Rs100 and mcap >= Rs1000 Cr,
BELLACASA,Bella Casa Fashion & Retail Limited,EQ,,239.5,,0.282,0.074,674.0,11396.0,20.0,0,0.0,25,25,2025-07-18,371.0,False,False,2026-07-24,,,illiquid: Rs28 lakh median daily turnover (floor Rs50 lakh),illiquid: Rs28 lakh median daily turnover (floor Rs50 lakh)
BELRISE,Belrise Industries Limited,EQ,,228.26,22076.0,90.715,53.984,40071.0,3750320.0,20.0,0,0.0,25,25,2025-05-28,422.0,True,False,2026-07-24,,,not penny/nano — price >= Rs100 and mcap >= Rs1000 Cr,
BEML,BEML Limited,EQ,,1713.2,15531.0,37.524,18.169,16159.0,205347.0,20.0,0,0.0,25,25,2003-11-05,8297.0,True,False,2026-07-24,,,not penny/nano — price >= Rs100 and mcap >= Rs1000 Cr,
BENGALASM,Bengal & Assam Company Limited,EQ,,6202.0,,0.108,0.018,73.0,174.0,20.0,0,0.0,25,25,2026-04-20,95.0,False,False,2026-07-24,,,"listed 95d ago — under a year of history, no trend to read; illiquid: Rs11 lakh median daily turnover (floor Rs50 lakh); only 73 trades/day median — one operator's book, not a market","listed 95d ago — under a year of history, no trend to read; illiquid: Rs11 lakh median daily turnover (floor Rs50 lakh); only 73 trades/day median — one operator's book, not a market"
BEPL,Bhansali Engineering Polymers Limited,EQ,,121.81,3031.0,8.159,2.421,7014.0,769689.0,20.0,0,0.0,25,25,2005-03-21,7795.0,False,False,2026-07-24,,,not penny/nano — price >= Rs100 and mcap >= Rs1000 Cr,
BERGEPAINT,Berger Paints (I) Limited,EQ,,497.95,60568.0,17.851,4.906,16167.0,355138.0,20.0,0,0.0,25,25,1999-11-24,9739.0,True,False,2026-07-24,,,not penny/nano — price >= Rs100 and mcap >= Rs1000 Cr,
BESTAGRO,Best Agrolife Limited,EQ,price,15.16,,0.456,0.203,1280.0,289144.0,20.0,0,0.0,25,25,2024-04-10,835.0,False,False,2026-07-24,,,illiquid: Rs46 lakh median daily turnover (floor Rs50 lakh),illiquid: Rs46 lakh median daily turnover (floor Rs50 lakh)
BETA,Beta Drugs Limited,EQ,,2315.6,2413.0,5.927,1.834,3690.0,27004.0,20.0,0,0.0,25,25,2025-11-24,242.0,False,False,2026-07-24,,,"listed 242d ago — under a year of history, no trend to read","listed 242d ago — under a year of history, no trend to read"
BFINVEST,BF Investment Limited,EQ,,460.05,1733.0,1.756,0.268,1649.0,38223.0,20.0,0,0.0,25,25,2011-01-14,5670.0,False,False,2026-07-24,,,not penny/nano — price >= Rs100 and mcap >= Rs1000 Cr,
BFSI,,,price,26.95,,1.143,0.304,912.0,408241.0,20.0,0,0.0,25,25,,,False,False,2026-07-24,,,not in the NSE equity master (ETF / REIT / InvIT — not a company),not in the NSE equity master (ETF / REIT / InvIT — not a company)
BFUTILITIE,BF Utilities Limited,EQ,,580.4,2186.0,4.378,1.708,3050.0,68014.0,20.0,0,0.0,25,25,2007-05-03,7022.0,False,False,2026-07-24,,,not penny/nano — price >= Rs100 and mcap >= Rs1000 Cr,
BHAGCHEM,Bhagiradha Chemicals & Industries Limited,EQ,,263.45,3416.0,2.686,0.523,2152.0,94714.0,20.0,0,0.0,25,25,2021-10-18,1740.0,False,False,2026-07-24,,,not penny/nano — price >= Rs100 and mcap >= Rs1000 Cr,
BHARATCOAL,Bharat Coking Coal Limited,EQ,price,34.99,,52.408,23.895,22442.0,13782198.0,20.0,0,0.0,25,25,2026-01-19,186.0,False,False,2026-07-24,,,"listed 186d ago — under a year of history, no trend to read","listed 186d ago — under a year of history, no trend to read"
BHARATFORG,Bharat Forge Limited,EQ,,2151.6,102866.0,174.642,105.297,35008.0,796312.0,,0,0.0,25,25,2003-04-04,8512.0,True,False,2026-07-24,,,not penny/nano — price >= Rs100 and mcap >= Rs1000 Cr,
BHARATGEAR,Bharat Gears Limited,BE,,132.43,,1.243,0.702,2054.0,94266.0,5.0,2,0.182,11,11,1996-04-03,11069.0,False,False,2026-07-06,,,series BE (trade-to-trade / SME — not normal rolling settlement); 5% circuit band — cannot exit on bad news,series BE (trade-to-trade / SME — not normal rolling settlement); 5% circuit band — cannot exit on bad news
BHARATRAS,Bharat Rasayan Limited,EQ,,1261.1,2096.0,0.908,0.414,1096.0,6707.0,20.0,0,0.0,25,25,1995-10-11,11244.0,False,False,2026-07-24,,,not penny/nano — price >= Rs100 and mcap >= Rs1000 Cr,
BHARATSE,Bharat Seats Limited,EQ,,218.14,1370.0,7.331,1.159,9373.0,310227.0,20.0,0,0.0,25,25,2025-03-24,487.0,False,False,2026-07-24,,,not penny/nano — price >= Rs100 and mcap >= Rs1000 Cr,
BHARATWIRE,Bharat Wire Ropes Limited,EQ,,193.31,1326.0,3.331,1.248,2989.0,155314.0,20.0,0,0.0,25,25,2016-04-01,3766.0,False,False,2026-07-24,,,not penny/nano — price >= Rs100 and mcap >= Rs1000 Cr,
BHARTIARTL,Bharti Airtel Limited,EQ,,1898.2,1184485.0,1115.646,527.478,129686.0,5767438.0,,0,0.0,25,25,2002-02-15,8925.0,False,False,2026-07-24,,,not penny/nano — price >= Rs100 and mcap >= Rs1000 Cr,
BHARTIHEXA,Bharti Hexacom Limited,EQ,,1607.6,80380.0,35.825,6.645,19607.0,224204.0,20.0,0,0.0,25,25,2024-04-12,833.0,True,False,2026-07-24,,,not penny/nano — price >= Rs100 and mcap >= Rs1000 Cr,
BHEL,Bharat Heavy Electricals Limited,EQ,,417.3,145306.0,499.819,308.854,118190.0,12038780.0,,0,0.0,25,25,2003-11-11,8291.0,True,False,2026-07-24,,,not penny/nano — price >= Rs100 and mcap >= Rs1000 Cr,
BI,Bilcare Limited,EQ,price,59.27,,0.025,0.004,125.0,4333.0,20.0,0,0.0,25,25,2026-04-20,95.0,False,False,2026-07-24,,,"listed 95d ago — under a year of history, no trend to read; illiquid: Rs2 lakh median daily turnover (floor Rs50 lakh); only 125 trades/day median — one operator's book, not a market","listed 95d ago — under a year of history, no trend to read; illiquid: Rs2 lakh median daily turnover (floor Rs50 lakh); only 125 trades/day median — one operator's book, not a market"
BIGBLOC,Bigbloc Construction Limited,EQ,price,47.75,,0.254,0.089,689.0,53733.0,20.0,0,0.0,25,25,2016-09-02,3612.0,False,False,2026-07-24,,,illiquid: Rs25 lakh median daily turnover (floor Rs50 lakh),illiquid: Rs25 lakh median daily turnover (floor Rs50 lakh)
BIKAJI,Bikaji Foods International Limited,EQ,,630.7,16604.0,5.368,2.006,7539.0,83172.0,20.0,0,0.0,25,25,2022-11-16,1346.0,True,False,2026-07-24,,,not penny/nano — price >= Rs100 and mcap >= Rs1000 Cr,
BIL,Bhartiya International Limited,EQ,,729.9,,0.258,0.047,265.0,3481.0,20.0,0,0.0,25,25,2000-04-12,9599.0,False,False,2026-07-24,,,"illiquid: Rs26 lakh median daily turnover (floor Rs50 lakh); only 265 trades/day median — one operator's book, not a market","illiquid: Rs26 lakh median daily turnover (floor Rs50 lakh); only 265 trades/day median — one operator's book, not a market"
BIMETAL,Bimetal Bearings Limited,EQ,,667.4,,0.04,0.008,63.0,620.0,20.0,0,0.0,25,25,2026-04-20,95.0,False,False,2026-07-24,,,"listed 95d ago — under a year of history, no trend to read; illiquid: Rs4 lakh median daily turnover (floor Rs50 lakh); only 63 trades/day median — one operator's book, not a market","listed 95d ago — under a year of history, no trend to read; illiquid: Rs4 lakh median daily turnover (floor Rs50 lakh); only 63 trades/day median — one operator's book, not a market"
BIOCON,Biocon Limited,EQ,,433.65,70672.0,192.498,77.511,51416.0,4438335.0,,0,0.0,25,25,2004-04-07,8143.0,True,False,2026-07-24,,,not penny/nano — price >= Rs100 and mcap >= Rs1000 Cr,
BIOFILCHEM,Biofil Chemicals & Pharmaceuticals Limited,EQ,price,32.07,,0.031,0.005,154.0,9081.0,20.0,0,0.0,25,25,1996-06-12,10999.0,False,False,2026-07-24,,,"illiquid: Rs3 lakh median daily turnover (floor Rs50 lakh); only 154 trades/day median — one operator's book, not a market","illiquid: Rs3 lakh median daily turnover (floor Rs50 lakh); only 154 trades/day median — one operator's book, not a market"
BIRLACORPN,Birla Corporation Limited,EQ,,956.6,7559.0,7.073,1.605,6375.0,69057.0,20.0,0,0.0,25,25,1995-04-12,11426.0,True,False,2026-07-24,,,not penny/nano — price >= Rs100 and mcap >= Rs1000 Cr,
BIRLAMONEY,Aditya Birla Money Limited,EQ,mcap,131.99,746.0,0.805,0.327,1468.0,57111.0,20.0,0,0.0,25,25,2008-02-07,6742.0,False,False,2026-07-24,,,,
BIRLANU,BirlaNu Limited,EQ,,1351.9,1019.0,0.944,0.423,929.0,7064.0,20.0,0,0.0,25,25,1995-04-26,11412.0,False,False,2026-07-24,,,not penny/nano — price >= Rs100 and mcap >= Rs1000 Cr,
BIRLAPREC,Birla Precision Technologies Limited,EQ,price,34.19,,0.113,0.04,694.0,30507.0,20.0,0,0.0,25,25,2026-04-20,95.0,False,False,2026-07-24,,,"listed 95d ago — under a year of history, no trend to read; illiquid: Rs11 lakh median daily turnover (floor Rs50 lakh)","listed 95d ago — under a year of history, no trend to read; illiquid: Rs11 lakh median daily turnover (floor Rs50 lakh)"
BLACKBUCK,BLACKBUCK LIMITED,EQ,,539.35,9999.0,17.192,7.476,14373.0,303504.0,20.0,0,0.0,25,25,2024-11-22,609.0,True,False,2026-07-24,,,not penny/nano — price >= Rs100 and mcap >= Rs1000 Cr,
BLACKROSE,Black Rose Inds. Limited,BE,mcap,125.93,490.0,6.017,0.174,8155.0,552191.0,5.0,4,0.8,5,5,2026-04-20,95.0,False,False,2026-06-25,,,"series BE (trade-to-trade / SME — not normal rolling settlement); 5% circuit band — cannot exit on bad news; listed 95d ago — under a year of history, no trend to read; closed at circuit on 80% of sessions — a stop cannot fill in a locked market","series BE (trade-to-trade / SME — not normal rolling settlement); 5% circuit band — cannot exit on bad news; listed 95d ago — under a year of history, no trend to read; closed at circuit on 80% of sessions — a stop cannot fill in a locked market"
BLAL,BEML Land Assets Limited,EQ,,175.92,,0.246,0.076,316.0,13485.0,20.0,0,0.0,25,25,2023-04-19,1192.0,False,False,2026-07-24,0.0,,"GSM stage 0 — exchange surveillance, periodic call auction; illiquid: Rs25 lakh median daily turnover (floor Rs50 lakh)","GSM stage 0 — exchange surveillance, periodic call auction; illiquid: Rs25 lakh median daily turnover (floor Rs50 lakh)"
BLBLIMITED,BLB Limited,EQ,price,15.7,,0.077,0.018,237.0,46799.0,10.0,0,0.0,25,25,2000-05-31,9550.0,False,False,2026-07-24,,,"illiquid: Rs8 lakh median daily turnover (floor Rs50 lakh); only 237 trades/day median — one operator's book, not a market","illiquid: Rs8 lakh median daily turnover (floor Rs50 lakh); only 237 trades/day median — one operator's book, not a market"
BLIL,Balmer Lawrie Investments Limited,EQ,price,69.88,,0.268,0.113,608.0,38235.0,20.0,0,0.0,25,25,2026-04-20,95.0,False,False,2026-07-24,,,"listed 95d ago — under a year of history, no trend to read; illiquid: Rs27 lakh median daily turnover (floor Rs50 lakh)","listed 95d ago — under a year of history, no trend to read; illiquid: Rs27 lakh median daily turnover (floor Rs50 lakh)"
BLISSGVS,Bliss GVS Pharma Limited,BE,,527.1,4927.0,46.788,20.762,18712.0,987034.0,5.0,2,0.222,9,9,2010-07-26,5842.0,False,False,2026-07-02,,LT Stage IV,"series BE (trade-to-trade / SME — not normal rolling settlement); ASM LT Stage IV — surveillance: 100% margin, no intraday, no pledging; 5% circuit band — cannot exit on bad news; closed at circuit on 22% of sessions — a stop cannot fill in a locked market","series BE (trade-to-trade / SME — not normal rolling settlement); ASM LT Stage IV — surveillance: 100% margin, no intraday, no pledging; 5% circuit band — cannot exit on bad news; closed at circuit on 22% of sessions — a stop cannot fill in a locked market"
BLKASHYAP,B. L. Kashyap and Sons Limited,EQ,price,54.56,1230.0,1.693,0.667,1599.0,310889.0,20.0,0,0.0,25,25,2006-03-17,7434.0,False,False,2026-07-24,,,,
BLS,BLS International Services Limited,EQ,,233.6,10442.0,25.415,10.008,22041.0,1046618.0,20.0,0,0.0,25,25,2016-06-14,3692.0,True,False,2026-07-24,,,not penny/nano — price >= Rs100 and mcap >= Rs1000 Cr,
BLSE,BLS E-Services Limited,EQ,,282.32,2565.0,16.777,1.796,7797.0,683331.0,20.0,0,0.0,25,25,2024-02-06,899.0,False,False,2026-07-24,,,not penny/nano — price >= Rs100 and mcap >= Rs1000 Cr,
BLUEDART,Blue Dart Express Limited,EQ,,4911.5,11514.0,3.029,1.87,2232.0,6269.0,20.0,0,0.0,25,25,2002-12-12,8625.0,True,False,2026-07-24,,,not penny/nano — price >= Rs100 and mcap >= Rs1000 Cr,
BLUEJET,Blue Jet Healthcare Limited,EQ,,566.9,9645.0,31.665,12.902,14735.0,546528.0,10.0,0,0.0,25,25,2023-11-01,996.0,True,False,2026-07-24,,,not penny/nano — price >= Rs100 and mcap >= Rs1000 Cr,
BLUESTARCO,Blue Star Limited,EQ,,1637.2,32553.0,43.235,18.658,23065.0,262053.0,,0,0.0,25,25,2000-06-15,9535.0,True,False,2026-07-24,,,not penny/nano — price >= Rs100 and mcap >= Rs1000 Cr,
BLUESTONE,BlueStone Jewellery and Lifestyle Limited,EQ,,772.4,8682.0,23.455,6.685,18332.0,415071.0,20.0,0,0.0,25,25,2025-08-19,339.0,True,False,2026-07-24,,,"listed 339d ago — under a year of history, no trend to read","listed 339d ago — under a year of history, no trend to read"
BLUSPRING,Bluspring Enterprises Limited,EQ,,108.42,1620.0,7.533,2.265,7797.0,677253.0,10.0,0,0.0,25,25,2025-06-11,408.0,False,False,2026-07-24,,LT Stage I,"ASM LT Stage I — surveillance: 100% margin, no intraday, no pledging","ASM LT Stage I — surveillance: 100% margin, no intraday, no pledging"
BMWVENTLTD,BMW Ventures Limited,EQ,price,56.52,,0.377,0.173,931.0,64082.0,20.0,0,0.0,25,25,2025-10-01,296.0,False,False,2026-07-24,,,"listed 296d ago — under a year of history, no trend to read; illiquid: Rs38 lakh median daily turnover (floor Rs50 lakh)","listed 296d ago — under a year of history, no trend to read; illiquid: Rs38 lakh median daily turnover (floor Rs50 lakh)"
BNALTD,B & A Limited,BE,,519.55,,0.006,0.0,12.5,171.0,5.0,5,0.25,20,20,2026-04-20,95.0,False,False,2026-07-21,,,"series BE (trade-to-trade / SME — not normal rolling settlement); 5% circuit band — cannot exit on bad news; listed 95d ago — under a year of history, no trend to read; illiquid: Rs1 lakh median daily turnover (floor Rs50 lakh); only 12 trades/day median — one operator's book, not a market; closed at circuit on 25% of sessions — a stop cannot fill in a locked market","series BE (trade-to-trade / SME — not normal rolling settlement); 5% circuit band — cannot exit on bad news; listed 95d ago — under a year of history, no trend to read; illiquid: Rs1 lakh median daily turnover (floor Rs50 lakh); only 12 trades/day median — one operator's book, not a market; closed at circuit on 25% of sessions — a stop cannot fill in a locked market"
BNKETFAXIS,,,,583.85,,0.034,0.014,34.5,567.0,20.0,0,0.0,16,16,,,False,False,2026-07-24,,,"not in the NSE equity master (ETF / REIT / InvIT — not a company); illiquid: Rs3 lakh median daily turnover (floor Rs50 lakh); only 34 trades/day median — one operator's book, not a market","not in the NSE equity master (ETF / REIT / InvIT — not a company); illiquid: Rs3 lakh median daily turnover (floor Rs50 lakh); only 34 trades/day median — one operator's book, not a market"
BOHRAIND,Bohra Industries Limited,EQ,price,12.62,,0.038,0.003,78.0,27074.0,5.0,4,0.16,25,25,2022-10-27,1366.0,False,False,2026-07-24,,,"5% circuit band — cannot exit on bad news; illiquid: Rs4 lakh median daily turnover (floor Rs50 lakh); only 78 trades/day median — one operator's book, not a market","5% circuit band — cannot exit on bad news; illiquid: Rs4 lakh median daily turnover (floor Rs50 lakh); only 78 trades/day median — one operator's book, not a market"
BOMDYEING,Bombay Dyeing & Mfg Company Limited,EQ,,121.71,2514.0,6.073,3.531,4755.0,458742.0,20.0,0,0.0,25,25,1995-04-26,11412.0,False,False,2026-07-24,,,not penny/nano — price >= Rs100 and mcap >= Rs1000 Cr,
BONLON,Bonlon Industries Limited,EQ,price,40.92,,0.022,0.011,107.0,5320.0,5.0,0,0.0,25,25,2026-02-20,154.0,False,False,2026-07-24,,,"5% circuit band — cannot exit on bad news; listed 154d ago — under a year of history, no trend to read; illiquid: Rs2 lakh median daily turnover (floor Rs50 lakh); only 107 trades/day median — one operator's book, not a market","5% circuit band — cannot exit on bad news; listed 154d ago — under a year of history, no trend to read; illiquid: Rs2 lakh median daily turnover (floor Rs50 lakh); only 107 trades/day median — one operator's book, not a market"
BORANA,Borana Weaves Limited,EQ,mcap,327.45,872.0,0.737,0.369,687.0,23831.0,20.0,0,0.0,25,25,2025-05-27,423.0,False,False,2026-07-24,,,,
BOROLTD,Borosil Limited,EQ,,232.34,2778.0,1.646,0.827,2128.0,71411.0,20.0,0,0.0,25,25,2020-07-22,2193.0,False,False,2026-07-24,,,not penny/nano — price >= Rs100 and mcap >= Rs1000 Cr,
BORORENEW,BOROSIL RENEWABLES LIMITED,EQ,,580.65,8721.0,31.058,18.111,16880.0,512383.0,20.0,0,0.0,25,25,2018-05-25,2982.0,True,False,2026-07-24,,,not penny/nano — price >= Rs100 and mcap >= Rs1000 Cr,
BOROSCI,Borosil Scientific Limited,EQ,,152.09,1353.0,1.374,0.471,1690.0,86550.0,20.0,0,0.0,25,25,2024-06-07,777.0,False,False,2026-07-24,,,not penny/nano — price >= Rs100 and mcap >= Rs1000 Cr,
BOSCH-HCIL,BOSCH HOME COMFORT INDIA LIMITED,EQ,,1332.8,3624.0,3.837,0.953,1903.0,28518.0,10.0,0,0.0,25,25,2000-01-03,9699.0,False,False,2026-07-24,,,not penny/nano — price >= Rs100 and mcap >= Rs1000 Cr,
BOSCHLTD,Bosch Limited,EQ,,41755.0,123161.0,117.496,35.303,11372.0,29152.0,,0,0.0,25,25,2003-05-12,8474.0,False,False,2026-07-24,,,not penny/nano — price >= Rs100 and mcap >= Rs1000 Cr,
BPCL,Bharat Petroleum Corporation Limited,EQ,,310.15,134559.0,214.853,86.984,60279.0,6889552.0,,0,0.0,25,25,1995-09-13,11272.0,False,False,2026-07-24,,,not penny/nano — price >= Rs100 and mcap >= Rs1000 Cr,
BPL,BPL Limited,EQ,price,53.78,,0.251,0.139,888.0,45018.0,20.0,0,0.0,25,25,1995-06-14,11363.0,False,False,2026-07-24,,LT Stage I,"ASM LT Stage I — surveillance: 100% margin, no intraday, no pledging; illiquid: Rs25 lakh median daily turnover (floor Rs50 lakh)","ASM LT Stage I — surveillance: 100% margin, no intraday, no pledging; illiquid: Rs25 lakh median daily turnover (floor Rs50 lakh)"
BRIGADE,Brigade Enterprises Limited,EQ,,525.45,16760.0,30.191,11.616,23827.0,602614.0,20.0,0,0.0,25,25,2007-12-31,6780.0,True,False,2026-07-24,,,not penny/nano — price >= Rs100 and mcap >= Rs1000 Cr,
BRIGHOTEL,Brigade Hotel Ventures Limited,EQ,price,60.16,,0.571,0.208,1472.0,90943.0,20.0,0,0.0,25,25,2025-07-31,358.0,False,False,2026-07-24,,,"listed 358d ago — under a year of history, no trend to read","listed 358d ago — under a year of history, no trend to read"
BRITANNIA,Britannia Industries Limited,EQ,,5379.5,129575.0,117.0,59.609,23219.0,220646.0,,0,0.0,25,25,1998-11-05,10123.0,False,False,2026-07-24,,,not penny/nano — price >= Rs100 and mcap >= Rs1000 Cr,
BRNL,Bharat Road Network Limited,EQ,price,18.06,,0.054,0.027,282.0,29957.0,20.0,0,0.0,25,25,2017-09-18,3231.0,False,False,2026-07-24,,,"illiquid: Rs5 lakh median daily turnover (floor Rs50 lakh); only 282 trades/day median — one operator's book, not a market","illiquid: Rs5 lakh median daily turnover (floor Rs50 lakh); only 282 trades/day median — one operator's book, not a market"
BSE,BSE Limited,EQ,,3549.7,155450.0,980.392,491.898,118634.0,2487812.0,,0,0.0,25,25,2017-02-03,3458.0,True,False,2026-07-24,,,not penny/nano — price >= Rs100 and mcap >= Rs1000 Cr,
BSE500IETF,,,price,38.74,,0.385,0.164,1150.0,98359.0,20.0,0,0.0,25,25,,,False,False,2026-07-24,,,not in the NSE equity master (ETF / REIT / InvIT — not a company); illiquid: Rs38 lakh median daily turnover (floor Rs50 lakh),not in the NSE equity master (ETF / REIT / InvIT — not a company); illiquid: Rs38 lakh median daily turnover (floor Rs50 lakh)
BSL,BSL Limited,EQ,,124.74,,0.043,0.008,120.0,3383.0,20.0,0,0.0,25,25,1995-07-27,11320.0,False,False,2026-07-24,,,"illiquid: Rs4 lakh median daily turnover (floor Rs50 lakh); only 120 trades/day median — one operator's book, not a market","illiquid: Rs4 lakh median daily turnover (floor Rs50 lakh); only 120 trades/day median — one operator's book, not a market"
BSLGOLDETF,,,,125.49,,2.445,0.785,2403.0,193546.0,20.0,0,0.0,25,25,,,False,False,2026-07-24,,,not in the NSE equity master (ETF / REIT / InvIT — not a company),not in the NSE equity master (ETF / REIT / InvIT — not a company)
BSLNIFTY,,,price,27.88,,2.229,0.583,4480.0,795816.0,20.0,0,0.0,25,25,,,False,False,2026-07-24,,,not in the NSE equity master (ETF / REIT / InvIT — not a company),not in the NSE equity master (ETF / REIT / InvIT — not a company)
BSLSENETFG,,,price,76.54,,0.029,0.005,119.0,3757.0,20.0,0,0.0,25,25,,,False,False,2026-07-24,,,"not in the NSE equity master (ETF / REIT / InvIT — not a company); illiquid: Rs3 lakh median daily turnover (floor Rs50 lakh); only 119 trades/day median — one operator's book, not a market","not in the NSE equity master (ETF / REIT / InvIT — not a company); illiquid: Rs3 lakh median daily turnover (floor Rs50 lakh); only 119 trades/day median — one operator's book, not a market"
BSOFT,BIRLASOFT LIMITED,EQ,,282.4,7900.0,51.712,18.051,32687.0,1727785.0,20.0,0,0.0,25,25,1999-11-24,9739.0,True,False,2026-07-24,,,not penny/nano — price >= Rs100 and mcap >= Rs1000 Cr,
BTML,Bodhi Tree Multimedia Limited,EQ,price,6.96,,0.062,0.011,182.0,97108.0,20.0,0,0.0,25,25,2023-02-15,1255.0,False,False,2026-07-24,,,"illiquid: Rs6 lakh median daily turnover (floor Rs50 lakh); only 182 trades/day median — one operator's book, not a market","illiquid: Rs6 lakh median daily turnover (floor Rs50 lakh); only 182 trades/day median — one operator's book, not a market"
BTTL,Bhilwara Technical Textiles Limited,BE,price,52.26,,0.517,0.006,874.0,97573.0,5.0,5,0.385,13,13,2026-04-20,95.0,False,False,2026-07-08,,,"series BE (trade-to-trade / SME — not normal rolling settlement); 5% circuit band — cannot exit on bad news; listed 95d ago — under a year of history, no trend to read; closed at circuit on 38% of sessions — a stop cannot fill in a locked market","series BE (trade-to-trade / SME — not normal rolling settlement); 5% circuit band — cannot exit on bad news; listed 95d ago — under a year of history, no trend to read; closed at circuit on 38% of sessions — a stop cannot fill in a locked market"
BUILDPRO,Shankara Buildpro Limited,EQ,,1236.2,2998.0,3.852,1.616,2790.0,34834.0,20.0,0,0.0,25,25,2026-01-09,196.0,False,False,2026-07-24,,,"listed 196d ago — under a year of history, no trend to read","listed 196d ago — under a year of history, no trend to read"
BUTTERFLY,Butterfly Gandhimathi Appliances Limited,EQ,,761.9,1362.0,2.842,0.333,2455.0,37419.0,20.0,0,0.0,25,25,2014-04-28,4470.0,False,False,2026-07-24,,,not penny/nano — price >= Rs100 and mcap >= Rs1000 Cr,
BVCL,Barak Valley Cements Limited,EQ,price,40.79,,0.054,0.006,117.0,13147.0,20.0,0,0.0,25,25,2007-11-23,6818.0,False,False,2026-07-24,,LT Stage I,"ASM LT Stage I — surveillance: 100% margin, no intraday, no pledging; illiquid: Rs5 lakh median daily turnover (floor Rs50 lakh); only 117 trades/day median — one operator's book, not a market","ASM LT Stage I — surveillance: 100% margin, no intraday, no pledging; illiquid: Rs5 lakh median daily turnover (floor Rs50 lakh); only 117 trades/day median — one operator's book, not a market"
CAMLINFINE,Camlin Fine Sciences Limited,EQ,,124.47,2391.0,8.147,3.403,6721.0,622638.0,20.0,0,0.0,25,25,2015-01-20,4203.0,False,False,2026-07-24,,,not penny/nano — price >= Rs100 and mcap >= Rs1000 Cr,
CAMPUS,Campus Activewear Limited,EQ,,216.55,7185.0,6.206,3.141,8212.0,268854.0,20.0,0,0.0,25,25,2022-05-09,1537.0,True,False,2026-07-24,,,not penny/nano — price >= Rs100 and mcap >= Rs1000 Cr,
CAMS,Computer Age Management Services Limited,EQ,,761.45,19815.0,95.783,48.849,42596.0,1162760.0,,0,0.0,25,25,2021-05-07,1904.0,True,False,2026-07-24,,,not penny/nano — price >= Rs100 and mcap >= Rs1000 Cr,
CANBK,Canara Bank,EQ,,125.65,113973.0,308.929,144.639,91443.0,24325901.0,,0,0.0,25,25,2002-12-23,8614.0,False,False,2026-07-24,,,not penny/nano — price >= Rs100 and mcap >= Rs1000 Cr,
CANFINHOME,Can Fin Homes Limited,EQ,,813.9,10837.0,24.879,6.666,19120.0,281595.0,20.0,0,0.0,25,25,1995-05-10,11398.0,True,False,2026-07-24,,,not penny/nano — price >= Rs100 and mcap >= Rs1000 Cr,
CANHLIFE,Canara HSBC Life Insurance Company Limited,EQ,,147.31,13994.0,10.224,2.024,12521.0,727478.0,20.0,0,0.0,25,25,2025-10-17,280.0,True,False,2026-07-24,,,"listed 280d ago — under a year of history, no trend to read","listed 280d ago — under a year of history, no trend to read"
CANTABIL,Cantabil Retail India Limited,EQ,,239.83,2006.0,4.084,0.932,3967.0,166797.0,20.0,0,0.0,25,25,2010-10-12,5764.0,False,False,2026-07-24,,,not penny/nano — price >= Rs100 and mcap >= Rs1000 Cr,
CAPACITE,Capacit'e Infraprojects Limited,EQ,,212.75,1800.0,9.966,5.132,8774.0,433852.0,20.0,0,0.0,25,25,2017-09-25,3224.0,False,False,2026-07-24,,,not penny/nano — price >= Rs100 and mcap >= Rs1000 Cr,
CAPILLARY,Capillary Technologies India Limited,EQ,,476.25,4093.0,2.751,0.38,1563.0,54313.0,20.0,0,0.0,25,25,2025-11-21,245.0,True,False,2026-07-24,,,"listed 245d ago — under a year of history, no trend to read","listed 245d ago — under a year of history, no trend to read"
CAPITALSFB,Capital Small Finance Bank Limited,EQ,,292.0,1328.0,1.444,0.456,1286.0,48156.0,20.0,0,0.0,25,25,2024-02-14,891.0,False,False,2026-07-24,,,not penny/nano — price >= Rs100 and mcap >= Rs1000 Cr,
CAPLIPOINT,Caplin Point Laboratories Limited,EQ,,2467.1,19293.0,31.2,13.9,15531.0,119270.0,20.0,0,0.0,25,25,2014-06-23,4414.0,True,False,2026-07-24,,,not penny/nano — price >= Rs100 and mcap >= Rs1000 Cr,
CAPTRUST,Capital Trust Limited,EQ,price,14.65,,0.072,0.006,127.5,48146.0,5.0,4,0.4,10,10,2017-01-16,3476.0,False,False,2026-07-24,,,"5% circuit band — cannot exit on bad news; illiquid: Rs7 lakh median daily turnover (floor Rs50 lakh); only 127 trades/day median — one operator's book, not a market; closed at circuit on 40% of sessions — a stop cannot fill in a locked market","5% circuit band — cannot exit on bad news; illiquid: Rs7 lakh median daily turnover (floor Rs50 lakh); only 127 trades/day median — one operator's book, not a market; closed at circuit on 40% of sessions — a stop cannot fill in a locked market"
CARBORUNIV,Carborundum Universal Limited,EQ,,1064.3,20274.0,17.148,8.076,15422.0,145242.0,20.0,0,0.0,25,25,1996-04-03,11069.0,True,False,2026-07-24,,,not penny/nano — price >= Rs100 and mcap >= Rs1000 Cr,
CARERATING,CARE Ratings Limited,EQ,,1680.0,5055.0,5.035,1.725,4185.0,29939.0,20.0,0,0.0,25,25,2012-12-26,4958.0,False,False,2026-07-24,,,not penny/nano — price >= Rs100 and mcap >= Rs1000 Cr,
CARRARO,Carraro India Limited,EQ,,534.0,3036.0,7.949,2.551,7535.0,150117.0,20.0,0,0.0,25,25,2024-12-30,571.0,False,False,2026-07-24,,,not penny/nano — price >= Rs100 and mcap >= Rs1000 Cr,
CARTRADE,Cartrade Tech Limited,EQ,,2656.4,12964.0,105.331,64.027,35605.0,382280.0,20.0,0,0.0,25,25,2021-08-20,1799.0,True,False,2026-07-24,,,not penny/nano — price >= Rs100 and mcap >= Rs1000 Cr,
CARYSIL,CARYSIL LIMITED,EQ,,1125.7,3202.0,9.027,2.646,5969.0,77310.0,20.0,0,0.0,25,25,2021-01-14,2017.0,False,False,2026-07-24,,,not penny/nano — price >= Rs100 and mcap >= Rs1000 Cr,
CASHIETF,,,,1072.47,,22.292,6.311,147.0,208851.0,5.0,0,0.0,25,25,,,False,False,2026-07-24,,,"not in the NSE equity master (ETF / REIT / InvIT — not a company); 5% circuit band — cannot exit on bad news; only 147 trades/day median — one operator's book, not a market","not in the NSE equity master (ETF / REIT / InvIT — not a company); 5% circuit band — cannot exit on bad news; only 147 trades/day median — one operator's book, not a market"
CASTROLIND,Castrol India Limited,EQ,,184.79,18278.0,18.274,10.981,13913.0,988700.0,20.0,0,0.0,25,25,2014-03-14,4515.0,True,False,2026-07-24,,,not penny/nano — price >= Rs100 and mcap >= Rs1000 Cr,
CCAVENUE,AvenuesAI Limited,EQ,,16.34,5697.0,22.872,7.302,17394.0,13456285.0,20.0,0,0.0,25,25,2016-04-04,3763.0,True,False,2026-07-24,,,"not penny/nano — too big on both arms: a Rs16 share of a Rs5,697 Cr company (the price arm's ceiling is Rs5,000 Cr — a cheap share is not a small company)",
CCCL,Consolidated Construction Consortium Limited,EQ,price,15.88,,0.429,0.195,940.0,259632.0,20.0,0,0.0,25,25,2007-10-15,6857.0,False,False,2026-07-24,,,illiquid: Rs43 lakh median daily turnover (floor Rs50 lakh),illiquid: Rs43 lakh median daily turnover (floor Rs50 lakh)
CCHHL,Country Club Hospitality & Holidays Limited,EQ,price,12.74,,0.02,0.006,134.0,15987.0,20.0,0,0.0,25,25,2015-02-03,4189.0,False,False,2026-07-24,,,"illiquid: Rs2 lakh median daily turnover (floor Rs50 lakh); only 134 trades/day median — one operator's book, not a market","illiquid: Rs2 lakh median daily turnover (floor Rs50 lakh); only 134 trades/day median — one operator's book, not a market"
CCL,CCL Products (India) Limited,EQ,,1183.6,15804.0,17.842,6.321,15134.0,145875.0,20.0,0,0.0,25,25,2004-06-07,8082.0,True,False,2026-07-24,,,not penny/nano — price >= Rs100 and mcap >= Rs1000 Cr,
CDSL,Central Depository Services (India) Limited,EQ,,1333.1,28228.0,196.221,125.437,49437.0,1462201.0,,0,0.0,25,25,2017-06-30,3311.0,True,False,2026-07-24,,,not penny/nano — price >= Rs100 and mcap >= Rs1000 Cr,
CEATLTD,CEAT Limited,EQ,,3328.6,15369.0,48.123,22.413,19533.0,133764.0,20.0,0,0.0,25,25,2008-02-01,6748.0,True,False,2026-07-24,,,not penny/nano — price >= Rs100 and mcap >= Rs1000 Cr,
CEIGALL,Ceigall India Limited,EQ,,337.1,5869.0,15.214,5.671,10561.0,401293.0,10.0,0,0.0,25,25,2024-08-08,715.0,False,False,2026-07-24,,,not penny/nano — price >= Rs100 and mcap >= Rs1000 Cr,
CEINSYS,Ceinsys Tech Limited,EQ,,870.05,1822.0,3.706,2.163,2404.0,40839.0,20.0,0,0.0,25,25,2026-02-19,155.0,False,False,2026-07-24,,,"listed 155d ago — under a year of history, no trend to read","listed 155d ago — under a year of history, no trend to read"
CELEBRITY,Celebrity Fashions Limited,EQ,price,7.04,,0.014,0.003,114.0,17806.0,20.0,0,0.0,25,25,2006-01-12,7498.0,False,False,2026-07-24,0.0,,"GSM stage 0 — exchange surveillance, periodic call auction; illiquid: Rs1 lakh median daily turnover (floor Rs50 lakh); only 114 trades/day median — one operator's book, not a market","GSM stage 0 — exchange surveillance, periodic call auction; illiquid: Rs1 lakh median daily turnover (floor Rs50 lakh); only 114 trades/day median — one operator's book, not a market"
CELLO,Cello World Limited,EQ,,344.3,8103.0,8.199,3.019,11151.0,223025.0,20.0,0,0.0,25,25,2023-11-06,991.0,True,False,2026-07-24,,,not penny/nano — price >= Rs100 and mcap >= Rs1000 Cr,
CEMPRO,Cemindia Projects Limited,EQ,,1441.0,24755.0,85.927,32.122,19487.0,574763.0,5.0,6,0.24,25,25,1999-02-10,10026.0,True,False,2026-07-24,,LT Stage I,"ASM LT Stage I — surveillance: 100% margin, no intraday, no pledging; 5% circuit band — cannot exit on bad news; closed at circuit on 24% of sessions — a stop cannot fill in a locked market","ASM LT Stage I — surveillance: 100% margin, no intraday, no pledging; 5% circuit band — cannot exit on bad news; closed at circuit on 24% of sessions — a stop cannot fill in a locked market"
CENTENKA,Century Enka Limited,EQ,,574.2,1255.0,2.061,0.707,1570.0,38212.0,20.0,0,0.0,25,25,1995-05-10,11398.0,False,False,2026-07-24,,,not penny/nano — price >= Rs100 and mcap >= Rs1000 Cr,
CENTEXT,Century Extrusions Limited,EQ,price,18.95,,0.126,0.031,464.0,62884.0,20.0,0,0.0,25,25,2004-07-20,8039.0,False,False,2026-07-24,,,illiquid: Rs13 lakh median daily turnover (floor Rs50 lakh),illiquid: Rs13 lakh median daily turnover (floor Rs50 lakh)
CENTRALBK,Central Bank of India,EQ,,31.03,28086.0,30.414,12.753,19890.0,9530629.0,20.0,0,0.0,25,25,2007-08-21,6912.0,True,False,2026-07-24,,,"not penny/nano — too big on both arms: a Rs31 share of a Rs28,086 Cr company (the price arm's ceiling is Rs5,000 Cr — a cheap share is not a small company)",
CENTRUM,Centrum Capital Limited,EQ,price,23.66,1152.0,0.721,0.177,1324.0,290408.0,20.0,1,0.04,25,25,2018-04-04,3033.0,False,False,2026-07-24,,,,
CENTUM,Centum Electronics Limited,EQ,,3593.8,5304.0,11.7,5.51,7157.0,32549.0,20.0,0,0.0,25,25,2007-10-05,6867.0,False,False,2026-07-24,,,not penny/nano — price >= Rs100 and mcap >= Rs1000 Cr,
CENTURYPLY,Century Plyboards (India) Limited,EQ,,792.2,17221.0,2.676,1.247,4658.0,34546.0,20.0,0,0.0,25,25,2006-03-23,7428.0,True,False,2026-07-24,,,not penny/nano — price >= Rs100 and mcap >= Rs1000 Cr,
CERA,Cera Sanitaryware Limited,EQ,,6017.0,8332.0,5.264,1.964,2735.0,8626.0,20.0,0,0.0,25,25,2007-11-02,6839.0,True,False,2026-07-24,,,not penny/nano — price >= Rs100 and mcap >= Rs1000 Cr,
CESC,CESC Limited,EQ,,163.18,22495.0,17.934,7.347,17211.0,1065513.0,20.0,0,0.0,25,25,1995-02-08,11489.0,True,False,2026-07-24,,,not penny/nano — price >= Rs100 and mcap >= Rs1000 Cr,
CEWATER,Concord Enviro Systems Limited,EQ,mcap,298.35,617.0,4.324,1.086,5212.0,135336.0,20.0,0,0.0,25,25,2024-12-27,574.0,False,False,2026-07-24,,,,
CGCL,Capri Global Capital Limited,EQ,,238.23,22502.0,73.64,26.451,21973.0,3216886.0,20.0,0,0.0,25,25,2010-10-29,5747.0,True,False,2026-07-24,,,not penny/nano — price >= Rs100 and mcap >= Rs1000 Cr,
CGPOWER,CG Power and Industrial Solutions Limited,EQ,,867.7,136664.0,322.385,189.642,71737.0,3489753.0,,0,0.0,25,25,1995-03-01,11468.0,False,False,2026-07-24,,,not penny/nano — price >= Rs100 and mcap >= Rs1000 Cr,
CHALET,Chalet Hotels Limited,EQ,,814.4,17835.0,9.336,2.932,9721.0,116718.0,20.0,0,0.0,25,25,2019-02-07,2724.0,True,False,2026-07-24,,,not penny/nano — price >= Rs100 and mcap >= Rs1000 Cr,
CHAMBLFERT,Chambal Fertilizers & Chemicals Limited,EQ,,431.0,19293.0,18.625,8.963,13124.0,409736.0,20.0,0,0.0,25,25,1995-06-14,11363.0,True,False,2026-07-24,,,not penny/nano — price >= Rs100 and mcap >= Rs1000 Cr,
CHEMCON,Chemcon Speciality Chemicals Limited,BE,,189.1,,0.937,0.855,1607.0,48579.0,5.0,1,0.2,5,5,2020-10-01,2122.0,False,False,2026-06-25,,,series BE (trade-to-trade / SME — not normal rolling settlement); 5% circuit band — cannot exit on bad news,series BE (trade-to-trade / SME — not normal rolling settlement); 5% circuit band — cannot exit on bad news
CHEMICAL,,,price,30.18,,1.587,0.655,1013.0,528168.0,20.0,0,0.0,25,25,,,False,False,2026-07-24,,,not in the NSE equity master (ETF / REIT / InvIT — not a company),not in the NSE equity master (ETF / REIT / InvIT — not a company)
CHEMPLASTS,Chemplast Sanmar Limited,EQ,,202.29,3198.0,4.613,2.383,5420.0,226203.0,20.0,0,0.0,25,25,2021-08-24,1795.0,False,False,2026-07-24,,,not penny/nano — price >= Rs100 and mcap >= Rs1000 Cr,
CHENNPETRO,Chennai Petroleum Corporation Limited,EQ,,1214.8,18090.0,125.747,36.526,37012.0,1122447.0,20.0,0,0.0,25,25,2000-06-07,9543.0,True,False,2026-07-24,,,not penny/nano — price >= Rs100 and mcap >= Rs1000 Cr,
CHEVIOT,Cheviot Company Limited,EQ,,1153.6,,0.169,0.048,188.0,1498.0,20.0,0,0.0,25,25,2022-06-20,1495.0,False,False,2026-07-24,,,"illiquid: Rs17 lakh median daily turnover (floor Rs50 lakh); only 188 trades/day median — one operator's book, not a market","illiquid: Rs17 lakh median daily turnover (floor Rs50 lakh); only 188 trades/day median — one operator's book, not a market"
CHOICEGOLD,,,,141.55,,0.082,0.02,132.0,5886.0,20.0,0,0.0,25,25,,,False,False,2026-07-24,,,"not in the NSE equity master (ETF / REIT / InvIT — not a company); illiquid: Rs8 lakh median daily turnover (floor Rs50 lakh); only 132 trades/day median — one operator's book, not a market","not in the NSE equity master (ETF / REIT / InvIT — not a company); illiquid: Rs8 lakh median daily turnover (floor Rs50 lakh); only 132 trades/day median — one operator's book, not a market"
CHOICEIN,Choice International Limited,EQ,,797.15,17823.0,67.968,21.457,13259.0,868666.0,20.0,0,0.0,25,25,2022-04-08,1568.0,True,False,2026-07-24,,,not penny/nano — price >= Rs100 and mcap >= Rs1000 Cr,
CHOLAFIN,Cholamandalam Investment and Finance Company Limited,EQ,,1724.4,147032.0,230.253,114.929,56166.0,1291022.0,,0,0.0,25,25,1996-05-15,11027.0,False,False,2026-07-24,,,not penny/nano — price >= Rs100 and mcap >= Rs1000 Cr,
CHOLAHLDNG,Cholamandalam Financial Holdings Limited,EQ,,1516.7,31432.0,20.861,8.519,16072.0,134355.0,20.0,0,0.0,25,25,2017-09-25,3224.0,True,False,2026-07-24,,,not penny/nano — price >= Rs100 and mcap >= Rs1000 Cr,
CIEINDIA,CIE Automotive India Limited,EQ,,413.75,17870.0,9.104,4.269,11273.0,193666.0,20.0,0,0.0,25,25,2007-08-30,6903.0,True,False,2026-07-24,,,not penny/nano — price >= Rs100 and mcap >= Rs1000 Cr,
CIFL,Capital India Finance Limited,EQ,price,20.05,,0.168,0.026,482.0,73381.0,20.0,0,0.0,25,25,2025-04-17,463.0,False,False,2026-07-24,,,illiquid: Rs17 lakh median daily turnover (floor Rs50 lakh),illiquid: Rs17 lakh median daily turnover (floor Rs50 lakh)
CINELINE,Cineline India Limited,EQ,price,86.71,,0.132,0.024,243.0,16471.0,20.0,0,0.0,25,25,2012-06-13,5154.0,False,False,2026-07-24,,,"illiquid: Rs13 lakh median daily turnover (floor Rs50 lakh); only 243 trades/day median — one operator's book, not a market","illiquid: Rs13 lakh median daily turnover (floor Rs50 lakh); only 243 trades/day median — one operator's book, not a market"
CINEVISTA,Cinevista Limited,EQ,price,15.29,,0.029,0.001,148.0,18955.0,20.0,0,0.0,25,25,2000-05-02,9579.0,False,False,2026-07-24,,,"illiquid: Rs3 lakh median daily turnover (floor Rs50 lakh); only 148 trades/day median — one operator's book, not a market","illiquid: Rs3 lakh median daily turnover (floor Rs50 lakh); only 148 trades/day median — one operator's book, not a market"
CIPLA,Cipla Limited,EQ,,1410.6,113955.0,176.567,81.599,61639.0,1221695.0,,0,0.0,25,25,1995-02-08,11489.0,False,False,2026-07-24,,,not penny/nano — price >= Rs100 and mcap >= Rs1000 Cr,
CLEAN,Clean Science and Technology Limited,EQ,,721.0,8219.0,15.337,8.386,13791.0,196771.0,20.0,0,0.0,25,25,2021-07-19,1831.0,True,False,2026-07-24,,,not penny/nano — price >= Rs100 and mcap >= Rs1000 Cr,
CLEANMAX,Clean Max Enviro Energy Solutions Limited,EQ,,1456.9,17102.0,23.546,6.399,16802.0,177032.0,20.0,0,0.0,25,25,2026-03-02,144.0,False,False,2026-07-24,,,"listed 144d ago — under a year of history, no trend to read","listed 144d ago — under a year of history, no trend to read"
CLSEL,Chaman Lal Setia Exports Limited,EQ,,279.8,1391.0,1.545,0.35,1724.0,55652.0,20.0,0,0.0,25,25,2021-05-12,1899.0,False,False,2026-07-24,,,not penny/nano — price >= Rs100 and mcap >= Rs1000 Cr,
CMLL,Caliber Mining and Logistics Limited,EQ,,528.2,3453.0,1157.25,1157.25,372412.0,23156167.0,20.0,1,1.0,1,1,2026-07-24,0.0,False,False,2026-07-24,,,"listed 0d ago — under a year of history, no trend to read; closed at circuit on 100% of sessions — a stop cannot fill in a locked market","listed 0d ago — under a year of history, no trend to read; closed at circuit on 100% of sessions — a stop cannot fill in a locked market"
CMPDI,Central Mine Planning & Design Institute Limited,EQ,,248.43,17767.0,80.861,30.879,41186.0,2941979.0,20.0,0,0.0,25,25,2026-03-30,116.0,False,False,2026-07-24,,,"listed 116d ago — under a year of history, no trend to read","listed 116d ago — under a year of history, no trend to read"
CMRGREEN,CMR Green Technologies Limited,EQ,,218.05,4781.0,33.006,9.025,15353.0,1413756.0,10.0,0,0.0,25,25,2026-06-10,44.0,False,False,2026-07-24,,,"listed 44d ago — under a year of history, no trend to read","listed 44d ago — under a year of history, no trend to read"
CMSINFO,CMS Info Systems Limited,EQ,,273.9,4530.0,14.268,7.927,14401.0,525218.0,20.0,0,0.0,25,25,2021-12-31,1666.0,True,False,2026-07-24,,,not penny/nano — price >= Rs100 and mcap >= Rs1000 Cr,
CNL,Creative Newtech Limited,EQ,,987.0,1482.0,2.612,0.594,2104.0,29113.0,20.0,0,0.0,25,25,2019-08-05,2545.0,False,False,2026-07-24,,,not penny/nano — price >= Rs100 and mcap >= Rs1000 Cr,
COALINDIA,Coal India Limited,EQ,,427.4,263395.0,215.541,123.418,61301.0,4941315.0,,0,0.0,25,25,2010-11-04,5741.0,False,False,2026-07-24,,,not penny/nano — price >= Rs100 and mcap >= Rs1000 Cr,
COASTCORP,Coastal Corporation Limited,EQ,price,49.93,,0.426,0.128,1149.0,84500.0,20.0,0,0.0,25,25,2021-10-08,1750.0,False,False,2026-07-24,,,illiquid: Rs43 lakh median daily turnover (floor Rs50 lakh),illiquid: Rs43 lakh median daily turnover (floor Rs50 lakh)
COCHINSHIP,Cochin Shipyard Limited,EQ,,1392.4,40096.0,165.818,52.468,41734.0,1139188.0,,0,0.0,25,25,2017-08-11,3269.0,True,False,2026-07-24,,,not penny/nano — price >= Rs100 and mcap >= Rs1000 Cr,
COCKERILL,John Cockerill India Limited,EQ,,8937.5,4413.0,6.188,2.342,2229.0,6920.0,10.0,1,0.04,25,25,2026-04-20,95.0,False,False,2026-07-24,,,"listed 95d ago — under a year of history, no trend to read","listed 95d ago — under a year of history, no trend to read"
COFORGE,Coforge Limited,EQ,,1484.7,62952.0,444.147,150.183,98773.0,2927353.0,,0,0.0,25,25,2004-08-30,7998.0,True,False,2026-07-24,,,not penny/nano — price >= Rs100 and mcap >= Rs1000 Cr,
COHANCE,Cohance Lifesciences Limited,EQ,,417.1,17388.0,21.576,9.331,17798.0,472715.0,20.0,0,0.0,25,25,2020-03-09,2328.0,True,False,2026-07-24,,LT Stage I,"ASM LT Stage I — surveillance: 100% margin, no intraday, no pledging","ASM LT Stage I — surveillance: 100% margin, no intraday, no pledging"
COLPAL,Colgate Palmolive (India) Limited,EQ,,2086.1,55675.0,55.766,24.444,22757.0,271151.0,,0,0.0,25,25,2007-12-17,6794.0,True,False,2026-07-24,,,not penny/nano — price >= Rs100 and mcap >= Rs1000 Cr,
COMFINTE,Comfort Intech Limited,EQ,price,5.44,,0.072,0.035,427.0,122652.0,20.0,0,0.0,25,25,2026-04-20,95.0,False,False,2026-07-24,,,"listed 95d ago — under a year of history, no trend to read; illiquid: Rs7 lakh median daily turnover (floor Rs50 lakh)","listed 95d ago — under a year of history, no trend to read; illiquid: Rs7 lakh median daily turnover (floor Rs50 lakh)"
COMMOIETF,,,price,99.62,,0.507,0.258,865.0,50711.0,20.0,0,0.0,25,25,,,False,False,2026-07-24,,,not in the NSE equity master (ETF / REIT / InvIT — not a company),not in the NSE equity master (ETF / REIT / InvIT — not a company)
COMPUSOFT,Compucom Software Limited,EQ,price,13.33,,0.026,0.008,161.0,19449.0,20.0,0,0.0,25,25,2012-03-02,5257.0,False,False,2026-07-24,,,"illiquid: Rs3 lakh median daily turnover (floor Rs50 lakh); only 161 trades/day median — one operator's book, not a market","illiquid: Rs3 lakh median daily turnover (floor Rs50 lakh); only 161 trades/day median — one operator's book, not a market"
COMSYN,Commercial Syn Bags Limited,EQ,mcap,178.52,720.0,4.265,0.123,2463.0,247053.0,20.0,0,0.0,25,25,2024-01-23,913.0,False,False,2026-07-24,,,,
CONCOR,Container Corporation of India Limited,EQ,,477.55,37182.0,70.811,21.949,24558.0,1503227.0,,0,0.0,25,25,1997-05-07,10670.0,True,False,2026-07-24,,,not penny/nano — price >= Rs100 and mcap >= Rs1000 Cr,
CONCORDBIO,Concord Biotech Limited,EQ,,1248.5,13338.0,12.017,4.298,10584.0,92023.0,20.0,0,0.0,25,25,2023-08-18,1071.0,True,False,2026-07-24,,,not penny/nano — price >= Rs100 and mcap >= Rs1000 Cr,
CONFIPET,Confidence Petroleum India Limited,EQ,price,78.3,2601.0,15.625,6.55,10834.0,2135928.0,10.0,0,0.0,25,25,2019-06-13,2598.0,False,False,2026-07-24,,,,
CONS,,,price,12.08,,0.057,0.006,113.0,47211.0,20.0,0,0.0,25,25,,,False,False,2026-07-24,,,"not in the NSE equity master (ETF / REIT / InvIT — not a company); illiquid: Rs6 lakh median daily turnover (floor Rs50 lakh); only 113 trades/day median — one operator's book, not a market","not in the NSE equity master (ETF / REIT / InvIT — not a company); illiquid: Rs6 lakh median daily turnover (floor Rs50 lakh); only 113 trades/day median — one operator's book, not a market"
CONSOFINVT,Consolidated Finvest & Holdings Limited,BE,,290.91,,0.197,0.057,275.0,8766.0,5.0,3,0.13,23,23,2005-03-29,7787.0,False,False,2026-07-22,,,"series BE (trade-to-trade / SME — not normal rolling settlement); 5% circuit band — cannot exit on bad news; illiquid: Rs20 lakh median daily turnover (floor Rs50 lakh); only 275 trades/day median — one operator's book, not a market","series BE (trade-to-trade / SME — not normal rolling settlement); 5% circuit band — cannot exit on bad news; illiquid: Rs20 lakh median daily turnover (floor Rs50 lakh); only 275 trades/day median — one operator's book, not a market"
CONSUMAXIS,,,,120.3,,0.015,0.004,25.5,1224.5,20.0,0,0.0,16,16,,,False,False,2026-07-24,,,"not in the NSE equity master (ETF / REIT / InvIT — not a company); illiquid: Rs2 lakh median daily turnover (floor Rs50 lakh); only 25 trades/day median — one operator's book, not a market","not in the NSE equity master (ETF / REIT / InvIT — not a company); illiquid: Rs2 lakh median daily turnover (floor Rs50 lakh); only 25 trades/day median — one operator's book, not a market"
CONSUMBEES,,,,130.19,,1.096,0.578,957.0,83688.0,20.0,0,0.0,25,25,,,False,False,2026-07-24,,,not in the NSE equity master (ETF / REIT / InvIT — not a company),not in the NSE equity master (ETF / REIT / InvIT — not a company)
CONSUMER,,,price,11.6,,0.323,0.096,340.0,274380.0,20.0,0,0.0,25,25,,,False,False,2026-07-24,,,not in the NSE equity master (ETF / REIT / InvIT — not a company); illiquid: Rs32 lakh median daily turnover (floor Rs50 lakh),not in the NSE equity master (ETF / REIT / InvIT — not a company); illiquid: Rs32 lakh median daily turnover (floor Rs50 lakh)
CONSUMIETF,,,,121.14,,0.135,0.022,230.0,11156.0,20.0,0,0.0,25,25,,,False,False,2026-07-24,,,"not in the NSE equity master (ETF / REIT / InvIT — not a company); illiquid: Rs14 lakh median daily turnover (floor Rs50 lakh); only 230 trades/day median — one operator's book, not a market","not in the NSE equity master (ETF / REIT / InvIT — not a company); illiquid: Rs14 lakh median daily turnover (floor Rs50 lakh); only 230 trades/day median — one operator's book, not a market"
CONTROLPR,Control Print Limited,EQ,mcap,590.55,945.0,1.627,0.585,1982.0,25270.0,20.0,0,0.0,25,25,2016-06-24,3682.0,False,False,2026-07-24,,,,
CORALFINAC,Coral India Finance & Housing Limited,EQ,price,32.5,,0.035,0.005,256.0,10673.0,20.0,0,0.0,25,25,1996-03-25,11078.0,False,False,2026-07-24,,,"illiquid: Rs4 lakh median daily turnover (floor Rs50 lakh); only 256 trades/day median — one operator's book, not a market","illiquid: Rs4 lakh median daily turnover (floor Rs50 lakh); only 256 trades/day median — one operator's book, not a market"
CORDELIA,Waterways Leisure Tourism Limited,EQ,,806.4,5820.0,83.537,17.771,26465.5,1080711.5,10.0,3,0.167,18,18,2026-07-01,23.0,False,False,2026-07-24,,,"listed 23d ago — under a year of history, no trend to read","listed 23d ago — under a year of history, no trend to read"
COROMANDEL,Coromandel International Limited,EQ,,1980.8,60015.0,36.013,11.76,25599.0,180422.0,20.0,0,0.0,25,25,1995-05-31,11377.0,True,False,2026-07-24,,,not penny/nano — price >= Rs100 and mcap >= Rs1000 Cr,
CORONA,CORONA Remedies Limited,EQ,,2113.0,12464.0,5.441,2.09,5465.0,26295.0,20.0,0,0.0,25,25,2025-12-15,221.0,True,False,2026-07-24,,,"listed 221d ago — under a year of history, no trend to read","listed 221d ago — under a year of history, no trend to read"
COSMOFIRST,COSMO FIRST LIMITED,EQ,,881.0,2313.0,7.612,1.932,5140.0,91183.0,20.0,0,0.0,25,25,1995-05-25,11383.0,False,False,2026-07-24,,,not penny/nano — price >= Rs100 and mcap >= Rs1000 Cr,
COUNCODOS,Country Condo's Limited,EQ,price,6.4,,0.039,0.005,197.0,59707.0,10.0,2,0.08,25,25,2009-01-22,6392.0,False,False,2026-07-24,,LT Stage II,"ASM LT Stage II — surveillance: 100% margin, no intraday, no pledging; illiquid: Rs4 lakh median daily turnover (floor Rs50 lakh); only 197 trades/day median — one operator's book, not a market","ASM LT Stage II — surveillance: 100% margin, no intraday, no pledging; illiquid: Rs4 lakh median daily turnover (floor Rs50 lakh); only 197 trades/day median — one operator's book, not a market"
CPEDU,Career Point Edutech Limited,EQ,,186.47,,0.104,0.011,187.0,5339.0,20.0,0,0.0,25,25,2025-09-05,322.0,False,False,2026-07-24,,,"listed 322d ago — under a year of history, no trend to read; illiquid: Rs10 lakh median daily turnover (floor Rs50 lakh); only 187 trades/day median — one operator's book, not a market","listed 322d ago — under a year of history, no trend to read; illiquid: Rs10 lakh median daily turnover (floor Rs50 lakh); only 187 trades/day median — one operator's book, not a market"
CPL,Captain Polyplast Limited,EQ,price,69.84,,0.127,0.111,339.0,18032.5,20.0,0,0.0,2,2,2026-07-23,1.0,False,False,2026-07-24,,,"listed 1d ago — under a year of history, no trend to read; illiquid: Rs13 lakh median daily turnover (floor Rs50 lakh)","listed 1d ago — under a year of history, no trend to read; illiquid: Rs13 lakh median daily turnover (floor Rs50 lakh)"
CPPLUS,Aditya Infotech Limited,EQ,,3543.4,42289.0,70.315,43.922,19828.0,194110.0,5.0,0,0.0,25,25,2025-08-05,353.0,True,False,2026-07-24,,LT Stage I,"ASM LT Stage I — surveillance: 100% margin, no intraday, no pledging; 5% circuit band — cannot exit on bad news; listed 353d ago — under a year of history, no trend to read","ASM LT Stage I — surveillance: 100% margin, no intraday, no pledging; 5% circuit band — cannot exit on bad news; listed 353d ago — under a year of history, no trend to read"
CPSEETF,,,price,96.23,,7.738,3.708,7107.0,787296.0,20.0,0,0.0,25,25,,,False,False,2026-07-24,,,not in the NSE equity master (ETF / REIT / InvIT — not a company),not in the NSE equity master (ETF / REIT / InvIT — not a company)
CRAFTSMAN,Craftsman Automation Limited,EQ,,9284.0,24282.0,44.78,15.513,13916.0,48761.0,20.0,0,0.0,25,25,2021-03-25,1947.0,True,False,2026-07-24,,,not penny/nano — price >= Rs100 and mcap >= Rs1000 Cr,
CRAMC,Canara Robeco Asset Management Company Limited,EQ,,259.95,5184.0,8.792,3.297,9558.0,347767.0,20.0,0,0.0,25,25,2025-10-16,281.0,True,False,2026-07-24,,,"listed 281d ago — under a year of history, no trend to read","listed 281d ago — under a year of history, no trend to read"
CREATIVEYE,Creative Eye Limited,EQ,price,6.66,,0.006,0.001,68.0,9169.0,20.0,0,0.0,25,25,2000-12-20,9347.0,False,False,2026-07-24,,,"illiquid: Rs1 lakh median daily turnover (floor Rs50 lakh); only 68 trades/day median — one operator's book, not a market","illiquid: Rs1 lakh median daily turnover (floor Rs50 lakh); only 68 trades/day median — one operator's book, not a market"
CREDITACC,CREDITACCESS GRAMEEN LIMITED,EQ,,1517.6,24959.0,41.004,13.998,27788.0,285310.0,20.0,0,0.0,25,25,2018-08-23,2892.0,True,False,2026-07-24,,,not penny/nano — price >= Rs100 and mcap >= Rs1000 Cr,
CREST,Crest Ventures Limited,EQ,,377.7,,0.174,0.019,123.0,4727.0,20.0,0,0.0,25,25,2006-12-27,7149.0,False,False,2026-07-24,,,"illiquid: Rs17 lakh median daily turnover (floor Rs50 lakh); only 123 trades/day median — one operator's book, not a market","illiquid: Rs17 lakh median daily turnover (floor Rs50 lakh); only 123 trades/day median — one operator's book, not a market"
CRISIL,Crisil Limited,EQ,,4347.2,29378.0,24.798,9.339,13747.0,61318.0,20.0,0,0.0,25,25,1995-06-28,11349.0,True,False,2026-07-24,,,not penny/nano — price >= Rs100 and mcap >= Rs1000 Cr,
CRIZAC,Crizac Limited,EQ,,184.44,3481.0,5.466,2.487,7939.0,281082.0,10.0,0,0.0,25,25,2025-07-09,380.0,True,False,2026-07-24,,,not penny/nano — price >= Rs100 and mcap >= Rs1000 Cr,
CROMPTON,Crompton Greaves Consumer Electricals Limited,EQ,,250.15,17437.0,77.729,24.204,32564.0,2853488.0,,0,0.0,25,25,2016-05-13,3724.0,True,False,2026-07-24,,,not penny/nano — price >= Rs100 and mcap >= Rs1000 Cr,
CROWN,Crown Lifters Limited,EQ,,114.38,,0.052,0.022,113.0,4620.0,20.0,0,0.0,25,25,2022-02-08,1627.0,False,False,2026-07-24,,,"illiquid: Rs5 lakh median daily turnover (floor Rs50 lakh); only 113 trades/day median — one operator's book, not a market","illiquid: Rs5 lakh median daily turnover (floor Rs50 lakh); only 113 trades/day median — one operator's book, not a market"
CSBBANK,CSB Bank Limited,EQ,,340.9,5914.0,13.676,5.59,13290.0,392402.0,20.0,0,0.0,25,25,2019-12-04,2424.0,True,False,2026-07-24,,,not penny/nano — price >= Rs100 and mcap >= Rs1000 Cr,
CSLFINANCE,CSL Finance Limited,EQ,mcap,213.84,487.0,0.676,0.132,607.0,29660.0,20.0,0,0.0,25,25,2022-07-21,1464.0,False,False,2026-07-24,,,,
CSM,CSM Technologies Limited,EQ,price,99.62,,4.866,2.975,3566.0,480585.0,20.0,0,0.0,7,7,2026-07-02,22.0,False,False,2026-07-24,,,"listed 22d ago — under a year of history, no trend to read","listed 22d ago — under a year of history, no trend to read"
CTE,Cambridge Technology Enterprises Limited,EQ,price,31.5,,0.018,0.005,69.0,5602.0,10.0,0,0.0,25,25,2007-02-07,7107.0,False,False,2026-07-24,,,"illiquid: Rs2 lakh median daily turnover (floor Rs50 lakh); only 69 trades/day median — one operator's book, not a market","illiquid: Rs2 lakh median daily turnover (floor Rs50 lakh); only 69 trades/day median — one operator's book, not a market"
CUB,City Union Bank Limited,EQ,,219.75,21773.0,57.471,19.545,39731.0,2595607.0,20.0,0,0.0,25,25,1998-08-25,10195.0,True,False,2026-07-24,,,not penny/nano — price >= Rs100 and mcap >= Rs1000 Cr,
CUBEXTUB,Cubex Tubings Limited,EQ,price,76.99,,0.28,0.15,796.0,35671.0,20.0,0,0.0,25,25,1996-04-24,11048.0,False,False,2026-07-24,,,illiquid: Rs28 lakh median daily turnover (floor Rs50 lakh),illiquid: Rs28 lakh median daily turnover (floor Rs50 lakh)
CUMMINSIND,Cummins India Limited,EQ,,5600.5,155246.0,238.382,105.151,45506.0,425435.0,,0,0.0,25,25,1995-03-29,11440.0,False,False,2026-07-24,,,not penny/nano — price >= Rs100 and mcap >= Rs1000 Cr,
CUPID,Cupid Limited,EQ,,213.43,28699.0,565.284,247.441,132213.0,32137212.0,20.0,0,0.0,25,25,2016-09-16,3598.0,True,False,2026-07-24,,LT Stage I,"ASM LT Stage I — surveillance: 100% margin, no intraday, no pledging","ASM LT Stage I — surveillance: 100% margin, no intraday, no pledging"
CURAA,Cura Technologies Limited,EQ,price,71.37,,0.005,0.0,31.0,553.0,10.0,0,0.0,25,25,2025-03-21,490.0,False,False,2026-07-24,0.0,,"GSM stage 0 — exchange surveillance, periodic call auction; illiquid: Rs0 lakh median daily turnover (floor Rs50 lakh); only 31 trades/day median — one operator's book, not a market","GSM stage 0 — exchange surveillance, periodic call auction; illiquid: Rs0 lakh median daily turnover (floor Rs50 lakh); only 31 trades/day median — one operator's book, not a market"
CYBERTECH,Cybertech Systems And Software Limited,BE,,147.18,,0.765,0.535,1131.5,50591.5,5.0,1,0.167,6,6,1999-01-27,10040.0,False,False,2026-06-29,,,series BE (trade-to-trade / SME — not normal rolling settlement); 5% circuit band — cannot exit on bad news,series BE (trade-to-trade / SME — not normal rolling settlement); 5% circuit band — cannot exit on bad news
CYIENT,Cyient Limited,EQ,,840.05,9896.0,24.238,10.495,16443.0,275792.0,20.0,0,0.0,25,25,1998-09-30,10159.0,True,False,2026-07-24,,,not penny/nano — price >= Rs100 and mcap >= Rs1000 Cr,
CYIENTDLM,Cyient DLM Limited,EQ,,670.45,5323.0,22.009,6.485,15383.0,452118.0,20.0,0,0.0,25,25,2023-07-10,1110.0,False,False,2026-07-24,,ST Stage I,"ASM ST Stage I — surveillance: 100% margin, no intraday, no pledging","ASM ST Stage I — surveillance: 100% margin, no intraday, no pledging"
DABUR,Dabur India Limited,EQ,,423.2,78826.0,75.617,27.085,28053.0,1705250.0,,0,0.0,25,25,1999-04-28,9949.0,True,False,2026-07-24,,,not penny/nano — price >= Rs100 and mcap >= Rs1000 Cr,
DAICHI,Dai-Ichi Karkaria Limited,BE,mcap,331.07,227.0,0.929,0.762,899.5,28260.0,5.0,0,0.0,4,4,2026-04-20,95.0,False,False,2026-06-24,,,"series BE (trade-to-trade / SME — not normal rolling settlement); 5% circuit band — cannot exit on bad news; listed 95d ago — under a year of history, no trend to read","series BE (trade-to-trade / SME — not normal rolling settlement); 5% circuit band — cannot exit on bad news; listed 95d ago — under a year of history, no trend to read"
DALBHARAT,Dalmia Bharat Limited,EQ,,1810.8,33107.0,48.898,13.258,24548.0,285039.0,,0,0.0,25,25,2019-01-22,2740.0,True,False,2026-07-24,,,not penny/nano — price >= Rs100 and mcap >= Rs1000 Cr,
DALMIASUG,Dalmia Bharat Sugar and Industries Limited,EQ,,361.95,2930.0,3.045,1.255,2899.0,90803.0,20.0,0,0.0,25,25,1996-01-17,11146.0,False,False,2026-07-24,,,not penny/nano — price >= Rs100 and mcap >= Rs1000 Cr,
DAMCAPITAL,Dam Capital Advisors Limited,EQ,,157.88,1116.0,4.001,1.798,3418.0,257563.0,20.0,0,0.0,25,25,2024-12-27,574.0,False,False,2026-07-24,,,not penny/nano — price >= Rs100 and mcap >= Rs1000 Cr,
DAMODARIND,Damodar Industries Limited,BE,price,32.13,,0.006,0.001,104.5,1893.5,5.0,1,0.083,12,12,2016-07-04,3672.0,False,False,2026-07-07,,,"series BE (trade-to-trade / SME — not normal rolling settlement); 5% circuit band — cannot exit on bad news; illiquid: Rs1 lakh median daily turnover (floor Rs50 lakh); only 104 trades/day median — one operator's book, not a market","series BE (trade-to-trade / SME — not normal rolling settlement); 5% circuit band — cannot exit on bad news; illiquid: Rs1 lakh median daily turnover (floor Rs50 lakh); only 104 trades/day median — one operator's book, not a market"
DANGEE,Dangee Dums Limited,EQ,price,2.95,,0.015,0.003,88.0,46288.0,5.0,0,0.0,25,25,2020-11-13,2079.0,False,False,2026-07-24,,LT Stage I,"ASM LT Stage I — surveillance: 100% margin, no intraday, no pledging; 5% circuit band — cannot exit on bad news; price Rs2.95 below the Rs5 floor (tick size ~1% of price; the spread eats the edge); illiquid: Rs2 lakh median daily turnover (floor Rs50 lakh); only 88 trades/day median — one operator's book, not a market","ASM LT Stage I — surveillance: 100% margin, no intraday, no pledging; 5% circuit band — cannot exit on bad news; price Rs2.95 below the Rs5 floor (tick size ~1% of price; the spread eats the edge); illiquid: Rs2 lakh median daily turnover (floor Rs50 lakh); only 88 trades/day median — one operator's book, not a market"
DATAMATICS,Datamatics Global Services Limited,EQ,,821.5,4843.0,6.587,3.704,5605.0,80189.0,20.0,0,0.0,25,25,2004-05-07,8113.0,True,False,2026-07-24,,,not penny/nano — price >= Rs100 and mcap >= Rs1000 Cr,
DATAPATTNS,Data Patterns (India) Limited,EQ,,4584.5,25666.0,347.126,150.62,63162.0,789794.0,20.0,0,0.0,25,25,2021-12-24,1673.0,True,False,2026-07-24,,,not penny/nano — price >= Rs100 and mcap >= Rs1000 Cr,
DAVANGERE,Davangere Sugar Company Limited,EQ,price,3.42,,1.223,0.589,1908.0,3733585.0,20.0,0,0.0,25,25,2024-01-25,911.0,False,False,2026-07-24,,,price Rs3.42 below the Rs5 floor (tick size ~1% of price; the spread eats the edge),price Rs3.42 below the Rs5 floor (tick size ~1% of price; the spread eats the edge)
DBCORP,D.B.Corp Limited,EQ,,208.75,3721.0,2.943,0.862,4134.0,145622.0,20.0,0,0.0,25,25,2010-01-06,6043.0,False,False,2026-07-24,,,not penny/nano — price >= Rs100 and mcap >= Rs1000 Cr,
DBL,Dilip Buildcon Limited,EQ,,420.25,7174.0,3.732,1.611,4485.0,92532.0,20.0,0,0.0,25,25,2016-08-11,3634.0,True,False,2026-07-24,,,not penny/nano — price >= Rs100 and mcap >= Rs1000 Cr,
DBOL,Dhampur Bio Organics Limited,EQ,mcap,102.09,678.0,0.581,0.524,708.0,54743.0,20.0,0,0.0,5,5,2022-09-08,1415.0,False,False,2026-07-24,,,,
DBSTOCKBRO,DB (International) Stock Brokers Limited,BE,price,42.3,,0.197,0.009,549.0,58047.5,5.0,4,0.286,14,14,2012-02-29,5259.0,False,False,2026-07-09,,,series BE (trade-to-trade / SME — not normal rolling settlement); 5% circuit band — cannot exit on bad news; illiquid: Rs20 lakh median daily turnover (floor Rs50 lakh); closed at circuit on 29% of sessions — a stop cannot fill in a locked market,series BE (trade-to-trade / SME — not normal rolling settlement); 5% circuit band — cannot exit on bad news; illiquid: Rs20 lakh median daily turnover (floor Rs50 lakh); closed at circuit on 29% of sessions — a stop cannot fill in a locked market
DCAL,Dishman Carbogen Amcis Limited,EQ,,183.58,2878.0,4.93,1.721,4348.0,272577.0,20.0,0,0.0,25,25,2017-09-21,3228.0,False,False,2026-07-24,,,not penny/nano — price >= Rs100 and mcap >= Rs1000 Cr,
DCBBANK,DCB Bank Limited,EQ,,186.24,5998.0,15.503,9.566,13108.0,824820.0,20.0,0,0.0,25,25,2006-10-27,7210.0,True,False,2026-07-24,,,not penny/nano — price >= Rs100 and mcap >= Rs1000 Cr,
DCI,Dc Infotech And Communication Limited,EQ,mcap,287.85,472.0,0.636,0.093,721.0,22526.5,20.0,0,0.0,10,10,2022-10-19,1374.0,False,False,2026-07-24,,,,
DCMSHRIRAM,DCM Shriram Limited,EQ,,1005.8,15998.0,4.227,1.798,6226.0,41407.0,20.0,0,0.0,25,25,1995-04-12,11426.0,True,False,2026-07-24,,,not penny/nano — price >= Rs100 and mcap >= Rs1000 Cr,
DCMSRIND,DCM Shriram Industries Limited,EQ,price+mcap,39.86,347.0,0.627,0.143,1173.0,149690.0,20.0,0,0.0,25,25,2021-12-24,1673.0,False,False,2026-07-24,,,,
DCW,DCW Limited,EQ,price,46.23,1364.0,4.301,2.505,4173.0,925339.0,20.0,0,0.0,25,25,1995-05-25,11383.0,False,False,2026-07-24,,,,
DCXINDIA,DCX Systems Limited,EQ,,180.68,2012.0,16.529,6.328,8250.0,814413.0,20.0,0,0.0,25,25,2022-11-11,1351.0,False,False,2026-07-24,,,not penny/nano — price >= Rs100 and mcap >= Rs1000 Cr,
DDEVPLSTIK,Ddev Plastiks Industries Limited,EQ,,275.65,2852.0,2.924,1.64,3411.0,104196.0,20.0,0,0.0,25,25,2025-01-15,555.0,False,False,2026-07-24,,,not penny/nano — price >= Rs100 and mcap >= Rs1000 Cr,
DECCANCE,Deccan Cements Limited,EQ,mcap,553.65,776.0,0.888,0.168,634.0,15186.0,20.0,0,0.0,25,25,2007-08-02,6931.0,False,False,2026-07-24,,,,
DECNGOLD,Deccan Gold Mines Limited,EQ,,194.52,3865.0,46.937,13.976,19820.0,2423309.0,20.0,0,0.0,25,25,2026-04-20,95.0,False,False,2026-07-24,,,"listed 95d ago — under a year of history, no trend to read","listed 95d ago — under a year of history, no trend to read"
DEEPAKFERT,Deepak Fertilizers and Petrochemicals Corporation Limited,EQ,,1573.2,20820.0,33.034,12.539,17450.0,216858.0,20.0,0,0.0,25,25,2003-01-17,8589.0,True,False,2026-07-24,,,not penny/nano — price >= Rs100 and mcap >= Rs1000 Cr,
DEEPAKNTR,Deepak Nitrite Limited,EQ,,1649.6,21251.0,26.061,13.362,16578.0,155166.0,20.0,0,0.0,25,25,2010-09-29,5777.0,True,False,2026-07-24,,,not penny/nano — price >= Rs100 and mcap >= Rs1000 Cr,
DEEPINDS,Deep Industries Limited,EQ,,479.6,3069.0,6.927,2.631,5220.0,148589.0,20.0,0,0.0,25,25,2021-04-27,1914.0,False,False,2026-07-24,,,not penny/nano — price >= Rs100 and mcap >= Rs1000 Cr,
DEFENCE,,,price,77.94,,1.573,0.851,769.0,200620.0,20.0,0,0.0,25,25,,,False,False,2026-07-24,,,not in the NSE equity master (ETF / REIT / InvIT — not a company),not in the NSE equity master (ETF / REIT / InvIT — not a company)
DELHIVERY,Delhivery Limited,EQ,,462.55,38000.0,229.063,79.132,59193.0,4910049.0,,0,0.0,25,25,2022-05-24,1522.0,True,False,2026-07-24,,,not penny/nano — price >= Rs100 and mcap >= Rs1000 Cr,
DELPHIFX,DELPHI WORLD MONEY LIMITED,BE,price,8.11,,0.124,0.039,301.0,148481.0,5.0,0,0.0,9,9,2011-06-28,5505.0,False,False,2026-07-02,,,series BE (trade-to-trade / SME — not normal rolling settlement); 5% circuit band — cannot exit on bad news; illiquid: Rs12 lakh median daily turnover (floor Rs50 lakh),series BE (trade-to-trade / SME — not normal rolling settlement); 5% circuit band — cannot exit on bad news; illiquid: Rs12 lakh median daily turnover (floor Rs50 lakh)
DELTACORP,Delta Corp Limited,EQ,price,62.99,1688.0,6.526,3.867,5793.0,1010971.0,20.0,0,0.0,25,25,2007-11-02,6839.0,False,False,2026-07-24,,,,
DELTAMAGNT,Delta Manufacturing Limited,EQ,price,55.83,,0.011,0.002,51.0,1838.0,20.0,0,0.0,25,25,1995-10-18,11237.0,False,False,2026-07-24,,LT Stage I,"ASM LT Stage I — surveillance: 100% margin, no intraday, no pledging; illiquid: Rs1 lakh median daily turnover (floor Rs50 lakh); only 51 trades/day median — one operator's book, not a market","ASM LT Stage I — surveillance: 100% margin, no intraday, no pledging; illiquid: Rs1 lakh median daily turnover (floor Rs50 lakh); only 51 trades/day median — one operator's book, not a market"
DEN,Den Networks Limited,EQ,price,27.16,1296.0,2.135,0.801,3711.0,718452.0,20.0,0,0.0,25,25,2009-11-24,6086.0,False,False,2026-07-24,,,,
DENORA,De Nora India Limited,EQ,,852.55,,0.743,0.226,992.0,8281.0,20.0,0,0.0,25,25,1997-08-07,10578.0,False,False,2026-07-24,,LT Stage I,"ASM LT Stage I — surveillance: 100% margin, no intraday, no pledging","ASM LT Stage I — surveillance: 100% margin, no intraday, no pledging"
DENTA,Denta Water and Infra Solutions Limited,EQ,mcap,336.65,898.0,12.951,4.401,10515.0,382187.0,20.0,0,0.0,25,25,2025-01-29,541.0,False,False,2026-07-24,,,,
DEVIT,Dev Information Technology Limited,EQ,price,26.07,,0.092,0.039,427.0,33487.0,20.0,0,0.0,25,25,2022-02-15,1620.0,False,False,2026-07-24,,,illiquid: Rs9 lakh median daily turnover (floor Rs50 lakh),illiquid: Rs9 lakh median daily turnover (floor Rs50 lakh)
DEVX,Dev Accelerator Limited,EQ,price,33.9,,0.211,0.05,449.0,60287.0,20.0,0,0.0,25,25,2025-09-17,310.0,False,False,2026-07-24,,,"listed 310d ago — under a year of history, no trend to read; illiquid: Rs21 lakh median daily turnover (floor Rs50 lakh)","listed 310d ago — under a year of history, no trend to read; illiquid: Rs21 lakh median daily turnover (floor Rs50 lakh)"
DEVYANI,Devyani International Limited,EQ,,112.3,14079.0,15.442,4.07,15691.0,1412657.0,20.0,0,0.0,25,25,2021-08-16,1803.0,True,False,2026-07-24,,,not penny/nano — price >= Rs100 and mcap >= Rs1000 Cr,
DGCONTENT,Digicontent Limited,EQ,price,24.1,,0.044,0.002,81.0,16689.0,20.0,0,0.0,25,25,2019-06-18,2593.0,False,False,2026-07-24,,,"illiquid: Rs4 lakh median daily turnover (floor Rs50 lakh); only 81 trades/day median — one operator's book, not a market","illiquid: Rs4 lakh median daily turnover (floor Rs50 lakh); only 81 trades/day median — one operator's book, not a market"
DHAMPURSUG,Dhampur Sugar Mills Limited,EQ,mcap,142.12,914.0,1.859,1.158,2197.0,133377.0,20.0,0,0.0,25,25,1995-03-29,11440.0,False,False,2026-07-24,,,,
DHANBANK,Dhanlaxmi Bank Limited,EQ,price,34.29,1353.0,4.345,1.527,4591.0,1279693.0,20.0,0,0.0,25,25,2004-04-01,8149.0,False,False,2026-07-24,,,,
DHANUKA,Dhanuka Agritech Limited,EQ,,1013.3,4517.0,2.547,1.083,2256.0,25254.0,20.0,0,0.0,25,25,2011-06-29,5504.0,False,False,2026-07-24,,,not penny/nano — price >= Rs100 and mcap >= Rs1000 Cr,
DHARMAJ,Dharmaj Crop Guard Limited,EQ,mcap,260.95,882.0,0.667,0.164,1204.0,25189.0,20.0,0,0.0,25,25,2022-12-08,1324.0,False,False,2026-07-24,,,,
DHUNINV,Dhunseri Investments Limited,EQ,,864.7,,0.058,0.012,98.0,664.0,20.0,0,0.0,25,25,2011-03-18,5607.0,False,False,2026-07-24,,,"illiquid: Rs6 lakh median daily turnover (floor Rs50 lakh); only 98 trades/day median — one operator's book, not a market","illiquid: Rs6 lakh median daily turnover (floor Rs50 lakh); only 98 trades/day median — one operator's book, not a market"
DIACABS,Diamond Power Infrastructure Limited,EQ,,295.15,15554.0,121.082,40.889,34511.0,5770440.0,5.0,5,0.2,25,25,2023-09-15,1043.0,True,False,2026-07-24,,,5% circuit band — cannot exit on bad news,5% circuit band — cannot exit on bad news
DIAMINESQ,Diamines & Chemicals Limited,EQ,,246.9,,0.127,0.033,204.0,4941.0,20.0,0,0.0,25,25,2023-09-25,1033.0,False,False,2026-07-24,,LT Stage I,"ASM LT Stage I — surveillance: 100% margin, no intraday, no pledging; illiquid: Rs13 lakh median daily turnover (floor Rs50 lakh); only 204 trades/day median — one operator's book, not a market","ASM LT Stage I — surveillance: 100% margin, no intraday, no pledging; illiquid: Rs13 lakh median daily turnover (floor Rs50 lakh); only 204 trades/day median — one operator's book, not a market"
DIAMONDYD,Prataap Snacks Limited,EQ,,1111.4,2657.0,2.431,0.523,1457.0,21078.0,20.0,0,0.0,25,25,2017-10-05,3214.0,False,False,2026-07-24,,,not penny/nano — price >= Rs100 and mcap >= Rs1000 Cr,
DICIND,DIC India Limited,EQ,,517.5,,0.13,0.023,117.0,2553.0,20.0,0,0.0,25,25,1995-08-30,11286.0,False,False,2026-07-24,,,"illiquid: Rs13 lakh median daily turnover (floor Rs50 lakh); only 117 trades/day median — one operator's book, not a market","illiquid: Rs13 lakh median daily turnover (floor Rs50 lakh); only 117 trades/day median — one operator's book, not a market"
DIFFNKG,Diffusion Engineers Limited,EQ,,395.35,1480.0,4.347,1.723,4172.0,109131.0,20.0,0,0.0,25,25,2024-10-04,658.0,False,False,2026-07-24,,,not penny/nano — price >= Rs100 and mcap >= Rs1000 Cr,
DIGIDRIVE,Digidrive Distributors Limited,EQ,price,17.95,,0.028,0.007,137.0,15148.0,20.0,0,0.0,25,25,2024-01-10,926.0,False,False,2026-07-24,,,"illiquid: Rs3 lakh median daily turnover (floor Rs50 lakh); only 137 trades/day median — one operator's book, not a market","illiquid: Rs3 lakh median daily turnover (floor Rs50 lakh); only 137 trades/day median — one operator's book, not a market"
DIGITIDE,Digitide Solutions Limited,EQ,,101.22,1509.0,2.819,0.767,3394.0,307365.0,10.0,3,0.12,25,25,2025-06-11,408.0,False,False,2026-07-24,,,not penny/nano — price >= Rs100 and mcap >= Rs1000 Cr,
DIGJAMLMTD,Digjam Limited,EQ,price,40.4,,0.031,0.005,88.0,7055.0,20.0,0,0.0,25,25,2021-10-18,1740.0,False,False,2026-07-24,0.0,,"GSM stage 0 — exchange surveillance, periodic call auction; illiquid: Rs3 lakh median daily turnover (floor Rs50 lakh); only 88 trades/day median — one operator's book, not a market","GSM stage 0 — exchange surveillance, periodic call auction; illiquid: Rs3 lakh median daily turnover (floor Rs50 lakh); only 88 trades/day median — one operator's book, not a market"
DISAQ,Disa India Limited,EQ,,12110.0,,0.512,0.065,309.0,428.0,20.0,0,0.0,25,25,2026-04-20,95.0,False,False,2026-07-24,,,"listed 95d ago — under a year of history, no trend to read","listed 95d ago — under a year of history, no trend to read"
DIVGIITTS,Divgi Torqtransfer Systems Limited,EQ,,945.6,2892.0,4.195,1.927,3649.0,48987.0,20.0,0,0.0,25,25,2023-03-14,1228.0,False,False,2026-07-24,,,not penny/nano — price >= Rs100 and mcap >= Rs1000 Cr,
DIVIDEND,,,price,35.1,,0.026,0.003,77.0,7154.0,20.0,0,0.0,25,25,,,False,False,2026-07-24,,,"not in the NSE equity master (ETF / REIT / InvIT — not a company); illiquid: Rs3 lakh median daily turnover (floor Rs50 lakh); only 77 trades/day median — one operator's book, not a market","not in the NSE equity master (ETF / REIT / InvIT — not a company); illiquid: Rs3 lakh median daily turnover (floor Rs50 lakh); only 77 trades/day median — one operator's book, not a market"
DIVISLAB,Divi's Laboratories Limited,EQ,,7248.5,192425.0,244.642,131.29,34354.0,358137.0,,0,0.0,25,25,2003-03-12,8535.0,False,False,2026-07-24,,,not penny/nano — price >= Rs100 and mcap >= Rs1000 Cr,
DIVOPPBEES,,,price,77.01,,0.322,0.142,840.0,41665.0,20.0,0,0.0,25,25,,,False,False,2026-07-24,,,not in the NSE equity master (ETF / REIT / InvIT — not a company); illiquid: Rs32 lakh median daily turnover (floor Rs50 lakh),not in the NSE equity master (ETF / REIT / InvIT — not a company); illiquid: Rs32 lakh median daily turnover (floor Rs50 lakh)
DIXON,Dixon Technologies (India) Limited,EQ,,13846.0,76089.0,633.548,336.812,69875.0,507450.0,,0,0.0,25,25,2017-09-18,3231.0,True,False,2026-07-24,,,not penny/nano — price >= Rs100 and mcap >= Rs1000 Cr,
DJML,DJ Mediaprint & Logistics Limited,EQ,mcap,114.39,411.0,4.866,1.395,5059.0,413955.0,10.0,1,0.04,25,25,2022-12-05,1327.0,False,False,2026-07-24,,,,
DLF,DLF Limited,EQ,,645.2,159707.0,263.809,128.097,61582.0,4202998.0,,0,0.0,25,25,2007-07-05,6959.0,False,False,2026-07-24,,,not penny/nano — price >= Rs100 and mcap >= Rs1000 Cr,
DLINKINDIA,D-Link (India) Limited,EQ,,452.2,1606.0,9.906,3.832,5246.0,189452.0,20.0,0,0.0,25,25,2009-12-18,6062.0,False,False,2026-07-24,,,not penny/nano — price >= Rs100 and mcap >= Rs1000 Cr,
DMART,Avenue Supermarts Limited,EQ,,4018.8,261959.0,215.815,95.534,38899.0,533044.0,,0,0.0,25,25,2017-03-21,3412.0,False,False,2026-07-24,,,not penny/nano — price >= Rs100 and mcap >= Rs1000 Cr,
DMCC,DMCC SPECIALITY CHEMICALS LIMITED,EQ,mcap,272.75,680.0,0.953,0.359,1187.0,37190.0,20.0,0,0.0,25,25,2021-12-01,1696.0,False,False,2026-07-24,,,,
DNAMEDIA,Diligent Media Corporation Limited,EQ,price,2.79,,0.007,0.002,113.0,23375.0,20.0,0,0.0,25,25,2017-12-11,3147.0,False,False,2026-07-24,0.0,,"GSM stage 0 — exchange surveillance, periodic call auction; price Rs2.79 below the Rs5 floor (tick size ~1% of price; the spread eats the edge); illiquid: Rs1 lakh median daily turnover (floor Rs50 lakh); only 113 trades/day median — one operator's book, not a market","GSM stage 0 — exchange surveillance, periodic call auction; price Rs2.79 below the Rs5 floor (tick size ~1% of price; the spread eats the edge); illiquid: Rs1 lakh median daily turnover (floor Rs50 lakh); only 113 trades/day median — one operator's book, not a market"
DODLA,Dodla Dairy Limited,EQ,,1061.2,6402.0,1.314,0.492,2028.0,11863.0,20.0,0,0.0,25,25,2021-06-28,1852.0,False,False,2026-07-24,,,not penny/nano — price >= Rs100 and mcap >= Rs1000 Cr,
DOLATALGO,Dolat Algotech Limited,EQ,price,68.76,1210.0,0.597,0.294,1363.0,82672.0,20.0,0,0.0,25,25,2024-01-12,924.0,False,False,2026-07-24,,,,
DOLLAR,Dollar Industries Limited,EQ,,258.0,1463.0,3.576,1.224,4579.0,134615.0,20.0,0,0.0,25,25,2017-04-21,3381.0,False,False,2026-07-24,,,not penny/nano — price >= Rs100 and mcap >= Rs1000 Cr,
DOLPHIN,Dolphin Offshore Enterprises (India) Limited,EQ,,376.95,,0.218,0.053,419.0,5723.0,20.0,0,0.0,25,25,2023-08-21,1068.0,False,False,2026-07-24,,,illiquid: Rs22 lakh median daily turnover (floor Rs50 lakh),illiquid: Rs22 lakh median daily turnover (floor Rs50 lakh)
DOMS,DOMS Industries Limited,EQ,,2221.0,14022.0,11.268,4.426,7194.0,49967.0,20.0,0,0.0,25,25,2023-12-20,947.0,True,False,2026-07-24,,,not penny/nano — price >= Rs100 and mcap >= Rs1000 Cr,
DONEAR,Donear Industries Limited,EQ,price,85.79,,0.125,0.064,401.0,14875.0,20.0,0,0.0,25,25,2006-12-20,7156.0,False,False,2026-07-24,,,illiquid: Rs12 lakh median daily turnover (floor Rs50 lakh),illiquid: Rs12 lakh median daily turnover (floor Rs50 lakh)
DPABHUSHAN,D. P. Abhushan Limited,EQ,,1328.05,3032.0,3.956,0.42,2134.0,29859.0,20.0,0,0.0,25,25,2020-11-03,2089.0,False,False,2026-07-24,,LT Stage I,"ASM LT Stage I — surveillance: 100% margin, no intraday, no pledging","ASM LT Stage I — surveillance: 100% margin, no intraday, no pledging"
DPWIRES,D P Wires Limited,BE,,195.39,,1.262,0.161,1810.5,63838.5,5.0,3,0.375,8,8,2020-01-17,2380.0,False,False,2026-07-01,,,series BE (trade-to-trade / SME — not normal rolling settlement); 5% circuit band — cannot exit on bad news; closed at circuit on 38% of sessions — a stop cannot fill in a locked market,series BE (trade-to-trade / SME — not normal rolling settlement); 5% circuit band — cannot exit on bad news; closed at circuit on 38% of sessions — a stop cannot fill in a locked market
DRAGARWQ,Dr Agarwals Eye Hospital Limited,EQ,,5021.5,,0.335,0.082,263.0,657.0,20.0,0,0.0,25,25,2026-04-20,95.0,False,False,2026-07-24,,,"listed 95d ago — under a year of history, no trend to read; illiquid: Rs34 lakh median daily turnover (floor Rs50 lakh); only 263 trades/day median — one operator's book, not a market","listed 95d ago — under a year of history, no trend to read; illiquid: Rs34 lakh median daily turnover (floor Rs50 lakh); only 263 trades/day median — one operator's book, not a market"
DRCSYSTEMS,DRC Systems India Limited,EQ,price,13.41,,0.051,0.022,194.0,39016.0,20.0,0,0.0,25,25,2021-03-10,1962.0,False,False,2026-07-24,,,"illiquid: Rs5 lakh median daily turnover (floor Rs50 lakh); only 194 trades/day median — one operator's book, not a market","illiquid: Rs5 lakh median daily turnover (floor Rs50 lakh); only 194 trades/day median — one operator's book, not a market"
DREAMFOLKS,Dreamfolks Services Limited,EQ,price,67.03,,0.376,0.153,1215.0,54493.0,20.0,0,0.0,25,25,2022-09-06,1417.0,False,False,2026-07-24,,,illiquid: Rs38 lakh median daily turnover (floor Rs50 lakh),illiquid: Rs38 lakh median daily turnover (floor Rs50 lakh)
DREDGECORP,Dredging Corporation of India Limited,EQ,,1003.3,2809.0,11.266,5.128,6439.0,107987.0,20.0,0,0.0,25,25,2004-01-15,8226.0,False,False,2026-07-24,,,not penny/nano — price >= Rs100 and mcap >= Rs1000 Cr,
DRREDDY,Dr. Reddy's Laboratories Limited,EQ,,1151.7,96130.0,251.193,108.802,68741.0,2075149.0,,0,0.0,25,25,2003-05-30,8456.0,False,False,2026-07-24,,,not penny/nano — price >= Rs100 and mcap >= Rs1000 Cr,
DSSL,Dynacons Systems & Solutions Limited,EQ,,1240.6,1580.0,5.232,2.63,3460.0,39517.0,5.0,2,0.08,25,25,2011-12-01,5349.0,False,False,2026-07-24,,LT Stage I,"ASM LT Stage I — surveillance: 100% margin, no intraday, no pledging; 5% circuit band — cannot exit on bad news","ASM LT Stage I — surveillance: 100% margin, no intraday, no pledging; 5% circuit band — cannot exit on bad news"
DTIL,Dhunseri Tea & Industries Limited,EQ,,132.36,,0.041,0.004,96.0,3057.0,20.0,0,0.0,25,25,2015-01-20,4203.0,False,False,2026-07-24,,,"illiquid: Rs4 lakh median daily turnover (floor Rs50 lakh); only 96 trades/day median — one operator's book, not a market","illiquid: Rs4 lakh median daily turnover (floor Rs50 lakh); only 96 trades/day median — one operator's book, not a market"
DUCON,Ducon Infratechnologies Limited,EQ,price,3.01,,0.053,0.039,266.5,173776.5,10.0,0,0.0,10,10,2012-10-09,5036.0,False,False,2026-07-24,,,"price Rs3.01 below the Rs5 floor (tick size ~1% of price; the spread eats the edge); illiquid: Rs5 lakh median daily turnover (floor Rs50 lakh); only 266 trades/day median — one operator's book, not a market","price Rs3.01 below the Rs5 floor (tick size ~1% of price; the spread eats the edge); illiquid: Rs5 lakh median daily turnover (floor Rs50 lakh); only 266 trades/day median — one operator's book, not a market"
DVL,Dhunseri Ventures Limited,EQ,,243.97,,0.245,0.086,360.0,10109.0,20.0,0,0.0,25,25,2008-01-11,6769.0,False,False,2026-07-24,,,illiquid: Rs24 lakh median daily turnover (floor Rs50 lakh),illiquid: Rs24 lakh median daily turnover (floor Rs50 lakh)
DWARKESH,Dwarikesh Sugar Industries Limited,EQ,price+mcap,43.31,803.0,2.458,1.282,2814.0,567333.0,20.0,0,0.0,25,25,2004-12-31,7875.0,False,False,2026-07-24,,,,
DYCL,Dynamic Cables Limited,EQ,,402.4,1950.0,12.365,2.98,10144.0,325052.0,20.0,0,0.0,25,25,2022-07-27,1458.0,False,False,2026-07-24,,,not penny/nano — price >= Rs100 and mcap >= Rs1000 Cr,
DYNAMATECH,Dynamatic Technologies Limited,EQ,,10458.0,7102.0,11.357,4.661,4056.0,10863.0,20.0,0,0.0,25,25,2006-09-14,7253.0,True,False,2026-07-24,,,not penny/nano — price >= Rs100 and mcap >= Rs1000 Cr,
DYNPRO,Dynemic Products Limited,EQ,,231.33,,0.18,0.064,340.0,7597.0,20.0,0,0.0,25,25,2017-07-19,3292.0,False,False,2026-07-24,,,illiquid: Rs18 lakh median daily turnover (floor Rs50 lakh),illiquid: Rs18 lakh median daily turnover (floor Rs50 lakh)
E2E,E2E Networks Limited,EQ,,516.7,10616.0,60.746,5.625,22002.0,1439517.0,5.0,8,0.32,25,25,2022-04-12,1564.0,False,False,2026-07-24,,,5% circuit band — cannot exit on bad news; closed at circuit on 32% of sessions — a stop cannot fill in a locked market,5% circuit band — cannot exit on bad news; closed at circuit on 32% of sessions — a stop cannot fill in a locked market
EASEMYTRIP,Easy Trip Planners Limited,EQ,price,6.83,2722.0,11.003,4.654,10279.0,14865362.0,20.0,0,0.0,25,25,2021-03-19,1953.0,False,False,2026-07-24,,,,
EBANKNIFTY,,,price,57.37,,0.012,0.003,29.0,2091.0,20.0,0,0.0,25,25,,,False,False,2026-07-24,,,"not in the NSE equity master (ETF / REIT / InvIT — not a company); illiquid: Rs1 lakh median daily turnover (floor Rs50 lakh); only 29 trades/day median — one operator's book, not a market","not in the NSE equity master (ETF / REIT / InvIT — not a company); illiquid: Rs1 lakh median daily turnover (floor Rs50 lakh); only 29 trades/day median — one operator's book, not a market"
EBBETF0430,,,,1606.02,,1.706,0.289,379.0,10676.0,20.0,0,0.0,25,25,,,False,False,2026-07-24,,,not in the NSE equity master (ETF / REIT / InvIT — not a company),not in the NSE equity master (ETF / REIT / InvIT — not a company)
EBBETF0431,,,,1439.92,,0.529,0.121,110.0,3671.0,20.0,0,0.0,25,25,,,False,False,2026-07-24,,,"not in the NSE equity master (ETF / REIT / InvIT — not a company); only 110 trades/day median — one operator's book, not a market","not in the NSE equity master (ETF / REIT / InvIT — not a company); only 110 trades/day median — one operator's book, not a market"
EBBETF0433,,,,1310.61,,0.382,0.119,114.0,2906.0,20.0,0,0.0,25,25,,,False,False,2026-07-24,,,"not in the NSE equity master (ETF / REIT / InvIT — not a company); illiquid: Rs38 lakh median daily turnover (floor Rs50 lakh); only 114 trades/day median — one operator's book, not a market","not in the NSE equity master (ETF / REIT / InvIT — not a company); illiquid: Rs38 lakh median daily turnover (floor Rs50 lakh); only 114 trades/day median — one operator's book, not a market"
EBGNG,GNG Electronics Limited,EQ,,572.35,6516.0,36.359,12.429,15963.0,593781.0,5.0,8,0.32,25,25,2025-07-30,359.0,False,False,2026-07-24,,,"5% circuit band — cannot exit on bad news; listed 359d ago — under a year of history, no trend to read; closed at circuit on 32% of sessions — a stop cannot fill in a locked market","5% circuit band — cannot exit on bad news; listed 359d ago — under a year of history, no trend to read; closed at circuit on 32% of sessions — a stop cannot fill in a locked market"
ECAPINSURE,,,price,23.64,,0.11,0.028,291.0,45115.0,20.0,0,0.0,25,25,,,False,False,2026-07-24,,,"not in the NSE equity master (ETF / REIT / InvIT — not a company); illiquid: Rs11 lakh median daily turnover (floor Rs50 lakh); only 291 trades/day median — one operator's book, not a market","not in the NSE equity master (ETF / REIT / InvIT — not a company); illiquid: Rs11 lakh median daily turnover (floor Rs50 lakh); only 291 trades/day median — one operator's book, not a market"
ECLERX,eClerx Services Limited,EQ,,1861.5,14002.0,60.599,13.961,30818.0,364084.0,20.0,0,0.0,25,25,2007-12-31,6780.0,True,False,2026-07-24,,ST Stage I,"ASM ST Stage I — surveillance: 100% margin, no intraday, no pledging","ASM ST Stage I — surveillance: 100% margin, no intraday, no pledging"
EDELWEISS,Edelweiss Financial Services Limited,EQ,,117.02,11076.0,27.132,15.507,20346.0,2238110.0,20.0,0,0.0,25,25,2007-12-12,6799.0,True,False,2026-07-24,,,not penny/nano — price >= Rs100 and mcap >= Rs1000 Cr,
EFCIL,EFC (I) Limited,EQ,,195.3,2889.0,5.372,2.41,4431.0,277243.0,20.0,0,0.0,25,25,2025-08-20,338.0,False,False,2026-07-24,,,"listed 338d ago — under a year of history, no trend to read","listed 338d ago — under a year of history, no trend to read"
EGOLD,,,,142.55,,0.529,0.241,416.0,37234.0,20.0,0,0.0,25,25,,,False,False,2026-07-24,,,not in the NSE equity master (ETF / REIT / InvIT — not a company),not in the NSE equity master (ETF / REIT / InvIT — not a company)
EICHERMOT,Eicher Motors Limited,EQ,,7628.0,209387.0,369.065,200.717,52360.0,497082.0,,0,0.0,25,25,2004-09-07,7990.0,False,False,2026-07-24,,,not penny/nano — price >= Rs100 and mcap >= Rs1000 Cr,
EIDPARRY,EID Parry India Limited,EQ,,758.0,13211.0,20.251,9.646,16268.0,266795.0,20.0,0,0.0,25,25,1995-05-10,11398.0,True,False,2026-07-24,,,not penny/nano — price >= Rs100 and mcap >= Rs1000 Cr,
EIEL,Enviro Infra Engineers Limited,EQ,,220.16,4133.0,60.806,20.478,27889.0,2743728.0,20.0,0,0.0,25,25,2024-11-29,602.0,True,False,2026-07-24,,,not penny/nano — price >= Rs100 and mcap >= Rs1000 Cr,
EIFFL,Euro India Fresh Foods Limited,BE,,356.54,,6.704,6.509,4141.5,187235.0,5.0,0,0.0,2,2,2021-10-12,1746.0,False,False,2026-06-22,,,series BE (trade-to-trade / SME — not normal rolling settlement); 5% circuit band — cannot exit on bad news,series BE (trade-to-trade / SME — not normal rolling settlement); 5% circuit band — cannot exit on bad news
EIHAHOTELS,EIH Associated Hotels Limited,EQ,,310.9,1895.0,0.534,0.106,860.0,16662.0,20.0,0,0.0,25,25,2008-04-08,6681.0,False,False,2026-07-24,,,not penny/nano — price >= Rs100 and mcap >= Rs1000 Cr,
EIHOTEL,EIH Limited,EQ,,326.4,20412.0,5.854,2.519,9850.0,180741.0,20.0,0,0.0,25,25,1995-02-08,11489.0,True,False,2026-07-24,,,not penny/nano — price >= Rs100 and mcap >= Rs1000 Cr,
EIMCOELECO,Eimco Elecon (India) Limited,EQ,,1789.2,1032.0,7.317,2.145,4071.0,39032.0,20.0,0,0.0,25,25,1996-04-17,11055.0,False,False,2026-07-24,,,not penny/nano — price >= Rs100 and mcap >= Rs1000 Cr,
EKC,Everest Kanto Cylinder Limited,EQ,,108.76,1220.0,1.954,0.894,2220.0,169735.0,20.0,0,0.0,25,25,2005-12-15,7526.0,False,False,2026-07-24,,,not penny/nano — price >= Rs100 and mcap >= Rs1000 Cr,
ELANTAS,Elantas Beck India Limited,EQ,,9266.0,,1.102,0.276,571.0,1023.0,20.0,0,0.0,25,25,2026-04-20,95.0,False,False,2026-07-24,,,"listed 95d ago — under a year of history, no trend to read","listed 95d ago — under a year of history, no trend to read"
ELCIDIN,EL CID Investments Limited,EQ,,109500.0,,0.092,0.022,8.0,8.0,20.0,0,0.0,25,25,2026-04-20,95.0,False,False,2026-07-24,,,"listed 95d ago — under a year of history, no trend to read; illiquid: Rs9 lakh median daily turnover (floor Rs50 lakh); only 8 trades/day median — one operator's book, not a market","listed 95d ago — under a year of history, no trend to read; illiquid: Rs9 lakh median daily turnover (floor Rs50 lakh); only 8 trades/day median — one operator's book, not a market"
ELDEHSG,Eldeco Housing And Industries Limited,EQ,,778.3,,0.031,0.002,33.0,378.0,20.0,0,0.0,25,25,2022-04-12,1564.0,False,False,2026-07-24,,,"illiquid: Rs3 lakh median daily turnover (floor Rs50 lakh); only 33 trades/day median — one operator's book, not a market","illiquid: Rs3 lakh median daily turnover (floor Rs50 lakh); only 33 trades/day median — one operator's book, not a market"
ELECON,Elecon Engineering Company Limited,EQ,,421.65,11819.0,19.195,11.873,15145.0,401769.0,20.0,0,0.0,25,25,2006-09-29,7238.0,True,False,2026-07-24,,,not penny/nano — price >= Rs100 and mcap >= Rs1000 Cr,
ELECTCAST,Electrosteel Castings Limited,EQ,price,72.1,4457.0,9.991,5.826,10333.0,1268845.0,20.0,0,0.0,25,25,2003-06-20,8435.0,True,False,2026-07-24,,,,
ELECTHERM,Electrotherm (India) Limited,EQ,,1008.2,1285.0,2.033,0.702,1360.0,18721.0,10.0,1,0.04,25,25,2007-08-20,6913.0,False,False,2026-07-24,,LT Stage I,"ASM LT Stage I — surveillance: 100% margin, no intraday, no pledging","ASM LT Stage I — surveillance: 100% margin, no intraday, no pledging"
ELGIEQUIP,Elgi Equipments Limited,EQ,,577.3,18295.0,19.32,9.299,18977.0,330765.0,20.0,0,0.0,25,25,1995-11-22,11202.0,True,False,2026-07-24,,,not penny/nano — price >= Rs100 and mcap >= Rs1000 Cr,
ELGIRUBCO,Elgi Rubber Company Limited,EQ,price,54.58,,0.283,0.105,750.0,51548.0,20.0,1,0.04,25,25,2011-08-10,5462.0,False,False,2026-07-24,,LT Stage I,"ASM LT Stage I — surveillance: 100% margin, no intraday, no pledging; illiquid: Rs28 lakh median daily turnover (floor Rs50 lakh)","ASM LT Stage I — surveillance: 100% margin, no intraday, no pledging; illiquid: Rs28 lakh median daily turnover (floor Rs50 lakh)"
ELIN,Elin Electronics Limited,EQ,mcap,101.13,503.0,1.499,0.519,1967.0,153108.0,20.0,0,0.0,25,25,2022-12-30,1302.0,False,False,2026-07-24,,,,
ELIQUID,,,,1040.9,,2.495,0.094,17.0,23982.0,5.0,0,0.0,25,25,,,False,False,2026-07-24,,,"not in the NSE equity master (ETF / REIT / InvIT — not a company); 5% circuit band — cannot exit on bad news; only 17 trades/day median — one operator's book, not a market","not in the NSE equity master (ETF / REIT / InvIT — not a company); 5% circuit band — cannot exit on bad news; only 17 trades/day median — one operator's book, not a market"
ELITECON,Elitecon International Limited,EQ,price,15.51,,4.548,1.329,7388.0,1904710.0,10.0,0,0.0,25,25,2026-04-20,95.0,False,False,2026-07-24,,LT Stage I,"ASM LT Stage I — surveillance: 100% margin, no intraday, no pledging; listed 95d ago — under a year of history, no trend to read","ASM LT Stage I — surveillance: 100% margin, no intraday, no pledging; listed 95d ago — under a year of history, no trend to read"
ELLEN,Ellenbarrie Industrial Gases Limited,EQ,,281.2,3963.0,6.651,2.992,5570.0,236971.0,10.0,1,0.04,25,25,2025-07-01,388.0,True,False,2026-07-24,,,not penny/nano — price >= Rs100 and mcap >= Rs1000 Cr,
ELM250,,,price,16.38,,0.047,0.011,142.0,28288.0,20.0,0,0.0,25,25,,,False,False,2026-07-24,,,"not in the NSE equity master (ETF / REIT / InvIT — not a company); illiquid: Rs5 lakh median daily turnover (floor Rs50 lakh); only 142 trades/day median — one operator's book, not a market","not in the NSE equity master (ETF / REIT / InvIT — not a company); illiquid: Rs5 lakh median daily turnover (floor Rs50 lakh); only 142 trades/day median — one operator's book, not a market"
ELPROINTL,Elpro International Limited,EQ,,176.52,,0.577,0.135,238.0,33269.0,10.0,0,0.0,25,25,2026-04-20,95.0,False,False,2026-07-24,,,"listed 95d ago — under a year of history, no trend to read; only 238 trades/day median — one operator's book, not a market","listed 95d ago — under a year of history, no trend to read; only 238 trades/day median — one operator's book, not a market"
EMAMILTD,Emami Limited,EQ,,407.9,18335.0,27.778,11.112,19317.0,666287.0,20.0,0,0.0,25,25,2006-08-03,7295.0,True,False,2026-07-24,,,not penny/nano — price >= Rs100 and mcap >= Rs1000 Cr,
EMAMIPAP,Emami Paper Mills Limited,EQ,,118.18,,0.35,0.072,565.0,39874.0,5.0,1,0.04,25,25,2019-05-30,2612.0,False,False,2026-07-24,,,5% circuit band — cannot exit on bad news; illiquid: Rs35 lakh median daily turnover (floor Rs50 lakh),5% circuit band — cannot exit on bad news; illiquid: Rs35 lakh median daily turnover (floor Rs50 lakh)
EMBDL,Embassy Developments Limited,EQ,,61.21,8512.0,13.01,6.195,11260.0,2081850.0,10.0,0,0.0,25,25,2007-03-23,7063.0,True,False,2026-07-24,,,"not penny/nano — too big on both arms: a Rs61 share of a Rs8,512 Cr company (the price arm's ceiling is Rs5,000 Cr — a cheap share is not a small company)",
EMCURE,Emcure Pharmaceuticals Limited,EQ,,1881.0,35679.0,23.702,10.974,15179.0,130096.0,10.0,0,0.0,25,25,2024-07-10,744.0,True,False,2026-07-24,,,not penny/nano — price >= Rs100 and mcap >= Rs1000 Cr,
EMIL,Electronics Mart India Limited,EQ,,129.64,5413.0,13.525,3.951,13638.0,1018028.0,20.0,0,0.0,25,25,2022-10-17,1376.0,True,False,2026-07-24,,,not penny/nano — price >= Rs100 and mcap >= Rs1000 Cr,
EMKAY,Emkay Global Financial Services Limited,EQ,mcap,239.5,656.0,0.907,0.322,1179.0,34246.0,20.0,0,0.0,25,25,2006-04-28,7392.0,False,False,2026-07-24,,,,
EMMBI,Emmbi Industries Limited,BE,price,94.58,,0.171,0.049,643.0,17652.0,5.0,1,0.111,9,9,2010-02-24,5994.0,False,False,2026-07-02,,,series BE (trade-to-trade / SME — not normal rolling settlement); 5% circuit band — cannot exit on bad news; illiquid: Rs17 lakh median daily turnover (floor Rs50 lakh),series BE (trade-to-trade / SME — not normal rolling settlement); 5% circuit band — cannot exit on bad news; illiquid: Rs17 lakh median daily turnover (floor Rs50 lakh)
EMMVEE,Emmvee Photovoltaic Power Limited,EQ,,331.0,24852.0,87.864,44.587,33662.0,2586303.0,10.0,0,0.0,25,25,2025-11-18,248.0,True,False,2026-07-24,,,"listed 248d ago — under a year of history, no trend to read","listed 248d ago — under a year of history, no trend to read"
EMSLIMITED,EMS Limited,EQ,,403.3,2238.0,29.8,7.701,17393.0,700355.0,10.0,1,0.04,25,25,2023-09-21,1037.0,False,False,2026-07-24,,,not penny/nano — price >= Rs100 and mcap >= Rs1000 Cr,
EMUDHRA,eMudhra Limited,EQ,,455.75,3774.0,3.485,1.339,4287.0,76121.0,20.0,0,0.0,25,25,2022-06-01,1514.0,False,False,2026-07-24,,,not penny/nano — price >= Rs100 and mcap >= Rs1000 Cr,
EMULTIMQ,,,price,40.76,,0.101,0.054,200.0,24699.0,20.0,0,0.0,25,25,,,False,False,2026-07-24,,,"not in the NSE equity master (ETF / REIT / InvIT — not a company); illiquid: Rs10 lakh median daily turnover (floor Rs50 lakh); only 200 trades/day median — one operator's book, not a market","not in the NSE equity master (ETF / REIT / InvIT — not a company); illiquid: Rs10 lakh median daily turnover (floor Rs50 lakh); only 200 trades/day median — one operator's book, not a market"
ENDURANCE,Endurance Technologies Limited,EQ,,2634.0,37146.0,29.569,13.295,16698.0,110114.0,20.0,0,0.0,25,25,2016-10-19,3565.0,True,False,2026-07-24,,,not penny/nano — price >= Rs100 and mcap >= Rs1000 Cr,
ENERGY,,,price,39.06,,1.16,0.425,1099.0,293881.0,20.0,0,0.0,25,25,,,False,False,2026-07-24,,,not in the NSE equity master (ETF / REIT / InvIT — not a company),not in the NSE equity master (ETF / REIT / InvIT — not a company)
ENERGYDEV,Energy Development Company Limited,EQ,price,17.45,,0.045,0.022,227.0,26220.0,20.0,0,0.0,25,25,2007-11-02,6839.0,False,False,2026-07-24,,,"illiquid: Rs4 lakh median daily turnover (floor Rs50 lakh); only 227 trades/day median — one operator's book, not a market","illiquid: Rs4 lakh median daily turnover (floor Rs50 lakh); only 227 trades/day median — one operator's book, not a market"
ENEXT50,,,price,71.72,,0.005,0.0,11.0,677.0,20.0,0,0.0,25,25,,,False,False,2026-07-24,,,"not in the NSE equity master (ETF / REIT / InvIT — not a company); illiquid: Rs0 lakh median daily turnover (floor Rs50 lakh); only 11 trades/day median — one operator's book, not a market","not in the NSE equity master (ETF / REIT / InvIT — not a company); illiquid: Rs0 lakh median daily turnover (floor Rs50 lakh); only 11 trades/day median — one operator's book, not a market"
ENGINERSIN,Engineers India Limited,EQ,,225.21,13348.0,53.824,14.281,30372.0,2326691.0,20.0,0,0.0,25,25,1997-08-20,10565.0,True,False,2026-07-24,,,not penny/nano — price >= Rs100 and mcap >= Rs1000 Cr,
ENIFTY,,,price,23.99,,0.017,0.002,57.0,7025.0,20.0,0,0.0,25,25,,,False,False,2026-07-24,,,"not in the NSE equity master (ETF / REIT / InvIT — not a company); illiquid: Rs2 lakh median daily turnover (floor Rs50 lakh); only 57 trades/day median — one operator's book, not a market","not in the NSE equity master (ETF / REIT / InvIT — not a company); illiquid: Rs2 lakh median daily turnover (floor Rs50 lakh); only 57 trades/day median — one operator's book, not a market"
ENIL,Entertainment Network (India) Limited,EQ,,105.63,,0.135,0.037,368.0,12640.0,20.0,0,0.0,25,25,2006-02-15,7464.0,False,False,2026-07-24,,,illiquid: Rs14 lakh median daily turnover (floor Rs50 lakh),illiquid: Rs14 lakh median daily turnover (floor Rs50 lakh)
ENRIN,Siemens Energy India Limited,EQ,,3240.2,115390.0,142.168,55.24,41998.0,372444.0,20.0,0,0.0,25,25,2025-06-19,400.0,False,False,2026-07-24,,,not penny/nano — price >= Rs100 and mcap >= Rs1000 Cr,
ENTERO,Entero Healthcare Solutions Limited,EQ,,1229.6,5352.0,9.431,4.076,6966.0,81441.0,20.0,0,0.0,25,25,2024-02-16,889.0,True,False,2026-07-24,,,not penny/nano — price >= Rs100 and mcap >= Rs1000 Cr,
EPACK,EPACK Durable Limited,EQ,,234.57,2257.0,11.165,4.652,6409.0,469923.0,20.0,0,0.0,25,25,2024-01-30,906.0,False,False,2026-07-24,,,not penny/nano — price >= Rs100 and mcap >= Rs1000 Cr,
EPACKPEB,EPack Prefab Technologies Limited,EQ,,251.92,2531.0,22.572,6.557,14573.0,887255.0,20.0,0,0.0,25,25,2025-10-01,296.0,False,False,2026-07-24,,,"listed 296d ago — under a year of history, no trend to read","listed 296d ago — under a year of history, no trend to read"
EPIGRAL,Epigral Limited,EQ,,1162.7,5016.0,4.005,1.711,3162.0,38841.0,20.0,0,0.0,25,25,2021-08-18,1801.0,False,False,2026-07-24,,,not penny/nano — price >= Rs100 and mcap >= Rs1000 Cr,
EPL,EPL Limited,EQ,,233.06,7465.0,8.307,4.932,8312.0,358407.0,20.0,0,0.0,25,25,2002-02-11,8929.0,True,False,2026-07-24,,,not penny/nano — price >= Rs100 and mcap >= Rs1000 Cr,
EQUAL200,,,price,13.63,,0.015,0.004,46.0,11059.0,20.0,0,0.0,25,25,,,False,False,2026-07-24,,,"not in the NSE equity master (ETF / REIT / InvIT — not a company); illiquid: Rs2 lakh median daily turnover (floor Rs50 lakh); only 46 trades/day median — one operator's book, not a market","not in the NSE equity master (ETF / REIT / InvIT — not a company); illiquid: Rs2 lakh median daily turnover (floor Rs50 lakh); only 46 trades/day median — one operator's book, not a market"
EQUAL50,,,,328.36,,0.081,0.015,22.0,2434.0,20.0,0,0.0,25,25,,,False,False,2026-07-24,,,"not in the NSE equity master (ETF / REIT / InvIT — not a company); illiquid: Rs8 lakh median daily turnover (floor Rs50 lakh); only 22 trades/day median — one operator's book, not a market","not in the NSE equity master (ETF / REIT / InvIT — not a company); illiquid: Rs8 lakh median daily turnover (floor Rs50 lakh); only 22 trades/day median — one operator's book, not a market"
EQUAL50ADD,,,,339.64,,0.318,0.124,254.0,9314.0,20.0,0,0.0,25,25,,,False,False,2026-07-24,,,"not in the NSE equity master (ETF / REIT / InvIT — not a company); illiquid: Rs32 lakh median daily turnover (floor Rs50 lakh); only 254 trades/day median — one operator's book, not a market","not in the NSE equity master (ETF / REIT / InvIT — not a company); illiquid: Rs32 lakh median daily turnover (floor Rs50 lakh); only 254 trades/day median — one operator's book, not a market"
EQUITASBNK,Equitas Small Finance Bank Limited,EQ,,78.34,8961.0,22.78,11.203,24638.0,2820502.0,20.0,0,0.0,25,25,2020-11-02,2090.0,True,False,2026-07-24,,,"not penny/nano — too big on both arms: a Rs78 share of a Rs8,961 Cr company (the price arm's ceiling is Rs5,000 Cr — a cheap share is not a small company)",
ERIS,Eris Lifesciences Limited,EQ,,1400.6,19832.0,11.21,3.64,12186.0,77041.0,20.0,0,0.0,25,25,2017-06-29,3312.0,True,False,2026-07-24,,,not penny/nano — price >= Rs100 and mcap >= Rs1000 Cr,
ESABINDIA,Esab India Limited,EQ,,5649.5,8696.0,1.592,0.492,905.0,2717.0,20.0,0,0.0,25,25,1995-11-01,11223.0,False,False,2026-07-24,,,not penny/nano — price >= Rs100 and mcap >= Rs1000 Cr,
ESAFSFB,ESAF Small Finance Bank Limited,EQ,price,38.69,1996.0,4.866,1.822,4584.0,1415031.0,20.0,0,0.0,25,25,2023-11-10,987.0,False,False,2026-07-24,,,,
ESCORTS,Escorts Kubota Limited,EQ,,2905.1,33171.0,25.296,13.306,13980.0,86079.0,20.0,0,0.0,25,25,1995-03-01,11468.0,True,False,2026-07-24,,,not penny/nano — price >= Rs100 and mcap >= Rs1000 Cr,
ESENSEX,,,price,76.72,,0.003,0.0,15.0,403.0,20.0,0,0.0,25,25,,,False,False,2026-07-24,,,"not in the NSE equity master (ETF / REIT / InvIT — not a company); illiquid: Rs0 lakh median daily turnover (floor Rs50 lakh); only 15 trades/day median — one operator's book, not a market","not in the NSE equity master (ETF / REIT / InvIT — not a company); illiquid: Rs0 lakh median daily turnover (floor Rs50 lakh); only 15 trades/day median — one operator's book, not a market"
ESG,,,price,40.97,,0.084,0.013,89.0,20263.0,20.0,0,0.0,25,25,,,False,False,2026-07-24,,,"not in the NSE equity master (ETF / REIT / InvIT — not a company); illiquid: Rs8 lakh median daily turnover (floor Rs50 lakh); only 89 trades/day median — one operator's book, not a market","not in the NSE equity master (ETF / REIT / InvIT — not a company); illiquid: Rs8 lakh median daily turnover (floor Rs50 lakh); only 89 trades/day median — one operator's book, not a market"
ESILVER,,,,219.61,,5.2,0.357,1800.0,242718.0,20.0,0,0.0,25,25,,,False,False,2026-07-24,,,not in the NSE equity master (ETF / REIT / InvIT — not a company),not in the NSE equity master (ETF / REIT / InvIT — not a company)
ESSARSHPNG,Essar Shipping Limited,EQ,price,20.17,,0.29,0.106,861.0,138224.0,20.0,0,0.0,25,25,2011-11-15,5365.0,False,False,2026-07-24,,,illiquid: Rs29 lakh median daily turnover (floor Rs50 lakh),illiquid: Rs29 lakh median daily turnover (floor Rs50 lakh)
ESTER,Ester Industries Limited,EQ,price,88.53,,0.472,0.201,1097.0,52071.0,20.0,0,0.0,25,25,2011-06-20,5513.0,False,False,2026-07-24,,,illiquid: Rs47 lakh median daily turnover (floor Rs50 lakh),illiquid: Rs47 lakh median daily turnover (floor Rs50 lakh)
ETERNAL,ETERNAL LIMITED,EQ,,280.0,270587.0,895.828,424.065,161474.0,32940948.0,,0,0.0,25,25,2021-07-23,1827.0,False,False,2026-07-24,,,not penny/nano — price >= Rs100 and mcap >= Rs1000 Cr,
ETHOSLTD,Ethos Limited,EQ,,2562.8,6676.0,4.573,2.136,3400.0,17826.0,20.0,0,0.0,25,25,2022-05-30,1516.0,True,False,2026-07-24,,,not penny/nano — price >= Rs100 and mcap >= Rs1000 Cr,
EUREKAFORB,Eureka Forbes Limited,EQ,,432.15,9207.0,5.158,2.143,7055.0,110367.0,20.0,0,0.0,25,25,2024-09-11,681.0,True,False,2026-07-24,,,not penny/nano — price >= Rs100 and mcap >= Rs1000 Cr,
EUROBOND,Euro Panel Products Limited,EQ,,161.61,,0.096,0.011,204.0,5696.0,20.0,0,0.0,25,25,2025-08-01,357.0,False,False,2026-07-24,,,"listed 357d ago — under a year of history, no trend to read; illiquid: Rs10 lakh median daily turnover (floor Rs50 lakh); only 204 trades/day median — one operator's book, not a market","listed 357d ago — under a year of history, no trend to read; illiquid: Rs10 lakh median daily turnover (floor Rs50 lakh); only 204 trades/day median — one operator's book, not a market"
EUROPRATIK,Euro Pratik Sales Limited,EQ,,301.65,3083.0,4.809,3.416,3275.0,158219.0,20.0,0,0.0,25,25,2025-09-23,304.0,False,False,2026-07-24,,,"listed 304d ago — under a year of history, no trend to read","listed 304d ago — under a year of history, no trend to read"
EVEREADY,Eveready Industries India Limited,EQ,,357.0,2595.0,5.497,1.912,4747.0,151401.0,20.0,0,0.0,25,25,2005-04-27,7758.0,False,False,2026-07-24,,,not penny/nano — price >= Rs100 and mcap >= Rs1000 Cr,
EVERESTIND,Everest Industries Limited,BE,mcap,529.0,831.0,3.68,1.087,2713.0,79122.0,5.0,3,0.375,8,8,1995-03-29,11440.0,False,False,2026-07-01,,,series BE (trade-to-trade / SME — not normal rolling settlement); 5% circuit band — cannot exit on bad news; closed at circuit on 38% of sessions — a stop cannot fill in a locked market,series BE (trade-to-trade / SME — not normal rolling settlement); 5% circuit band — cannot exit on bad news; closed at circuit on 38% of sessions — a stop cannot fill in a locked market
EVIETF,,,price,31.74,,0.444,0.189,568.0,141718.0,20.0,0,0.0,25,25,,,False,False,2026-07-24,,,not in the NSE equity master (ETF / REIT / InvIT — not a company); illiquid: Rs44 lakh median daily turnover (floor Rs50 lakh),not in the NSE equity master (ETF / REIT / InvIT — not a company); illiquid: Rs44 lakh median daily turnover (floor Rs50 lakh)
EVINDIA,,,price,31.9,,0.742,0.278,1482.0,237777.0,20.0,0,0.0,25,25,,,False,False,2026-07-24,,,not in the NSE equity master (ETF / REIT / InvIT — not a company),not in the NSE equity master (ETF / REIT / InvIT — not a company)
EXCELINDUS,Excel Industries Limited,EQ,,932.15,1172.0,0.512,0.223,531.0,5640.0,20.0,0,0.0,25,25,2004-06-16,8073.0,False,False,2026-07-24,,,not penny/nano — price >= Rs100 and mcap >= Rs1000 Cr,
EXCELSOFT,Excelsoft Technologies Limited,EQ,price,74.38,,3.005,1.296,3379.0,377887.0,20.0,0,0.0,25,25,2025-11-26,240.0,False,False,2026-07-24,,,"listed 240d ago — under a year of history, no trend to read","listed 240d ago — under a year of history, no trend to read"
EXICOM,Exicom Tele-Systems Limited,EQ,,160.3,2224.0,38.114,18.974,18721.0,2284975.0,20.0,0,0.0,25,25,2024-03-05,871.0,False,False,2026-07-24,,LT Stage I,"ASM LT Stage I — surveillance: 100% margin, no intraday, no pledging","ASM LT Stage I — surveillance: 100% margin, no intraday, no pledging"
EXIDEIND,Exide Industries Limited,EQ,,443.0,35411.0,149.761,37.888,47631.0,3513217.0,,0,0.0,25,25,2003-06-17,8438.0,True,False,2026-07-24,,,not penny/nano — price >= Rs100 and mcap >= Rs1000 Cr,
EXPLEOSOL,Expleo Solutions Limited,EQ,,801.55,1244.0,1.424,0.75,1443.0,17716.0,20.0,0,0.0,25,25,2009-10-26,6115.0,False,False,2026-07-24,,,not penny/nano — price >= Rs100 and mcap >= Rs1000 Cr,
EXXARO,Exxaro Tiles Limited,EQ,price,6.54,,0.118,0.057,438.0,179213.0,20.0,0,0.0,25,25,2021-08-16,1803.0,False,False,2026-07-24,,,illiquid: Rs12 lakh median daily turnover (floor Rs50 lakh),illiquid: Rs12 lakh median daily turnover (floor Rs50 lakh)
FABTECH,Fabtech Technologies Limited,EQ,mcap,149.73,666.0,2.426,0.927,2554.0,156826.0,20.0,0,0.0,25,25,2025-10-07,290.0,False,False,2026-07-24,,,"listed 290d ago — under a year of history, no trend to read","listed 290d ago — under a year of history, no trend to read"
FACT,Fertilizers and Chemicals Travancore Limited,EQ,,809.3,57156.0,12.823,4.696,7897.0,145865.0,20.0,0,0.0,25,25,1995-04-12,11426.0,True,False,2026-07-24,,,not penny/nano — price >= Rs100 and mcap >= Rs1000 Cr,
FAIRCHEMOR,Fairchem Organics Limited,BE,,728.75,,2.821,0.236,2146.5,40076.5,5.0,2,0.2,10,10,2020-12-24,2038.0,False,False,2026-07-03,,,series BE (trade-to-trade / SME — not normal rolling settlement); 5% circuit band — cannot exit on bad news,series BE (trade-to-trade / SME — not normal rolling settlement); 5% circuit band — cannot exit on bad news
FAZE3Q,Faze Three Limited,EQ,,546.95,1330.0,0.976,0.291,764.0,15982.0,5.0,2,0.08,25,25,2022-11-18,1344.0,False,False,2026-07-24,,,5% circuit band — cannot exit on bad news,5% circuit band — cannot exit on bad news
FCL,Fineotex Chemical Limited,EQ,price,39.59,,42.329,15.955,20002.0,10372449.0,10.0,0,0.0,25,25,2015-01-15,4208.0,False,False,2026-07-24,,LT Stage I,"ASM LT Stage I — surveillance: 100% margin, no intraday, no pledging","ASM LT Stage I — surveillance: 100% margin, no intraday, no pledging"
FDC,FDC Limited,EQ,,412.95,6723.0,5.994,2.244,8589.0,146791.0,20.0,0,0.0,25,25,1997-08-07,10578.0,False,False,2026-07-24,,,not penny/nano — price >= Rs100 and mcap >= Rs1000 Cr,
FEDDERSHOL,Fedders Holding Limited,EQ,price,45.64,,2.371,0.683,3325.0,570249.0,20.0,0,0.0,25,25,2026-04-20,95.0,False,False,2026-07-24,,,"listed 95d ago — under a year of history, no trend to read","listed 95d ago — under a year of history, no trend to read"
FEDERALBNK,The Federal Bank  Limited,EQ,,354.3,87481.0,178.76,95.386,62146.0,5420067.0,,0,0.0,25,25,1995-02-08,11489.0,True,False,2026-07-24,,,not penny/nano — price >= Rs100 and mcap >= Rs1000 Cr,
FEDFINA,Fedbank Financial Services Limited,EQ,,150.53,5644.0,19.013,7.946,15666.0,1246090.0,20.0,0,0.0,25,25,2023-11-30,967.0,True,False,2026-07-24,,,not penny/nano — price >= Rs100 and mcap >= Rs1000 Cr,
FERMENTA,Fermenta Biotech Limited,EQ,,432.05,1272.0,6.571,0.451,6104.0,151112.0,20.0,0,0.0,25,25,2026-04-20,95.0,False,False,2026-07-24,,ST Stage I,"ASM ST Stage I — surveillance: 100% margin, no intraday, no pledging; listed 95d ago — under a year of history, no trend to read","ASM ST Stage I — surveillance: 100% margin, no intraday, no pledging; listed 95d ago — under a year of history, no trend to read"
FIBERWEB,Fiberweb (India) Limited,EQ,price,30.43,,0.06,0.009,150.0,19593.0,5.0,0,0.0,25,25,2022-02-16,1619.0,False,False,2026-07-24,,,"5% circuit band — cannot exit on bad news; illiquid: Rs6 lakh median daily turnover (floor Rs50 lakh); only 150 trades/day median — one operator's book, not a market","5% circuit band — cannot exit on bad news; illiquid: Rs6 lakh median daily turnover (floor Rs50 lakh); only 150 trades/day median — one operator's book, not a market"
FIEMIND,Fiem Industries Limited,EQ,,2331.9,5953.0,7.627,3.335,6676.0,33390.0,20.0,0,0.0,25,25,2006-10-19,7218.0,True,False,2026-07-24,,,not penny/nano — price >= Rs100 and mcap >= Rs1000 Cr,
FILATEX,Filatex India Limited,EQ,price,73.83,3278.0,22.715,1.7,14956.0,3155942.0,20.0,0,0.0,25,25,2011-08-29,5443.0,False,False,2026-07-24,,,,
FINCABLES,Finolex Cables Limited,EQ,,998.9,16825.0,28.632,14.54,22057.0,271095.0,20.0,0,0.0,25,25,1995-02-15,11482.0,True,False,2026-07-24,,,not penny/nano — price >= Rs100 and mcap >= Rs1000 Cr,
FINEORG,Fine Organic Industries Limited,EQ,,4828.5,14804.0,4.98,2.49,2637.0,9473.0,20.0,0,0.0,25,25,2018-07-02,2944.0,False,False,2026-07-24,,,not penny/nano — price >= Rs100 and mcap >= Rs1000 Cr,
FINIETF,,,price,32.01,,1.566,0.393,1279.0,478717.0,20.0,0,0.0,25,25,,,False,False,2026-07-24,,,not in the NSE equity master (ETF / REIT / InvIT — not a company),not in the NSE equity master (ETF / REIT / InvIT — not a company)
FINKURVE,Finkurve Financial Services Limited,EQ,price,62.15,,0.172,0.031,464.0,26784.0,20.0,0,0.0,25,25,2025-10-01,296.0,False,False,2026-07-24,,,"listed 296d ago — under a year of history, no trend to read; illiquid: Rs17 lakh median daily turnover (floor Rs50 lakh)","listed 296d ago — under a year of history, no trend to read; illiquid: Rs17 lakh median daily turnover (floor Rs50 lakh)"
FINOPB,Fino Payments Bank Limited,EQ,,167.06,1390.0,6.4,1.608,6460.0,455642.0,20.0,0,0.0,25,25,2021-11-12,1715.0,False,False,2026-07-24,,,not penny/nano — price >= Rs100 and mcap >= Rs1000 Cr,
FINPIPE,Finolex Industries Limited,EQ,,163.67,10844.0,8.661,4.499,14349.0,510165.0,20.0,0,0.0,25,25,1995-02-08,11489.0,True,False,2026-07-24,,,not penny/nano — price >= Rs100 and mcap >= Rs1000 Cr,
FIRSTCRY,Brainbees Solutions Limited,EQ,,208.3,11447.0,26.56,7.191,18657.0,1202219.0,20.0,0,0.0,25,25,2024-08-13,710.0,True,False,2026-07-24,,,not penny/nano — price >= Rs100 and mcap >= Rs1000 Cr,
FISCHER,Fischer Medical Ventures Limited,EQ,price,37.94,2483.0,8.378,3.448,4274.0,2205570.0,10.0,0,0.0,25,25,2025-07-10,379.0,False,False,2026-07-24,,,,
FIVESTAR,Five-Star Business Finance Limited,EQ,,535.2,16246.0,40.215,13.244,23194.0,760064.0,20.0,0,0.0,25,25,2022-11-21,1341.0,True,False,2026-07-24,,,not penny/nano — price >= Rs100 and mcap >= Rs1000 Cr,
FLAIR,Flair Writing Industries Limited,EQ,,252.5,2661.0,3.365,1.288,2645.0,127402.0,10.0,0,0.0,25,25,2023-12-01,966.0,False,False,2026-07-24,,,not penny/nano — price >= Rs100 and mcap >= Rs1000 Cr,
FLEXIADD,,,price,9.92,,0.074,0.024,252.0,75557.0,20.0,0,0.0,25,25,,,False,False,2026-07-24,,,"not in the NSE equity master (ETF / REIT / InvIT — not a company); illiquid: Rs7 lakh median daily turnover (floor Rs50 lakh); only 252 trades/day median — one operator's book, not a market","not in the NSE equity master (ETF / REIT / InvIT — not a company); illiquid: Rs7 lakh median daily turnover (floor Rs50 lakh); only 252 trades/day median — one operator's book, not a market"
FLUOROCHEM,Gujarat Fluorochemicals Limited,EQ,,4573.7,43561.0,53.544,19.637,16829.0,137095.0,20.0,0,0.0,25,25,2019-10-16,2473.0,True,False,2026-07-24,,,not penny/nano — price >= Rs100 and mcap >= Rs1000 Cr,
FMCGADD,,,price,49.25,,0.025,0.005,31.0,4995.0,20.0,0,0.0,25,25,,,False,False,2026-07-24,,,"not in the NSE equity master (ETF / REIT / InvIT — not a company); illiquid: Rs2 lakh median daily turnover (floor Rs50 lakh); only 31 trades/day median — one operator's book, not a market","not in the NSE equity master (ETF / REIT / InvIT — not a company); illiquid: Rs2 lakh median daily turnover (floor Rs50 lakh); only 31 trades/day median — one operator's book, not a market"
FMCGIETF,,,price,52.69,,4.308,2.039,3558.0,802031.0,20.0,0,0.0,25,25,,,False,False,2026-07-24,,,not in the NSE equity master (ETF / REIT / InvIT — not a company),not in the NSE equity master (ETF / REIT / InvIT — not a company)
FMGOETZE,Federal-Mogul Goetze (India) Limited.,EQ,,478.85,2664.0,1.894,1.029,1680.0,41329.0,20.0,0,0.0,25,25,1995-02-08,11489.0,False,False,2026-07-24,,,not penny/nano — price >= Rs100 and mcap >= Rs1000 Cr,
FOCUS,Focus Lighting and Fixtures Limited,BE,price,86.69,,1.175,0.8,2337.0,131470.5,5.0,0,0.0,8,8,2021-11-24,1703.0,False,False,2026-07-01,,,series BE (trade-to-trade / SME — not normal rolling settlement); 5% circuit band — cannot exit on bad news,series BE (trade-to-trade / SME — not normal rolling settlement); 5% circuit band — cannot exit on bad news
FOODSIN,Foods & Inns Limited,EQ,price+mcap,55.05,405.0,0.54,0.195,1360.0,98482.0,20.0,0,0.0,25,25,2021-11-16,1711.0,False,False,2026-07-24,,,,
FORCEMOT,FORCE MOTORS LTD,EQ,,17620.0,24777.0,140.032,85.705,22483.0,74961.0,,0,0.0,25,25,2024-02-14,891.0,True,False,2026-07-24,,,not penny/nano — price >= Rs100 and mcap >= Rs1000 Cr,
FORTIS,Fortis Healthcare Limited,EQ,,948.7,73578.0,111.135,47.444,34055.0,1136906.0,,0,0.0,25,25,2007-05-09,7016.0,True,False,2026-07-24,,,not penny/nano — price >= Rs100 and mcap >= Rs1000 Cr,
FOSECOIND,Foseco India Limited,EQ,,5048.0,3805.0,0.821,0.387,487.0,1585.0,20.0,0,0.0,25,25,2003-05-05,8481.0,False,False,2026-07-24,,,not penny/nano — price >= Rs100 and mcap >= Rs1000 Cr,
FRACTAL,Fractal Analytics Limited,EQ,,786.75,13518.0,26.4,18.224,21356.0,307661.0,20.0,0,0.0,25,25,2026-02-16,158.0,False,False,2026-07-24,,,"listed 158d ago — under a year of history, no trend to read","listed 158d ago — under a year of history, no trend to read"
FRONTSP,Frontier Springs Limited,EQ,,1328.8,1570.0,1.758,0.979,1555.0,12304.0,20.0,0,0.0,25,25,2026-04-20,95.0,False,False,2026-07-24,,,"listed 95d ago — under a year of history, no trend to read","listed 95d ago — under a year of history, no trend to read"
FSL,Firstsource Solutions Limited,EQ,,253.58,16992.0,25.464,13.53,23183.0,967091.0,20.0,0,0.0,25,25,2007-02-22,7092.0,True,False,2026-07-24,,,not penny/nano — price >= Rs100 and mcap >= Rs1000 Cr,
FUSION,Fusion Finance Limited,EQ,,216.48,3500.0,13.795,4.723,10936.0,699040.0,20.0,0,0.0,25,25,2022-11-15,1347.0,False,False,2026-07-24,,,not penny/nano — price >= Rs100 and mcap >= Rs1000 Cr,
GABRIEL,Gabriel India Limited,EQ,,1363.5,17694.0,51.061,20.063,23968.0,376116.0,20.0,0,0.0,25,25,2005-04-20,7765.0,True,False,2026-07-24,,,not penny/nano — price >= Rs100 and mcap >= Rs1000 Cr,
GAEL,Gujarat Ambuja Exports Limited,EQ,,151.64,7546.0,11.709,4.912,12953.0,731468.0,20.0,0,0.0,25,25,2000-10-11,9417.0,True,False,2026-07-24,,,not penny/nano — price >= Rs100 and mcap >= Rs1000 Cr,
GAIL,GAIL (India) Limited,EQ,,170.02,111790.0,102.124,48.381,49042.0,5931749.0,,0,0.0,25,25,1997-04-02,10705.0,False,False,2026-07-24,,,not penny/nano — price >= Rs100 and mcap >= Rs1000 Cr,
GALAPREC,Gala Precision Engineering Limited,EQ,,1146.3,1469.0,7.488,2.61,6735.0,62971.0,20.0,0,0.0,25,25,2024-09-09,683.0,False,False,2026-07-24,,,not penny/nano — price >= Rs100 and mcap >= Rs1000 Cr,
GALAXYSURF,Galaxy Surfactants Limited,EQ,,1945.0,6896.0,1.869,0.694,1597.0,9436.0,20.0,0,0.0,25,25,2018-02-08,3088.0,False,False,2026-07-24,,,not penny/nano — price >= Rs100 and mcap >= Rs1000 Cr,
GALLANTT,Gallantt Ispat Limited,EQ,,521.2,16618.0,5.41,1.529,4022.0,78925.0,5.0,2,0.08,25,25,2006-04-04,7416.0,True,False,2026-07-24,,LT Stage I,"ASM LT Stage I — surveillance: 100% margin, no intraday, no pledging; 5% circuit band — cannot exit on bad news","ASM LT Stage I — surveillance: 100% margin, no intraday, no pledging; 5% circuit band — cannot exit on bad news"
GANDHAR,Gandhar Oil Refinery (India) Limited,EQ,,282.46,2762.0,18.886,7.437,12312.0,1020498.0,20.0,0,0.0,25,25,2023-11-30,967.0,False,False,2026-07-24,,,not penny/nano — price >= Rs100 and mcap >= Rs1000 Cr,
GANDHITUBE,Gandhi Special Tubes Limited,EQ,,868.0,,0.34,0.134,312.0,3905.0,20.0,0,0.0,25,25,2007-01-31,7114.0,False,False,2026-07-24,,,illiquid: Rs34 lakh median daily turnover (floor Rs50 lakh),illiquid: Rs34 lakh median daily turnover (floor Rs50 lakh)
GANECOS,Ganesha Ecosphere Limited,EQ,,1209.4,3241.0,14.69,4.815,8501.0,137292.0,20.0,0,0.0,25,25,2015-03-09,4155.0,False,False,2026-07-24,,,not penny/nano — price >= Rs100 and mcap >= Rs1000 Cr,
GANESHBE,Ganesh Benzoplast Limited,EQ,mcap,111.41,802.0,2.232,0.74,2673.0,212010.0,20.0,0,0.0,25,25,2021-09-16,1772.0,False,False,2026-07-24,,,,
GANESHCP,Ganesh Consumer Products Limited,EQ,,171.84,,1.264,0.303,1367.0,70757.0,20.0,0,0.0,25,25,2025-09-29,298.0,False,False,2026-07-24,,,"listed 298d ago — under a year of history, no trend to read","listed 298d ago — under a year of history, no trend to read"
GANESHHOU,GANESH HOUSING LIMITED,EQ,,799.4,6666.0,3.661,1.329,3321.0,45945.0,20.0,0,0.0,25,25,2007-03-02,7084.0,False,False,2026-07-24,,,not penny/nano — price >= Rs100 and mcap >= Rs1000 Cr,
GANGAFORGE,Ganga Forging Limited,BE,price,2.13,,0.181,0.027,502.0,703751.0,5.0,4,0.308,13,13,2021-07-06,1844.0,False,False,2026-07-08,,,series BE (trade-to-trade / SME — not normal rolling settlement); 5% circuit band — cannot exit on bad news; price Rs2.13 below the Rs5 floor (tick size ~1% of price; the spread eats the edge); illiquid: Rs18 lakh median daily turnover (floor Rs50 lakh); closed at circuit on 31% of sessions — a stop cannot fill in a locked market,series BE (trade-to-trade / SME — not normal rolling settlement); 5% circuit band — cannot exit on bad news; price Rs2.13 below the Rs5 floor (tick size ~1% of price; the spread eats the edge); illiquid: Rs18 lakh median daily turnover (floor Rs50 lakh); closed at circuit on 31% of sessions — a stop cannot fill in a locked market
GANGESSECU,Ganges Securities Limited,EQ,,116.24,,0.011,0.001,42.0,963.0,20.0,0,0.0,25,25,2017-07-28,3283.0,False,False,2026-07-24,,,"illiquid: Rs1 lakh median daily turnover (floor Rs50 lakh); only 42 trades/day median — one operator's book, not a market","illiquid: Rs1 lakh median daily turnover (floor Rs50 lakh); only 42 trades/day median — one operator's book, not a market"
GARFIBRES,Garware Technical Fibres Limited,EQ,,748.45,7430.0,3.702,1.485,6796.0,50802.0,20.0,0,0.0,25,25,2007-04-03,7052.0,False,False,2026-07-24,,,not penny/nano — price >= Rs100 and mcap >= Rs1000 Cr,
GARUDA,Garuda Construction and Engineering Limited,EQ,,174.69,1625.0,4.462,2.497,4541.0,254517.0,20.0,0,0.0,25,25,2024-10-15,647.0,False,False,2026-07-24,,,not penny/nano — price >= Rs100 and mcap >= Rs1000 Cr,
GATECH,GACM Technologies Limited,EQ,price,0.48,,0.165,0.101,822.0,3389070.0,20.0,0,0.0,25,25,2016-07-25,3651.0,False,False,2026-07-24,,,price Rs0.48 below the Rs5 floor (tick size ~1% of price; the spread eats the edge); illiquid: Rs16 lakh median daily turnover (floor Rs50 lakh),price Rs0.48 below the Rs5 floor (tick size ~1% of price; the spread eats the edge); illiquid: Rs16 lakh median daily turnover (floor Rs50 lakh)
GATECHDVR,GACM Technologies Limited,EQ,price,0.43,,0.017,0.006,147.0,376147.0,20.0,0,0.0,25,25,2017-10-10,3209.0,False,False,2026-07-24,,,"price Rs0.43 below the Rs5 floor (tick size ~1% of price; the spread eats the edge); illiquid: Rs2 lakh median daily turnover (floor Rs50 lakh); only 147 trades/day median — one operator's book, not a market","price Rs0.43 below the Rs5 floor (tick size ~1% of price; the spread eats the edge); illiquid: Rs2 lakh median daily turnover (floor Rs50 lakh); only 147 trades/day median — one operator's book, not a market"
GATEWAY,Gateway Distriparks Limited,EQ,price,56.38,2820.0,4.431,2.335,6973.0,741660.0,20.0,0,0.0,25,25,2022-03-22,1585.0,False,False,2026-07-24,,,,
GAYAHWS,Gayatri Highways Limited,EQ,price,1.88,,0.045,0.011,309.0,229950.0,10.0,0,0.0,25,25,2018-06-28,2948.0,False,False,2026-07-24,0.0,,"GSM stage 0 — exchange surveillance, periodic call auction; price Rs1.88 below the Rs5 floor (tick size ~1% of price; the spread eats the edge); illiquid: Rs4 lakh median daily turnover (floor Rs50 lakh)","GSM stage 0 — exchange surveillance, periodic call auction; price Rs1.88 below the Rs5 floor (tick size ~1% of price; the spread eats the edge); illiquid: Rs4 lakh median daily turnover (floor Rs50 lakh)"
GCSL,Gretex Corporate Services Limited,EQ,,531.0,1282.0,25.004,12.332,5077.0,574257.0,20.0,0,0.0,25,25,2025-09-04,323.0,False,False,2026-07-24,,,"listed 323d ago — under a year of history, no trend to read","listed 323d ago — under a year of history, no trend to read"
GEECEE,GeeCee Ventures Limited,BE,,344.65,,0.109,0.064,176.0,3110.0,5.0,0,0.0,9,9,2006-10-04,7233.0,False,False,2026-07-02,,,"series BE (trade-to-trade / SME — not normal rolling settlement); 5% circuit band — cannot exit on bad news; illiquid: Rs11 lakh median daily turnover (floor Rs50 lakh); only 176 trades/day median — one operator's book, not a market","series BE (trade-to-trade / SME — not normal rolling settlement); 5% circuit band — cannot exit on bad news; illiquid: Rs11 lakh median daily turnover (floor Rs50 lakh); only 176 trades/day median — one operator's book, not a market"
GEEKAYWIRE,Geekay Wires Limited,EQ,price,23.79,,0.125,0.052,407.0,49312.0,20.0,0,0.0,25,25,2020-03-06,2331.0,False,False,2026-07-24,,,illiquid: Rs12 lakh median daily turnover (floor Rs50 lakh),illiquid: Rs12 lakh median daily turnover (floor Rs50 lakh)
GEMAROMA,Gem Aromatics Limited,EQ,mcap,178.1,930.0,2.446,0.888,2118.0,133517.0,20.0,0,0.0,25,25,2025-08-26,332.0,False,False,2026-07-24,,,"listed 332d ago — under a year of history, no trend to read","listed 332d ago — under a year of history, no trend to read"
GENCON,Generic Engineering Construction and Projects Limited,EQ,price+mcap,40.52,233.0,1.251,0.918,1707.0,293074.0,20.0,0,0.0,25,25,2021-02-16,1984.0,False,False,2026-07-24,,,,
GENESYS,Genesys International Corporation Limited,EQ,,297.7,1244.0,6.649,3.802,6188.0,210547.0,10.0,0,0.0,25,25,2003-01-23,8583.0,False,False,2026-07-24,,,not penny/nano — price >= Rs100 and mcap >= Rs1000 Cr,
GENUSPAPER,Genus Paper & Boards Limited,EQ,price,11.92,,0.069,0.016,263.0,58903.0,20.0,0,0.0,25,25,2015-02-16,4176.0,False,False,2026-07-24,,,"illiquid: Rs7 lakh median daily turnover (floor Rs50 lakh); only 263 trades/day median — one operator's book, not a market","illiquid: Rs7 lakh median daily turnover (floor Rs50 lakh); only 263 trades/day median — one operator's book, not a market"
GENUSPOWER,Genus Power Infrastructures Limited,EQ,,315.6,9602.0,72.565,19.248,27401.0,2312470.0,20.0,0,0.0,25,25,2005-07-08,7686.0,False,False,2026-07-24,,,not penny/nano — price >= Rs100 and mcap >= Rs1000 Cr,
GEOJITFSL,Geojit Financial Services Limited,EQ,price,76.15,2126.0,2.621,1.333,3846.0,331706.0,20.0,0,0.0,25,25,2005-07-01,7693.0,False,False,2026-07-24,,,,
GESHIP,The Great Eastern Shipping Company Limited,EQ,,1437.9,20564.0,62.62,26.991,32659.0,444699.0,20.0,0,0.0,25,25,2006-11-27,7179.0,True,False,2026-07-24,,,not penny/nano — price >= Rs100 and mcap >= Rs1000 Cr,
GFLLIMITED,GFL Limited,EQ,price,45.95,,0.154,0.037,720.0,33575.0,20.0,0,0.0,25,25,1995-05-25,11383.0,False,False,2026-07-24,,,illiquid: Rs15 lakh median daily turnover (floor Rs50 lakh),illiquid: Rs15 lakh median daily turnover (floor Rs50 lakh)
GHCL,GHCL Limited,EQ,,436.2,3955.0,5.325,2.811,4456.0,123167.0,20.0,0,0.0,25,25,2003-07-31,8394.0,True,False,2026-07-24,,,not penny/nano — price >= Rs100 and mcap >= Rs1000 Cr,
GHCLTEXTIL,GHCL Textiles Limited,EQ,,115.82,1107.0,6.489,2.627,5963.0,559368.0,20.0,0,0.0,25,25,2023-06-12,1138.0,False,False,2026-07-24,,,not penny/nano — price >= Rs100 and mcap >= Rs1000 Cr,
GICHSGFIN,GIC Housing Finance Limited,EQ,mcap,146.87,791.0,1.559,0.57,1504.0,103462.0,20.0,0,0.0,25,25,1996-05-08,11034.0,False,False,2026-07-24,,,,
GICL,Globe International Carriers Limited,EQ,price,16.72,,0.338,0.058,512.0,198400.0,5.0,10,0.4,25,25,2026-02-18,156.0,False,False,2026-07-24,,LT Stage I,"ASM LT Stage I — surveillance: 100% margin, no intraday, no pledging; 5% circuit band — cannot exit on bad news; listed 156d ago — under a year of history, no trend to read; illiquid: Rs34 lakh median daily turnover (floor Rs50 lakh); closed at circuit on 40% of sessions — a stop cannot fill in a locked market","ASM LT Stage I — surveillance: 100% margin, no intraday, no pledging; 5% circuit band — cannot exit on bad news; listed 156d ago — under a year of history, no trend to read; illiquid: Rs34 lakh median daily turnover (floor Rs50 lakh); closed at circuit on 40% of sessions — a stop cannot fill in a locked market"
GICRE,General Insurance Corporation of India,EQ,,357.5,63325.0,21.301,6.743,13833.0,588247.0,20.0,0,0.0,25,25,2017-10-25,3194.0,True,False,2026-07-24,,,not penny/nano — price >= Rs100 and mcap >= Rs1000 Cr,
GILLANDERS,Gillanders Arbuthnot & Company Limited,EQ,price,87.98,,0.027,0.006,60.0,3015.0,20.0,0,0.0,25,25,2009-12-14,6066.0,False,False,2026-07-24,,,"illiquid: Rs3 lakh median daily turnover (floor Rs50 lakh); only 60 trades/day median — one operator's book, not a market","illiquid: Rs3 lakh median daily turnover (floor Rs50 lakh); only 60 trades/day median — one operator's book, not a market"
GILLETTE,Gillette India Limited,EQ,,7828.5,25513.0,11.768,5.671,4234.0,15116.0,20.0,0,0.0,25,25,2003-07-30,8395.0,True,False,2026-07-24,,,not penny/nano — price >= Rs100 and mcap >= Rs1000 Cr,
GILT10BETA,,,price,26.69,,0.003,0.0,18.0,975.0,5.0,0,0.0,25,25,,,False,False,2026-07-24,,,"not in the NSE equity master (ETF / REIT / InvIT — not a company); 5% circuit band — cannot exit on bad news; illiquid: Rs0 lakh median daily turnover (floor Rs50 lakh); only 18 trades/day median — one operator's book, not a market","not in the NSE equity master (ETF / REIT / InvIT — not a company); 5% circuit band — cannot exit on bad news; illiquid: Rs0 lakh median daily turnover (floor Rs50 lakh); only 18 trades/day median — one operator's book, not a market"
GILT5BETA,,,price,66.67,,0.003,0.0,11.0,388.0,5.0,0,0.0,21,21,,,False,False,2026-07-24,,,"not in the NSE equity master (ETF / REIT / InvIT — not a company); 5% circuit band — cannot exit on bad news; illiquid: Rs0 lakh median daily turnover (floor Rs50 lakh); only 11 trades/day median — one operator's book, not a market","not in the NSE equity master (ETF / REIT / InvIT — not a company); 5% circuit band — cannot exit on bad news; illiquid: Rs0 lakh median daily turnover (floor Rs50 lakh); only 11 trades/day median — one operator's book, not a market"
GILT5YBEES,,,price,65.88,,1.652,0.389,549.0,250475.0,5.0,0,0.0,25,25,,,False,False,2026-07-24,,,not in the NSE equity master (ETF / REIT / InvIT — not a company); 5% circuit band — cannot exit on bad news,not in the NSE equity master (ETF / REIT / InvIT — not a company); 5% circuit band — cannot exit on bad news
GINNIFILA,Ginni Filaments Limited,BE,price,51.59,,1.525,0.36,3303.0,287925.0,5.0,5,0.385,13,13,1995-05-10,11398.0,False,False,2026-07-08,,,series BE (trade-to-trade / SME — not normal rolling settlement); 5% circuit band — cannot exit on bad news; closed at circuit on 38% of sessions — a stop cannot fill in a locked market,series BE (trade-to-trade / SME — not normal rolling settlement); 5% circuit band — cannot exit on bad news; closed at circuit on 38% of sessions — a stop cannot fill in a locked market
GIPCL,Gujarat Industries Power Company Limited,EQ,,157.23,2440.0,4.068,1.358,4073.0,253363.0,20.0,0,0.0,25,25,1995-02-08,11489.0,False,False,2026-07-24,,,not penny/nano — price >= Rs100 and mcap >= Rs1000 Cr,
GKENERGY,GK Energy Limited,EQ,,136.14,2760.0,10.226,3.824,8686.0,692890.0,10.0,0,0.0,25,25,2025-09-26,301.0,False,False,2026-07-24,,,"listed 301d ago — under a year of history, no trend to read","listed 301d ago — under a year of history, no trend to read"
GKSL,Gujarat Kidney And Super Speciality Limited,EQ,,128.2,1011.0,2.099,0.592,2055.0,164395.0,20.0,0,0.0,25,25,2025-12-30,206.0,False,False,2026-07-24,,,"listed 206d ago — under a year of history, no trend to read","listed 206d ago — under a year of history, no trend to read"
GKWLIMITED,GKW Limited,EQ,,1640.7,,0.04,0.002,36.0,217.0,20.0,0,0.0,25,25,2009-07-20,6213.0,False,False,2026-07-24,,,"illiquid: Rs4 lakh median daily turnover (floor Rs50 lakh); only 36 trades/day median — one operator's book, not a market","illiquid: Rs4 lakh median daily turnover (floor Rs50 lakh); only 36 trades/day median — one operator's book, not a market"
GLAND,Gland Pharma Limited,EQ,,2379.8,39257.0,130.027,37.348,41346.0,533513.0,20.0,0,0.0,25,25,2020-11-20,2072.0,True,False,2026-07-24,,,not penny/nano — price >= Rs100 and mcap >= Rs1000 Cr,
GLAXO,GlaxoSmithKline Pharmaceuticals Limited,EQ,,2514.3,40581.0,17.52,5.297,11170.0,71685.0,20.0,0,0.0,25,25,2000-12-15,9352.0,True,False,2026-07-24,,,not penny/nano — price >= Rs100 and mcap >= Rs1000 Cr,
GLENMARK,Glenmark Pharmaceuticals Limited,EQ,,2192.0,62395.0,125.637,36.211,31345.0,567718.0,,0,0.0,25,25,2000-02-07,9664.0,True,False,2026-07-24,,,not penny/nano — price >= Rs100 and mcap >= Rs1000 Cr,
GLOBAL,Global Education Limited,EQ,,101.99,,0.43,0.108,503.0,42802.0,20.0,0,0.0,25,25,2020-12-07,2055.0,False,False,2026-07-24,,,illiquid: Rs43 lakh median daily turnover (floor Rs50 lakh),illiquid: Rs43 lakh median daily turnover (floor Rs50 lakh)
GLOBALVECT,Global Vectra Helicorp Limited,EQ,,148.95,,0.095,0.045,278.0,5859.0,20.0,0,0.0,25,25,2006-10-27,7210.0,False,False,2026-07-24,,LT Stage I,"ASM LT Stage I — surveillance: 100% margin, no intraday, no pledging; illiquid: Rs10 lakh median daily turnover (floor Rs50 lakh); only 278 trades/day median — one operator's book, not a market","ASM LT Stage I — surveillance: 100% margin, no intraday, no pledging; illiquid: Rs10 lakh median daily turnover (floor Rs50 lakh); only 278 trades/day median — one operator's book, not a market"
GLOBE,GLOBE ENTERPRISES (INDIA) LIMITED,EQ,price,2.14,,0.046,0.015,193.0,216687.0,20.0,0,0.0,25,25,2020-10-07,2116.0,False,False,2026-07-24,,,"price Rs2.14 below the Rs5 floor (tick size ~1% of price; the spread eats the edge); illiquid: Rs5 lakh median daily turnover (floor Rs50 lakh); only 193 trades/day median — one operator's book, not a market","price Rs2.14 below the Rs5 floor (tick size ~1% of price; the spread eats the edge); illiquid: Rs5 lakh median daily turnover (floor Rs50 lakh); only 193 trades/day median — one operator's book, not a market"
GLOBUSSPR,Globus Spirits Limited,EQ,,880.45,2560.0,7.43,2.932,5219.0,84956.0,20.0,0,0.0,25,25,2009-09-23,6148.0,False,False,2026-07-24,,,not penny/nano — price >= Rs100 and mcap >= Rs1000 Cr,
GLOSTERLTD,Gloster Limited,EQ,,683.65,,0.292,0.053,444.0,4516.0,20.0,0,0.0,25,25,2024-04-26,819.0,False,False,2026-07-24,,,illiquid: Rs29 lakh median daily turnover (floor Rs50 lakh),illiquid: Rs29 lakh median daily turnover (floor Rs50 lakh)
GMBREW,GM Breweries Limited,EQ,,904.45,2066.0,5.141,1.479,3084.0,56019.0,20.0,0,0.0,25,25,1995-08-23,11293.0,False,False,2026-07-24,,,not penny/nano — price >= Rs100 and mcap >= Rs1000 Cr,
GMDCLTD,Gujarat Mineral Development Corporation Limited,EQ,,562.55,19179.0,48.667,28.885,20133.0,798852.0,20.0,0,0.0,25,25,1997-12-17,10446.0,True,False,2026-07-24,,,not penny/nano — price >= Rs100 and mcap >= Rs1000 Cr,
GMMPFAUDLR,GMM Pfaudler Limited,EQ,,808.05,3492.0,5.6,2.968,4347.0,70687.0,20.0,0,0.0,25,25,2018-03-05,3063.0,True,False,2026-07-24,,,not penny/nano — price >= Rs100 and mcap >= Rs1000 Cr,
GMRAIRPORT,GMR AIRPORTS LIMITED,EQ,,107.12,113108.0,218.585,63.192,49494.0,19447181.0,,0,0.0,25,25,2006-08-21,7277.0,True,False,2026-07-24,,,not penny/nano — price >= Rs100 and mcap >= Rs1000 Cr,
GMRP&UI,GMR Power and Urban Infra Limited,EQ,,97.59,7609.0,7.614,2.951,6138.0,747748.0,20.0,0,0.0,25,25,2022-03-23,1584.0,True,False,2026-07-24,,,"not penny/nano — too big on both arms: a Rs98 share of a Rs7,609 Cr company (the price arm's ceiling is Rs5,000 Cr — a cheap share is not a small company)",
GNA,GNA Axles Limited,EQ,,507.0,2177.0,19.271,4.171,13147.0,452028.0,20.0,0,0.0,25,25,2016-09-26,3588.0,False,False,2026-07-24,,LT Stage I,"ASM LT Stage I — surveillance: 100% margin, no intraday, no pledging","ASM LT Stage I — surveillance: 100% margin, no intraday, no pledging"
GNFC,Gujarat Narmada Valley Fertilizers and Chemicals Limited,EQ,,503.05,7776.0,15.598,7.039,11801.0,295791.0,20.0,0,0.0,25,25,1995-05-17,11391.0,True,False,2026-07-24,,,not penny/nano — price >= Rs100 and mcap >= Rs1000 Cr,
GNRL,Gujarat Natural Resources Limited,EQ,price,92.53,,1.281,0.385,3671.0,122200.0,20.0,1,0.04,25,25,2026-04-20,95.0,False,False,2026-07-24,,,"listed 95d ago — under a year of history, no trend to read","listed 95d ago — under a year of history, no trend to read"
GOACARBON,Goa Carbon Limited,EQ,,375.65,,0.32,0.155,543.0,8184.0,20.0,0,0.0,25,25,2007-06-05,6989.0,False,False,2026-07-24,,LT Stage I,"ASM LT Stage I — surveillance: 100% margin, no intraday, no pledging; illiquid: Rs32 lakh median daily turnover (floor Rs50 lakh)","ASM LT Stage I — surveillance: 100% margin, no intraday, no pledging; illiquid: Rs32 lakh median daily turnover (floor Rs50 lakh)"
GOCLCORP,GOCL Corporation Limited,EQ,,396.55,1966.0,2.111,0.924,2585.0,52033.0,20.0,0,0.0,25,25,2014-06-26,4411.0,False,False,2026-07-24,,,not penny/nano — price >= Rs100 and mcap >= Rs1000 Cr,
GOCOLORS,Go Fashion (India) Limited,EQ,,324.15,1705.0,17.757,3.039,8453.0,492026.0,20.0,0,0.0,25,25,2021-11-30,1697.0,False,False,2026-07-24,,,not penny/nano — price >= Rs100 and mcap >= Rs1000 Cr,
GODAVARIB,Godavari Biorefineries Limited,EQ,,278.9,1427.0,2.785,1.467,2629.0,100153.0,20.0,0,0.0,25,25,2024-10-30,632.0,False,False,2026-07-24,,,not penny/nano — price >= Rs100 and mcap >= Rs1000 Cr,
GODFRYPHLP,Godfrey Phillips India Limited,EQ,,2129.6,33850.0,40.241,18.782,15747.0,185408.0,,0,0.0,25,25,1996-07-24,10957.0,True,False,2026-07-24,,,not penny/nano — price >= Rs100 and mcap >= Rs1000 Cr,
GODIGIT,Go Digit General Insurance Limited,EQ,,256.2,23688.0,10.634,2.882,11793.0,367345.0,20.0,0,0.0,25,25,2024-05-23,792.0,True,False,2026-07-24,,,not penny/nano — price >= Rs100 and mcap >= Rs1000 Cr,
GODREJAGRO,Godrej Agrovet Limited,EQ,,573.6,10763.0,4.585,2.95,5635.0,82323.0,20.0,0,0.0,25,25,2017-10-16,3203.0,True,False,2026-07-24,,,not penny/nano — price >= Rs100 and mcap >= Rs1000 Cr,
GODREJCP,Godrej Consumer Products Limited,EQ,,1059.5,108419.0,63.302,20.199,27358.0,600220.0,,0,0.0,25,25,2001-06-20,9165.0,False,False,2026-07-24,,,not penny/nano — price >= Rs100 and mcap >= Rs1000 Cr,
GODREJIND,Godrej Industries Limited,EQ,,1332.2,40747.0,19.319,7.98,13065.0,171338.0,20.0,0,0.0,25,25,2003-02-25,8550.0,True,False,2026-07-24,,,not penny/nano — price >= Rs100 and mcap >= Rs1000 Cr,
GODREJPROP,Godrej Properties Limited,EQ,,2028.7,60137.0,157.723,46.018,36493.0,844824.0,,0,0.0,25,25,2010-01-05,6044.0,True,False,2026-07-24,,,not penny/nano — price >= Rs100 and mcap >= Rs1000 Cr,
GOKEX,Gokaldas Exports Limited,EQ,,830.5,6293.0,30.306,10.389,18736.0,358398.0,20.0,0,0.0,25,25,2005-04-27,7758.0,True,False,2026-07-24,,,not penny/nano — price >= Rs100 and mcap >= Rs1000 Cr,
GOKUL,Gokul Refoils and Solvent Limited,EQ,price+mcap,39.28,389.0,0.651,0.518,722.0,157874.0,20.0,0,0.0,25,25,2008-06-04,6624.0,False,False,2026-07-24,,,,
GOKULAGRO,Gokul Agro Resources Limited,EQ,,209.93,6175.0,5.716,1.876,6973.0,267821.0,20.0,0,0.0,25,25,2016-03-11,3787.0,True,False,2026-07-24,,,not penny/nano — price >= Rs100 and mcap >= Rs1000 Cr,
GOLD1,,,,118.72,,18.42,6.932,8106.0,1562922.0,20.0,0,0.0,25,25,,,False,False,2026-07-24,,,not in the NSE equity master (ETF / REIT / InvIT — not a company),not in the NSE equity master (ETF / REIT / InvIT — not a company)
GOLD360,,,,139.3,,0.215,0.058,238.0,15430.0,20.0,0,0.0,25,25,,,False,False,2026-07-24,,,"not in the NSE equity master (ETF / REIT / InvIT — not a company); illiquid: Rs22 lakh median daily turnover (floor Rs50 lakh); only 238 trades/day median — one operator's book, not a market","not in the NSE equity master (ETF / REIT / InvIT — not a company); illiquid: Rs22 lakh median daily turnover (floor Rs50 lakh); only 238 trades/day median — one operator's book, not a market"
GOLDADD,,,,138.61,,2.185,0.644,1591.0,158053.0,20.0,0,0.0,25,25,,,False,False,2026-07-24,,,not in the NSE equity master (ETF / REIT / InvIT — not a company),not in the NSE equity master (ETF / REIT / InvIT — not a company)
GOLDAXIS,,,,118.7,,16.07,2.821,3610.0,1339110.5,20.0,0,0.0,16,16,,,False,False,2026-07-24,,,not in the NSE equity master (ETF / REIT / InvIT — not a company),not in the NSE equity master (ETF / REIT / InvIT — not a company)
GOLDBEES,,,,117.91,,253.038,161.768,90744.0,21472968.0,20.0,0,0.0,25,25,,,False,False,2026-07-24,,,not in the NSE equity master (ETF / REIT / InvIT — not a company),not in the NSE equity master (ETF / REIT / InvIT — not a company)
GOLDBETA,,,,120.05,,6.01,2.521,2940.0,494296.0,20.0,0,0.0,25,25,,,False,False,2026-07-24,,,not in the NSE equity master (ETF / REIT / InvIT — not a company),not in the NSE equity master (ETF / REIT / InvIT — not a company)
GOLDBND,,,,142.5,,0.248,0.042,173.0,17639.0,20.0,0,0.0,25,25,,,False,False,2026-07-24,,,"not in the NSE equity master (ETF / REIT / InvIT — not a company); illiquid: Rs25 lakh median daily turnover (floor Rs50 lakh); only 173 trades/day median — one operator's book, not a market","not in the NSE equity master (ETF / REIT / InvIT — not a company); illiquid: Rs25 lakh median daily turnover (floor Rs50 lakh); only 173 trades/day median — one operator's book, not a market"
GOLDCASE,,,price,22.44,,22.33,13.091,12543.0,9871161.0,20.0,0,0.0,25,25,,,False,False,2026-07-24,,,not in the NSE equity master (ETF / REIT / InvIT — not a company),not in the NSE equity master (ETF / REIT / InvIT — not a company)
GOLDETF,,,,138.89,,12.47,5.279,5189.0,916014.0,20.0,0,0.0,25,25,,,False,False,2026-07-24,,,not in the NSE equity master (ETF / REIT / InvIT — not a company),not in the NSE equity master (ETF / REIT / InvIT — not a company)
GOLDIAM,Goldiam International Limited,EQ,,349.5,5262.0,31.252,16.576,14752.0,820039.0,20.0,0,0.0,25,25,2005-08-29,7634.0,False,False,2026-07-24,,,not penny/nano — price >= Rs100 and mcap >= Rs1000 Cr,
GOLDIETF,,,,122.05,,58.37,24.751,30909.0,4705470.0,20.0,0,0.0,25,25,,,False,False,2026-07-24,,,not in the NSE equity master (ETF / REIT / InvIT — not a company),not in the NSE equity master (ETF / REIT / InvIT — not a company)
GOLDTECH,AION-TECH SOLUTIONS LIMITED,BE,price,64.88,,0.659,0.119,1592.0,124830.0,5.0,4,0.5,8,8,2001-04-11,9235.0,False,False,2026-07-01,,,series BE (trade-to-trade / SME — not normal rolling settlement); 5% circuit band — cannot exit on bad news; closed at circuit on 50% of sessions — a stop cannot fill in a locked market,series BE (trade-to-trade / SME — not normal rolling settlement); 5% circuit band — cannot exit on bad news; closed at circuit on 50% of sessions — a stop cannot fill in a locked market
GOODLUCK,Goodluck India Limited,EQ,,1511.6,5024.0,19.587,10.771,11274.0,122209.0,20.0,0,0.0,25,25,2015-01-08,4215.0,False,False,2026-07-24,,,not penny/nano — price >= Rs100 and mcap >= Rs1000 Cr,
GOODYEAR,Goodyear India Limited,EQ,,822.85,,0.676,0.133,687.0,8423.0,20.0,0,0.0,25,25,2026-04-20,95.0,False,False,2026-07-24,,,"listed 95d ago — under a year of history, no trend to read","listed 95d ago — under a year of history, no trend to read"
GOPAL,Gopal Snacks Limited,EQ,,258.25,3220.0,2.394,0.606,2727.0,87386.0,10.0,0,0.0,25,25,2024-03-14,862.0,False,False,2026-07-24,,,not penny/nano — price >= Rs100 and mcap >= Rs1000 Cr,
GOYALALUM,Goyal Aluminiums Limited,EQ,price,6.54,,0.034,0.019,332.0,49757.0,20.0,0,0.0,25,25,2022-11-04,1358.0,False,False,2026-07-24,,,illiquid: Rs3 lakh median daily turnover (floor Rs50 lakh),illiquid: Rs3 lakh median daily turnover (floor Rs50 lakh)
GPIL,Godawari Power And Ispat limited,EQ,,240.15,17130.0,27.505,12.827,18652.0,1075081.0,20.0,0,0.0,25,25,2006-04-25,7395.0,True,False,2026-07-24,,,not penny/nano — price >= Rs100 and mcap >= Rs1000 Cr,
GPPL,Gujarat Pipavav Port Limited,EQ,,149.23,7478.0,16.025,6.441,15253.0,1074768.0,20.0,0,0.0,25,25,2010-09-09,5797.0,True,False,2026-07-24,,,not penny/nano — price >= Rs100 and mcap >= Rs1000 Cr,
GPTHEALTH,GPT Healthcare Limited,EQ,,159.64,1310.0,1.893,0.607,2511.0,122872.0,20.0,0,0.0,25,25,2024-02-29,876.0,False,False,2026-07-24,,,not penny/nano — price >= Rs100 and mcap >= Rs1000 Cr,
GPTINFRA,GPT Infraprojects Limited,EQ,,116.41,1471.0,1.409,0.394,2203.0,110674.0,20.0,0,0.0,25,25,2016-07-11,3665.0,False,False,2026-07-24,,,not penny/nano — price >= Rs100 and mcap >= Rs1000 Cr,
GRADIENTE,Gradiente Infotainment Limited,BE,price,3.55,,0.129,0.021,235.0,454199.0,5.0,3,0.231,13,13,2026-05-08,77.0,False,False,2026-07-08,,,"series BE (trade-to-trade / SME — not normal rolling settlement); 5% circuit band — cannot exit on bad news; price Rs3.55 below the Rs5 floor (tick size ~1% of price; the spread eats the edge); listed 77d ago — under a year of history, no trend to read; illiquid: Rs13 lakh median daily turnover (floor Rs50 lakh); only 235 trades/day median — one operator's book, not a market; closed at circuit on 23% of sessions — a stop cannot fill in a locked market","series BE (trade-to-trade / SME — not normal rolling settlement); 5% circuit band — cannot exit on bad news; price Rs3.55 below the Rs5 floor (tick size ~1% of price; the spread eats the edge); listed 77d ago — under a year of history, no trend to read; illiquid: Rs13 lakh median daily turnover (floor Rs50 lakh); only 235 trades/day median — one operator's book, not a market; closed at circuit on 23% of sessions — a stop cannot fill in a locked market"
GRANDOAK,Grand Oak Canyons Distillery Limited,EQ,price,37.48,,0.061,0.005,135.0,12389.0,5.0,14,0.56,25,25,2026-04-20,95.0,False,False,2026-07-24,,ST Stage I,"ASM ST Stage I — surveillance: 100% margin, no intraday, no pledging; 5% circuit band — cannot exit on bad news; listed 95d ago — under a year of history, no trend to read; illiquid: Rs6 lakh median daily turnover (floor Rs50 lakh); only 135 trades/day median — one operator's book, not a market; closed at circuit on 56% of sessions — a stop cannot fill in a locked market","ASM ST Stage I — surveillance: 100% margin, no intraday, no pledging; 5% circuit band — cannot exit on bad news; listed 95d ago — under a year of history, no trend to read; illiquid: Rs6 lakh median daily turnover (floor Rs50 lakh); only 135 trades/day median — one operator's book, not a market; closed at circuit on 56% of sessions — a stop cannot fill in a locked market"
GRANULES,Granules India Limited,EQ,,833.55,20655.0,108.476,29.29,41851.0,1310179.0,20.0,0,0.0,25,25,2005-06-20,7704.0,True,False,2026-07-24,,,not penny/nano — price >= Rs100 and mcap >= Rs1000 Cr,
GRAPHITE,Graphite India Limited,EQ,,672.75,13144.0,45.374,20.028,28117.0,728577.0,20.0,0,0.0,25,25,2003-02-07,8568.0,True,False,2026-07-24,,,not penny/nano — price >= Rs100 and mcap >= Rs1000 Cr,
GRASIM,Grasim Industries Limited,EQ,,3089.4,210243.0,168.065,102.363,37321.0,536911.0,,0,0.0,25,25,1995-05-10,11398.0,False,False,2026-07-24,,,not penny/nano — price >= Rs100 and mcap >= Rs1000 Cr,
GRAUWEIL,Grauer & Weil India Limited,EQ,price,73.97,,1.869,0.822,2774.0,244479.0,20.0,0,0.0,25,25,2026-04-20,95.0,False,False,2026-07-24,,,"listed 95d ago — under a year of history, no trend to read","listed 95d ago — under a year of history, no trend to read"
GRAVISSHO,Graviss Hospitality Limited,EQ,price,30.55,,0.004,0.0,13.0,1481.0,20.0,0,0.0,24,24,2026-04-20,95.0,False,False,2026-07-24,,,"listed 95d ago — under a year of history, no trend to read; illiquid: Rs0 lakh median daily turnover (floor Rs50 lakh); only 13 trades/day median — one operator's book, not a market","listed 95d ago — under a year of history, no trend to read; illiquid: Rs0 lakh median daily turnover (floor Rs50 lakh); only 13 trades/day median — one operator's book, not a market"
GRAVITA,Gravita India Limited,EQ,,1775.7,12728.0,37.426,17.737,17897.0,211437.0,20.0,0,0.0,25,25,2010-11-16,5729.0,True,False,2026-07-24,,,not penny/nano — price >= Rs100 and mcap >= Rs1000 Cr,
GREAVESCOT,Greaves Cotton Limited,EQ,,246.32,5278.0,54.826,25.29,28288.0,2770897.0,20.0,0,0.0,25,25,2004-09-09,7988.0,True,False,2026-07-24,,,not penny/nano — price >= Rs100 and mcap >= Rs1000 Cr,
GREENLAM,Greenlam Industries Limited,EQ,,256.0,6532.0,1.97,0.577,2172.0,78255.0,20.0,0,0.0,25,25,2015-03-02,4162.0,False,False,2026-07-24,,,not penny/nano — price >= Rs100 and mcap >= Rs1000 Cr,
GREENPANEL,Greenpanel Industries Limited,EQ,,194.24,2382.0,2.727,0.995,4096.0,138882.0,20.0,0,0.0,25,25,2019-10-23,2466.0,False,False,2026-07-24,,,not penny/nano — price >= Rs100 and mcap >= Rs1000 Cr,
GREENPLY,Greenply Industries Limited,EQ,,298.15,3724.0,6.193,2.337,3587.0,195629.0,20.0,0,0.0,25,25,1996-03-06,11097.0,False,False,2026-07-24,,,not penny/nano — price >= Rs100 and mcap >= Rs1000 Cr,
GREENPOWER,Orient Green Power Company Limited,EQ,price,10.03,1177.0,2.247,1.399,4019.0,2163578.0,20.0,0,0.0,25,25,2010-10-08,5768.0,False,False,2026-07-24,,,,
GRINDWELL,Grindwell Norton Limited,EQ,,2011.6,22272.0,11.371,3.445,10451.0,56220.0,20.0,0,0.0,25,25,2006-09-11,7256.0,True,False,2026-07-24,,,not penny/nano — price >= Rs100 and mcap >= Rs1000 Cr,
GRINFRA,G R Infraprojects Limited,EQ,,869.85,8417.0,1.495,0.583,1823.0,16186.0,20.0,0,0.0,25,25,2021-07-19,1831.0,False,False,2026-07-24,,,not penny/nano — price >= Rs100 and mcap >= Rs1000 Cr,
GRMOVER,GRM Overseas Limited,EQ,price,90.2,1869.0,6.698,1.363,15469.0,741501.0,10.0,0,0.0,25,25,2022-09-07,1416.0,False,False,2026-07-24,,,,
GROBTEA,The Grob Tea Company Limited,EQ,,899.8,,0.011,0.0,21.0,123.0,20.0,0,0.0,25,25,2016-07-14,3662.0,False,False,2026-07-24,,,"illiquid: Rs1 lakh median daily turnover (floor Rs50 lakh); only 21 trades/day median — one operator's book, not a market","illiquid: Rs1 lakh median daily turnover (floor Rs50 lakh); only 21 trades/day median — one operator's book, not a market"
GROWW,Billionbrains Garage Ventures Limited,EQ,,202.15,129550.0,542.398,224.262,137078.0,27011408.0,20.0,0,0.0,25,25,2025-11-12,254.0,True,False,2026-07-24,,,"listed 254d ago — under a year of history, no trend to read","listed 254d ago — under a year of history, no trend to read"
GROWWCAPM,,,price,11.19,,0.497,0.245,753.0,440523.0,20.0,0,0.0,25,25,,,False,False,2026-07-24,,,not in the NSE equity master (ETF / REIT / InvIT — not a company); illiquid: Rs50 lakh median daily turnover (floor Rs50 lakh),not in the NSE equity master (ETF / REIT / InvIT — not a company); illiquid: Rs50 lakh median daily turnover (floor Rs50 lakh)
GROWWCHEM,,,price,30.01,,0.173,0.077,262.0,58176.0,20.0,0,0.0,25,25,,,False,False,2026-07-24,,,"not in the NSE equity master (ETF / REIT / InvIT — not a company); illiquid: Rs17 lakh median daily turnover (floor Rs50 lakh); only 262 trades/day median — one operator's book, not a market","not in the NSE equity master (ETF / REIT / InvIT — not a company); illiquid: Rs17 lakh median daily turnover (floor Rs50 lakh); only 262 trades/day median — one operator's book, not a market"
GROWWDEFNC,,,price,93.47,,2.339,1.111,2908.0,246038.0,20.0,0,0.0,25,25,,,False,False,2026-07-24,,,not in the NSE equity master (ETF / REIT / InvIT — not a company),not in the NSE equity master (ETF / REIT / InvIT — not a company)
GROWWEV,,,price,31.64,,0.829,0.47,1640.0,266730.0,20.0,0,0.0,25,25,,,False,False,2026-07-24,,,not in the NSE equity master (ETF / REIT / InvIT — not a company),not in the NSE equity master (ETF / REIT / InvIT — not a company)
GROWWGOLD,,,price,13.93,,2.382,1.016,3774.0,1717244.0,20.0,0,0.0,25,25,,,False,False,2026-07-24,,,not in the NSE equity master (ETF / REIT / InvIT — not a company),not in the NSE equity master (ETF / REIT / InvIT — not a company)
GROWWHOSPI,,,price,53.52,,2.766,0.983,1286.0,513553.0,20.0,0,0.0,25,25,,,False,False,2026-07-24,,,not in the NSE equity master (ETF / REIT / InvIT — not a company),not in the NSE equity master (ETF / REIT / InvIT — not a company)
GROWWLIQID,,,,110.07,,1.826,0.649,227.0,166080.0,5.0,0,0.0,25,25,,,False,False,2026-07-24,,,"not in the NSE equity master (ETF / REIT / InvIT — not a company); 5% circuit band — cannot exit on bad news; only 227 trades/day median — one operator's book, not a market","not in the NSE equity master (ETF / REIT / InvIT — not a company); 5% circuit band — cannot exit on bad news; only 227 trades/day median — one operator's book, not a market"
GROWWLOVOL,,,price,10.35,,0.021,0.01,132.0,20401.0,20.0,0,0.0,25,25,,,False,False,2026-07-24,,,"not in the NSE equity master (ETF / REIT / InvIT — not a company); illiquid: Rs2 lakh median daily turnover (floor Rs50 lakh); only 132 trades/day median — one operator's book, not a market","not in the NSE equity master (ETF / REIT / InvIT — not a company); illiquid: Rs2 lakh median daily turnover (floor Rs50 lakh); only 132 trades/day median — one operator's book, not a market"
GROWWMC150,,,,227.37,,0.016,0.004,40.0,716.0,20.0,0,0.0,25,25,,,False,False,2026-07-24,,,"not in the NSE equity master (ETF / REIT / InvIT — not a company); illiquid: Rs2 lakh median daily turnover (floor Rs50 lakh); only 40 trades/day median — one operator's book, not a market","not in the NSE equity master (ETF / REIT / InvIT — not a company); illiquid: Rs2 lakh median daily turnover (floor Rs50 lakh); only 40 trades/day median — one operator's book, not a market"
GROWWMETAL,,,price,11.84,,0.515,0.294,2000.0,428213.0,20.0,0,0.0,25,25,,,False,False,2026-07-24,,,not in the NSE equity master (ETF / REIT / InvIT — not a company),not in the NSE equity master (ETF / REIT / InvIT — not a company)
GROWWMOM50,,,price,10.53,,0.251,0.086,501.0,235084.0,20.0,0,0.0,25,25,,,False,False,2026-07-24,,,not in the NSE equity master (ETF / REIT / InvIT — not a company); illiquid: Rs25 lakh median daily turnover (floor Rs50 lakh),not in the NSE equity master (ETF / REIT / InvIT — not a company); illiquid: Rs25 lakh median daily turnover (floor Rs50 lakh)
GROWWN200,,,price,11.23,,0.055,0.017,256.0,48305.0,20.0,0,0.0,25,25,,,False,False,2026-07-24,,,"not in the NSE equity master (ETF / REIT / InvIT — not a company); illiquid: Rs6 lakh median daily turnover (floor Rs50 lakh); only 256 trades/day median — one operator's book, not a market","not in the NSE equity master (ETF / REIT / InvIT — not a company); illiquid: Rs6 lakh median daily turnover (floor Rs50 lakh); only 256 trades/day median — one operator's book, not a market"
GROWWNET,,,price,9.64,,0.303,0.066,615.0,314045.0,20.0,0,0.0,25,25,,,False,False,2026-07-24,,,not in the NSE equity master (ETF / REIT / InvIT — not a company); illiquid: Rs30 lakh median daily turnover (floor Rs50 lakh),not in the NSE equity master (ETF / REIT / InvIT — not a company); illiquid: Rs30 lakh median daily turnover (floor Rs50 lakh)
GROWWNIFTY,,,price,9.61,,0.588,0.35,4598.0,603105.0,20.0,0,0.0,25,25,,,False,False,2026-07-24,,,not in the NSE equity master (ETF / REIT / InvIT — not a company),not in the NSE equity master (ETF / REIT / InvIT — not a company)
GROWWNXT50,,,price,72.22,,0.041,0.01,92.0,5622.0,20.0,0,0.0,25,25,,,False,False,2026-07-24,,,"not in the NSE equity master (ETF / REIT / InvIT — not a company); illiquid: Rs4 lakh median daily turnover (floor Rs50 lakh); only 92 trades/day median — one operator's book, not a market","not in the NSE equity master (ETF / REIT / InvIT — not a company); illiquid: Rs4 lakh median daily turnover (floor Rs50 lakh); only 92 trades/day median — one operator's book, not a market"
GROWWPOWER,,,price,11.67,,2.742,1.067,2871.0,2278426.0,20.0,0,0.0,25,25,,,False,False,2026-07-24,,,not in the NSE equity master (ETF / REIT / InvIT — not a company),not in the NSE equity master (ETF / REIT / InvIT — not a company)
GROWWPSE,,,,100.06,,0.038,0.003,60.0,3784.0,20.0,0,0.0,25,25,,,False,False,2026-07-24,,,"not in the NSE equity master (ETF / REIT / InvIT — not a company); illiquid: Rs4 lakh median daily turnover (floor Rs50 lakh); only 60 trades/day median — one operator's book, not a market","not in the NSE equity master (ETF / REIT / InvIT — not a company); illiquid: Rs4 lakh median daily turnover (floor Rs50 lakh); only 60 trades/day median — one operator's book, not a market"
GROWWPSUBK,,,price,84.05,,0.095,0.012,141.0,11225.0,20.0,0,0.0,25,25,,,False,False,2026-07-24,,,"not in the NSE equity master (ETF / REIT / InvIT — not a company); illiquid: Rs10 lakh median daily turnover (floor Rs50 lakh); only 141 trades/day median — one operator's book, not a market","not in the NSE equity master (ETF / REIT / InvIT — not a company); illiquid: Rs10 lakh median daily turnover (floor Rs50 lakh); only 141 trades/day median — one operator's book, not a market"
GROWWRAIL,,,price,28.63,,1.258,0.496,2099.0,441783.0,20.0,0,0.0,25,25,,,False,False,2026-07-24,,,not in the NSE equity master (ETF / REIT / InvIT — not a company),not in the NSE equity master (ETF / REIT / InvIT — not a company)
GROWWRLTY,,,price,9.88,,0.368,0.121,606.0,375348.0,20.0,0,0.0,25,25,,,False,False,2026-07-24,,,not in the NSE equity master (ETF / REIT / InvIT — not a company); illiquid: Rs37 lakh median daily turnover (floor Rs50 lakh),not in the NSE equity master (ETF / REIT / InvIT — not a company); illiquid: Rs37 lakh median daily turnover (floor Rs50 lakh)
GROWWSC250,,,price,10.17,,0.153,0.072,532.0,146969.0,20.0,0,0.0,25,25,,,False,False,2026-07-24,,,not in the NSE equity master (ETF / REIT / InvIT — not a company); illiquid: Rs15 lakh median daily turnover (floor Rs50 lakh),not in the NSE equity master (ETF / REIT / InvIT — not a company); illiquid: Rs15 lakh median daily turnover (floor Rs50 lakh)
GROWWSLVR,,,price,21.59,,4.066,2.08,3169.0,1828666.0,20.0,0,0.0,25,25,,,False,False,2026-07-24,,,not in the NSE equity master (ETF / REIT / InvIT — not a company),not in the NSE equity master (ETF / REIT / InvIT — not a company)
GRPLTD,GRP Limited,EQ,,2007.5,,0.315,0.069,347.0,1661.0,20.0,0,0.0,25,25,2015-02-12,4180.0,False,False,2026-07-24,,,illiquid: Rs32 lakh median daily turnover (floor Rs50 lakh),illiquid: Rs32 lakh median daily turnover (floor Rs50 lakh)
GRSE,Garden Reach Shipbuilders & Engineers Limited,EQ,,2565.8,29392.0,112.574,55.811,24233.0,424615.0,20.0,0,0.0,25,25,2018-10-10,2844.0,True,False,2026-07-24,,,not penny/nano — price >= Rs100 and mcap >= Rs1000 Cr,
GRWRHITECH,Garware Hi-Tech Films Limited,EQ,,6903.0,16037.0,32.808,10.554,10754.0,47051.0,10.0,0,0.0,25,25,2022-02-03,1632.0,True,False,2026-07-24,,,not penny/nano — price >= Rs100 and mcap >= Rs1000 Cr,
GSEC10ABSL,,,,113.3,,0.001,0.0,3.0,86.0,20.0,0,0.0,17,17,,,False,False,2026-07-22,,,"not in the NSE equity master (ETF / REIT / InvIT — not a company); illiquid: Rs0 lakh median daily turnover (floor Rs50 lakh); only 3 trades/day median — one operator's book, not a market","not in the NSE equity master (ETF / REIT / InvIT — not a company); illiquid: Rs0 lakh median daily turnover (floor Rs50 lakh); only 3 trades/day median — one operator's book, not a market"
GSEC10IETF,,,,262.25,,0.026,0.0,8.0,1000.0,5.0,0,0.0,21,21,,,False,False,2026-07-24,,,"not in the NSE equity master (ETF / REIT / InvIT — not a company); 5% circuit band — cannot exit on bad news; illiquid: Rs3 lakh median daily turnover (floor Rs50 lakh); only 8 trades/day median — one operator's book, not a market","not in the NSE equity master (ETF / REIT / InvIT — not a company); 5% circuit band — cannot exit on bad news; illiquid: Rs3 lakh median daily turnover (floor Rs50 lakh); only 8 trades/day median — one operator's book, not a market"
GSEC10YEAR,,,price,30.44,,0.008,0.0,19.0,2528.0,5.0,0,0.0,25,25,,,False,False,2026-07-24,,,"not in the NSE equity master (ETF / REIT / InvIT — not a company); 5% circuit band — cannot exit on bad news; illiquid: Rs1 lakh median daily turnover (floor Rs50 lakh); only 19 trades/day median — one operator's book, not a market","not in the NSE equity master (ETF / REIT / InvIT — not a company); 5% circuit band — cannot exit on bad news; illiquid: Rs1 lakh median daily turnover (floor Rs50 lakh); only 19 trades/day median — one operator's book, not a market"
GSEC5IETF,,,price,66.15,,0.053,0.009,32.0,8072.0,5.0,0,0.0,25,25,,,False,False,2026-07-24,,,"not in the NSE equity master (ETF / REIT / InvIT — not a company); 5% circuit band — cannot exit on bad news; illiquid: Rs5 lakh median daily turnover (floor Rs50 lakh); only 32 trades/day median — one operator's book, not a market","not in the NSE equity master (ETF / REIT / InvIT — not a company); 5% circuit band — cannot exit on bad news; illiquid: Rs5 lakh median daily turnover (floor Rs50 lakh); only 32 trades/day median — one operator's book, not a market"
GSFC,Gujarat State Fertilizers & Chemicals Limited,EQ,,154.56,6470.0,7.147,3.266,7813.0,437737.0,20.0,0,0.0,25,25,1995-09-06,11279.0,True,False,2026-07-24,,,not penny/nano — price >= Rs100 and mcap >= Rs1000 Cr,
GSLSU,Global Surfaces Limited,EQ,price,28.01,,0.454,0.019,1041.0,130423.0,5.0,13,0.52,25,25,2023-03-23,1219.0,False,False,2026-07-24,,LT Stage I,"ASM LT Stage I — surveillance: 100% margin, no intraday, no pledging; 5% circuit band — cannot exit on bad news; illiquid: Rs45 lakh median daily turnover (floor Rs50 lakh); closed at circuit on 52% of sessions — a stop cannot fill in a locked market","ASM LT Stage I — surveillance: 100% margin, no intraday, no pledging; 5% circuit band — cannot exit on bad news; illiquid: Rs45 lakh median daily turnover (floor Rs50 lakh); closed at circuit on 52% of sessions — a stop cannot fill in a locked market"
GSPCROP,GSP Crop Science Limited,EQ,,530.5,2466.0,14.484,4.732,5885.0,289295.0,20.0,0,0.0,25,25,2026-03-24,122.0,False,False,2026-07-24,,,"listed 122d ago — under a year of history, no trend to read","listed 122d ago — under a year of history, no trend to read"
GSS,GSS Infotech Limited,EQ,price,12.11,,0.031,0.017,110.0,25799.0,10.0,0,0.0,5,5,2008-03-07,6713.0,False,False,2026-07-24,,,"illiquid: Rs3 lakh median daily turnover (floor Rs50 lakh); only 110 trades/day median — one operator's book, not a market","illiquid: Rs3 lakh median daily turnover (floor Rs50 lakh); only 110 trades/day median — one operator's book, not a market"
GTL,GTL Limited,EQ,price,7.17,,0.143,0.061,613.0,191435.0,10.0,0,0.0,25,25,1995-03-29,11440.0,False,False,2026-07-24,,,illiquid: Rs14 lakh median daily turnover (floor Rs50 lakh),illiquid: Rs14 lakh median daily turnover (floor Rs50 lakh)
GTLINFRA,GTL Infrastructure Limited,EQ,price,1.22,,6.068,3.306,13345.0,41819606.0,20.0,0,0.0,25,25,2006-11-09,7197.0,False,False,2026-07-24,,,price Rs1.22 below the Rs5 floor (tick size ~1% of price; the spread eats the edge),price Rs1.22 below the Rs5 floor (tick size ~1% of price; the spread eats the edge)
GTPL,GTPL Hathway Limited,EQ,price,60.68,,0.223,0.068,919.0,37214.0,20.0,0,0.0,25,25,2017-07-04,3307.0,False,False,2026-07-24,,,illiquid: Rs22 lakh median daily turnover (floor Rs50 lakh),illiquid: Rs22 lakh median daily turnover (floor Rs50 lakh)
GUFICBIO,Gufic Biosciences Limited,EQ,,378.85,3799.0,4.235,1.77,3578.0,106670.0,20.0,0,0.0,25,25,2004-10-19,7948.0,False,False,2026-07-24,,,not penny/nano — price >= Rs100 and mcap >= Rs1000 Cr,
GUJALKALI,Gujarat Alkalies and Chemicals Limited,EQ,,674.8,4956.0,2.076,0.945,1880.0,33830.0,10.0,0,0.0,25,25,1997-08-07,10578.0,False,False,2026-07-24,,LT Stage I,"ASM LT Stage I — surveillance: 100% margin, no intraday, no pledging","ASM LT Stage I — surveillance: 100% margin, no intraday, no pledging"
GUJAPOLLO,Gujarat Apollo Industries Limited,EQ,,364.35,,0.272,0.068,469.0,7319.0,20.0,0,0.0,25,25,2007-06-04,6990.0,False,False,2026-07-24,,,illiquid: Rs27 lakh median daily turnover (floor Rs50 lakh),illiquid: Rs27 lakh median daily turnover (floor Rs50 lakh)
GUJENERGY,GUJARAT ENERGY LIMITED,EQ,,265.45,24905.0,25.395,14.156,29609.0,912426.0,20.0,0,0.0,8,8,2015-09-15,3965.0,False,False,2026-07-24,,,not penny/nano — price >= Rs100 and mcap >= Rs1000 Cr,
GUJGASLTD,,,,327.05,,50.386,32.056,35292.0,1401942.0,,0,0.0,7,7,,,False,False,2026-06-30,,,"not in the NSE equity master (ETF / REIT / InvIT — not a company); GSM stage nan — exchange surveillance, periodic call auction","not in the NSE equity master (ETF / REIT / InvIT — not a company); GSM stage nan — exchange surveillance, periodic call auction"
GUJRAFFIA,Gujarat Raffia Industries Limited,EQ,price,40.56,,0.011,0.003,48.0,2827.0,5.0,0,0.0,25,25,1996-10-09,10880.0,False,False,2026-07-24,,,"5% circuit band — cannot exit on bad news; illiquid: Rs1 lakh median daily turnover (floor Rs50 lakh); only 48 trades/day median — one operator's book, not a market","5% circuit band — cannot exit on bad news; illiquid: Rs1 lakh median daily turnover (floor Rs50 lakh); only 48 trades/day median — one operator's book, not a market"
GUJTHEM,Gujarat Themis Biosyn Limited,EQ,,360.5,3928.0,2.91,0.852,2531.0,73490.0,20.0,0,0.0,25,25,2025-02-25,514.0,False,False,2026-07-24,,,not penny/nano — price >= Rs100 and mcap >= Rs1000 Cr,
GULFOILLUB,Gulf Oil Lubricants India Limited,EQ,,1015.7,5033.0,6.746,2.95,7064.0,67768.0,20.0,0,0.0,25,25,2014-07-31,4376.0,False,False,2026-07-24,,,not penny/nano — price >= Rs100 and mcap >= Rs1000 Cr,
GULPOLY,Gulshan Polyols Limited,EQ,,195.12,1217.0,3.284,1.394,3204.0,178924.0,20.0,0,0.0,25,25,2015-01-28,4195.0,False,False,2026-07-24,,,not penny/nano — price >= Rs100 and mcap >= Rs1000 Cr,
GVPIL,GE Power India Limited,EQ,,800.7,5383.0,23.559,3.24,9645.0,261219.0,5.0,6,0.24,25,25,2000-04-19,9592.0,False,False,2026-07-24,,LT Stage I,"ASM LT Stage I — surveillance: 100% margin, no intraday, no pledging; 5% circuit band — cannot exit on bad news; closed at circuit on 24% of sessions — a stop cannot fill in a locked market","ASM LT Stage I — surveillance: 100% margin, no intraday, no pledging; 5% circuit band — cannot exit on bad news; closed at circuit on 24% of sessions — a stop cannot fill in a locked market"
GVPTECH,GVP Infotech Limited,EQ,price,6.75,,0.041,0.013,292.0,58348.0,20.0,0,0.0,25,25,2022-09-06,1417.0,False,False,2026-07-24,,,"illiquid: Rs4 lakh median daily turnover (floor Rs50 lakh); only 292 trades/day median — one operator's book, not a market","illiquid: Rs4 lakh median daily turnover (floor Rs50 lakh); only 292 trades/day median — one operator's book, not a market"
GVT&D,GE Vernova T&D India Limited,EQ,,4157.4,112700.0,388.753,218.16,81496.0,795599.0,,0,0.0,25,25,2008-06-30,6598.0,True,False,2026-07-24,,,not penny/nano — price >= Rs100 and mcap >= Rs1000 Cr,
GYFTR,Gyftr Limited,EQ,,149.51,,0.523,0.266,730.0,32578.0,20.0,0,0.0,11,11,2026-07-10,14.0,False,False,2026-07-24,,,"listed 14d ago — under a year of history, no trend to read","listed 14d ago — under a year of history, no trend to read"
HAL,Hindustan Aeronautics Limited,EQ,,4573.4,305888.0,296.819,125.256,46890.0,658032.0,,0,0.0,25,25,2018-03-28,3040.0,False,False,2026-07-24,,,not penny/nano — price >= Rs100 and mcap >= Rs1000 Cr,
HALDER,Halder Venture Limited,EQ,,234.54,,0.615,0.008,207.0,26247.0,20.0,0,0.0,25,25,2026-01-19,186.0,False,False,2026-07-24,,,"listed 186d ago — under a year of history, no trend to read; only 207 trades/day median — one operator's book, not a market","listed 186d ago — under a year of history, no trend to read; only 207 trades/day median — one operator's book, not a market"
HALDYNGL,Haldyn Glass Limited,BE,mcap,124.46,639.0,2.568,0.816,2799.0,195393.0,5.0,1,0.333,3,3,2026-04-20,95.0,False,False,2026-06-23,,,"series BE (trade-to-trade / SME — not normal rolling settlement); 5% circuit band — cannot exit on bad news; listed 95d ago — under a year of history, no trend to read; closed at circuit on 33% of sessions — a stop cannot fill in a locked market","series BE (trade-to-trade / SME — not normal rolling settlement); 5% circuit band — cannot exit on bad news; listed 95d ago — under a year of history, no trend to read; closed at circuit on 33% of sessions — a stop cannot fill in a locked market"
HALEOSLABS,HALEOS LABS LIMITED,EQ,,1538.4,,0.131,0.029,130.0,847.0,20.0,0,0.0,25,25,2017-08-17,3263.0,False,False,2026-07-24,,,"illiquid: Rs13 lakh median daily turnover (floor Rs50 lakh); only 130 trades/day median — one operator's book, not a market","illiquid: Rs13 lakh median daily turnover (floor Rs50 lakh); only 130 trades/day median — one operator's book, not a market"
HAPPSTMNDS,Happiest Minds Technologies Limited,EQ,,372.55,5330.0,21.883,11.305,17907.0,594661.0,20.0,0,0.0,25,25,2020-09-17,2136.0,True,False,2026-07-24,,,not penny/nano — price >= Rs100 and mcap >= Rs1000 Cr,
HAPPYFORGE,Happy Forgings Limited,EQ,,1615.5,15247.0,9.715,4.846,11330.0,64087.0,10.0,0,0.0,25,25,2023-12-27,940.0,False,False,2026-07-24,,,not penny/nano — price >= Rs100 and mcap >= Rs1000 Cr,
HARDWYN,Hardwyn India Limited,EQ,price,15.82,,10.747,1.343,5577.0,4272004.0,10.0,2,0.08,25,25,2022-04-12,1564.0,False,False,2026-07-24,,ST Stage I,"ASM ST Stage I — surveillance: 100% margin, no intraday, no pledging","ASM ST Stage I — surveillance: 100% margin, no intraday, no pledging"
HARIOMPIPE,Hariom Pipe Industries Limited,EQ,,391.8,1213.0,5.019,2.994,4456.0,129838.0,20.0,0,0.0,25,25,2022-04-13,1563.0,False,False,2026-07-24,,,not penny/nano — price >= Rs100 and mcap >= Rs1000 Cr,
HARRMALAYA,Harrisons  Malayalam Limited,EQ,,216.96,,0.196,0.076,462.0,9729.0,20.0,0,0.0,25,25,1995-02-08,11489.0,False,False,2026-07-24,,,illiquid: Rs20 lakh median daily turnover (floor Rs50 lakh),illiquid: Rs20 lakh median daily turnover (floor Rs50 lakh)
HARSHA,Harsha Engineers International Limited,EQ,,405.65,3693.0,5.701,2.571,4607.0,132623.0,20.0,0,0.0,25,25,2022-09-26,1397.0,False,False,2026-07-24,,,not penny/nano — price >= Rs100 and mcap >= Rs1000 Cr,
HATHWAY,Hathway Cable & Datacom Limited,EQ,price,10.76,1905.0,1.88,0.822,2844.0,1668661.0,20.0,0,0.0,25,25,2010-02-25,5993.0,False,False,2026-07-24,,,,
HATSUN,Hatsun Agro Product Limited,EQ,,886.85,19754.0,2.334,0.822,2230.0,25339.0,20.0,0,0.0,25,25,2014-06-20,4417.0,False,False,2026-07-24,,,not penny/nano — price >= Rs100 and mcap >= Rs1000 Cr,
HAVELLS,Havells India Limited,EQ,,1226.9,74121.0,115.918,40.74,36977.0,995233.0,,0,0.0,25,25,2001-03-21,9256.0,True,False,2026-07-24,,,not penny/nano — price >= Rs100 and mcap >= Rs1000 Cr,
HAVISHA,Sri Havisha Hospitality and Infrastructure Limited,EQ,price,1.23,,0.004,0.001,104.0,28552.0,10.0,0,0.0,25,25,2000-02-16,9655.0,False,False,2026-07-24,,,"price Rs1.23 below the Rs5 floor (tick size ~1% of price; the spread eats the edge); illiquid: Rs0 lakh median daily turnover (floor Rs50 lakh); only 104 trades/day median — one operator's book, not a market","price Rs1.23 below the Rs5 floor (tick size ~1% of price; the spread eats the edge); illiquid: Rs0 lakh median daily turnover (floor Rs50 lakh); only 104 trades/day median — one operator's book, not a market"
HAWKINCOOK,Hawkins Cookers Limited,EQ,,8704.0,,1.328,0.532,647.0,1501.0,20.0,0,0.0,25,25,2026-04-20,95.0,False,False,2026-07-24,,,"listed 95d ago — under a year of history, no trend to read","listed 95d ago — under a year of history, no trend to read"
HBESD,HB Estate Developers Limited,EQ,price,74.01,,0.009,0.0,26.0,1145.0,20.0,0,0.0,25,25,2026-04-20,95.0,False,False,2026-07-24,,,"listed 95d ago — under a year of history, no trend to read; illiquid: Rs1 lakh median daily turnover (floor Rs50 lakh); only 26 trades/day median — one operator's book, not a market","listed 95d ago — under a year of history, no trend to read; illiquid: Rs1 lakh median daily turnover (floor Rs50 lakh); only 26 trades/day median — one operator's book, not a market"
HBLENGINE,HBL Engineering Limited,EQ,,698.6,22645.0,69.757,29.167,30491.0,954214.0,20.0,0,0.0,25,25,2007-01-04,7141.0,True,False,2026-07-24,,,not penny/nano — price >= Rs100 and mcap >= Rs1000 Cr,
HCC,Hindustan Construction Company Limited,EQ,,21.43,5614.0,62.255,32.347,27032.0,26918419.0,20.0,0,0.0,25,25,2003-04-01,8515.0,True,False,2026-07-24,,,"not penny/nano — too big on both arms: a Rs21 share of a Rs5,614 Cr company (the price arm's ceiling is Rs5,000 Cr — a cheap share is not a small company)",
HCG,Healthcare Global Enterprises Limited,EQ,,666.55,9952.0,9.063,3.652,10096.0,134003.0,20.0,0,0.0,25,25,2016-03-30,3768.0,True,False,2026-07-24,,,not penny/nano — price >= Rs100 and mcap >= Rs1000 Cr,
HCL-INSYS,HCL Infosystems Limited,EQ,price,11.34,,0.21,0.074,685.0,175615.0,20.0,0,0.0,25,25,1997-01-01,10796.0,False,False,2026-07-24,0.0,,"GSM stage 0 — exchange surveillance, periodic call auction; illiquid: Rs21 lakh median daily turnover (floor Rs50 lakh)","GSM stage 0 — exchange surveillance, periodic call auction; illiquid: Rs21 lakh median daily turnover (floor Rs50 lakh)"
HCLTECH,HCL Technologies Limited,EQ,,1271.0,344907.0,439.347,233.213,112527.0,3794233.0,,0,0.0,25,25,2000-01-06,9696.0,False,False,2026-07-24,,,not penny/nano — price >= Rs100 and mcap >= Rs1000 Cr,
HDBFS,HDB Financial Services Limited,EQ,,691.5,62033.0,34.971,19.093,25228.0,473760.0,20.0,0,0.0,25,25,2025-07-02,387.0,True,False,2026-07-24,,,not penny/nano — price >= Rs100 and mcap >= Rs1000 Cr,
HDFCAMC,HDFC Asset Management Company Limited,EQ,,2505.7,107460.0,217.643,108.928,50592.0,828744.0,,0,0.0,25,25,2018-08-06,2909.0,False,False,2026-07-24,,,not penny/nano — price >= Rs100 and mcap >= Rs1000 Cr,
HDFCBANK,HDFC Bank Limited,EQ,,742.8,1144294.0,2428.174,1424.413,342920.0,32532090.0,,0,0.0,25,25,1995-11-08,11216.0,False,False,2026-07-24,,,not penny/nano — price >= Rs100 and mcap >= Rs1000 Cr,
HDFCBSE500,,,price,37.0,,1.491,0.199,329.0,398730.0,20.0,0,0.0,25,25,,,False,False,2026-07-24,,,not in the NSE equity master (ETF / REIT / InvIT — not a company),not in the NSE equity master (ETF / REIT / InvIT — not a company)
HDFCGOLD,,,,121.79,,32.658,19.108,11714.0,2653236.0,20.0,0,0.0,25,25,,,False,False,2026-07-24,,,not in the NSE equity master (ETF / REIT / InvIT — not a company),not in the NSE equity master (ETF / REIT / InvIT — not a company)
HDFCGROWTH,,,,115.89,,0.188,0.048,197.0,16873.0,20.0,0,0.0,25,25,,,False,False,2026-07-24,,,"not in the NSE equity master (ETF / REIT / InvIT — not a company); illiquid: Rs19 lakh median daily turnover (floor Rs50 lakh); only 197 trades/day median — one operator's book, not a market","not in the NSE equity master (ETF / REIT / InvIT — not a company); illiquid: Rs19 lakh median daily turnover (floor Rs50 lakh); only 197 trades/day median — one operator's book, not a market"
HDFCLIFE,HDFC Life Insurance Company Limited,EQ,,555.05,120594.0,180.031,66.439,54338.0,3165444.0,,0,0.0,25,25,2017-11-17,3171.0,False,False,2026-07-24,,,not penny/nano — price >= Rs100 and mcap >= Rs1000 Cr,
HDFCLIQUID,,,,1070.92,,2.432,0.384,47.0,22796.0,5.0,0,0.0,25,25,,,False,False,2026-07-24,,,"not in the NSE equity master (ETF / REIT / InvIT — not a company); 5% circuit band — cannot exit on bad news; only 47 trades/day median — one operator's book, not a market","not in the NSE equity master (ETF / REIT / InvIT — not a company); 5% circuit band — cannot exit on bad news; only 47 trades/day median — one operator's book, not a market"
HDFCLOWVOL,,,price,20.53,,0.009,0.003,60.0,4437.0,20.0,0,0.0,25,25,,,False,False,2026-07-24,,,"not in the NSE equity master (ETF / REIT / InvIT — not a company); illiquid: Rs1 lakh median daily turnover (floor Rs50 lakh); only 60 trades/day median — one operator's book, not a market","not in the NSE equity master (ETF / REIT / InvIT — not a company); illiquid: Rs1 lakh median daily turnover (floor Rs50 lakh); only 60 trades/day median — one operator's book, not a market"
HDFCMID150,,,price,22.99,,1.028,0.473,1579.0,445452.0,20.0,0,0.0,25,25,,,False,False,2026-07-24,,,not in the NSE equity master (ETF / REIT / InvIT — not a company),not in the NSE equity master (ETF / REIT / InvIT — not a company)
HDFCMOMENT,,,price,30.38,,0.419,0.129,624.0,132489.0,20.0,0,0.0,25,25,,,False,False,2026-07-24,,,not in the NSE equity master (ETF / REIT / InvIT — not a company); illiquid: Rs42 lakh median daily turnover (floor Rs50 lakh),not in the NSE equity master (ETF / REIT / InvIT — not a company); illiquid: Rs42 lakh median daily turnover (floor Rs50 lakh)
HDFCNEXT50,,,price,73.33,,2.327,0.924,759.0,315687.0,20.0,0,0.0,25,25,,,False,False,2026-07-24,,,not in the NSE equity master (ETF / REIT / InvIT — not a company),not in the NSE equity master (ETF / REIT / InvIT — not a company)
HDFCNIF100,,,price,25.64,,0.117,0.036,275.0,44882.0,20.0,0,0.0,25,25,,,False,False,2026-07-24,,,"not in the NSE equity master (ETF / REIT / InvIT — not a company); illiquid: Rs12 lakh median daily turnover (floor Rs50 lakh); only 275 trades/day median — one operator's book, not a market","not in the NSE equity master (ETF / REIT / InvIT — not a company); illiquid: Rs12 lakh median daily turnover (floor Rs50 lakh); only 275 trades/day median — one operator's book, not a market"
HDFCNIFBAN,,,price,58.45,,1.494,0.358,689.0,250316.0,20.0,0,0.0,25,25,,,False,False,2026-07-24,,,not in the NSE equity master (ETF / REIT / InvIT — not a company),not in the NSE equity master (ETF / REIT / InvIT — not a company)
HDFCNIFIT,,,price,30.8,,0.655,0.186,462.0,210075.0,20.0,0,0.0,25,25,,,False,False,2026-07-24,,,not in the NSE equity master (ETF / REIT / InvIT — not a company),not in the NSE equity master (ETF / REIT / InvIT — not a company)
HDFCNIFTY,,,,268.19,,2.031,0.698,944.0,75361.0,20.0,0,0.0,25,25,,,False,False,2026-07-24,,,not in the NSE equity master (ETF / REIT / InvIT — not a company),not in the NSE equity master (ETF / REIT / InvIT — not a company)
HDFCPSUBK,,,price,84.63,,1.636,0.077,480.0,189400.0,20.0,0,0.0,25,25,,,False,False,2026-07-24,,,not in the NSE equity master (ETF / REIT / InvIT — not a company),not in the NSE equity master (ETF / REIT / InvIT — not a company)
HDFCPVTBAN,,,price,27.86,,1.412,0.124,492.0,493449.0,20.0,0,0.0,25,25,,,False,False,2026-07-24,,,not in the NSE equity master (ETF / REIT / InvIT — not a company),not in the NSE equity master (ETF / REIT / InvIT — not a company)
HDFCQUAL,,,price,57.45,,0.101,0.026,122.0,17518.0,20.0,0,0.0,25,25,,,False,False,2026-07-24,,,"not in the NSE equity master (ETF / REIT / InvIT — not a company); illiquid: Rs10 lakh median daily turnover (floor Rs50 lakh); only 122 trades/day median — one operator's book, not a market","not in the NSE equity master (ETF / REIT / InvIT — not a company); illiquid: Rs10 lakh median daily turnover (floor Rs50 lakh); only 122 trades/day median — one operator's book, not a market"
HDFCSENSEX,,,price,86.4,,0.501,0.197,611.0,57413.0,20.0,0,0.0,25,25,,,False,False,2026-07-24,,,not in the NSE equity master (ETF / REIT / InvIT — not a company),not in the NSE equity master (ETF / REIT / InvIT — not a company)
HDFCSILVER,,,,210.79,,66.005,33.89,15489.0,2995695.0,20.0,0,0.0,25,25,,,False,False,2026-07-24,,,not in the NSE equity master (ETF / REIT / InvIT — not a company),not in the NSE equity master (ETF / REIT / InvIT — not a company)
HDFCSML250,,,,177.58,,28.119,12.534,9899.0,1543693.0,20.0,0,0.0,25,25,,,False,False,2026-07-24,,,not in the NSE equity master (ETF / REIT / InvIT — not a company),not in the NSE equity master (ETF / REIT / InvIT — not a company)
HDFCVALUE,,,,124.9,,0.05,0.013,80.0,3970.0,20.0,0,0.0,25,25,,,False,False,2026-07-24,,,"not in the NSE equity master (ETF / REIT / InvIT — not a company); illiquid: Rs5 lakh median daily turnover (floor Rs50 lakh); only 80 trades/day median — one operator's book, not a market","not in the NSE equity master (ETF / REIT / InvIT — not a company); illiquid: Rs5 lakh median daily turnover (floor Rs50 lakh); only 80 trades/day median — one operator's book, not a market"
HEADSUP,Heads UP Ventures Limited,EQ,price,7.11,,0.009,0.001,83.0,12093.0,20.0,0,0.0,25,25,2016-12-14,3509.0,False,False,2026-07-24,,,"illiquid: Rs1 lakh median daily turnover (floor Rs50 lakh); only 83 trades/day median — one operator's book, not a market","illiquid: Rs1 lakh median daily turnover (floor Rs50 lakh); only 83 trades/day median — one operator's book, not a market"
HEALTHADD,,,price,16.4,,0.122,0.023,110.0,31783.0,20.0,1,0.04,25,25,,,False,False,2026-07-24,,,"not in the NSE equity master (ETF / REIT / InvIT — not a company); illiquid: Rs12 lakh median daily turnover (floor Rs50 lakh); only 110 trades/day median — one operator's book, not a market","not in the NSE equity master (ETF / REIT / InvIT — not a company); illiquid: Rs12 lakh median daily turnover (floor Rs50 lakh); only 110 trades/day median — one operator's book, not a market"
HEALTHAXIS,,,,165.1,,0.092,0.035,99.0,5467.5,20.0,0,0.0,16,16,,,False,False,2026-07-24,,,"not in the NSE equity master (ETF / REIT / InvIT — not a company); illiquid: Rs9 lakh median daily turnover (floor Rs50 lakh); only 99 trades/day median — one operator's book, not a market","not in the NSE equity master (ETF / REIT / InvIT — not a company); illiquid: Rs9 lakh median daily turnover (floor Rs50 lakh); only 99 trades/day median — one operator's book, not a market"
HEALTHCARE,,,price,20.96,,0.11,0.046,188.0,53763.0,20.0,0,0.0,25,25,,,False,False,2026-07-24,,,"not in the NSE equity master (ETF / REIT / InvIT — not a company); illiquid: Rs11 lakh median daily turnover (floor Rs50 lakh); only 188 trades/day median — one operator's book, not a market","not in the NSE equity master (ETF / REIT / InvIT — not a company); illiquid: Rs11 lakh median daily turnover (floor Rs50 lakh); only 188 trades/day median — one operator's book, not a market"
HEALTHIETF,,,,166.63,,2.446,1.14,1895.0,149187.0,20.0,0,0.0,25,25,,,False,False,2026-07-24,,,not in the NSE equity master (ETF / REIT / InvIT — not a company),not in the NSE equity master (ETF / REIT / InvIT — not a company)
HEALTHX,Health X Platform Limited,EQ,,312.85,,0.246,0.074,332.0,7889.0,20.0,0,0.0,25,25,2010-10-05,5771.0,False,False,2026-07-24,,,illiquid: Rs25 lakh median daily turnover (floor Rs50 lakh),illiquid: Rs25 lakh median daily turnover (floor Rs50 lakh)
HEALTHY,,,price,16.68,,0.474,0.31,1013.0,284465.0,20.0,0,0.0,25,25,,,False,False,2026-07-24,,,not in the NSE equity master (ETF / REIT / InvIT — not a company); illiquid: Rs47 lakh median daily turnover (floor Rs50 lakh),not in the NSE equity master (ETF / REIT / InvIT — not a company); illiquid: Rs47 lakh median daily turnover (floor Rs50 lakh)
HECPROJECT,HEC Infra Projects Limited,EQ,,139.46,,0.22,0.053,483.0,17094.0,20.0,1,0.04,25,25,2021-12-30,1667.0,False,False,2026-07-24,,,illiquid: Rs22 lakh median daily turnover (floor Rs50 lakh),illiquid: Rs22 lakh median daily turnover (floor Rs50 lakh)
HEG,HEG Limited,EQ,,643.15,10168.0,62.166,18.571,31899.0,1102977.0,20.0,0,0.0,25,25,1995-05-10,11398.0,True,False,2026-07-24,,,not penny/nano — price >= Rs100 and mcap >= Rs1000 Cr,
HEIDELBERG,HeidelbergCement India Limited,EQ,,156.41,3544.0,1.054,0.529,1393.0,66824.0,20.0,0,0.0,25,25,1995-03-15,11454.0,False,False,2026-07-24,,,not penny/nano — price >= Rs100 and mcap >= Rs1000 Cr,
HEMIPROP,Hemisphere Properties India Limited,EQ,,133.37,3801.0,4.42,1.953,3172.0,322621.0,20.0,0,0.0,25,25,2020-10-22,2101.0,True,False,2026-07-24,,,not penny/nano — price >= Rs100 and mcap >= Rs1000 Cr,
HERANBA,Heranba Industries Limited,EQ,mcap,174.96,700.0,0.519,0.224,1032.0,28740.0,20.0,0,0.0,25,25,2021-03-05,1967.0,False,False,2026-07-24,,,,
HERITGFOOD,Heritage Foods Limited,EQ,,335.3,3119.0,9.181,3.88,6297.0,273616.0,20.0,0,0.0,25,25,1996-11-27,10831.0,True,False,2026-07-24,,,not penny/nano — price >= Rs100 and mcap >= Rs1000 Cr,
HEROMOTOCO,Hero MotoCorp Limited,EQ,,5011.1,97097.0,308.913,141.986,53845.0,629194.0,,0,0.0,25,25,2003-04-11,8505.0,True,False,2026-07-24,,,not penny/nano — price >= Rs100 and mcap >= Rs1000 Cr,
HESTERBIO,Hester Biosciences Limited,EQ,,2367.4,2014.0,2.371,0.457,1861.0,10286.0,20.0,1,0.04,25,25,2015-03-13,4151.0,False,False,2026-07-24,,,not penny/nano — price >= Rs100 and mcap >= Rs1000 Cr,
HEXAGON,Hexagon Nutrition Limited,BE,price,74.97,,22.905,8.73,17102.0,2991167.0,5.0,4,0.308,13,13,2026-06-12,42.0,False,False,2026-07-15,,,"series BE (trade-to-trade / SME — not normal rolling settlement); 5% circuit band — cannot exit on bad news; listed 42d ago — under a year of history, no trend to read; closed at circuit on 31% of sessions — a stop cannot fill in a locked market","series BE (trade-to-trade / SME — not normal rolling settlement); 5% circuit band — cannot exit on bad news; listed 42d ago — under a year of history, no trend to read; closed at circuit on 31% of sessions — a stop cannot fill in a locked market"
HEXATRADEX,Hexa Tradex Limited,EQ,,155.04,,0.05,0.008,86.0,3087.0,10.0,0,0.0,25,25,2012-04-20,5208.0,False,False,2026-07-24,,,"illiquid: Rs5 lakh median daily turnover (floor Rs50 lakh); only 86 trades/day median — one operator's book, not a market","illiquid: Rs5 lakh median daily turnover (floor Rs50 lakh); only 86 trades/day median — one operator's book, not a market"
HEXT,Hexaware Technologies Limited,EQ,,551.85,33398.0,38.524,8.292,18086.0,685284.0,20.0,0,0.0,25,25,2025-02-19,520.0,True,False,2026-07-24,,,not penny/nano — price >= Rs100 and mcap >= Rs1000 Cr,
HFCL,HFCL Limited,EQ,,196.85,30130.0,502.691,239.859,96488.0,23441205.0,5.0,6,0.24,25,25,2011-03-09,5616.0,True,False,2026-07-24,,LT Stage I,"ASM LT Stage I — surveillance: 100% margin, no intraday, no pledging; 5% circuit band — cannot exit on bad news; closed at circuit on 24% of sessions — a stop cannot fill in a locked market","ASM LT Stage I — surveillance: 100% margin, no intraday, no pledging; 5% circuit band — cannot exit on bad news; closed at circuit on 24% of sessions — a stop cannot fill in a locked market"
HGINFRA,H.G. Infra Engineering Limited,EQ,,536.85,3726.0,2.879,1.806,3331.0,50578.0,20.0,0,0.0,25,25,2018-03-09,3059.0,True,False,2026-07-24,,,not penny/nano — price >= Rs100 and mcap >= Rs1000 Cr,
HGM,HandsOn Global Management (HGM) Limited,EQ,price,46.73,,0.014,0.002,49.0,2651.0,20.0,0,0.0,25,25,2006-09-27,7240.0,False,False,2026-07-24,,LT Stage I,"ASM LT Stage I — surveillance: 100% margin, no intraday, no pledging; illiquid: Rs1 lakh median daily turnover (floor Rs50 lakh); only 49 trades/day median — one operator's book, not a market","ASM LT Stage I — surveillance: 100% margin, no intraday, no pledging; illiquid: Rs1 lakh median daily turnover (floor Rs50 lakh); only 49 trades/day median — one operator's book, not a market"
HGS,Hinduja Global Solutions Limited,EQ,,422.55,1966.0,0.662,0.331,971.0,15809.0,20.0,0,0.0,25,25,2007-06-19,6975.0,False,False,2026-07-24,,,not penny/nano — price >= Rs100 and mcap >= Rs1000 Cr,
HIKAL,Hikal Limited,EQ,,217.4,2681.0,8.56,2.694,7268.0,365108.0,20.0,0,0.0,25,25,2001-02-14,9291.0,False,False,2026-07-24,,,not penny/nano — price >= Rs100 and mcap >= Rs1000 Cr,
HIMATSEIDE,Himatsingka Seide Limited,EQ,price,80.52,1012.0,5.503,2.304,6150.0,648627.0,20.0,0,0.0,25,25,1995-02-08,11489.0,False,False,2026-07-24,,,,
HINDALCO,Hindalco Industries Limited,EQ,,942.8,211869.0,470.742,323.515,98673.0,4965762.0,,0,0.0,25,25,1997-01-08,10789.0,False,False,2026-07-24,,,not penny/nano — price >= Rs100 and mcap >= Rs1000 Cr,
HINDCOMPOS,Hindustan Composites Limited,EQ,,428.4,,0.203,0.045,318.0,4640.0,20.0,0,0.0,25,25,1996-05-08,11034.0,False,False,2026-07-24,,,illiquid: Rs20 lakh median daily turnover (floor Rs50 lakh),illiquid: Rs20 lakh median daily turnover (floor Rs50 lakh)
HINDCOPPER,Hindustan Copper Limited,EQ,,483.15,48274.0,144.542,76.483,51336.0,3002317.0,20.0,0,0.0,25,25,2010-09-15,5791.0,True,False,2026-07-24,,,not penny/nano — price >= Rs100 and mcap >= Rs1000 Cr,
HINDOILEXP,Hindustan Oil Exploration Company Limited,EQ,,162.04,2143.0,7.775,3.647,4994.0,502470.0,20.0,0,0.0,25,25,2003-09-23,8340.0,False,False,2026-07-24,,,not penny/nano — price >= Rs100 and mcap >= Rs1000 Cr,
HINDPETRO,Hindustan Petroleum Corporation Limited,EQ,,381.1,84953.0,227.666,102.108,60259.0,5627837.0,,0,0.0,25,25,1998-06-17,10264.0,True,False,2026-07-24,,,not penny/nano — price >= Rs100 and mcap >= Rs1000 Cr,
HINDUNILVR,Hindustan Unilever Limited,EQ,,2145.0,503987.0,343.875,147.444,62326.0,1603494.0,,0,0.0,25,25,1995-07-06,11341.0,False,False,2026-07-24,,,not penny/nano — price >= Rs100 and mcap >= Rs1000 Cr,
HINDWAREAP,Hindware Home Innovation Limited,EQ,,211.9,1772.0,2.188,0.833,1934.0,91139.0,20.0,0,0.0,25,25,2019-12-26,2402.0,False,False,2026-07-24,,,not penny/nano — price >= Rs100 and mcap >= Rs1000 Cr,
HINDZINC,Hindustan Zinc Limited,EQ,,531.95,224766.0,168.976,96.926,48456.0,3207622.0,,0,0.0,25,25,2006-11-21,7185.0,False,False,2026-07-24,,,not penny/nano — price >= Rs100 and mcap >= Rs1000 Cr,
HIRECT,Hind Rectifiers Limited,EQ,,1301.9,4616.0,8.708,3.573,5844.0,76842.0,20.0,1,0.04,25,25,2006-12-26,7150.0,False,False,2026-07-24,,,not penny/nano — price >= Rs100 and mcap >= Rs1000 Cr,
HISARMETAL,Hisar Metal Industries Limited,EQ,,147.49,,0.012,0.001,26.0,776.0,20.0,0,0.0,25,25,2017-01-05,3487.0,False,False,2026-07-24,,,"illiquid: Rs1 lakh median daily turnover (floor Rs50 lakh); only 26 trades/day median — one operator's book, not a market","illiquid: Rs1 lakh median daily turnover (floor Rs50 lakh); only 26 trades/day median — one operator's book, not a market"
HITECH,Hi-Tech Pipes Limited,EQ,price,84.79,1722.0,5.962,1.923,5067.0,669916.0,20.0,0,0.0,25,25,2018-05-07,3000.0,False,False,2026-07-24,,,,
HLEGLAS,HLE Glascoat Limited,EQ,,418.95,2910.0,7.76,2.315,7432.0,187021.0,20.0,0,0.0,25,25,2023-02-09,1261.0,False,False,2026-07-24,,,not penny/nano — price >= Rs100 and mcap >= Rs1000 Cr,
HLVLTD,HLV LIMITED,EQ,price,7.06,,0.116,0.048,526.0,149083.0,20.0,0,0.0,25,25,1995-07-19,11328.0,False,False,2026-07-24,,,illiquid: Rs12 lakh median daily turnover (floor Rs50 lakh),illiquid: Rs12 lakh median daily turnover (floor Rs50 lakh)
HMAAGRO,HMA Agro Industries Limited,EQ,price,21.34,,0.441,0.13,827.0,201918.0,20.0,0,0.0,25,25,2023-07-04,1116.0,False,False,2026-07-24,,,illiquid: Rs44 lakh median daily turnover (floor Rs50 lakh),illiquid: Rs44 lakh median daily turnover (floor Rs50 lakh)
HMVL,Hindustan Media Ventures Limited,EQ,price+mcap,93.4,688.0,0.519,0.129,1159.0,58355.0,20.0,0,0.0,25,25,2010-07-21,5847.0,False,False,2026-07-24,,,,
HNDFDS,Hindustan Foods Limited,EQ,,577.2,6994.0,3.288,1.635,3962.0,59408.0,20.0,0,0.0,25,25,2023-06-06,1144.0,False,False,2026-07-24,,,not penny/nano — price >= Rs100 and mcap >= Rs1000 Cr,
HNGSNGBEES,,,,484.33,,4.61,2.958,4515.0,96156.0,20.0,0,0.0,25,25,,,False,False,2026-07-24,,,not in the NSE equity master (ETF / REIT / InvIT — not a company),not in the NSE equity master (ETF / REIT / InvIT — not a company)
HOMEFIRST,Home First Finance Company India Limited,EQ,,1174.0,12271.0,20.352,8.175,15565.0,170924.0,20.0,0,0.0,25,25,2021-02-03,1997.0,True,False,2026-07-24,,,not penny/nano — price >= Rs100 and mcap >= Rs1000 Cr,
HONASA,Honasa Consumer Limited,EQ,,448.6,14625.0,46.553,17.194,30284.0,1008664.0,20.0,0,0.0,25,25,2023-11-07,990.0,True,False,2026-07-24,,,not penny/nano — price >= Rs100 and mcap >= Rs1000 Cr,
HONAUT,Honeywell Automation India Limited,EQ,,37345.0,33013.0,19.606,10.08,2068.0,4985.0,20.0,0,0.0,25,25,2003-07-18,8407.0,True,False,2026-07-24,,,not penny/nano — price >= Rs100 and mcap >= Rs1000 Cr,
HONDAPOWER,Honda India Power Products Limited,EQ,,2089.2,2118.0,0.743,0.366,629.0,3376.0,20.0,0,0.0,25,25,2003-04-01,8515.0,False,False,2026-07-24,,,not penny/nano — price >= Rs100 and mcap >= Rs1000 Cr,
HPAL,HP Adhesives Limited,EQ,price,33.29,,0.121,0.053,508.0,36773.0,20.0,0,0.0,25,25,2021-12-27,1670.0,False,False,2026-07-24,,,illiquid: Rs12 lakh median daily turnover (floor Rs50 lakh),illiquid: Rs12 lakh median daily turnover (floor Rs50 lakh)
HPIL,Hindprakash Industries Limited,EQ,,125.66,,0.005,0.0,20.0,376.0,20.0,0,0.0,25,25,2022-11-07,1355.0,False,False,2026-07-24,,,"illiquid: Rs0 lakh median daily turnover (floor Rs50 lakh); only 20 trades/day median — one operator's book, not a market","illiquid: Rs0 lakh median daily turnover (floor Rs50 lakh); only 20 trades/day median — one operator's book, not a market"
HPL,HPL Electric & Power Limited,EQ,,333.5,2144.0,4.072,2.214,3845.0,116882.0,20.0,0,0.0,25,25,2016-10-04,3580.0,False,False,2026-07-24,,,not penny/nano — price >= Rs100 and mcap >= Rs1000 Cr,
HSBCGOLD,,,,124.12,,0.063,0.006,50.0,5190.0,20.0,0,0.0,25,25,,,False,False,2026-07-24,,,"not in the NSE equity master (ETF / REIT / InvIT — not a company); illiquid: Rs6 lakh median daily turnover (floor Rs50 lakh); only 50 trades/day median — one operator's book, not a market","not in the NSE equity master (ETF / REIT / InvIT — not a company); illiquid: Rs6 lakh median daily turnover (floor Rs50 lakh); only 50 trades/day median — one operator's book, not a market"
HSCL,Himadri Speciality Chemical Limited,EQ,,789.55,39836.0,949.309,172.739,93285.0,13846530.0,20.0,0,0.0,25,25,2007-03-02,7084.0,True,False,2026-07-24,,,not penny/nano — price >= Rs100 and mcap >= Rs1000 Cr,
HTMEDIA,HT Media Limited,EQ,price,24.26,,0.332,0.099,748.0,132077.0,20.0,0,0.0,25,25,2005-09-01,7631.0,False,False,2026-07-24,,,illiquid: Rs33 lakh median daily turnover (floor Rs50 lakh),illiquid: Rs33 lakh median daily turnover (floor Rs50 lakh)
HUBTOWN,Hubtown Limited,EQ,,194.98,2771.0,10.843,4.437,5777.0,530504.0,20.0,0,0.0,25,25,2007-02-07,7107.0,False,False,2026-07-24,,,not penny/nano — price >= Rs100 and mcap >= Rs1000 Cr,
HUDCO,Housing & Urban Development Corporation Limited,EQ,,195.54,43153.0,41.43,18.775,26473.0,2027662.0,20.0,0,0.0,25,25,2017-05-19,3353.0,True,False,2026-07-24,,,not penny/nano — price >= Rs100 and mcap >= Rs1000 Cr,
HUHTAMAKI,Huhtamaki India Limited,EQ,,318.68,2407.0,5.597,1.147,4889.0,255850.0,20.0,0,0.0,25,25,2004-10-01,7966.0,False,False,2026-07-24,,ST Stage I,"ASM ST Stage I — surveillance: 100% margin, no intraday, no pledging","ASM ST Stage I — surveillance: 100% margin, no intraday, no pledging"
HYBRIDFIN,Hybrid Financial Services Limited,BE,price,22.55,,0.557,0.168,1400.0,228920.0,5.0,2,0.667,3,3,2022-12-05,1327.0,False,False,2026-06-23,,,series BE (trade-to-trade / SME — not normal rolling settlement); 5% circuit band — cannot exit on bad news; closed at circuit on 67% of sessions — a stop cannot fill in a locked market,series BE (trade-to-trade / SME — not normal rolling settlement); 5% circuit band — cannot exit on bad news; closed at circuit on 67% of sessions — a stop cannot fill in a locked market
HYUNDAI,Hyundai Motor India Limited,EQ,,1952.6,158714.0,111.7,53.874,31824.0,574331.0,,0,0.0,25,25,2024-10-22,640.0,False,False,2026-07-24,,,not penny/nano — price >= Rs100 and mcap >= Rs1000 Cr,
ICDSLTD,ICDS Limited,EQ,price,40.48,,0.002,0.0,15.0,444.0,10.0,0,0.0,25,25,1999-11-17,9746.0,False,False,2026-07-24,,,"illiquid: Rs0 lakh median daily turnover (floor Rs50 lakh); only 15 trades/day median — one operator's book, not a market","illiquid: Rs0 lakh median daily turnover (floor Rs50 lakh); only 15 trades/day median — one operator's book, not a market"
ICEMAKE,Ice Make Refrigeration Limited,EQ,,865.7,1366.0,1.936,0.779,1717.0,24410.0,20.0,0,0.0,25,25,2020-10-12,2111.0,False,False,2026-07-24,,,not penny/nano — price >= Rs100 and mcap >= Rs1000 Cr,
ICICIAMC,ICICI Prudential Asset Management Company Limited,EQ,,3125.6,164825.0,117.148,26.649,30451.0,341853.0,10.0,0,0.0,25,25,2025-12-19,217.0,True,False,2026-07-24,,,"listed 217d ago — under a year of history, no trend to read","listed 217d ago — under a year of history, no trend to read"
ICICIB22,,,,115.36,,3.569,1.414,3155.0,306946.0,20.0,0,0.0,25,25,,,False,False,2026-07-24,,,not in the NSE equity master (ETF / REIT / InvIT — not a company),not in the NSE equity master (ETF / REIT / InvIT — not a company)
ICICIBANK,ICICI Bank Limited,EQ,,1432.9,1028039.0,1781.03,652.715,205509.0,12409328.0,,0,0.0,25,25,1997-09-17,10537.0,False,False,2026-07-24,,,not penny/nano — price >= Rs100 and mcap >= Rs1000 Cr,
ICICIGI,ICICI Lombard General Insurance Company Limited,EQ,,1661.8,82983.0,110.422,39.919,38222.0,630534.0,,0,0.0,25,25,2017-09-27,3222.0,True,False,2026-07-24,,,not penny/nano — price >= Rs100 and mcap >= Rs1000 Cr,
ICICIPRULI,ICICI Prudential Life Insurance Company Limited,EQ,,500.55,70399.0,74.501,19.933,31664.0,1490428.0,,0,0.0,25,25,2016-09-29,3585.0,True,False,2026-07-24,,,not penny/nano — price >= Rs100 and mcap >= Rs1000 Cr,
ICIL,Indo Count Industries Limited,EQ,,403.45,7990.0,15.762,7.883,14370.0,376635.0,20.0,0,0.0,25,25,2005-09-12,7620.0,True,False,2026-07-24,,,not penny/nano — price >= Rs100 and mcap >= Rs1000 Cr,
ICRA,ICRA Limited,EQ,,4804.0,4636.0,12.169,4.579,4420.0,22652.0,20.0,0,0.0,25,25,2007-04-13,7042.0,False,False,2026-07-24,,,not penny/nano — price >= Rs100 and mcap >= Rs1000 Cr,
IDBI,IDBI Bank Limited,EQ,,84.93,91320.0,105.601,33.288,36352.0,12364906.0,20.0,0,0.0,25,25,1995-09-20,11265.0,True,False,2026-07-24,,,"not penny/nano — too big on both arms: a Rs85 share of a Rs91,320 Cr company (the price arm's ceiling is Rs5,000 Cr — a cheap share is not a small company)",
IDEA,Vodafone Idea Limited,EQ,,13.13,142254.0,446.759,279.84,482213.0,324121150.0,,0,0.0,25,25,2007-03-09,7077.0,True,False,2026-07-24,,,"not penny/nano — too big on both arms: a Rs13 share of a Rs142,254 Cr company (the price arm's ceiling is Rs5,000 Cr — a cheap share is not a small company)",
IDFCFIRSTB,IDFC First Bank Limited,EQ,,80.79,69651.0,130.309,77.299,55977.0,16245821.0,,0,0.0,25,25,2015-11-06,3913.0,True,False,2026-07-24,,,"not penny/nano — too big on both arms: a Rs81 share of a Rs69,651 Cr company (the price arm's ceiling is Rs5,000 Cr — a cheap share is not a small company)",
IDFNIFTYET,,,,262.78,,0.022,0.001,36.0,843.0,20.0,0,0.0,25,25,,,False,False,2026-07-24,,,"not in the NSE equity master (ETF / REIT / InvIT — not a company); illiquid: Rs2 lakh median daily turnover (floor Rs50 lakh); only 36 trades/day median — one operator's book, not a market","not in the NSE equity master (ETF / REIT / InvIT — not a company); illiquid: Rs2 lakh median daily turnover (floor Rs50 lakh); only 36 trades/day median — one operator's book, not a market"
IEX,Indian Energy Exchange Limited,EQ,,124.26,11052.0,55.637,28.159,32925.0,4459189.0,,0,0.0,25,25,2017-10-23,3196.0,True,False,2026-07-24,,,not penny/nano — price >= Rs100 and mcap >= Rs1000 Cr,
IFBIND,IFB Industries Limited,EQ,,1304.1,5198.0,7.1,2.462,6587.0,53287.0,20.0,0,0.0,25,25,1995-03-29,11440.0,True,False,2026-07-24,,,not penny/nano — price >= Rs100 and mcap >= Rs1000 Cr,
IFCI,IFCI Limited,EQ,,70.12,18893.0,202.18,61.48,62909.0,26701157.0,20.0,0,0.0,25,25,1995-04-26,11412.0,True,False,2026-07-24,,,"not penny/nano — too big on both arms: a Rs70 share of a Rs18,893 Cr company (the price arm's ceiling is Rs5,000 Cr — a cheap share is not a small company)",
IFGLEXPOR,IFGL Refractories Limited,EQ,,197.67,1425.0,0.791,0.126,1927.0,37960.0,20.0,0,0.0,25,25,2017-11-14,3174.0,False,False,2026-07-24,,,not penny/nano — price >= Rs100 and mcap >= Rs1000 Cr,
IGARASHI,Igarashi Motors India Limited,EQ,,456.1,1436.0,4.549,1.733,3811.0,95129.0,20.0,0,0.0,25,25,2003-10-09,8324.0,False,False,2026-07-24,,,not penny/nano — price >= Rs100 and mcap >= Rs1000 Cr,
IGCL,Indogulf Cropsciences Limited,EQ,price+mcap,74.55,468.0,1.009,0.362,1825.0,148279.0,20.0,0,0.0,25,25,2025-07-03,386.0,False,False,2026-07-24,,,,
IGIL,International Gemological Institute Limited,EQ,,338.15,15536.0,16.706,8.108,19788.0,473987.0,10.0,0,0.0,25,25,2024-12-20,581.0,True,False,2026-07-24,,,not penny/nano — price >= Rs100 and mcap >= Rs1000 Cr,
IGL,Indraprastha Gas Limited,EQ,,149.33,21559.0,32.173,10.219,25579.0,2102544.0,20.0,0,0.0,25,25,2003-12-26,8246.0,True,False,2026-07-24,,,not penny/nano — price >= Rs100 and mcap >= Rs1000 Cr,
IGPL,IG Petrochemicals Limited,EQ,,451.55,1391.0,0.843,0.429,1146.0,19858.0,20.0,0,0.0,25,25,2007-01-29,7116.0,False,False,2026-07-24,,,not penny/nano — price >= Rs100 and mcap >= Rs1000 Cr,
IIFL,IIFL Finance Limited,EQ,,556.55,22098.0,98.453,38.897,40377.0,1839003.0,20.0,0,0.0,25,25,2005-05-17,7738.0,True,False,2026-07-24,,,not penny/nano — price >= Rs100 and mcap >= Rs1000 Cr,
IIFLCAPS,IIFL Capital Services Limited,EQ,,340.2,10710.0,10.096,3.453,7100.0,298501.0,20.0,0,0.0,25,25,2019-09-20,2499.0,True,False,2026-07-24,,,not penny/nano — price >= Rs100 and mcap >= Rs1000 Cr,
IITL,Industrial Investment Trust Limited,EQ,mcap,132.02,298.0,1.266,1.151,729.0,96057.0,20.0,0,0.0,25,25,2010-08-17,5820.0,False,False,2026-07-24,,LT Stage I,"ASM LT Stage I — surveillance: 100% margin, no intraday, no pledging","ASM LT Stage I — surveillance: 100% margin, no intraday, no pledging"
IKIO,IKIO Technologies Limited,EQ,,204.82,1583.0,13.33,0.626,10311.0,716677.0,20.0,0,0.0,25,25,2023-06-16,1134.0,False,False,2026-07-24,,ST Stage I,"ASM ST Stage I — surveillance: 100% margin, no intraday, no pledging","ASM ST Stage I — surveillance: 100% margin, no intraday, no pledging"
IKS,Inventurus Knowledge Solutions Limited,EQ,,1759.8,30209.0,29.17,8.805,17345.0,161948.0,20.0,0,0.0,25,25,2024-12-19,582.0,True,False,2026-07-24,,,not penny/nano — price >= Rs100 and mcap >= Rs1000 Cr,
IMAGICAA,Imagicaaworld Entertainment Limited,EQ,price,46.66,2636.0,4.006,1.429,3499.0,844943.0,20.0,0,0.0,25,25,2015-04-06,4127.0,False,False,2026-07-24,,,,
IMFA,Indian Metals & Ferro Alloys Limited,EQ,,1340.1,7416.0,10.226,4.185,7759.0,77233.0,20.0,0,0.0,25,25,2010-07-23,5845.0,True,False,2026-07-24,,,not penny/nano — price >= Rs100 and mcap >= Rs1000 Cr,
IMPAL,India Motor Parts and Accessories Limited,EQ,,1076.1,,0.477,0.127,489.0,4300.0,20.0,0,0.0,25,25,2005-10-07,7595.0,False,False,2026-07-24,,,illiquid: Rs48 lakh median daily turnover (floor Rs50 lakh),illiquid: Rs48 lakh median daily turnover (floor Rs50 lakh)
INA,Insolation Energy Limited,EQ,,112.57,2482.0,5.611,2.519,4836.0,483373.0,20.0,0,0.0,25,25,2026-03-09,137.0,False,False,2026-07-24,,,"listed 137d ago — under a year of history, no trend to read","listed 137d ago — under a year of history, no trend to read"
INCREDIBLE,INCREDIBLE INDUSTRIES LIMITED,EQ,price,33.39,,0.017,0.002,48.0,5191.0,20.0,0,0.0,25,25,2016-07-01,3675.0,False,False,2026-07-24,,,"illiquid: Rs2 lakh median daily turnover (floor Rs50 lakh); only 48 trades/day median — one operator's book, not a market","illiquid: Rs2 lakh median daily turnover (floor Rs50 lakh); only 48 trades/day median — one operator's book, not a market"
INDBANK,Indbank Merchant Banking Services Limited,EQ,price,33.21,,0.098,0.047,388.0,29642.0,20.0,0,0.0,25,25,2008-10-08,6498.0,False,False,2026-07-24,,,illiquid: Rs10 lakh median daily turnover (floor Rs50 lakh),illiquid: Rs10 lakh median daily turnover (floor Rs50 lakh)
INDGN,Indegene Limited,EQ,,492.65,12246.0,8.249,2.763,9681.0,158479.0,20.0,0,0.0,25,25,2024-05-13,802.0,True,False,2026-07-24,,,not penny/nano — price >= Rs100 and mcap >= Rs1000 Cr,
INDHOTEL,The Indian Hotels Company Limited,EQ,,727.45,103548.0,215.963,102.11,48118.0,2988754.0,,0,0.0,25,25,1996-07-03,10978.0,False,False,2026-07-24,,,not penny/nano — price >= Rs100 and mcap >= Rs1000 Cr,
INDIACEM,The India Cements Limited,EQ,,407.0,11940.0,7.016,2.887,7926.0,183559.0,20.0,0,0.0,25,25,2000-05-31,9550.0,True,False,2026-07-24,,,not penny/nano — price >= Rs100 and mcap >= Rs1000 Cr,
INDIAGLYCO,India Glycols Limited,EQ,,1157.8,7210.0,14.54,4.597,9783.0,138238.0,20.0,0,0.0,25,25,2005-07-01,7693.0,True,False,2026-07-24,,,not penny/nano — price >= Rs100 and mcap >= Rs1000 Cr,
INDIAMART,Indiamart Intermesh Limited,EQ,,1759.9,11302.0,17.315,8.385,13766.0,89879.0,20.0,0,0.0,25,25,2019-07-04,2577.0,True,False,2026-07-24,,,not penny/nano — price >= Rs100 and mcap >= Rs1000 Cr,
INDIANB,Indian Bank,EQ,,826.1,107616.0,170.335,103.177,55404.0,2035820.0,,0,0.0,25,25,2007-03-01,7085.0,True,False,2026-07-24,,,not penny/nano — price >= Rs100 and mcap >= Rs1000 Cr,
INDIANCARD,Indian Card Clothing Company Limited,EQ,,223.97,,0.044,0.005,85.0,1964.0,20.0,0,0.0,25,25,1997-01-08,10789.0,False,False,2026-07-24,,,"illiquid: Rs4 lakh median daily turnover (floor Rs50 lakh); only 85 trades/day median — one operator's book, not a market","illiquid: Rs4 lakh median daily turnover (floor Rs50 lakh); only 85 trades/day median — one operator's book, not a market"
INDIANHUME,Indian Hume Pipe Company Limited,EQ,,387.15,2040.0,4.4,0.674,4295.0,128564.0,20.0,0,0.0,25,25,1995-08-30,11286.0,False,False,2026-07-24,,,not penny/nano — price >= Rs100 and mcap >= Rs1000 Cr,
INDIASHLTR,India Shelter Finance Corporation Limited,EQ,,723.9,8598.0,7.117,2.624,8190.0,87261.0,20.0,0,0.0,25,25,2023-12-20,947.0,True,False,2026-07-24,,,not penny/nano — price >= Rs100 and mcap >= Rs1000 Cr,
INDIGO,InterGlobe Aviation Limited,EQ,,4985.0,192738.0,535.283,155.316,68681.0,996192.0,,0,0.0,25,25,2015-11-10,3909.0,False,False,2026-07-24,,,not penny/nano — price >= Rs100 and mcap >= Rs1000 Cr,
INDIGOPNTS,Indigo Paints Limited,EQ,,1048.9,5082.0,4.9,2.108,7014.0,45968.0,20.0,0,0.0,25,25,2021-02-02,1998.0,True,False,2026-07-24,,,not penny/nano — price >= Rs100 and mcap >= Rs1000 Cr,
INDIQUBE,Indiqube Spaces Limited,EQ,,181.31,,0.709,0.249,1072.0,41499.0,20.0,0,0.0,25,25,2025-07-30,359.0,False,False,2026-07-24,,,"listed 359d ago — under a year of history, no trend to read","listed 359d ago — under a year of history, no trend to read"
INDNIPPON,India Nippon Electricals Limited,EQ,,1198.0,2710.0,5.545,2.076,4215.0,57472.0,20.0,0,0.0,25,25,1997-05-07,10670.0,False,False,2026-07-24,,,not penny/nano — price >= Rs100 and mcap >= Rs1000 Cr,
INDOAMIN,Indo Amines Limited,BE,mcap,137.95,940.0,3.776,1.931,3965.0,269997.0,5.0,1,0.2,5,5,2022-04-29,1547.0,False,False,2026-06-25,,,series BE (trade-to-trade / SME — not normal rolling settlement); 5% circuit band — cannot exit on bad news,series BE (trade-to-trade / SME — not normal rolling settlement); 5% circuit band — cannot exit on bad news
INDOBORAX,Indo Borax & Chemicals Limited,EQ,,416.1,1335.0,12.935,0.975,10934.0,312868.0,20.0,0,0.0,25,25,2022-03-29,1578.0,False,False,2026-07-24,,,not penny/nano — price >= Rs100 and mcap >= Rs1000 Cr,
INDOCO,Indoco Remedies Limited,EQ,,243.42,2247.0,2.667,0.901,3123.0,102872.0,20.0,0,0.0,25,25,2005-01-14,7861.0,False,False,2026-07-24,,,not penny/nano — price >= Rs100 and mcap >= Rs1000 Cr,
INDOFARM,Indo Farm Equipment Limited,EQ,mcap,152.25,732.0,4.592,0.819,4892.0,305527.0,20.0,0,0.0,25,25,2025-01-07,563.0,False,False,2026-07-24,,,,
INDORAMA,Indo Rama Synthetics (India) Limited,EQ,price,48.43,1265.0,0.62,0.173,1450.0,130269.0,20.0,0,0.0,25,25,2003-06-20,8435.0,False,False,2026-07-24,,,,
INDOSTAR,IndoStar Capital Finance Limited,EQ,,260.5,4209.0,2.047,0.779,1728.0,76330.0,20.0,0,0.0,25,25,2018-05-21,2986.0,False,False,2026-07-24,,,not penny/nano — price >= Rs100 and mcap >= Rs1000 Cr,
INDOTHAI,Indo Thai Securities Limited,EQ,,216.3,2873.0,30.995,10.698,9977.0,1348473.0,20.0,0,0.0,25,25,2011-11-02,5378.0,False,False,2026-07-24,,,not penny/nano — price >= Rs100 and mcap >= Rs1000 Cr,
INDOUS,Indo Us Biotech Limited,EQ,price,84.98,,0.18,0.025,363.0,20267.0,20.0,0,0.0,25,25,2024-09-27,665.0,False,False,2026-07-24,,,illiquid: Rs18 lakh median daily turnover (floor Rs50 lakh),illiquid: Rs18 lakh median daily turnover (floor Rs50 lakh)
INDPRUD,Industrial & Prudential Investment Company Limited,EQ,,6570.0,,0.018,0.001,8.5,28.0,20.0,0,0.0,22,22,2026-04-20,95.0,False,False,2026-07-24,,,"listed 95d ago — under a year of history, no trend to read; illiquid: Rs2 lakh median daily turnover (floor Rs50 lakh); only 8 trades/day median — one operator's book, not a market","listed 95d ago — under a year of history, no trend to read; illiquid: Rs2 lakh median daily turnover (floor Rs50 lakh); only 8 trades/day median — one operator's book, not a market"
INDRAMEDCO,Indraprastha Medical Corporation Limited,EQ,,364.6,3342.0,4.245,2.776,3819.0,112582.0,20.0,0,0.0,25,25,1997-04-17,10690.0,False,False,2026-07-24,,,not penny/nano — price >= Rs100 and mcap >= Rs1000 Cr,
INDSWFTLAB,Ind-Swift Laboratories Limited,EQ,,227.49,1978.0,18.021,6.356,11830.0,802407.0,20.0,0,0.0,25,25,1997-07-02,10614.0,False,False,2026-07-24,,ST Stage I,"ASM ST Stage I — surveillance: 100% margin, no intraday, no pledging","ASM ST Stage I — surveillance: 100% margin, no intraday, no pledging"
INDTERRAIN,Indian Terrain Fashions Limited,EQ,price,29.26,,0.051,0.003,126.0,15819.0,20.0,0,0.0,25,25,2011-03-11,5614.0,False,False,2026-07-24,,,"illiquid: Rs5 lakh median daily turnover (floor Rs50 lakh); only 126 trades/day median — one operator's book, not a market","illiquid: Rs5 lakh median daily turnover (floor Rs50 lakh); only 126 trades/day median — one operator's book, not a market"
INDUSINDBK,IndusInd Bank Limited,EQ,,996.05,77606.0,215.396,70.371,64390.0,2257757.0,,0,0.0,25,25,1998-01-28,10404.0,True,False,2026-07-24,,,not penny/nano — price >= Rs100 and mcap >= Rs1000 Cr,
INDUSTOWER,Indus Towers Limited,EQ,,394.6,101121.0,211.586,83.644,58312.0,5182694.0,,0,0.0,25,25,2012-12-28,4956.0,True,False,2026-07-24,,,not penny/nano — price >= Rs100 and mcap >= Rs1000 Cr,
INFOBEAN,InfoBeans Technologies Limited,EQ,,157.33,1526.0,5.755,2.771,4936.0,347462.0,20.0,0,0.0,25,25,2019-07-15,2566.0,False,False,2026-07-24,,,not penny/nano — price >= Rs100 and mcap >= Rs1000 Cr,
INFOMEDIA,Infomedia Press Limited,EQ,price,5.57,,0.005,0.0,63.0,9677.0,20.0,0,0.0,25,25,2006-10-12,7225.0,False,False,2026-07-24,0.0,,"GSM stage 0 — exchange surveillance, periodic call auction; illiquid: Rs0 lakh median daily turnover (floor Rs50 lakh); only 63 trades/day median — one operator's book, not a market","GSM stage 0 — exchange surveillance, periodic call auction; illiquid: Rs0 lakh median daily turnover (floor Rs50 lakh); only 63 trades/day median — one operator's book, not a market"
INFRA,,,price,12.05,,0.055,0.019,158.0,44573.0,20.0,0,0.0,25,25,,,False,False,2026-07-24,,,"not in the NSE equity master (ETF / REIT / InvIT — not a company); illiquid: Rs6 lakh median daily turnover (floor Rs50 lakh); only 158 trades/day median — one operator's book, not a market","not in the NSE equity master (ETF / REIT / InvIT — not a company); illiquid: Rs6 lakh median daily turnover (floor Rs50 lakh); only 158 trades/day median — one operator's book, not a market"
INFRABEES,,,,957.26,,0.644,0.385,577.0,6577.0,20.0,0,0.0,25,25,,,False,False,2026-07-24,,,not in the NSE equity master (ETF / REIT / InvIT — not a company),not in the NSE equity master (ETF / REIT / InvIT — not a company)
INFRAIETF,,,price,94.89,,1.048,0.374,6261.0,108175.0,20.0,0,0.0,25,25,,,False,False,2026-07-24,,,not in the NSE equity master (ETF / REIT / InvIT — not a company),not in the NSE equity master (ETF / REIT / InvIT — not a company)
INFY,Infosys Limited,EQ,,1040.9,422353.0,1382.756,577.702,223565.0,13022221.0,,0,0.0,25,25,1995-02-08,11489.0,False,False,2026-07-24,,,not penny/nano — price >= Rs100 and mcap >= Rs1000 Cr,
INGERRAND,Ingersoll Rand (India) Limited,EQ,,4354.3,13746.0,4.718,2.082,1947.0,10675.0,20.0,0,0.0,25,25,1999-04-15,9962.0,False,False,2026-07-24,,,not penny/nano — price >= Rs100 and mcap >= Rs1000 Cr,
INNOVACAP,Innova Captab Limited,EQ,,950.45,5439.0,3.275,1.33,4589.0,32342.0,20.0,0,0.0,25,25,2023-12-29,938.0,False,False,2026-07-24,,,not penny/nano — price >= Rs100 and mcap >= Rs1000 Cr,
INNOVANA,Innovana Thinklabs Limited,EQ,,344.35,,0.189,0.011,347.0,5795.0,20.0,0,0.0,25,25,2024-12-17,584.0,False,False,2026-07-24,,,illiquid: Rs19 lakh median daily turnover (floor Rs50 lakh),illiquid: Rs19 lakh median daily turnover (floor Rs50 lakh)
INNOVISION,Innovision Limited,EQ,,285.3,,0.529,0.323,999.0,18546.0,20.0,0,0.0,25,25,2026-03-23,123.0,False,False,2026-07-24,,,"listed 123d ago — under a year of history, no trend to read","listed 123d ago — under a year of history, no trend to read"
INOXGREEN,Inox Green Energy Services Limited,EQ,,191.87,8027.0,20.597,8.84,12977.0,1013101.0,20.0,0,0.0,25,25,2022-11-23,1339.0,True,False,2026-07-24,,,not penny/nano — price >= Rs100 and mcap >= Rs1000 Cr,
INOXINDIA,INOX India Limited,EQ,,2004.0,18189.0,63.814,31.939,29664.0,321589.0,20.0,0,0.0,25,25,2023-12-21,946.0,True,False,2026-07-24,,,not penny/nano — price >= Rs100 and mcap >= Rs1000 Cr,
INOXWIND,Inox Wind Limited,EQ,,76.97,13302.0,76.86,25.274,32614.0,9137337.0,,0,0.0,25,25,2015-04-09,4124.0,True,False,2026-07-24,,,"not penny/nano — too big on both arms: a Rs77 share of a Rs13,302 Cr company (the price arm's ceiling is Rs5,000 Cr — a cheap share is not a small company)",
INSECTICID,Insecticides (India) Limited,EQ,,616.1,1793.0,1.297,0.525,1390.0,19085.0,20.0,0,0.0,25,25,2007-05-30,6995.0,False,False,2026-07-24,,,not penny/nano — price >= Rs100 and mcap >= Rs1000 Cr,
INTELLECT,Intellect Design Arena Limited,EQ,,732.2,11032.0,26.261,13.437,20385.0,346072.0,20.0,0,0.0,25,25,2014-12-18,4236.0,True,False,2026-07-24,,,not penny/nano — price >= Rs100 and mcap >= Rs1000 Cr,
INTENTECH,Intense Technologies Limited,EQ,price,90.45,,0.252,0.062,367.0,25951.0,20.0,0,0.0,25,25,2017-03-23,3410.0,False,False,2026-07-24,,,illiquid: Rs25 lakh median daily turnover (floor Rs50 lakh),illiquid: Rs25 lakh median daily turnover (floor Rs50 lakh)
INTERARCH,Interarch Building Solutions Limited,EQ,,1799.3,3018.0,6.658,3.737,4507.0,36176.0,20.0,0,0.0,25,25,2024-08-26,697.0,False,False,2026-07-24,,,not penny/nano — price >= Rs100 and mcap >= Rs1000 Cr,
INTERNET,,,price,12.97,,0.147,0.05,203.0,109569.0,20.0,0,0.0,25,25,,,False,False,2026-07-24,,,"not in the NSE equity master (ETF / REIT / InvIT — not a company); illiquid: Rs15 lakh median daily turnover (floor Rs50 lakh); only 203 trades/day median — one operator's book, not a market","not in the NSE equity master (ETF / REIT / InvIT — not a company); illiquid: Rs15 lakh median daily turnover (floor Rs50 lakh); only 203 trades/day median — one operator's book, not a market"
INTLCONV,International Conveyors Limited,EQ,price,75.05,,0.31,0.145,804.0,38103.0,20.0,0,0.0,25,25,2021-09-16,1772.0,False,False,2026-07-24,,,illiquid: Rs31 lakh median daily turnover (floor Rs50 lakh),illiquid: Rs31 lakh median daily turnover (floor Rs50 lakh)
INVENTURE,Inventure Growth & Securities Limited,EQ,price,0.89,,0.084,0.032,364.0,897960.0,20.0,0,0.0,25,25,2011-08-04,5468.0,False,False,2026-07-24,,,price Rs0.89 below the Rs5 floor (tick size ~1% of price; the spread eats the edge); illiquid: Rs8 lakh median daily turnover (floor Rs50 lakh),price Rs0.89 below the Rs5 floor (tick size ~1% of price; the spread eats the edge); illiquid: Rs8 lakh median daily turnover (floor Rs50 lakh)
INVPRECQ,Investment & Precision Castings Limited,EQ,,979.85,,0.625,0.061,483.0,7933.0,5.0,5,0.2,25,25,2026-04-20,95.0,False,False,2026-07-24,,,"5% circuit band — cannot exit on bad news; listed 95d ago — under a year of history, no trend to read","5% circuit band — cannot exit on bad news; listed 95d ago — under a year of history, no trend to read"
IOB,Indian Overseas Bank,EQ,,33.88,65241.0,9.38,4.972,11063.0,2728852.0,20.0,0,0.0,25,25,2000-12-07,9360.0,True,False,2026-07-24,,,"not penny/nano — too big on both arms: a Rs34 share of a Rs65,241 Cr company (the price arm's ceiling is Rs5,000 Cr — a cheap share is not a small company)",
IOC,Indian Oil Corporation Limited,EQ,,138.47,195537.0,194.372,80.124,81548.0,14059612.0,,0,0.0,25,25,1996-07-24,10957.0,False,False,2026-07-24,,,not penny/nano — price >= Rs100 and mcap >= Rs1000 Cr,
IOLCP,IOL Chemicals and Pharmaceuticals Limited,EQ,,149.22,4380.0,60.55,13.88,26492.0,4077000.0,20.0,0,0.0,25,25,2010-11-08,5737.0,False,False,2026-07-24,,LT Stage I,"ASM LT Stage I — surveillance: 100% margin, no intraday, no pledging","ASM LT Stage I — surveillance: 100% margin, no intraday, no pledging"
IONEXCHANG,ION Exchange (India) Limited,EQ,,425.1,6235.0,25.925,11.244,19535.0,625749.0,20.0,0,0.0,25,25,2022-02-22,1613.0,True,False,2026-07-24,,,not penny/nano — price >= Rs100 and mcap >= Rs1000 Cr,
IPCALAB,IPCA Laboratories Limited,EQ,,1762.7,44720.0,34.169,13.817,20908.0,193000.0,20.0,0,0.0,25,25,1995-02-08,11489.0,True,False,2026-07-24,,,not penny/nano — price >= Rs100 and mcap >= Rs1000 Cr,
IPL,India Pesticides Limited,EQ,,149.98,1727.0,2.344,1.253,2469.0,145120.0,20.0,0,0.0,25,25,2021-07-05,1845.0,False,False,2026-07-24,,,not penny/nano — price >= Rs100 and mcap >= Rs1000 Cr,
IRB,IRB Infrastructure Developers Limited,EQ,,19.61,23685.0,17.011,9.407,18482.0,7989758.0,20.0,0,0.0,25,25,2008-02-25,6724.0,True,False,2026-07-24,,,"not penny/nano — too big on both arms: a Rs20 share of a Rs23,685 Cr company (the price arm's ceiling is Rs5,000 Cr — a cheap share is not a small company)",
IRCON,Ircon International Limited,EQ,,126.07,12616.0,16.046,7.673,14505.0,1234368.0,20.0,0,0.0,25,25,2018-09-28,2856.0,True,False,2026-07-24,,,not penny/nano — price >= Rs100 and mcap >= Rs1000 Cr,
IRCTC,Indian Railway Catering And Tourism Corporation Limited,EQ,,495.05,40796.0,39.288,24.511,26161.0,777478.0,20.0,0,0.0,25,25,2019-10-14,2475.0,True,False,2026-07-24,,,not penny/nano — price >= Rs100 and mcap >= Rs1000 Cr,
IREDA,Indian Renewable Energy Development Agency Limited,EQ,,120.48,36096.0,45.777,31.805,23754.0,3752022.0,,0,0.0,25,25,2023-11-29,968.0,True,False,2026-07-24,,,not penny/nano — price >= Rs100 and mcap >= Rs1000 Cr,
IRFC,Indian Railway Finance Corporation Limited,EQ,,87.62,114506.0,71.61,44.654,47395.0,7950908.0,,0,0.0,25,25,2021-01-29,2002.0,False,False,2026-07-24,,,"not penny/nano — too big on both arms: a Rs88 share of a Rs114,506 Cr company (the price arm's ceiling is Rs5,000 Cr — a cheap share is not a small company)",
IRIS,IRIS RegTech Solutions Limited,EQ,mcap,244.5,503.0,0.682,0.165,961.0,26914.0,20.0,0,0.0,25,25,2021-11-08,1719.0,False,False,2026-07-24,,,,
IRISDOREME,Iris Clothings Limited,EQ,price+mcap,47.83,910.0,1.705,0.842,2558.0,404980.0,20.0,0,0.0,25,25,2021-02-22,1978.0,False,False,2026-07-24,,,,
IRMENERGY,IRM Energy Limited,EQ,,254.55,1045.0,1.688,0.785,1633.0,63752.0,10.0,0,0.0,25,25,2023-10-26,1002.0,False,False,2026-07-24,,LT Stage I,"ASM LT Stage I — surveillance: 100% margin, no intraday, no pledging","ASM LT Stage I — surveillance: 100% margin, no intraday, no pledging"
ISFT,Intrasoft Technologies Limited,EQ,price,76.24,,0.067,0.015,125.0,9055.0,20.0,0,0.0,25,25,2010-04-12,5947.0,False,False,2026-07-24,,,"illiquid: Rs7 lakh median daily turnover (floor Rs50 lakh); only 125 trades/day median — one operator's book, not a market","illiquid: Rs7 lakh median daily turnover (floor Rs50 lakh); only 125 trades/day median — one operator's book, not a market"
ISGEC,Isgec Heavy Engineering Limited,EQ,,855.6,6291.0,2.15,1.449,3160.0,23919.0,20.0,0,0.0,25,25,2021-05-05,1906.0,False,False,2026-07-24,,,not penny/nano — price >= Rs100 and mcap >= Rs1000 Cr,
ISHANCH,Ishan Dyes and Chemicals Limited,EQ,price,52.14,,0.079,0.014,106.0,14012.0,20.0,0,0.0,25,25,2025-03-24,487.0,False,False,2026-07-24,,LT Stage I,"ASM LT Stage I — surveillance: 100% margin, no intraday, no pledging; illiquid: Rs8 lakh median daily turnover (floor Rs50 lakh); only 106 trades/day median — one operator's book, not a market","ASM LT Stage I — surveillance: 100% margin, no intraday, no pledging; illiquid: Rs8 lakh median daily turnover (floor Rs50 lakh); only 106 trades/day median — one operator's book, not a market"
IT,,,price,31.99,,2.167,0.822,1408.0,704694.0,20.0,0,0.0,25,25,,,False,False,2026-07-24,,,not in the NSE equity master (ETF / REIT / InvIT — not a company),not in the NSE equity master (ETF / REIT / InvIT — not a company)
ITADD,,,price,30.53,,0.142,0.046,167.0,49025.0,20.0,0,0.0,25,25,,,False,False,2026-07-24,,,"not in the NSE equity master (ETF / REIT / InvIT — not a company); illiquid: Rs14 lakh median daily turnover (floor Rs50 lakh); only 167 trades/day median — one operator's book, not a market","not in the NSE equity master (ETF / REIT / InvIT — not a company); illiquid: Rs14 lakh median daily turnover (floor Rs50 lakh); only 167 trades/day median — one operator's book, not a market"
ITAXIS,,,,316.49,,0.181,0.038,110.0,5788.0,20.0,0,0.0,16,16,,,False,False,2026-07-24,,,"not in the NSE equity master (ETF / REIT / InvIT — not a company); illiquid: Rs18 lakh median daily turnover (floor Rs50 lakh); only 110 trades/day median — one operator's book, not a market","not in the NSE equity master (ETF / REIT / InvIT — not a company); illiquid: Rs18 lakh median daily turnover (floor Rs50 lakh); only 110 trades/day median — one operator's book, not a market"
ITBEES,,,price,32.0,,49.48,28.928,21444.0,16324535.0,20.0,0,0.0,25,25,,,False,False,2026-07-24,,,not in the NSE equity master (ETF / REIT / InvIT — not a company),not in the NSE equity master (ETF / REIT / InvIT — not a company)
ITBETA,,,,303.03,,0.039,0.01,35.0,1366.0,20.0,0,0.0,25,25,,,False,False,2026-07-24,,,"not in the NSE equity master (ETF / REIT / InvIT — not a company); illiquid: Rs4 lakh median daily turnover (floor Rs50 lakh); only 35 trades/day median — one operator's book, not a market","not in the NSE equity master (ETF / REIT / InvIT — not a company); illiquid: Rs4 lakh median daily turnover (floor Rs50 lakh); only 35 trades/day median — one operator's book, not a market"
ITC,ITC Limited,EQ,,283.45,355148.0,351.917,180.621,279112.0,12512120.0,,0,0.0,25,25,1995-08-23,11293.0,False,False,2026-07-24,,,not penny/nano — price >= Rs100 and mcap >= Rs1000 Cr,
ITCHOTELS,ITC Hotels Limited,EQ,,159.92,37206.0,54.793,20.159,36846.0,3004017.0,20.0,0,0.0,25,25,2025-01-29,541.0,True,False,2026-07-24,,,not penny/nano — price >= Rs100 and mcap >= Rs1000 Cr,
ITDC,India Tourism Development Corporation Limited,EQ,,737.4,6325.0,26.451,1.445,18731.0,384003.0,20.0,1,0.04,25,25,2016-12-30,3493.0,False,False,2026-07-24,,,not penny/nano — price >= Rs100 and mcap >= Rs1000 Cr,
ITETF,,,price,30.48,,1.737,0.509,987.0,581384.0,20.0,0,0.0,25,25,,,False,False,2026-07-24,,,not in the NSE equity master (ETF / REIT / InvIT — not a company),not in the NSE equity master (ETF / REIT / InvIT — not a company)
ITI,ITI Limited,EQ,,275.15,28697.0,8.988,4.368,7516.0,307116.0,20.0,0,0.0,25,25,2003-09-15,8348.0,True,False,2026-07-24,,,not penny/nano — price >= Rs100 and mcap >= Rs1000 Cr,
ITIETF,,,price,31.97,,3.416,1.294,1904.0,1064054.0,20.0,0,0.0,25,25,,,False,False,2026-07-24,,,not in the NSE equity master (ETF / REIT / InvIT — not a company),not in the NSE equity master (ETF / REIT / InvIT — not a company)
IVALUE,Ivalue Infosolutions Limited,EQ,,287.7,1567.0,11.425,3.556,8957.0,391088.0,20.0,0,0.0,25,25,2025-09-25,302.0,False,False,2026-07-24,,,"listed 302d ago — under a year of history, no trend to read","listed 302d ago — under a year of history, no trend to read"
IVC,IL&FS Investment Managers Limited,EQ,price,8.23,,0.132,0.064,628.0,163012.0,20.0,0,0.0,25,25,1999-09-15,9809.0,False,False,2026-07-24,,,illiquid: Rs13 lakh median daily turnover (floor Rs50 lakh),illiquid: Rs13 lakh median daily turnover (floor Rs50 lakh)
IVP,IVP Limited,BE,,162.66,,0.233,0.071,510.0,14362.0,5.0,3,0.231,13,13,1995-09-13,11272.0,False,False,2026-07-08,,,series BE (trade-to-trade / SME — not normal rolling settlement); 5% circuit band — cannot exit on bad news; illiquid: Rs23 lakh median daily turnover (floor Rs50 lakh); closed at circuit on 23% of sessions — a stop cannot fill in a locked market,series BE (trade-to-trade / SME — not normal rolling settlement); 5% circuit band — cannot exit on bad news; illiquid: Rs23 lakh median daily turnover (floor Rs50 lakh); closed at circuit on 23% of sessions — a stop cannot fill in a locked market
IVZINGOLD,,,,124.05,,0.279,0.077,185.0,22649.0,20.0,0,0.0,25,25,,,False,False,2026-07-24,,,"not in the NSE equity master (ETF / REIT / InvIT — not a company); illiquid: Rs28 lakh median daily turnover (floor Rs50 lakh); only 185 trades/day median — one operator's book, not a market","not in the NSE equity master (ETF / REIT / InvIT — not a company); illiquid: Rs28 lakh median daily turnover (floor Rs50 lakh); only 185 trades/day median — one operator's book, not a market"
IVZINNIFTY,,,,2726.94,,0.016,0.001,13.0,57.0,20.0,0,0.0,25,25,,,False,False,2026-07-24,,,"not in the NSE equity master (ETF / REIT / InvIT — not a company); illiquid: Rs2 lakh median daily turnover (floor Rs50 lakh); only 13 trades/day median — one operator's book, not a market","not in the NSE equity master (ETF / REIT / InvIT — not a company); illiquid: Rs2 lakh median daily turnover (floor Rs50 lakh); only 13 trades/day median — one operator's book, not a market"
IWP,The Indian Wood Products Company Limited,EQ,price,32.36,,0.016,0.003,51.0,4944.0,20.0,0,0.0,25,25,2026-04-20,95.0,False,False,2026-07-24,,,"listed 95d ago — under a year of history, no trend to read; illiquid: Rs2 lakh median daily turnover (floor Rs50 lakh); only 51 trades/day median — one operator's book, not a market","listed 95d ago — under a year of history, no trend to read; illiquid: Rs2 lakh median daily turnover (floor Rs50 lakh); only 51 trades/day median — one operator's book, not a market"
IXIGO,Le Travenues Technology Limited,EQ,,184.6,9738.0,21.788,5.493,20738.0,1092538.0,20.0,0,0.0,25,25,2024-06-18,766.0,True,False,2026-07-24,,,not penny/nano — price >= Rs100 and mcap >= Rs1000 Cr,
IZMO,IZMO Limited,EQ,,1104.5,1653.0,8.982,3.681,4761.0,92574.0,5.0,6,0.24,25,25,2007-02-05,7109.0,False,False,2026-07-24,,,5% circuit band — cannot exit on bad news; closed at circuit on 24% of sessions — a stop cannot fill in a locked market,5% circuit band — cannot exit on bad news; closed at circuit on 24% of sessions — a stop cannot fill in a locked market
J&KBANK,The Jammu & Kashmir Bank Limited,EQ,,172.57,19003.0,67.763,32.624,36137.0,3879020.0,20.0,0,0.0,25,25,1998-07-22,10229.0,True,False,2026-07-24,,,not penny/nano — price >= Rs100 and mcap >= Rs1000 Cr,
JAGRAN,Jagran Prakashan Limited,EQ,price,62.85,1368.0,1.233,0.679,2434.0,192219.0,20.0,0,0.0,25,25,2006-02-22,7457.0,False,False,2026-07-24,,,,
JAGSNPHARM,Jagsonpal Pharmaceuticals Limited,EQ,,221.61,1461.0,3.079,0.755,4004.0,134755.0,20.0,0,0.0,25,25,2000-03-01,9641.0,False,False,2026-07-24,,,not penny/nano — price >= Rs100 and mcap >= Rs1000 Cr,
JAICORPLTD,Jai Corp Limited,EQ,,100.33,1761.0,4.015,2.522,3873.0,352389.0,20.0,0,0.0,25,25,1997-11-26,10467.0,False,False,2026-07-24,,,not penny/nano — price >= Rs100 and mcap >= Rs1000 Cr,
JAINREC,Jain Resource Recycling Limited,EQ,,341.0,12571.0,48.701,22.051,27169.0,1414765.0,20.0,0,0.0,25,25,2025-10-01,296.0,True,False,2026-07-24,,,"listed 296d ago — under a year of history, no trend to read","listed 296d ago — under a year of history, no trend to read"
JAIPURKURT,Nandani Creation Limited,EQ,price,27.01,,0.012,0.001,74.0,4516.0,20.0,0,0.0,25,25,2021-09-02,1786.0,False,False,2026-07-24,,,"illiquid: Rs1 lakh median daily turnover (floor Rs50 lakh); only 74 trades/day median — one operator's book, not a market","illiquid: Rs1 lakh median daily turnover (floor Rs50 lakh); only 74 trades/day median — one operator's book, not a market"
JAMNAAUTO,Jamna Auto Industries Limited,EQ,,132.67,5307.0,20.734,11.011,16478.0,1576209.0,20.0,0,0.0,25,25,2010-12-10,5705.0,True,False,2026-07-24,,,not penny/nano — price >= Rs100 and mcap >= Rs1000 Cr,
JARO,Jaro Institute of Technology Management and Research Limited,EQ,,475.7,1059.0,5.176,1.707,3232.0,98430.0,20.0,0,0.0,25,25,2025-09-30,297.0,False,False,2026-07-24,,,"listed 297d ago — under a year of history, no trend to read","listed 297d ago — under a year of history, no trend to read"
JASH,Jash Engineering Limited,EQ,,508.0,3210.0,8.428,3.288,6913.0,170259.0,20.0,0,0.0,25,25,2019-10-30,2459.0,False,False,2026-07-24,,,not penny/nano — price >= Rs100 and mcap >= Rs1000 Cr,
JAYAGROGN,Jayant Agro Organics Limited,EQ,,222.32,,0.159,0.059,396.0,7803.0,20.0,0,0.0,25,25,1996-04-17,11055.0,False,False,2026-07-24,,,illiquid: Rs16 lakh median daily turnover (floor Rs50 lakh),illiquid: Rs16 lakh median daily turnover (floor Rs50 lakh)
JAYBARMARU,Jay Bharat Maruti Limited,EQ,,161.36,1747.0,15.109,6.58,8898.0,871250.0,5.0,8,0.32,25,25,1996-01-03,11160.0,False,False,2026-07-24,,LT Stage I,"ASM LT Stage I — surveillance: 100% margin, no intraday, no pledging; 5% circuit band — cannot exit on bad news; closed at circuit on 32% of sessions — a stop cannot fill in a locked market","ASM LT Stage I — surveillance: 100% margin, no intraday, no pledging; 5% circuit band — cannot exit on bad news; closed at circuit on 32% of sessions — a stop cannot fill in a locked market"
JAYKAY,Jaykay Enterprises Limited,EQ,,165.16,2152.0,2.122,0.833,2455.0,123701.0,20.0,0,0.0,25,25,2025-12-03,233.0,False,False,2026-07-24,,,"listed 233d ago — under a year of history, no trend to read","listed 233d ago — under a year of history, no trend to read"
JAYNECOIND,Jayaswal Neco Industries Limited,EQ,,86.76,8424.0,34.58,13.528,24662.0,4110430.0,20.0,0,0.0,25,25,1995-05-10,11398.0,True,False,2026-07-24,,,"not penny/nano — too big on both arms: a Rs87 share of a Rs8,424 Cr company (the price arm's ceiling is Rs5,000 Cr — a cheap share is not a small company)",
JAYSREETEA,Jayshree Tea & Industries Limited,EQ,price,80.68,,0.17,0.088,473.0,19728.0,20.0,0,0.0,25,25,1995-02-15,11482.0,False,False,2026-07-24,,,illiquid: Rs17 lakh median daily turnover (floor Rs50 lakh),illiquid: Rs17 lakh median daily turnover (floor Rs50 lakh)
JBCHEPHARM,,,,2408.9,38677.0,68.85,20.029,20489.0,313537.0,,0,0.0,19,19,,,False,False,2026-07-16,,,"not in the NSE equity master (ETF / REIT / InvIT — not a company); GSM stage nan — exchange surveillance, periodic call auction","not in the NSE equity master (ETF / REIT / InvIT — not a company); GSM stage nan — exchange surveillance, periodic call auction"
JBMA,JBM Auto Limited,EQ,,656.05,16639.0,35.566,11.002,17458.0,511035.0,20.0,0,0.0,25,25,2004-12-17,7889.0,True,False,2026-07-24,,,not penny/nano — price >= Rs100 and mcap >= Rs1000 Cr,
JETFREIGHT,Jet Freight Logistics Limited,EQ,price,22.88,,0.319,0.114,486.0,145442.0,20.0,0,0.0,25,25,2021-12-21,1676.0,False,False,2026-07-24,,,illiquid: Rs32 lakh median daily turnover (floor Rs50 lakh),illiquid: Rs32 lakh median daily turnover (floor Rs50 lakh)
JGCHEM,J.G.Chemicals Limited,EQ,,505.35,1980.0,3.63,1.15,2515.0,81728.0,20.0,0,0.0,25,25,2024-03-13,863.0,False,False,2026-07-24,,,not penny/nano — price >= Rs100 and mcap >= Rs1000 Cr,
JHS,JHS Svendgaard Laboratories Limited,EQ,price,7.49,,0.046,0.006,156.0,61076.0,10.0,0,0.0,25,25,2006-10-21,7216.0,False,False,2026-07-24,,,"illiquid: Rs5 lakh median daily turnover (floor Rs50 lakh); only 156 trades/day median — one operator's book, not a market","illiquid: Rs5 lakh median daily turnover (floor Rs50 lakh); only 156 trades/day median — one operator's book, not a market"
JINDALPHOT,Jindal Photo Limited,EQ,,1076.1,,0.347,0.145,421.0,3155.0,20.0,0,0.0,25,25,2005-04-07,7778.0,False,False,2026-07-24,,,illiquid: Rs35 lakh median daily turnover (floor Rs50 lakh),illiquid: Rs35 lakh median daily turnover (floor Rs50 lakh)
JINDALPOLY,Jindal Poly Films Limited,EQ,,637.35,2791.0,1.411,0.415,1303.0,21666.0,5.0,3,0.12,25,25,2002-01-21,8950.0,False,False,2026-07-24,,,5% circuit band — cannot exit on bad news,5% circuit band — cannot exit on bad news
JINDALSAW,Jindal Saw Limited,EQ,,255.35,16330.0,38.205,20.931,26494.0,1476714.0,20.0,0,0.0,25,25,2003-04-29,8487.0,True,False,2026-07-24,,,not penny/nano — price >= Rs100 and mcap >= Rs1000 Cr,
JINDALSTEL,JINDAL STEEL LIMITED,EQ,,1035.8,105661.0,123.78,38.528,33209.0,1175870.0,,0,0.0,25,25,1999-12-29,9704.0,False,False,2026-07-24,,,not penny/nano — price >= Rs100 and mcap >= Rs1000 Cr,
JINDRILL,Jindal Drilling And Industries Limited,EQ,,605.1,1754.0,7.687,3.045,4426.0,132315.0,20.0,0,0.0,25,25,2006-12-22,7154.0,False,False,2026-07-24,,,not penny/nano — price >= Rs100 and mcap >= Rs1000 Cr,
JINDWORLD,Jindal Worldwide Limited,EQ,price,37.83,3793.0,2.585,0.802,4061.0,859480.0,20.0,0,0.0,25,25,2010-11-25,5720.0,False,False,2026-07-24,,,,
JIOFIN,Jio Financial Services Limited,EQ,,234.71,154989.0,237.331,139.945,77063.0,10014430.0,,0,0.0,25,25,2023-08-21,1068.0,False,False,2026-07-24,,,not penny/nano — price >= Rs100 and mcap >= Rs1000 Cr,
JISLDVREQS,Jain Irrigation Systems Limited,EQ,price,21.28,,0.032,0.009,130.0,13041.0,20.0,0,0.0,25,25,2011-11-30,5350.0,False,False,2026-07-24,,,"illiquid: Rs3 lakh median daily turnover (floor Rs50 lakh); only 130 trades/day median — one operator's book, not a market","illiquid: Rs3 lakh median daily turnover (floor Rs50 lakh); only 130 trades/day median — one operator's book, not a market"
JISLJALEQS,Jain Irrigation Systems Limited,EQ,price,30.37,2211.0,6.181,2.25,5634.0,1738686.0,20.0,0,0.0,25,25,2001-08-13,9111.0,False,False,2026-07-24,,,,
JITFINFRA,JITF Infralogistics Limited,EQ,mcap,365.4,939.0,0.907,0.205,705.0,28114.0,5.0,6,0.24,25,25,2017-02-27,3434.0,False,False,2026-07-24,,,5% circuit band — cannot exit on bad news; closed at circuit on 24% of sessions — a stop cannot fill in a locked market,5% circuit band — cannot exit on bad news; closed at circuit on 24% of sessions — a stop cannot fill in a locked market
JKCEMENT,JK Cement Limited,EQ,,5649.0,42463.0,26.449,10.754,11043.0,48715.0,20.0,0,0.0,25,25,2006-03-14,7437.0,True,False,2026-07-24,,,not penny/nano — price >= Rs100 and mcap >= Rs1000 Cr,
JKIL,J.Kumar Infraprojects Limited,EQ,,485.65,3675.0,3.511,0.983,3162.0,71059.0,20.0,0,0.0,25,25,2008-02-12,6737.0,False,False,2026-07-24,,,not penny/nano — price >= Rs100 and mcap >= Rs1000 Cr,
JKLAKSHMI,JK Lakshmi Cement Limited,EQ,,572.5,7194.0,6.719,2.4,10828.0,116065.0,20.0,0,0.0,25,25,2006-06-19,7340.0,True,False,2026-07-24,,,not penny/nano — price >= Rs100 and mcap >= Rs1000 Cr,
JKPAPER,JK Paper Limited,EQ,,401.45,6327.0,11.762,4.682,11741.0,325566.0,20.0,0,0.0,25,25,2005-06-16,7708.0,True,False,2026-07-24,,,not penny/nano — price >= Rs100 and mcap >= Rs1000 Cr,
JKTYRE,JK Tyre & Industries Limited,EQ,,390.6,11893.0,40.297,15.299,19945.0,983997.0,20.0,0,0.0,25,25,2007-03-19,7067.0,True,False,2026-07-24,,,not penny/nano — price >= Rs100 and mcap >= Rs1000 Cr,
JLHL,Jupiter Life Line Hospitals Limited,EQ,,323.2,9548.0,3.832,1.852,3110.0,26584.0,20.0,1,0.04,25,25,2023-09-18,1040.0,True,False,2026-07-24,,,not penny/nano — price >= Rs100 and mcap >= Rs1000 Cr,
JMA,Jullundur Motor Agency (Delhi) Limited,EQ,price,88.35,,0.064,0.012,174.0,6975.0,20.0,0,0.0,25,25,2015-03-16,4148.0,False,False,2026-07-24,,,"illiquid: Rs6 lakh median daily turnover (floor Rs50 lakh); only 174 trades/day median — one operator's book, not a market","illiquid: Rs6 lakh median daily turnover (floor Rs50 lakh); only 174 trades/day median — one operator's book, not a market"
JMFINANCIL,JM Financial Limited,EQ,,122.05,12504.0,22.27,16.121,22559.0,1845468.0,20.0,0,0.0,25,25,2006-10-10,7227.0,True,False,2026-07-24,,,not penny/nano — price >= Rs100 and mcap >= Rs1000 Cr,
JNKINDIA,JNK India Limited,EQ,,470.9,2633.0,29.753,8.002,13895.0,585428.0,20.0,0,0.0,25,25,2024-04-30,815.0,False,False,2026-07-24,,LT Stage I,"ASM LT Stage I — surveillance: 100% margin, no intraday, no pledging","ASM LT Stage I — surveillance: 100% margin, no intraday, no pledging"
JPOLYINVST,Jindal Poly Investment and Finance Company Limited,EQ,,1029.1,1082.0,0.553,0.161,690.0,5011.0,20.0,0,0.0,25,25,2013-11-11,4638.0,False,False,2026-07-24,,,not penny/nano — price >= Rs100 and mcap >= Rs1000 Cr,
JPPOWER,Jaiprakash Power Ventures Limited,EQ,,16.95,11617.0,79.045,49.14,29133.0,45986591.0,20.0,0,0.0,25,25,2005-04-18,7767.0,True,False,2026-07-24,,,"not penny/nano — too big on both arms: a Rs17 share of a Rs11,617 Cr company (the price arm's ceiling is Rs5,000 Cr — a cheap share is not a small company)",
JSFB,Jana Small Finance Bank Limited,EQ,,536.95,5676.0,33.738,7.982,14758.0,692361.0,20.0,0,0.0,25,25,2024-02-14,891.0,True,False,2026-07-24,,,not penny/nano — price >= Rs100 and mcap >= Rs1000 Cr,
JSL,Jindal Stainless Limited,EQ,,714.25,57557.0,38.349,13.379,28558.0,556858.0,20.0,0,0.0,25,25,2003-11-17,8285.0,True,False,2026-07-24,,,not penny/nano — price >= Rs100 and mcap >= Rs1000 Cr,
JSLL,Jeena Sikho Lifecare Limited,EQ,,554.8,7160.0,29.941,10.908,14198.0,521240.0,20.0,0,0.0,25,25,2025-08-11,347.0,True,False,2026-07-24,,,"listed 347d ago — under a year of history, no trend to read","listed 347d ago — under a year of history, no trend to read"
JSWCEMENT,JSW Cement Limited,EQ,,132.12,18619.0,29.553,10.129,21127.0,2154689.0,20.0,0,0.0,25,25,2025-08-14,344.0,True,False,2026-07-24,,,"listed 344d ago — under a year of history, no trend to read","listed 344d ago — under a year of history, no trend to read"
JSWDULUX,JSW Dulux Limited,EQ,,2943.9,14922.0,6.385,1.774,5022.0,19644.0,20.0,0,0.0,25,25,2001-06-28,9157.0,True,False,2026-07-24,,,not penny/nano — price >= Rs100 and mcap >= Rs1000 Cr,
JSWENERGY,JSW Energy Limited,EQ,,551.65,101144.0,144.465,45.92,48319.0,2626754.0,,0,0.0,25,25,2010-01-04,6045.0,True,False,2026-07-24,,,not penny/nano — price >= Rs100 and mcap >= Rs1000 Cr,
JSWHL,JSW Holdings Limited,EQ,,10865.0,12060.0,3.075,0.99,1223.0,2693.0,10.0,0,0.0,25,25,2005-06-21,7703.0,False,False,2026-07-24,,,not penny/nano — price >= Rs100 and mcap >= Rs1000 Cr,
JSWINFRA,JSW Infrastructure Limited,EQ,,322.7,75970.0,125.794,55.006,52277.0,3854168.0,10.0,0,0.0,25,25,2023-10-03,1025.0,True,False,2026-07-24,,,not penny/nano — price >= Rs100 and mcap >= Rs1000 Cr,
JSWSTEEL,JSW Steel Limited,EQ,,1240.8,303432.0,173.122,103.247,54600.0,1403822.0,,0,0.0,25,25,2005-03-23,7793.0,False,False,2026-07-24,,,not penny/nano — price >= Rs100 and mcap >= Rs1000 Cr,
JTEKTINDIA,Jtekt India Limited,EQ,,131.62,3651.0,2.112,1.08,2564.0,149436.0,20.0,0,0.0,25,25,2004-01-12,8229.0,False,False,2026-07-24,,,not penny/nano — price >= Rs100 and mcap >= Rs1000 Cr,
JTLIND,JTL INDUSTRIES LIMITED,EQ,price,72.64,2769.0,16.641,5.501,13425.0,2186978.0,20.0,0,0.0,25,25,2023-06-12,1138.0,False,False,2026-07-24,,,,
JUBLCPL,Jubilant Agri and Consumer Products Limited,EQ,,1851.5,2805.0,1.03,0.518,840.0,5161.0,20.0,0,0.0,25,25,2025-02-14,525.0,False,False,2026-07-24,,,not penny/nano — price >= Rs100 and mcap >= Rs1000 Cr,
JUBLFOOD,Jubilant Foodworks Limited,EQ,,418.25,28347.0,74.3,29.353,27156.0,1725704.0,,0,0.0,25,25,2010-02-08,6010.0,True,False,2026-07-24,,,not penny/nano — price >= Rs100 and mcap >= Rs1000 Cr,
JUBLINGREA,Jubilant Ingrevia Limited,EQ,,725.55,10814.0,32.375,8.095,19079.0,446111.0,20.0,0,0.0,25,25,2021-03-19,1953.0,True,False,2026-07-24,,,not penny/nano — price >= Rs100 and mcap >= Rs1000 Cr,
JUBLPHARMA,Jubilant Pharmova Limited,EQ,,965.35,15439.0,8.81,5.356,9849.0,90468.0,20.0,0,0.0,25,25,2003-06-16,8439.0,True,False,2026-07-24,,,not penny/nano — price >= Rs100 and mcap >= Rs1000 Cr,
JUNIORBEES,,,,776.3,,26.608,19.491,9103.0,343731.0,20.0,0,0.0,25,25,,,False,False,2026-07-24,,,not in the NSE equity master (ETF / REIT / InvIT — not a company),not in the NSE equity master (ETF / REIT / InvIT — not a company)
JUNIPER,Juniper Hotels Limited,EQ,,193.07,4296.0,1.506,0.698,1910.0,77386.0,10.0,0,0.0,25,25,2024-02-28,877.0,False,False,2026-07-24,,,not penny/nano — price >= Rs100 and mcap >= Rs1000 Cr,
JUSTDIAL,Just Dial Limited,EQ,,728.95,4676.0,17.504,3.686,10436.0,323774.0,10.0,2,0.08,25,25,2013-06-05,4797.0,True,False,2026-07-24,,ST Stage I,"ASM ST Stage I — surveillance: 100% margin, no intraday, no pledging","ASM ST Stage I — surveillance: 100% margin, no intraday, no pledging"
JWL,Jupiter Wagons Limited,EQ,,246.55,11210.0,22.001,10.377,16913.0,850328.0,20.0,0,0.0,25,25,2010-10-18,5758.0,True,False,2026-07-24,,,not penny/nano — price >= Rs100 and mcap >= Rs1000 Cr,
JYOTHYLAB,Jyothy Labs Limited,EQ,,198.57,7055.0,13.138,4.646,14562.0,651944.0,20.0,0,0.0,25,25,2007-12-19,6792.0,True,False,2026-07-24,,,not penny/nano — price >= Rs100 and mcap >= Rs1000 Cr,
JYOTICNC,Jyoti CNC Automation Limited,EQ,,795.05,17520.0,66.976,23.831,25694.0,856369.0,20.0,0,0.0,25,25,2024-01-16,920.0,True,False,2026-07-24,,,not penny/nano — price >= Rs100 and mcap >= Rs1000 Cr,
JYOTISTRUC,Jyoti Structures Limited,EQ,price,10.97,1309.0,4.315,2.375,3795.0,3707481.0,20.0,0,0.0,25,25,1995-07-19,11328.0,False,False,2026-07-24,,,,
KABRAEXTRU,Kabra Extrusion Technik Limited,EQ,,376.8,1318.0,3.206,0.292,3218.0,109327.0,20.0,0,0.0,25,25,1995-09-06,11279.0,False,False,2026-07-24,,,not penny/nano — price >= Rs100 and mcap >= Rs1000 Cr,
KAJARIACER,Kajaria Ceramics Limited,EQ,,1214.9,19152.0,32.286,10.339,21325.0,265865.0,20.0,0,0.0,25,25,2004-06-01,8088.0,True,False,2026-07-24,,,not penny/nano — price >= Rs100 and mcap >= Rs1000 Cr,
KALAMANDIR,Sai Silks (Kalamandir) Limited,EQ,price,88.43,1359.0,8.85,4.335,7616.0,862126.0,20.0,0,0.0,25,25,2023-09-27,1031.0,False,False,2026-07-24,,,,
KALPATARU,Kalpataru Limited,EQ,,266.35,5485.0,1.758,0.782,2741.0,62483.0,10.0,0,0.0,25,25,2025-07-01,388.0,False,False,2026-07-24,,,not penny/nano — price >= Rs100 and mcap >= Rs1000 Cr,
KALYANIFRG,Kalyani Forge Limited,EQ,,601.9,,0.061,0.015,107.0,1026.0,20.0,0,0.0,25,25,2007-12-20,6791.0,False,False,2026-07-24,,,"illiquid: Rs6 lakh median daily turnover (floor Rs50 lakh); only 107 trades/day median — one operator's book, not a market","illiquid: Rs6 lakh median daily turnover (floor Rs50 lakh); only 107 trades/day median — one operator's book, not a market"
KALYANKJIL,Kalyan Jewellers India Limited,EQ,,573.55,39456.0,858.371,74.408,155795.0,16680401.0,,0,0.0,25,25,2021-03-26,1946.0,True,False,2026-07-24,,ST Stage I,"ASM ST Stage I — surveillance: 100% margin, no intraday, no pledging","ASM ST Stage I — surveillance: 100% margin, no intraday, no pledging"
KAMAHOLD,Kama Holdings Limited,EQ,,2527.9,,0.753,0.154,518.0,2901.0,20.0,0,0.0,25,25,2026-04-20,95.0,False,False,2026-07-24,,,"listed 95d ago — under a year of history, no trend to read","listed 95d ago — under a year of history, no trend to read"
KAMATHOTEL,Kamat Hotels (I) Limited,EQ,mcap,169.11,499.0,0.62,0.148,1134.0,34018.0,20.0,0,0.0,25,25,1996-05-29,11013.0,False,False,2026-07-24,,,,
KAMOPAINTS,Kamdhenu Ventures Limited,EQ,price,4.55,,0.097,0.048,530.0,193513.0,10.0,0,0.0,25,25,2023-01-24,1277.0,False,False,2026-07-24,,,price Rs4.55 below the Rs5 floor (tick size ~1% of price; the spread eats the edge); illiquid: Rs10 lakh median daily turnover (floor Rs50 lakh),price Rs4.55 below the Rs5 floor (tick size ~1% of price; the spread eats the edge); illiquid: Rs10 lakh median daily turnover (floor Rs50 lakh)
KANANIIND,Kanani Industries Limited,EQ,price,1.49,,0.014,0.005,203.0,97293.0,20.0,0,0.0,25,25,2011-12-14,5336.0,False,False,2026-07-24,,,"price Rs1.49 below the Rs5 floor (tick size ~1% of price; the spread eats the edge); illiquid: Rs1 lakh median daily turnover (floor Rs50 lakh); only 203 trades/day median — one operator's book, not a market","price Rs1.49 below the Rs5 floor (tick size ~1% of price; the spread eats the edge); illiquid: Rs1 lakh median daily turnover (floor Rs50 lakh); only 203 trades/day median — one operator's book, not a market"
KANPRPLA,Kanpur Plastipack Limited,EQ,,221.25,,0.225,0.025,443.0,11055.0,20.0,0,0.0,25,25,2021-01-01,2030.0,False,False,2026-07-24,,,illiquid: Rs22 lakh median daily turnover (floor Rs50 lakh),illiquid: Rs22 lakh median daily turnover (floor Rs50 lakh)
KANSAINER,Kansai Nerolac Paints Limited,EQ,,193.19,17131.0,4.035,1.042,6456.0,206750.0,20.0,0,0.0,25,25,2003-09-15,8348.0,True,False,2026-07-24,,,not penny/nano — price >= Rs100 and mcap >= Rs1000 Cr,
KAPSTON,Kapston Services Limited,EQ,,460.7,1402.0,1.06,0.402,975.0,29593.0,20.0,0,0.0,25,25,2020-05-27,2249.0,False,False,2026-07-24,,,not penny/nano — price >= Rs100 and mcap >= Rs1000 Cr,
KARMAENG,Karma Energy Limited,EQ,price,38.18,,0.02,0.003,89.0,4881.0,10.0,0,0.0,25,25,2011-06-28,5505.0,False,False,2026-07-24,,,"illiquid: Rs2 lakh median daily turnover (floor Rs50 lakh); only 89 trades/day median — one operator's book, not a market","illiquid: Rs2 lakh median daily turnover (floor Rs50 lakh); only 89 trades/day median — one operator's book, not a market"
KARURVYSYA,Karur Vysya Bank Limited,EQ,,338.9,32756.0,66.779,36.135,41888.0,2191223.0,20.0,0,0.0,25,25,2000-07-26,9494.0,True,False,2026-07-24,,,not penny/nano — price >= Rs100 and mcap >= Rs1000 Cr,
KAUSHALYA,Kaushalya Infrastructure Development Corporation Limited,BE,,1146.15,,0.019,0.005,52.0,221.0,5.0,4,0.308,13,13,2007-12-14,6797.0,False,False,2026-07-08,,,"series BE (trade-to-trade / SME — not normal rolling settlement); 5% circuit band — cannot exit on bad news; illiquid: Rs2 lakh median daily turnover (floor Rs50 lakh); only 52 trades/day median — one operator's book, not a market; closed at circuit on 31% of sessions — a stop cannot fill in a locked market","series BE (trade-to-trade / SME — not normal rolling settlement); 5% circuit band — cannot exit on bad news; illiquid: Rs2 lakh median daily turnover (floor Rs50 lakh); only 52 trades/day median — one operator's book, not a market; closed at circuit on 31% of sessions — a stop cannot fill in a locked market"
KAVDEFENCE,Kavveri Defence & Wireless Technologies Limited,EQ,price+mcap,57.06,343.0,0.543,0.279,1238.0,88424.0,10.0,0,0.0,25,25,2008-01-29,6751.0,False,False,2026-07-24,,,,
KAYA,Kaya Limited,EQ,,282.63,,0.196,0.023,297.0,7794.0,20.0,0,0.0,25,25,2015-08-14,3997.0,False,False,2026-07-24,,,"illiquid: Rs20 lakh median daily turnover (floor Rs50 lakh); only 297 trades/day median — one operator's book, not a market","illiquid: Rs20 lakh median daily turnover (floor Rs50 lakh); only 297 trades/day median — one operator's book, not a market"
KAYNES,Kaynes Technology India Limited,EQ,,3176.2,22348.0,280.862,165.317,52649.0,887346.0,,0,0.0,25,25,2022-11-22,1340.0,True,False,2026-07-24,,,not penny/nano — price >= Rs100 and mcap >= Rs1000 Cr,
KCP,KCP Limited,EQ,,162.64,2097.0,1.614,0.771,1957.0,94534.0,20.0,0,0.0,25,25,1997-04-09,10698.0,False,False,2026-07-24,,,not penny/nano — price >= Rs100 and mcap >= Rs1000 Cr,
KCPSUGIND,KCP Sugar and Industries Corporation Limited,EQ,price,27.85,,0.392,0.12,573.0,177929.0,20.0,0,0.0,25,25,1997-06-11,10635.0,False,False,2026-07-24,,,illiquid: Rs39 lakh median daily turnover (floor Rs50 lakh),illiquid: Rs39 lakh median daily turnover (floor Rs50 lakh)
KDDL,KDDL Limited,EQ,,3135.2,3856.0,5.227,1.452,3196.0,16242.0,20.0,0,0.0,25,25,2016-03-23,3775.0,False,False,2026-07-24,,,not penny/nano — price >= Rs100 and mcap >= Rs1000 Cr,
KEC,KEC International Limited,EQ,,469.9,13603.0,43.611,17.914,24016.0,859898.0,20.0,0,0.0,25,25,2006-03-10,7441.0,True,False,2026-07-24,,,not penny/nano — price >= Rs100 and mcap >= Rs1000 Cr,
KEEPLEARN,DSJ Keep Learning Limited,EQ,price,1.85,,0.005,0.002,71.0,26675.0,20.0,0,0.0,25,25,1995-03-01,11468.0,False,False,2026-07-24,0.0,,"GSM stage 0 — exchange surveillance, periodic call auction; price Rs1.85 below the Rs5 floor (tick size ~1% of price; the spread eats the edge); illiquid: Rs0 lakh median daily turnover (floor Rs50 lakh); only 71 trades/day median — one operator's book, not a market","GSM stage 0 — exchange surveillance, periodic call auction; price Rs1.85 below the Rs5 floor (tick size ~1% of price; the spread eats the edge); illiquid: Rs0 lakh median daily turnover (floor Rs50 lakh); only 71 trades/day median — one operator's book, not a market"
KEI,KEI Industries Limited,EQ,,4868.0,50386.0,157.236,61.745,35480.0,309292.0,,0,0.0,25,25,2006-03-23,7428.0,True,False,2026-07-24,,,not penny/nano — price >= Rs100 and mcap >= Rs1000 Cr,
KELLTONTEC,Kellton Tech Solutions Limited,EQ,price+mcap,14.09,749.0,1.927,0.971,3063.0,1230975.0,20.0,0,0.0,25,25,2016-03-02,3796.0,False,False,2026-07-24,,,,
KENNAMET,Kennametal India Limited,EQ,,2782.9,6116.0,2.617,0.647,2008.0,8754.0,20.0,0,0.0,25,25,2026-04-20,95.0,False,False,2026-07-24,,,"listed 95d ago — under a year of history, no trend to read","listed 95d ago — under a year of history, no trend to read"
KERNEX,Kernex Microsystems (India) Limited,EQ,,2205.2,3706.0,36.493,17.419,12811.0,176577.0,20.0,0,0.0,25,25,2005-12-20,7521.0,False,False,2026-07-24,,LT Stage I,"ASM LT Stage I — surveillance: 100% margin, no intraday, no pledging","ASM LT Stage I — surveillance: 100% margin, no intraday, no pledging"
KEYFINSERV,Keynote Financial Services Limited,EQ,,253.89,,0.026,0.005,77.0,1018.0,20.0,0,0.0,25,25,1996-06-26,10985.0,False,False,2026-07-24,,,"illiquid: Rs3 lakh median daily turnover (floor Rs50 lakh); only 77 trades/day median — one operator's book, not a market","illiquid: Rs3 lakh median daily turnover (floor Rs50 lakh); only 77 trades/day median — one operator's book, not a market"
KFINTECH,Kfin Technologies Limited,EQ,,857.75,15210.0,90.076,31.207,30972.0,1039376.0,,0,0.0,25,25,2022-12-29,1303.0,True,False,2026-07-24,,,not penny/nano — price >= Rs100 and mcap >= Rs1000 Cr,
KHANDSE,Khandwala Securities Limited,EQ,price,17.83,,0.003,0.0,53.0,1609.0,20.0,0,0.0,25,25,2001-02-07,9298.0,False,False,2026-07-24,,LT Stage I,"ASM LT Stage I — surveillance: 100% margin, no intraday, no pledging; illiquid: Rs0 lakh median daily turnover (floor Rs50 lakh); only 53 trades/day median — one operator's book, not a market","ASM LT Stage I — surveillance: 100% margin, no intraday, no pledging; illiquid: Rs0 lakh median daily turnover (floor Rs50 lakh); only 53 trades/day median — one operator's book, not a market"
KICL,Kalyani Investment Company Limited,EQ,,5298.0,2315.0,0.922,0.359,428.0,1694.0,20.0,0,0.0,25,25,2011-01-14,5670.0,False,False,2026-07-24,,,not penny/nano — price >= Rs100 and mcap >= Rs1000 Cr,
KILITCH,Kilitch Drugs (India) Limited,BE,mcap,196.99,629.0,2.736,1.347,3013.0,141823.0,5.0,1,0.111,9,9,2010-09-29,5777.0,False,False,2026-07-02,,,series BE (trade-to-trade / SME — not normal rolling settlement); 5% circuit band — cannot exit on bad news,series BE (trade-to-trade / SME — not normal rolling settlement); 5% circuit band — cannot exit on bad news
KIMS,Krishna Institute of Medical Sciences Limited,EQ,,797.85,33510.0,43.954,16.241,23674.0,536192.0,20.0,0,0.0,25,25,2021-06-28,1852.0,True,False,2026-07-24,,,not penny/nano — price >= Rs100 and mcap >= Rs1000 Cr,
KINGFA,Kingfa Science & Technology (India) Limited,EQ,,5212.0,7063.0,2.469,0.977,1729.0,4895.0,20.0,0,0.0,25,25,2016-11-15,3538.0,False,False,2026-07-24,,,not penny/nano — price >= Rs100 and mcap >= Rs1000 Cr,
KIOCL,KIOCL Limited,EQ,,348.75,21195.0,3.171,1.286,3331.0,80666.0,20.0,0,0.0,25,25,2016-11-29,3524.0,False,False,2026-07-24,,,not penny/nano — price >= Rs100 and mcap >= Rs1000 Cr,
KIRANVYPAR,Kiran Vyapar Limited,EQ,,200.32,,0.029,0.003,57.0,1453.0,20.0,0,0.0,25,25,2026-04-20,95.0,False,False,2026-07-24,,,"listed 95d ago — under a year of history, no trend to read; illiquid: Rs3 lakh median daily turnover (floor Rs50 lakh); only 57 trades/day median — one operator's book, not a market","listed 95d ago — under a year of history, no trend to read; illiquid: Rs3 lakh median daily turnover (floor Rs50 lakh); only 57 trades/day median — one operator's book, not a market"
KIRIINDUS,Kiri Industries Limited,EQ,,405.55,2643.0,6.968,4.02,4259.0,174990.0,20.0,0,0.0,25,25,2008-04-22,6667.0,False,False,2026-07-24,,,not penny/nano — price >= Rs100 and mcap >= Rs1000 Cr,
KIRLFER,Kirloskar Ferrous Industries Limited,EQ,,470.65,7765.0,3.622,1.876,4934.0,77746.0,20.0,0,0.0,25,25,2026-04-20,95.0,False,False,2026-07-24,,,"listed 95d ago — under a year of history, no trend to read","listed 95d ago — under a year of history, no trend to read"
KIRLOSBROS,Kirloskar Brothers Limited,EQ,,1836.1,14710.0,21.635,8.647,11652.0,116575.0,20.0,0,0.0,25,25,2010-04-20,5939.0,True,False,2026-07-24,,,not penny/nano — price >= Rs100 and mcap >= Rs1000 Cr,
KIRLOSENG,Kirloskar Oil Engines Limited,EQ,,2182.5,31757.0,152.438,45.896,45907.0,615721.0,20.0,1,0.04,25,25,2010-12-24,5691.0,True,False,2026-07-24,,LT Stage I,"ASM LT Stage I — surveillance: 100% margin, no intraday, no pledging","ASM LT Stage I — surveillance: 100% margin, no intraday, no pledging"
KIRLOSIND,Kirloskar Industries Limited,EQ,,3787.7,3981.0,6.134,1.424,2392.0,14922.0,20.0,0,0.0,25,25,2010-06-24,5874.0,False,False,2026-07-24,,,not penny/nano — price >= Rs100 and mcap >= Rs1000 Cr,
KIRLPNU,Kirloskar Pneumatic Company Limited,EQ,,1497.1,9726.0,31.277,9.959,20433.0,182932.0,20.0,0,0.0,25,25,2023-04-26,1185.0,True,False,2026-07-24,,,not penny/nano — price >= Rs100 and mcap >= Rs1000 Cr,
KISSHT,OnEMI Technology Solutions Limited,EQ,,340.15,5738.0,58.089,26.284,24324.0,1982473.0,20.0,0,0.0,25,25,2026-05-08,77.0,False,False,2026-07-24,,,"listed 77d ago — under a year of history, no trend to read","listed 77d ago — under a year of history, no trend to read"
KITEX,Kitex Garments Limited,EQ,,147.04,3190.0,6.318,3.042,4711.0,395878.0,20.0,0,0.0,25,25,2012-09-25,5050.0,True,False,2026-07-24,,,not penny/nano — price >= Rs100 and mcap >= Rs1000 Cr,
KKCL,Kewal Kiran Clothing Limited,EQ,,502.3,3095.0,1.815,0.617,1336.0,36192.0,20.0,0,0.0,25,25,2006-04-13,7407.0,False,False,2026-07-24,,,not penny/nano — price >= Rs100 and mcap >= Rs1000 Cr,
KLBRENG-B,Kilburn Engineering Limited,EQ,,439.5,2461.0,2.637,0.719,2810.0,59020.0,20.0,0,0.0,25,25,2026-04-20,95.0,False,False,2026-07-24,,,"listed 95d ago — under a year of history, no trend to read","listed 95d ago — under a year of history, no trend to read"
KMEW,Knowledge Marine & Engineering Works Limited,EQ,,2430.3,5979.0,17.559,7.332,10541.0,73439.0,20.0,0,0.0,25,25,2024-11-14,617.0,False,False,2026-07-24,,LT Stage I,"ASM LT Stage I — surveillance: 100% margin, no intraday, no pledging","ASM LT Stage I — surveillance: 100% margin, no intraday, no pledging"
KMSUGAR,K.M.Sugar Mills Limited,EQ,price,27.66,,0.212,0.072,654.0,76646.0,20.0,0,0.0,25,25,2007-05-31,6994.0,False,False,2026-07-24,,,illiquid: Rs21 lakh median daily turnover (floor Rs50 lakh),illiquid: Rs21 lakh median daily turnover (floor Rs50 lakh)
KNACK,Knack Packaging Limited,EQ,,194.88,2379.0,36.548,23.259,19468.0,1842407.0,20.0,0,0.0,13,13,2026-07-08,16.0,False,False,2026-07-24,,,"listed 16d ago — under a year of history, no trend to read","listed 16d ago — under a year of history, no trend to read"
KNAGRI,KN Agri Resources Limited,EQ,,213.64,,0.181,0.044,219.0,8541.0,20.0,0,0.0,25,25,2025-12-09,227.0,False,False,2026-07-24,,,"listed 227d ago — under a year of history, no trend to read; illiquid: Rs18 lakh median daily turnover (floor Rs50 lakh); only 219 trades/day median — one operator's book, not a market","listed 227d ago — under a year of history, no trend to read; illiquid: Rs18 lakh median daily turnover (floor Rs50 lakh); only 219 trades/day median — one operator's book, not a market"
KNRCON,KNR Constructions Limited,EQ,,121.22,3695.0,7.943,4.382,7844.0,616733.0,20.0,0,0.0,25,25,2008-02-18,6731.0,True,False,2026-07-24,,,not penny/nano — price >= Rs100 and mcap >= Rs1000 Cr,
KOHINOOR,Kohinoor Foods Limited,EQ,price,22.92,,0.266,0.12,2142.0,104756.0,20.0,0,0.0,25,25,1999-10-20,9774.0,False,False,2026-07-24,,,illiquid: Rs27 lakh median daily turnover (floor Rs50 lakh),illiquid: Rs27 lakh median daily turnover (floor Rs50 lakh)
KOKUYOCMLN,Kokuyo Camlin Limited,EQ,price,83.87,,0.216,0.082,426.0,24872.0,20.0,0,0.0,25,25,2008-07-28,6570.0,False,False,2026-07-24,,,illiquid: Rs22 lakh median daily turnover (floor Rs50 lakh),illiquid: Rs22 lakh median daily turnover (floor Rs50 lakh)
KOLTEPATIL,Kolte - Patil Developers Limited,EQ,,391.25,3470.0,1.181,0.405,1646.0,32102.0,20.0,0,0.0,25,25,2007-12-13,6798.0,False,False,2026-07-24,,,not penny/nano — price >= Rs100 and mcap >= Rs1000 Cr,
KOTAKBANK,Kotak Mahindra Bank Limited,EQ,,384.75,382725.0,614.27,287.123,161004.0,16237528.0,,0,0.0,25,25,1995-12-20,11174.0,False,False,2026-07-24,,,not penny/nano — price >= Rs100 and mcap >= Rs1000 Cr,
KOTARISUG,Kothari Sugars And Chemicals Limited,EQ,price,24.45,,0.075,0.032,225.0,29155.0,20.0,0,0.0,25,25,2004-12-13,7893.0,False,False,2026-07-24,,,"illiquid: Rs8 lakh median daily turnover (floor Rs50 lakh); only 225 trades/day median — one operator's book, not a market","illiquid: Rs8 lakh median daily turnover (floor Rs50 lakh); only 225 trades/day median — one operator's book, not a market"
KOTHARIPET,Kothari Petrochemicals Limited,EQ,,131.82,,0.436,0.197,957.0,33320.0,20.0,0,0.0,25,25,1996-11-02,10856.0,False,False,2026-07-24,,,illiquid: Rs44 lakh median daily turnover (floor Rs50 lakh),illiquid: Rs44 lakh median daily turnover (floor Rs50 lakh)
KOTHARIPRO,Kothari Products Limited,EQ,price,68.08,,0.04,0.02,132.0,6039.0,20.0,0,0.0,25,25,1998-06-03,10278.0,False,False,2026-07-24,,,"illiquid: Rs4 lakh median daily turnover (floor Rs50 lakh); only 132 trades/day median — one operator's book, not a market","illiquid: Rs4 lakh median daily turnover (floor Rs50 lakh); only 132 trades/day median — one operator's book, not a market"
KOTIC,Kothari Industrial Corporation Limited,EQ,,163.0,,0.173,0.061,446.0,10182.0,20.0,0,0.0,25,25,2026-04-20,95.0,False,False,2026-07-24,,,"listed 95d ago — under a year of history, no trend to read; illiquid: Rs17 lakh median daily turnover (floor Rs50 lakh)","listed 95d ago — under a year of history, no trend to read; illiquid: Rs17 lakh median daily turnover (floor Rs50 lakh)"
KOTYARK,Kotyark Industries Limited,BE,mcap,453.8,360.0,7.333,2.888,7033.0,160571.0,5.0,1,0.333,3,3,2026-03-12,134.0,False,False,2026-06-23,,,"series BE (trade-to-trade / SME — not normal rolling settlement); 5% circuit band — cannot exit on bad news; listed 134d ago — under a year of history, no trend to read; closed at circuit on 33% of sessions — a stop cannot fill in a locked market","series BE (trade-to-trade / SME — not normal rolling settlement); 5% circuit band — cannot exit on bad news; listed 134d ago — under a year of history, no trend to read; closed at circuit on 33% of sessions — a stop cannot fill in a locked market"
KOVAI,Kovai Medical Center & Hospital Limited,EQ,,5845.0,6394.0,2.812,0.815,1452.0,4646.0,20.0,0,0.0,25,25,2026-04-20,95.0,False,False,2026-07-24,,,"listed 95d ago — under a year of history, no trend to read","listed 95d ago — under a year of history, no trend to read"
KPEL,K.P. Energy Limited,EQ,,302.8,2053.0,6.188,2.942,4419.0,183625.0,20.0,0,0.0,25,25,2024-11-14,617.0,False,False,2026-07-24,,,not penny/nano — price >= Rs100 and mcap >= Rs1000 Cr,
KPIGREEN,KPI Green Energy Limited,EQ,,390.2,7992.0,19.401,10.017,13782.0,482779.0,20.0,0,0.0,25,25,2021-07-27,1823.0,True,False,2026-07-24,,,not penny/nano — price >= Rs100 and mcap >= Rs1000 Cr,
KPIL,Kalpataru Projects International Limited,EQ,,1299.9,23635.0,17.943,8.829,14137.0,134485.0,20.0,0,0.0,25,25,2000-12-15,9352.0,True,False,2026-07-24,,,not penny/nano — price >= Rs100 and mcap >= Rs1000 Cr,
KPITTECH,KPIT Technologies Limited,EQ,,583.2,15315.0,171.136,62.23,60020.0,2948579.0,,0,0.0,25,25,2019-04-22,2650.0,True,False,2026-07-24,,,not penny/nano — price >= Rs100 and mcap >= Rs1000 Cr,
KPL,Kwality Pharmaceuticals Limited,EQ,,2781.7,2886.0,6.009,1.993,3573.0,23477.0,20.0,0,0.0,25,25,2026-04-20,95.0,False,False,2026-07-24,,,"listed 95d ago — under a year of history, no trend to read","listed 95d ago — under a year of history, no trend to read"
KPRMILL,K.P.R. Mill Limited,EQ,,1061.5,40488.0,41.78,17.826,24977.0,351422.0,20.0,0,0.0,25,25,2007-08-28,6905.0,True,False,2026-07-24,,,not penny/nano — price >= Rs100 and mcap >= Rs1000 Cr,
KRBL,KRBL Limited,EQ,,350.75,8595.0,10.585,5.862,8826.0,302259.0,20.0,0,0.0,25,25,2002-01-21,8950.0,True,False,2026-07-24,,,not penny/nano — price >= Rs100 and mcap >= Rs1000 Cr,
KREBSBIO,Krebs Biochemicals and Industries Limited,EQ,price,51.9,,0.027,0.006,101.0,4625.0,10.0,0,0.0,25,25,1996-01-03,11160.0,False,False,2026-07-24,,,"illiquid: Rs3 lakh median daily turnover (floor Rs50 lakh); only 101 trades/day median — one operator's book, not a market","illiquid: Rs3 lakh median daily turnover (floor Rs50 lakh); only 101 trades/day median — one operator's book, not a market"
KRISHANA,Krishana Phoschem Limited,EQ,,162.05,5010.0,18.793,4.737,11027.0,792981.0,20.0,1,0.04,25,25,2019-08-22,2528.0,False,False,2026-07-24,,,not penny/nano — price >= Rs100 and mcap >= Rs1000 Cr,
KRISHIVAL,Krishival Foods Limited,EQ,,387.55,,0.152,0.04,171.0,3761.0,20.0,0,0.0,25,25,2025-06-20,399.0,False,False,2026-07-24,,,"illiquid: Rs15 lakh median daily turnover (floor Rs50 lakh); only 171 trades/day median — one operator's book, not a market","illiquid: Rs15 lakh median daily turnover (floor Rs50 lakh); only 171 trades/day median — one operator's book, not a market"
KRISHNADEF,Krishna Defence And Allied Industries Limited,EQ,,1316.8,1968.0,15.882,6.937,8989.0,120062.0,20.0,0,0.0,25,25,2025-12-30,206.0,False,False,2026-07-24,,,"listed 206d ago — under a year of history, no trend to read","listed 206d ago — under a year of history, no trend to read"
KRITIKA,Kritika Wires Limited,EQ,price,5.47,,0.063,0.026,387.0,108939.0,20.0,0,0.0,25,25,2022-05-04,1542.0,False,False,2026-07-24,,,illiquid: Rs6 lakh median daily turnover (floor Rs50 lakh),illiquid: Rs6 lakh median daily turnover (floor Rs50 lakh)
KRONOX,Kronox Lab Sciences Limited,EQ,mcap,154.39,573.0,1.421,0.573,1899.0,93340.0,20.0,0,0.0,25,25,2024-06-10,774.0,False,False,2026-07-24,,,,
KROSS,Kross Limited,EQ,,206.13,1330.0,5.206,1.579,3323.0,275539.0,20.0,0,0.0,25,25,2024-09-16,676.0,False,False,2026-07-24,,,not penny/nano — price >= Rs100 and mcap >= Rs1000 Cr,
KRSNAA,Krsnaa Diagnostics Limited,EQ,,544.8,1767.0,2.615,1.007,3294.0,47637.0,20.0,0,0.0,25,25,2021-08-16,1803.0,False,False,2026-07-24,,,not penny/nano — price >= Rs100 and mcap >= Rs1000 Cr,
KRYSTAL,Krystal Integrated Services Limited,EQ,,601.4,,0.637,0.132,296.0,10594.0,20.0,0,0.0,25,25,2024-03-21,855.0,False,False,2026-07-24,,,"only 296 trades/day median — one operator's book, not a market","only 296 trades/day median — one operator's book, not a market"
KSB,Ksb Limited,EQ,,866.05,15073.0,9.517,2.988,8945.0,101601.0,20.0,0,0.0,25,25,1995-02-08,11489.0,True,False,2026-07-24,,,not penny/nano — price >= Rs100 and mcap >= Rs1000 Cr,
KSCL,Kaveri Seed Company Limited,EQ,,835.5,4728.0,5.628,2.891,3823.0,63770.0,20.0,0,0.0,25,25,2007-10-04,6868.0,True,False,2026-07-24,,,not penny/nano — price >= Rs100 and mcap >= Rs1000 Cr,
KSHINTL,KSH International Limited,EQ,,888.45,,20.353,11.494,14674.0,233444.0,20.0,0,0.0,25,25,2025-12-23,213.0,False,False,2026-07-24,,LT Stage I,"ASM LT Stage I — surveillance: 100% margin, no intraday, no pledging; listed 213d ago — under a year of history, no trend to read","ASM LT Stage I — surveillance: 100% margin, no intraday, no pledging; listed 213d ago — under a year of history, no trend to read"
KSL,Kalyani Steels Limited,EQ,,892.95,3898.0,3.872,1.266,2677.0,44501.0,20.0,0,0.0,25,25,2010-05-19,5910.0,False,False,2026-07-24,,,not penny/nano — price >= Rs100 and mcap >= Rs1000 Cr,
KSOLVES,Ksolves India Limited,EQ,mcap,280.9,666.0,1.175,0.541,1717.0,40044.0,20.0,0,0.0,25,25,2022-09-23,1400.0,False,False,2026-07-24,,,,
KSR,KSR Footwear Limited,EQ,price,29.52,,0.034,0.011,81.0,10787.0,5.0,3,0.12,25,25,2025-11-27,239.0,False,False,2026-07-24,,,"5% circuit band — cannot exit on bad news; listed 239d ago — under a year of history, no trend to read; illiquid: Rs3 lakh median daily turnover (floor Rs50 lakh); only 81 trades/day median — one operator's book, not a market","5% circuit band — cannot exit on bad news; listed 239d ago — under a year of history, no trend to read; illiquid: Rs3 lakh median daily turnover (floor Rs50 lakh); only 81 trades/day median — one operator's book, not a market"
KTKBANK,The Karnataka Bank Limited,EQ,,279.7,10581.0,41.991,26.811,22638.0,1580396.0,20.0,0,0.0,25,25,2000-05-10,9571.0,True,False,2026-07-24,,,not penny/nano — price >= Rs100 and mcap >= Rs1000 Cr,
KUANTUM,Kuantum Papers Limited,EQ,price,77.36,,0.408,0.12,778.0,53127.0,20.0,0,0.0,25,25,2019-10-23,2466.0,False,False,2026-07-24,,,illiquid: Rs41 lakh median daily turnover (floor Rs50 lakh),illiquid: Rs41 lakh median daily turnover (floor Rs50 lakh)
KUSUMGAR,Kusumgar Limited,EQ,,601.35,6313.0,66.534,44.191,25346.5,1164487.5,10.0,1,0.125,8,8,2026-07-15,9.0,False,False,2026-07-24,,,"listed 9d ago — under a year of history, no trend to read","listed 9d ago — under a year of history, no trend to read"
KWIL,Kwality Wall's (India) Limited,EQ,price,32.0,,21.971,16.474,24273.0,6692867.0,20.0,0,0.0,25,25,2026-02-16,158.0,False,False,2026-07-24,,,"listed 158d ago — under a year of history, no trend to read","listed 158d ago — under a year of history, no trend to read"
LAGNAM,Lagnam Spintex Limited,EQ,price,90.31,,0.046,0.007,86.0,5194.0,20.0,0,0.0,25,25,2021-09-30,1758.0,False,False,2026-07-24,,,"illiquid: Rs5 lakh median daily turnover (floor Rs50 lakh); only 86 trades/day median — one operator's book, not a market","illiquid: Rs5 lakh median daily turnover (floor Rs50 lakh); only 86 trades/day median — one operator's book, not a market"
LAHOTIOV,Lahoti Overseas Limited,EQ,price,43.95,,0.008,0.0,28.0,1769.0,20.0,0,0.0,24,24,2026-04-20,95.0,False,False,2026-07-24,,,"listed 95d ago — under a year of history, no trend to read; illiquid: Rs1 lakh median daily turnover (floor Rs50 lakh); only 28 trades/day median — one operator's book, not a market","listed 95d ago — under a year of history, no trend to read; illiquid: Rs1 lakh median daily turnover (floor Rs50 lakh); only 28 trades/day median — one operator's book, not a market"
LAL,Lorenzini Apparels Limited,EQ,price,8.38,,0.032,0.011,154.0,35883.0,20.0,0,0.0,25,25,2023-04-10,1201.0,False,False,2026-07-24,,,"illiquid: Rs3 lakh median daily turnover (floor Rs50 lakh); only 154 trades/day median — one operator's book, not a market","illiquid: Rs3 lakh median daily turnover (floor Rs50 lakh); only 154 trades/day median — one operator's book, not a market"
LALPATHLAB,Dr. Lal Path Labs Ltd.,EQ,,1759.2,27588.0,40.187,23.566,27322.0,243917.0,20.0,0,0.0,25,25,2015-12-23,3866.0,True,False,2026-07-24,,,not penny/nano — price >= Rs100 and mcap >= Rs1000 Cr,
LAMBODHARA,Lambodhara Textiles Limited,EQ,,112.27,,0.1,0.021,277.0,9199.0,20.0,0,0.0,25,25,2015-02-04,4188.0,False,False,2026-07-24,,,"illiquid: Rs10 lakh median daily turnover (floor Rs50 lakh); only 277 trades/day median — one operator's book, not a market","illiquid: Rs10 lakh median daily turnover (floor Rs50 lakh); only 277 trades/day median — one operator's book, not a market"
LANCORHOL,Lancor Holdings Limited,EQ,price,25.81,,0.13,0.025,305.0,49162.0,10.0,1,0.04,25,25,2024-03-12,864.0,False,False,2026-07-24,,,illiquid: Rs13 lakh median daily turnover (floor Rs50 lakh),illiquid: Rs13 lakh median daily turnover (floor Rs50 lakh)
LANDMARK,Landmark Cars Limited,EQ,,512.8,2126.0,10.234,2.354,6580.0,221581.0,20.0,0,0.0,25,25,2022-12-23,1309.0,False,False,2026-07-24,,ST Stage I,"ASM ST Stage I — surveillance: 100% margin, no intraday, no pledging","ASM ST Stage I — surveillance: 100% margin, no intraday, no pledging"
LANDSMILL,Landsmill Green Limited,EQ,price,0.75,,0.178,0.067,761.0,2100448.0,20.0,0,0.0,25,25,2009-08-03,6199.0,False,False,2026-07-24,,,price Rs0.75 below the Rs5 floor (tick size ~1% of price; the spread eats the edge); illiquid: Rs18 lakh median daily turnover (floor Rs50 lakh),price Rs0.75 below the Rs5 floor (tick size ~1% of price; the spread eats the edge); illiquid: Rs18 lakh median daily turnover (floor Rs50 lakh)
LAOPALA,La Opala RG Limited,EQ,,184.35,2046.0,1.466,0.614,3642.0,80475.0,20.0,0,0.0,25,25,2007-03-16,7070.0,False,False,2026-07-24,,,not penny/nano — price >= Rs100 and mcap >= Rs1000 Cr,
LASA,Lasa Supergenerics Limited,EQ,price,6.94,,0.016,0.005,117.0,20722.0,10.0,0,0.0,25,25,2017-09-21,3228.0,False,False,2026-07-24,,,"illiquid: Rs2 lakh median daily turnover (floor Rs50 lakh); only 117 trades/day median — one operator's book, not a market","illiquid: Rs2 lakh median daily turnover (floor Rs50 lakh); only 117 trades/day median — one operator's book, not a market"
LASERPOWER,Laser Power & Infra Limited,EQ,,307.52,4301.0,192.861,59.784,38875.0,6556933.0,10.0,3,0.429,7,7,2026-07-16,8.0,False,False,2026-07-24,,,"listed 8d ago — under a year of history, no trend to read; closed at circuit on 43% of sessions — a stop cannot fill in a locked market","listed 8d ago — under a year of history, no trend to read; closed at circuit on 43% of sessions — a stop cannot fill in a locked market"
LATENTVIEW,Latent View Analytics Limited,EQ,,296.05,5811.0,22.947,6.681,16712.0,764156.0,20.0,0,0.0,25,25,2021-11-23,1704.0,True,False,2026-07-24,,,not penny/nano — price >= Rs100 and mcap >= Rs1000 Cr,
LAURUSLABS,Laurus Labs Limited,EQ,,1601.2,86505.0,300.242,154.959,50314.0,1938466.0,,0,0.0,25,25,2016-12-19,3504.0,True,False,2026-07-24,,,not penny/nano — price >= Rs100 and mcap >= Rs1000 Cr,
LAXMICOT,Laxmi Cotspin Limited,EQ,price,14.12,,0.013,0.004,109.0,8768.0,10.0,0,0.0,25,25,2021-11-12,1715.0,False,False,2026-07-24,,,"illiquid: Rs1 lakh median daily turnover (floor Rs50 lakh); only 109 trades/day median — one operator's book, not a market","illiquid: Rs1 lakh median daily turnover (floor Rs50 lakh); only 109 trades/day median — one operator's book, not a market"
LAXMIDENTL,Laxmi Dental Limited,EQ,,216.44,1190.0,1.957,1.111,2381.0,88681.0,20.0,0,0.0,25,25,2025-01-20,550.0,False,False,2026-07-24,,,not penny/nano — price >= Rs100 and mcap >= Rs1000 Cr,
LCCINFOTEC,LCC Infotech Limited,EQ,price,4.38,,0.02,0.003,99.0,42303.0,5.0,1,0.04,25,25,2000-03-02,9640.0,False,False,2026-07-24,,,"5% circuit band — cannot exit on bad news; price Rs4.38 below the Rs5 floor (tick size ~1% of price; the spread eats the edge); illiquid: Rs2 lakh median daily turnover (floor Rs50 lakh); only 99 trades/day median — one operator's book, not a market","5% circuit band — cannot exit on bad news; price Rs4.38 below the Rs5 floor (tick size ~1% of price; the spread eats the edge); illiquid: Rs2 lakh median daily turnover (floor Rs50 lakh); only 99 trades/day median — one operator's book, not a market"
LEMERITE,Le Merite Exports Limited,EQ,price,20.5,,1.251,0.508,1271.0,569106.0,5.0,7,0.28,25,25,2025-12-12,224.0,False,False,2026-07-24,,LT Stage I,"ASM LT Stage I — surveillance: 100% margin, no intraday, no pledging; 5% circuit band — cannot exit on bad news; listed 224d ago — under a year of history, no trend to read; closed at circuit on 28% of sessions — a stop cannot fill in a locked market","ASM LT Stage I — surveillance: 100% margin, no intraday, no pledging; 5% circuit band — cannot exit on bad news; listed 224d ago — under a year of history, no trend to read; closed at circuit on 28% of sessions — a stop cannot fill in a locked market"
LEMONTREE,Lemon Tree Hotels Limited,EQ,,109.36,9424.0,31.114,16.195,39438.0,2802847.0,20.0,0,0.0,25,25,2018-04-09,3028.0,True,False,2026-07-24,,,not penny/nano — price >= Rs100 and mcap >= Rs1000 Cr,
LENSKART,Lenskart Solutions Limited,EQ,,555.9,92674.0,251.342,83.916,86250.0,4833163.0,20.0,0,0.0,25,25,2025-11-10,256.0,True,False,2026-07-24,,,"listed 256d ago — under a year of history, no trend to read","listed 256d ago — under a year of history, no trend to read"
LEXUS,Lexus Granito (India) Limited,EQ,price,15.13,,0.044,0.005,175.0,28179.0,10.0,4,0.16,25,25,2023-03-13,1229.0,False,False,2026-07-24,,,"illiquid: Rs4 lakh median daily turnover (floor Rs50 lakh); only 175 trades/day median — one operator's book, not a market","illiquid: Rs4 lakh median daily turnover (floor Rs50 lakh); only 175 trades/day median — one operator's book, not a market"
LFIC,Lakshmi Finance & Industrial Corporation Limited,EQ,,143.3,,0.01,0.0,34.5,729.0,20.0,0,0.0,24,24,2015-04-15,4118.0,False,False,2026-07-24,,,"illiquid: Rs1 lakh median daily turnover (floor Rs50 lakh); only 34 trades/day median — one operator's book, not a market","illiquid: Rs1 lakh median daily turnover (floor Rs50 lakh); only 34 trades/day median — one operator's book, not a market"
LGBBROSLTD,LG Balakrishnan & Bros Limited,EQ,,1540.4,4913.0,2.966,2.06,2669.0,18717.0,20.0,0,0.0,25,25,2010-03-30,5960.0,False,False,2026-07-24,,,not penny/nano — price >= Rs100 and mcap >= Rs1000 Cr,
LGEINDIA,LG Electronics India Limited,EQ,,1527.2,103662.0,58.872,16.619,24382.0,378987.0,10.0,0,0.0,25,25,2025-10-14,283.0,True,False,2026-07-24,,,"listed 283d ago — under a year of history, no trend to read","listed 283d ago — under a year of history, no trend to read"
LGHL,Laxmi Goldorna House Limited,EQ,,203.91,,0.56,0.266,384.0,25680.0,20.0,0,0.0,25,25,2023-11-10,987.0,False,False,2026-07-24,,LT Stage I,"ASM LT Stage I — surveillance: 100% margin, no intraday, no pledging","ASM LT Stage I — surveillance: 100% margin, no intraday, no pledging"
LIBAS,Libas Consumer Products Limited,EQ,price,10.04,,0.017,0.008,90.0,16897.0,20.0,0,0.0,25,25,2019-07-23,2558.0,False,False,2026-07-24,,,"illiquid: Rs2 lakh median daily turnover (floor Rs50 lakh); only 90 trades/day median — one operator's book, not a market","illiquid: Rs2 lakh median daily turnover (floor Rs50 lakh); only 90 trades/day median — one operator's book, not a market"
LIBERTSHOE,Liberty Shoes Limited,EQ,mcap,258.25,440.0,1.099,0.462,1614.0,41303.0,20.0,0,0.0,25,25,1995-09-27,11258.0,False,False,2026-07-24,,,,
LICHSGFIN,LIC Housing Finance Limited,EQ,,538.95,30457.0,59.833,18.962,20842.0,1088518.0,,0,0.0,25,25,1998-07-29,10222.0,True,False,2026-07-24,,,not penny/nano — price >= Rs100 and mcap >= Rs1000 Cr,
LICI,Life Insurance Corporation Of India,EQ,,421.3,544266.0,146.128,35.857,42989.0,3344176.0,,0,0.0,25,25,2022-05-17,1529.0,True,False,2026-07-24,,,not penny/nano — price >= Rs100 and mcap >= Rs1000 Cr,
LICMFGOLD,,,,128.7,,0.615,0.099,559.0,49091.0,20.0,0,0.0,25,25,,,False,False,2026-07-24,,,not in the NSE equity master (ETF / REIT / InvIT — not a company),not in the NSE equity master (ETF / REIT / InvIT — not a company)
LICNETFGSC,,,price,29.36,,0.059,0.019,91.0,20075.0,5.0,0,0.0,25,25,,,False,False,2026-07-24,,,"not in the NSE equity master (ETF / REIT / InvIT — not a company); 5% circuit band — cannot exit on bad news; illiquid: Rs6 lakh median daily turnover (floor Rs50 lakh); only 91 trades/day median — one operator's book, not a market","not in the NSE equity master (ETF / REIT / InvIT — not a company); 5% circuit band — cannot exit on bad news; illiquid: Rs6 lakh median daily turnover (floor Rs50 lakh); only 91 trades/day median — one operator's book, not a market"
LICNETFN50,,,,266.3,,0.013,0.004,31.0,489.0,20.0,0,0.0,25,25,,,False,False,2026-07-24,,,"not in the NSE equity master (ETF / REIT / InvIT — not a company); illiquid: Rs1 lakh median daily turnover (floor Rs50 lakh); only 31 trades/day median — one operator's book, not a market","not in the NSE equity master (ETF / REIT / InvIT — not a company); illiquid: Rs1 lakh median daily turnover (floor Rs50 lakh); only 31 trades/day median — one operator's book, not a market"
LICNETFSEN,,,,862.07,,0.003,0.0,7.0,32.0,20.0,0,0.0,21,21,,,False,False,2026-07-24,,,"not in the NSE equity master (ETF / REIT / InvIT — not a company); illiquid: Rs0 lakh median daily turnover (floor Rs50 lakh); only 7 trades/day median — one operator's book, not a market","not in the NSE equity master (ETF / REIT / InvIT — not a company); illiquid: Rs0 lakh median daily turnover (floor Rs50 lakh); only 7 trades/day median — one operator's book, not a market"
LICNFNHGP,,,,273.4,,0.003,0.0,14.0,125.0,20.0,0,0.0,25,25,,,False,False,2026-07-24,,,"not in the NSE equity master (ETF / REIT / InvIT — not a company); illiquid: Rs0 lakh median daily turnover (floor Rs50 lakh); only 14 trades/day median — one operator's book, not a market","not in the NSE equity master (ETF / REIT / InvIT — not a company); illiquid: Rs0 lakh median daily turnover (floor Rs50 lakh); only 14 trades/day median — one operator's book, not a market"
LICNMID100,,,price,62.07,,0.033,0.008,78.0,5239.0,20.0,0,0.0,25,25,,,False,False,2026-07-24,,,"not in the NSE equity master (ETF / REIT / InvIT — not a company); illiquid: Rs3 lakh median daily turnover (floor Rs50 lakh); only 78 trades/day median — one operator's book, not a market","not in the NSE equity master (ETF / REIT / InvIT — not a company); illiquid: Rs3 lakh median daily turnover (floor Rs50 lakh); only 78 trades/day median — one operator's book, not a market"
LIKHITHA,Likhitha Infrastructure Limited,EQ,mcap,226.6,894.0,0.878,0.498,826.5,36495.0,10.0,0,0.0,10,10,2020-10-15,2108.0,False,False,2026-07-24,,,,
LINC,Linc Limited,EQ,,102.67,,0.361,0.065,835.0,34121.0,20.0,0,0.0,25,25,2015-03-09,4155.0,False,False,2026-07-24,,,illiquid: Rs36 lakh median daily turnover (floor Rs50 lakh),illiquid: Rs36 lakh median daily turnover (floor Rs50 lakh)
LINCOLN,Lincoln Pharmaceuticals Limited,EQ,,580.0,1162.0,1.562,0.715,1263.0,25369.0,20.0,0,0.0,25,25,2015-12-17,3872.0,False,False,2026-07-24,,,not penny/nano — price >= Rs100 and mcap >= Rs1000 Cr,
LINDEINDIA,Linde India Limited,EQ,,6731.0,61218.0,13.037,6.473,5548.0,19371.0,20.0,0,0.0,25,25,1999-06-16,9900.0,True,False,2026-07-24,,,not penny/nano — price >= Rs100 and mcap >= Rs1000 Cr,
LIQGRWBEES,,,,1049.05,,6.983,1.483,166.0,66852.0,5.0,0,0.0,25,25,,,False,False,2026-07-24,,,"not in the NSE equity master (ETF / REIT / InvIT — not a company); 5% circuit band — cannot exit on bad news; only 166 trades/day median — one operator's book, not a market","not in the NSE equity master (ETF / REIT / InvIT — not a company); 5% circuit band — cannot exit on bad news; only 166 trades/day median — one operator's book, not a market"
LIQUID,,,,999.99,,37.719,6.617,215.0,377192.0,5.0,0,0.0,25,25,,,False,False,2026-07-24,,,"not in the NSE equity master (ETF / REIT / InvIT — not a company); 5% circuit band — cannot exit on bad news; only 215 trades/day median — one operator's book, not a market","not in the NSE equity master (ETF / REIT / InvIT — not a company); 5% circuit band — cannot exit on bad news; only 215 trades/day median — one operator's book, not a market"
LIQUID1,,,,1115.2,,101.183,29.122,697.0,909542.0,5.0,0,0.0,25,25,,,False,False,2026-07-24,,,not in the NSE equity master (ETF / REIT / InvIT — not a company); 5% circuit band — cannot exit on bad news,not in the NSE equity master (ETF / REIT / InvIT — not a company); 5% circuit band — cannot exit on bad news
LIQUIDADD,,,,1137.35,,43.356,23.2,563.0,381711.0,5.0,0,0.0,25,25,,,False,False,2026-07-24,,,not in the NSE equity master (ETF / REIT / InvIT — not a company); 5% circuit band — cannot exit on bad news,not in the NSE equity master (ETF / REIT / InvIT — not a company); 5% circuit band — cannot exit on bad news
LIQUIDBEES,,,,999.99,,340.198,214.278,5045.0,3401970.0,5.0,0,0.0,25,25,,,False,False,2026-07-24,,,not in the NSE equity master (ETF / REIT / InvIT — not a company); 5% circuit band — cannot exit on bad news,not in the NSE equity master (ETF / REIT / InvIT — not a company); 5% circuit band — cannot exit on bad news
LIQUIDBETA,,,,1001.57,,0.051,0.001,3.5,512.5,5.0,0,0.0,4,4,,,False,False,2026-07-24,,,"not in the NSE equity master (ETF / REIT / InvIT — not a company); 5% circuit band — cannot exit on bad news; illiquid: Rs5 lakh median daily turnover (floor Rs50 lakh); only 3 trades/day median — one operator's book, not a market","not in the NSE equity master (ETF / REIT / InvIT — not a company); 5% circuit band — cannot exit on bad news; illiquid: Rs5 lakh median daily turnover (floor Rs50 lakh); only 3 trades/day median — one operator's book, not a market"
LIQUIDBETF,,,,1091.81,,24.215,12.759,143.0,221995.0,5.0,0,0.0,25,25,,,False,False,2026-07-24,,,"not in the NSE equity master (ETF / REIT / InvIT — not a company); 5% circuit band — cannot exit on bad news; only 143 trades/day median — one operator's book, not a market","not in the NSE equity master (ETF / REIT / InvIT — not a company); 5% circuit band — cannot exit on bad news; only 143 trades/day median — one operator's book, not a market"
LIQUIDCASE,,,,115.17,,180.83,143.068,13529.0,15730002.0,5.0,0,0.0,25,25,,,False,False,2026-07-24,,,not in the NSE equity master (ETF / REIT / InvIT — not a company); 5% circuit band — cannot exit on bad news,not in the NSE equity master (ETF / REIT / InvIT — not a company); 5% circuit band — cannot exit on bad news
LIQUIDETF,,,,1000.0,,13.849,4.71,258.0,138490.0,5.0,0,0.0,25,25,,,False,False,2026-07-24,,,"not in the NSE equity master (ETF / REIT / InvIT — not a company); 5% circuit band — cannot exit on bad news; only 258 trades/day median — one operator's book, not a market","not in the NSE equity master (ETF / REIT / InvIT — not a company); 5% circuit band — cannot exit on bad news; only 258 trades/day median — one operator's book, not a market"
LIQUIDIETF,,,,999.99,,49.777,17.338,245.0,497775.0,5.0,0,0.0,25,25,,,False,False,2026-07-24,,,"not in the NSE equity master (ETF / REIT / InvIT — not a company); 5% circuit band — cannot exit on bad news; only 245 trades/day median — one operator's book, not a market","not in the NSE equity master (ETF / REIT / InvIT — not a company); 5% circuit band — cannot exit on bad news; only 245 trades/day median — one operator's book, not a market"
LIQUIDPLUS,,,,1096.02,,35.202,8.588,291.0,321434.0,5.0,0,0.0,25,25,,,False,False,2026-07-24,,,"not in the NSE equity master (ETF / REIT / InvIT — not a company); 5% circuit band — cannot exit on bad news; only 291 trades/day median — one operator's book, not a market","not in the NSE equity master (ETF / REIT / InvIT — not a company); 5% circuit band — cannot exit on bad news; only 291 trades/day median — one operator's book, not a market"
LIQUIDSBI,,,,1000.0,,0.402,0.114,30.0,4022.0,5.0,0,0.0,25,25,,,False,False,2026-07-24,,,"not in the NSE equity master (ETF / REIT / InvIT — not a company); 5% circuit band — cannot exit on bad news; illiquid: Rs40 lakh median daily turnover (floor Rs50 lakh); only 30 trades/day median — one operator's book, not a market","not in the NSE equity master (ETF / REIT / InvIT — not a company); 5% circuit band — cannot exit on bad news; illiquid: Rs40 lakh median daily turnover (floor Rs50 lakh); only 30 trades/day median — one operator's book, not a market"
LIQUIDSHRI,,,,1114.54,,0.576,0.072,27.0,5182.0,5.0,0,0.0,25,25,,,False,False,2026-07-24,,,"not in the NSE equity master (ETF / REIT / InvIT — not a company); 5% circuit band — cannot exit on bad news; only 27 trades/day median — one operator's book, not a market","not in the NSE equity master (ETF / REIT / InvIT — not a company); 5% circuit band — cannot exit on bad news; only 27 trades/day median — one operator's book, not a market"
LLOYDSENGG,LLOYDS ENGINEERING WORKS LIMITED,EQ,,88.42,12932.0,98.125,49.753,37768.0,11456815.0,20.0,0,0.0,25,25,2016-07-18,3658.0,True,False,2026-07-24,,LT Stage I,"ASM LT Stage I — surveillance: 100% margin, no intraday, no pledging","ASM LT Stage I — surveillance: 100% margin, no intraday, no pledging"
LLOYDSENT,Lloyds Enterprises Limited,EQ,,78.04,11894.0,28.954,15.673,17755.0,3735593.0,20.0,0,0.0,25,25,2024-10-17,645.0,True,False,2026-07-24,,,"not penny/nano — too big on both arms: a Rs78 share of a Rs11,894 Cr company (the price arm's ceiling is Rs5,000 Cr — a cheap share is not a small company)",
LLOYDSME,Lloyds Metals And Energy Limited,EQ,,1940.5,109232.0,86.665,41.459,22636.0,475569.0,20.0,0,0.0,25,25,2023-07-17,1103.0,True,False,2026-07-24,,,not penny/nano — price >= Rs100 and mcap >= Rs1000 Cr,
LMW,LMW Limited,EQ,,15763.0,16840.0,3.803,1.706,1069.0,2360.0,20.0,0,0.0,25,25,1995-03-29,11440.0,False,False,2026-07-24,,,not penny/nano — price >= Rs100 and mcap >= Rs1000 Cr,
LODHA,Lodha Developers Limited,EQ,,1144.1,114290.0,278.745,78.812,57953.0,2428115.0,,0,0.0,25,25,2021-04-19,1922.0,False,False,2026-07-24,,,not penny/nano — price >= Rs100 and mcap >= Rs1000 Cr,
LORDSCHLO,Lords Chloro Alkali Limited,EQ,,149.05,,0.113,0.061,353.0,8302.0,20.0,0,0.0,25,25,2023-08-28,1061.0,False,False,2026-07-24,,,illiquid: Rs11 lakh median daily turnover (floor Rs50 lakh),illiquid: Rs11 lakh median daily turnover (floor Rs50 lakh)
LOTUSDEV,Sri Lotus Developers and Realty Limited,EQ,,180.39,7269.0,6.84,2.561,5616.0,490023.0,5.0,3,0.12,25,25,2025-08-06,352.0,True,False,2026-07-24,,,"5% circuit band — cannot exit on bad news; listed 352d ago — under a year of history, no trend to read","5% circuit band — cannot exit on bad news; listed 352d ago — under a year of history, no trend to read"
LOTUSEYE,Lotus Eye Hospital and Institute Limited,EQ,,119.06,,0.211,0.068,421.0,16845.0,20.0,0,0.0,25,25,2008-07-11,6587.0,False,False,2026-07-24,,LT Stage I,"ASM LT Stage I — surveillance: 100% margin, no intraday, no pledging; illiquid: Rs21 lakh median daily turnover (floor Rs50 lakh)","ASM LT Stage I — surveillance: 100% margin, no intraday, no pledging; illiquid: Rs21 lakh median daily turnover (floor Rs50 lakh)"
LOVABLE,Lovable Lingerie Limited,EQ,price,71.96,,0.091,0.036,417.0,12088.0,20.0,0,0.0,25,25,2011-03-24,5601.0,False,False,2026-07-24,,,illiquid: Rs9 lakh median daily turnover (floor Rs50 lakh),illiquid: Rs9 lakh median daily turnover (floor Rs50 lakh)
LOWVOL,,,,205.73,,0.007,0.0,8.0,356.5,20.0,0,0.0,24,24,,,False,False,2026-07-24,,,"not in the NSE equity master (ETF / REIT / InvIT — not a company); illiquid: Rs1 lakh median daily turnover (floor Rs50 lakh); only 8 trades/day median — one operator's book, not a market","not in the NSE equity master (ETF / REIT / InvIT — not a company); illiquid: Rs1 lakh median daily turnover (floor Rs50 lakh); only 8 trades/day median — one operator's book, not a market"
LOWVOL1,,,price,20.95,,1.867,0.095,198.0,882086.0,20.0,0,0.0,25,25,,,False,False,2026-07-24,,,"not in the NSE equity master (ETF / REIT / InvIT — not a company); only 198 trades/day median — one operator's book, not a market","not in the NSE equity master (ETF / REIT / InvIT — not a company); only 198 trades/day median — one operator's book, not a market"
LOWVOLIETF,,,price,22.08,,3.149,0.85,1076.0,1421564.0,20.0,0,0.0,25,25,,,False,False,2026-07-24,,,not in the NSE equity master (ETF / REIT / InvIT — not a company),not in the NSE equity master (ETF / REIT / InvIT — not a company)
LOYALTEX,Loyal Textile Mills Limited,EQ,,205.05,,0.004,0.0,19.0,177.0,10.0,0,0.0,15,15,2022-08-11,1443.0,False,False,2026-07-24,,,"illiquid: Rs0 lakh median daily turnover (floor Rs50 lakh); only 19 trades/day median — one operator's book, not a market","illiquid: Rs0 lakh median daily turnover (floor Rs50 lakh); only 19 trades/day median — one operator's book, not a market"
LPDC,Landmark Property Development Company Limited,EQ,price,6.1,,0.013,0.004,109.0,21046.0,10.0,0,0.0,25,25,2008-08-12,6555.0,False,False,2026-07-24,,,"illiquid: Rs1 lakh median daily turnover (floor Rs50 lakh); only 109 trades/day median — one operator's book, not a market","illiquid: Rs1 lakh median daily turnover (floor Rs50 lakh); only 109 trades/day median — one operator's book, not a market"
LT,Larsen & Toubro Limited,EQ,,3785.6,520796.0,684.035,442.417,124229.0,1744547.0,,0,0.0,25,25,2004-06-23,8066.0,False,False,2026-07-24,,,not penny/nano — price >= Rs100 and mcap >= Rs1000 Cr,
LTF,L&T Finance Limited,EQ,,302.4,81935.0,207.51,51.141,48368.0,6786268.0,,0,0.0,25,25,2011-08-12,5460.0,True,False,2026-07-24,,,not penny/nano — price >= Rs100 and mcap >= Rs1000 Cr,
LTFOODS,LT Foods Limited,EQ,,375.6,13166.0,15.719,8.17,17323.0,418503.0,20.0,0,0.0,25,25,2006-12-18,7158.0,True,False,2026-07-24,,,not penny/nano — price >= Rs100 and mcap >= Rs1000 Cr,
LTGILTBEES,,,price,29.86,,3.656,1.253,655.0,1226397.0,5.0,0,0.0,25,25,,,False,False,2026-07-24,,,not in the NSE equity master (ETF / REIT / InvIT — not a company); 5% circuit band — cannot exit on bad news,not in the NSE equity master (ETF / REIT / InvIT — not a company); 5% circuit band — cannot exit on bad news
LTGILTCASE,,,price,30.45,,0.255,0.034,228.0,83533.0,5.0,0,0.0,25,25,,,False,False,2026-07-24,,,"not in the NSE equity master (ETF / REIT / InvIT — not a company); 5% circuit band — cannot exit on bad news; illiquid: Rs26 lakh median daily turnover (floor Rs50 lakh); only 228 trades/day median — one operator's book, not a market","not in the NSE equity master (ETF / REIT / InvIT — not a company); 5% circuit band — cannot exit on bad news; illiquid: Rs26 lakh median daily turnover (floor Rs50 lakh); only 228 trades/day median — one operator's book, not a market"
LTM,LTM Limited,EQ,,4091.8,121379.0,163.632,43.961,36844.0,429761.0,,0,0.0,25,25,2016-07-21,3655.0,False,False,2026-07-24,,,not penny/nano — price >= Rs100 and mcap >= Rs1000 Cr,
LTTS,L&T Technology Services Limited,EQ,,3418.1,34008.0,37.654,20.048,20858.0,118170.0,20.0,0,0.0,25,25,2016-09-23,3591.0,True,False,2026-07-24,,,not penny/nano — price >= Rs100 and mcap >= Rs1000 Cr,
LUMAXIND,Lumax Industries Limited,EQ,,5142.0,4808.0,5.449,2.703,2211.0,10071.0,20.0,0,0.0,25,25,1995-09-06,11279.0,False,False,2026-07-24,,,not penny/nano — price >= Rs100 and mcap >= Rs1000 Cr,
LUMAXTECH,Lumax Auto Technologies Limited,EQ,,1465.8,10391.0,15.797,9.717,11614.0,105139.0,20.0,0,0.0,25,25,2007-01-16,7129.0,True,False,2026-07-24,,,not penny/nano — price >= Rs100 and mcap >= Rs1000 Cr,
LUPIN,Lupin Limited,EQ,,2370.5,108387.0,170.642,74.864,44611.0,719167.0,,0,0.0,25,25,2001-09-10,9083.0,True,False,2026-07-24,,,not penny/nano — price >= Rs100 and mcap >= Rs1000 Cr,
LUXIND,Lux Industries Limited,EQ,,1226.6,3689.0,3.015,1.533,2109.0,23342.0,10.0,0,0.0,25,25,2015-11-30,3889.0,False,False,2026-07-24,,,not penny/nano — price >= Rs100 and mcap >= Rs1000 Cr,
LXCHEM,Laxmi Organic Industries Limited,EQ,,182.28,4476.0,21.831,4.032,14402.0,1412841.0,20.0,0,0.0,25,25,2021-03-25,1947.0,True,False,2026-07-24,,,not penny/nano — price >= Rs100 and mcap >= Rs1000 Cr,
LYKALABS,Lyka Labs Limited,BE,price,74.83,,0.418,0.162,956.5,57925.5,5.0,0,0.0,8,8,1995-02-08,11489.0,False,False,2026-07-01,,,series BE (trade-to-trade / SME — not normal rolling settlement); 5% circuit band — cannot exit on bad news; illiquid: Rs42 lakh median daily turnover (floor Rs50 lakh),series BE (trade-to-trade / SME — not normal rolling settlement); 5% circuit band — cannot exit on bad news; illiquid: Rs42 lakh median daily turnover (floor Rs50 lakh)
LYPSAGEMS,,,price,4.63,,0.009,0.003,187.0,19640.0,,0,0.0,16,16,,,False,False,2026-07-13,,,"not in the NSE equity master (ETF / REIT / InvIT — not a company); GSM stage nan — exchange surveillance, periodic call auction; price Rs4.63 below the Rs5 floor (tick size ~1% of price; the spread eats the edge); illiquid: Rs1 lakh median daily turnover (floor Rs50 lakh); only 187 trades/day median — one operator's book, not a market","not in the NSE equity master (ETF / REIT / InvIT — not a company); GSM stage nan — exchange surveillance, periodic call auction; price Rs4.63 below the Rs5 floor (tick size ~1% of price; the spread eats the edge); illiquid: Rs1 lakh median daily turnover (floor Rs50 lakh); only 187 trades/day median — one operator's book, not a market"
M&M,Mahindra & Mahindra Limited,EQ,,3161.4,393129.0,760.496,515.37,115716.0,2414988.0,,0,0.0,25,25,1996-01-03,11160.0,False,False,2026-07-24,,,not penny/nano — price >= Rs100 and mcap >= Rs1000 Cr,
M&MFIN,Mahindra & Mahindra Financial Services Limited,EQ,,356.5,46432.0,101.197,31.942,54289.0,3182566.0,20.0,0,0.0,25,25,2006-03-17,7434.0,True,False,2026-07-24,,,not penny/nano — price >= Rs100 and mcap >= Rs1000 Cr,
MAANALU,Maan Aluminium Limited,EQ,mcap,114.86,689.0,0.528,0.31,852.0,44342.0,20.0,0,0.0,25,25,2007-10-22,6850.0,False,False,2026-07-24,,,,
MACPOWER,Macpower CNC Machines Limited,EQ,,1344.5,1345.0,1.888,0.809,1900.0,14791.0,20.0,0,0.0,25,25,2020-08-19,2165.0,False,False,2026-07-24,,ST Stage I,"ASM ST Stage I — surveillance: 100% margin, no intraday, no pledging","ASM ST Stage I — surveillance: 100% margin, no intraday, no pledging"
MADHAV,Madhav Marbles and Granites Limited,EQ,price,33.79,,0.01,0.001,52.0,2722.0,20.0,0,0.0,25,25,2007-12-20,6791.0,False,False,2026-07-24,,LT Stage I,"ASM LT Stage I — surveillance: 100% margin, no intraday, no pledging; illiquid: Rs1 lakh median daily turnover (floor Rs50 lakh); only 52 trades/day median — one operator's book, not a market","ASM LT Stage I — surveillance: 100% margin, no intraday, no pledging; illiquid: Rs1 lakh median daily turnover (floor Rs50 lakh); only 52 trades/day median — one operator's book, not a market"
MADHAVIPL,Madhav Infra Projects Limited,EQ,price,7.85,,0.091,0.045,346.0,109098.0,20.0,0,0.0,25,25,2026-04-20,95.0,False,False,2026-07-24,,,"listed 95d ago — under a year of history, no trend to read; illiquid: Rs9 lakh median daily turnover (floor Rs50 lakh)","listed 95d ago — under a year of history, no trend to read; illiquid: Rs9 lakh median daily turnover (floor Rs50 lakh)"
MADHUCON,Madhucon Projects Limited,BE,price,6.16,,0.038,0.038,145.0,60785.0,5.0,0,0.0,1,1,2006-10-05,7232.0,False,False,2026-06-19,,,"series BE (trade-to-trade / SME — not normal rolling settlement); 5% circuit band — cannot exit on bad news; illiquid: Rs4 lakh median daily turnover (floor Rs50 lakh); only 145 trades/day median — one operator's book, not a market","series BE (trade-to-trade / SME — not normal rolling settlement); 5% circuit band — cannot exit on bad news; illiquid: Rs4 lakh median daily turnover (floor Rs50 lakh); only 145 trades/day median — one operator's book, not a market"
MADRASFERT,Madras Fertilizers Limited,EQ,price,66.35,,0.439,0.188,1004.0,63567.0,20.0,0,0.0,25,25,1997-07-25,10591.0,False,False,2026-07-24,,,illiquid: Rs44 lakh median daily turnover (floor Rs50 lakh),illiquid: Rs44 lakh median daily turnover (floor Rs50 lakh)
MAFANG,,,,196.13,,1.815,0.717,436.0,94889.0,20.0,0,0.0,25,25,,,False,False,2026-07-24,,,not in the NSE equity master (ETF / REIT / InvIT — not a company),not in the NSE equity master (ETF / REIT / InvIT — not a company)
MAFATIND,Mafatlal Industries Limited,EQ,,132.9,,0.805,0.387,970.0,58408.0,20.0,0,0.0,25,25,2026-04-20,95.0,False,False,2026-07-24,,,"listed 95d ago — under a year of history, no trend to read","listed 95d ago — under a year of history, no trend to read"
MAGADSUGAR,Magadh Sugar & Energy Limited,EQ,mcap,493.85,696.0,0.684,0.136,729.0,13168.0,20.0,0,0.0,25,25,2017-07-28,3283.0,False,False,2026-07-24,,,,
MAGNUM,Magnum Ventures Limited,EQ,price,19.42,,0.027,0.006,90.0,13930.0,10.0,0,0.0,25,25,2007-09-20,6882.0,False,False,2026-07-24,,,"illiquid: Rs3 lakh median daily turnover (floor Rs50 lakh); only 90 trades/day median — one operator's book, not a market","illiquid: Rs3 lakh median daily turnover (floor Rs50 lakh); only 90 trades/day median — one operator's book, not a market"
MAHABANK,Bank of Maharashtra,EQ,,81.03,62325.0,111.311,57.133,52462.0,13776867.0,20.0,0,0.0,25,25,2004-04-12,8138.0,True,False,2026-07-24,,,"not penny/nano — too big on both arms: a Rs81 share of a Rs62,325 Cr company (the price arm's ceiling is Rs5,000 Cr — a cheap share is not a small company)",
MAHAPEXLTD,Maha Rashtra Apex Corporation Limited,EQ,price,43.53,,0.027,0.006,126.0,5969.0,20.0,0,0.0,25,25,1998-01-21,10411.0,False,False,2026-07-24,,,"illiquid: Rs3 lakh median daily turnover (floor Rs50 lakh); only 126 trades/day median — one operator's book, not a market","illiquid: Rs3 lakh median daily turnover (floor Rs50 lakh); only 126 trades/day median — one operator's book, not a market"
MAHASTEEL,Mahamaya Steel Industries Limited,EQ,,757.35,,0.446,0.109,298.5,5758.0,20.0,0,0.0,24,24,2016-07-01,3675.0,False,False,2026-07-24,,LT Stage I,"ASM LT Stage I — surveillance: 100% margin, no intraday, no pledging; illiquid: Rs45 lakh median daily turnover (floor Rs50 lakh); only 298 trades/day median — one operator's book, not a market","ASM LT Stage I — surveillance: 100% margin, no intraday, no pledging; illiquid: Rs45 lakh median daily turnover (floor Rs50 lakh); only 298 trades/day median — one operator's book, not a market"
MAHEPC,Mahindra EPC Irrigation Limited,EQ,,105.38,,0.463,0.155,832.0,40001.0,20.0,0,0.0,25,25,2020-02-14,2352.0,False,False,2026-07-24,,,illiquid: Rs46 lakh median daily turnover (floor Rs50 lakh),illiquid: Rs46 lakh median daily turnover (floor Rs50 lakh)
MAHKTECH,,,price,23.16,,0.894,0.276,500.0,406483.0,20.0,0,0.0,25,25,,,False,False,2026-07-24,,,not in the NSE equity master (ETF / REIT / InvIT — not a company),not in the NSE equity master (ETF / REIT / InvIT — not a company)
MAHLIFE,Mahindra Lifespace Developers Limited,EQ,,374.65,7993.0,6.46,2.284,9694.0,175895.0,20.0,0,0.0,25,25,2000-05-10,9571.0,False,False,2026-07-24,,,not penny/nano — price >= Rs100 and mcap >= Rs1000 Cr,
MAHLOG,Mahindra Logistics Limited,EQ,,416.35,4131.0,7.201,3.018,5674.0,182746.0,20.0,0,0.0,25,25,2017-11-10,3178.0,False,False,2026-07-24,,,not penny/nano — price >= Rs100 and mcap >= Rs1000 Cr,
MAHSCOOTER,Maharashtra Scooters Limited,EQ,,12672.0,14482.0,3.572,1.0,1052.0,2827.0,20.0,0,0.0,25,25,1995-02-08,11489.0,True,False,2026-07-24,,,not penny/nano — price >= Rs100 and mcap >= Rs1000 Cr,
MAHSEAMLES,Maharashtra Seamless Limited,EQ,,571.55,8174.0,4.196,1.784,5942.0,71662.0,20.0,0,0.0,25,25,2004-08-25,8003.0,True,False,2026-07-24,,,not penny/nano — price >= Rs100 and mcap >= Rs1000 Cr,
MAITHANALL,Maithan Alloys Limited,EQ,,959.3,2793.0,3.921,2.03,2671.0,38336.0,20.0,0,0.0,25,25,2011-07-05,5498.0,False,False,2026-07-24,,,not penny/nano — price >= Rs100 and mcap >= Rs1000 Cr,
MAJESAUT,Majestic Auto Limited,EQ,,422.8,,0.192,0.02,227.0,5362.0,20.0,0,0.0,25,25,2026-04-20,95.0,False,False,2026-07-24,,,"listed 95d ago — under a year of history, no trend to read; illiquid: Rs19 lakh median daily turnover (floor Rs50 lakh); only 227 trades/day median — one operator's book, not a market","listed 95d ago — under a year of history, no trend to read; illiquid: Rs19 lakh median daily turnover (floor Rs50 lakh); only 227 trades/day median — one operator's book, not a market"
MAKEINDIA,,,,161.52,,0.408,0.191,391.0,25286.0,20.0,0,0.0,25,25,,,False,False,2026-07-24,,,not in the NSE equity master (ETF / REIT / InvIT — not a company); illiquid: Rs41 lakh median daily turnover (floor Rs50 lakh),not in the NSE equity master (ETF / REIT / InvIT — not a company); illiquid: Rs41 lakh median daily turnover (floor Rs50 lakh)
MALLCOM,Mallcom (India) Limited,EQ,,1038.9,,0.262,0.102,379.0,2546.0,20.0,0,0.0,25,25,2022-02-02,1633.0,False,False,2026-07-24,,,illiquid: Rs26 lakh median daily turnover (floor Rs50 lakh),illiquid: Rs26 lakh median daily turnover (floor Rs50 lakh)
MALUPAPER,Malu Paper Mills Limited,EQ,price,35.68,,0.025,0.001,75.0,7940.0,20.0,0,0.0,25,25,2006-04-05,7415.0,False,False,2026-07-24,,,"illiquid: Rs2 lakh median daily turnover (floor Rs50 lakh); only 75 trades/day median — one operator's book, not a market","illiquid: Rs2 lakh median daily turnover (floor Rs50 lakh); only 75 trades/day median — one operator's book, not a market"
MAMATA,Mamata Machinery Limited,EQ,mcap,395.45,973.0,1.857,0.912,1627.0,46859.0,20.0,0,0.0,25,25,2024-12-27,574.0,False,False,2026-07-24,,,,
MANAKALUCO,Manaksia Aluminium Company Limited,EQ,price,35.23,,0.224,0.059,952.0,61402.0,20.0,0,0.0,25,25,2015-03-30,4134.0,False,False,2026-07-24,,,illiquid: Rs22 lakh median daily turnover (floor Rs50 lakh),illiquid: Rs22 lakh median daily turnover (floor Rs50 lakh)
MANAKCOAT,Manaksia Coated Metals & Industries Limited,EQ,,126.02,1344.0,4.773,1.153,3619.0,393109.0,20.0,0,0.0,25,25,2015-03-30,4134.0,False,False,2026-07-24,,,not penny/nano — price >= Rs100 and mcap >= Rs1000 Cr,
MANAKSIA,Manaksia Limited,EQ,price,55.82,,0.095,0.024,278.0,16537.0,20.0,0,0.0,25,25,2008-01-08,6772.0,False,False,2026-07-24,,,"illiquid: Rs10 lakh median daily turnover (floor Rs50 lakh); only 278 trades/day median — one operator's book, not a market","illiquid: Rs10 lakh median daily turnover (floor Rs50 lakh); only 278 trades/day median — one operator's book, not a market"
MANALIPETC,Manali Petrochemicals Limited,EQ,price,66.77,1148.0,1.746,0.664,2551.0,275460.0,20.0,0,0.0,25,25,2006-12-06,7170.0,False,False,2026-07-24,,,,
MANAPPURAM,Manappuram Finance Limited,EQ,,352.95,33154.0,99.399,45.387,43346.0,3051861.0,,0,0.0,25,25,2014-12-01,4253.0,True,False,2026-07-24,,,not penny/nano — price >= Rs100 and mcap >= Rs1000 Cr,
MANBA,Manba Finance Limited,EQ,mcap,138.21,694.0,2.006,0.729,1239.0,147835.0,20.0,0,0.0,25,25,2024-09-30,662.0,False,False,2026-07-24,,,,
MANCREDIT,Mangal Credit and Fincorp Limited,EQ,mcap,215.03,454.0,8.132,3.045,2816.0,344989.0,20.0,0,0.0,25,25,2024-08-16,707.0,False,False,2026-07-24,,,,
MANGALAM,Mangalam Drugs And Organics Limited,EQ,price,27.22,,0.072,0.028,193.0,25281.0,5.0,0,0.0,25,25,2005-05-23,7732.0,False,False,2026-07-24,,,"5% circuit band — cannot exit on bad news; illiquid: Rs7 lakh median daily turnover (floor Rs50 lakh); only 193 trades/day median — one operator's book, not a market","5% circuit band — cannot exit on bad news; illiquid: Rs7 lakh median daily turnover (floor Rs50 lakh); only 193 trades/day median — one operator's book, not a market"
MANGLMCEM,Mangalam Cement Limited,EQ,,984.05,2706.0,5.444,1.1,1941.0,56525.0,20.0,0,0.0,25,25,1996-01-03,11160.0,False,False,2026-07-24,,,not penny/nano — price >= Rs100 and mcap >= Rs1000 Cr,
MANINDS,Man Industries (India) Limited,EQ,,527.35,3956.0,11.089,4.855,6703.0,190555.0,20.0,0,0.0,25,25,2005-06-24,7700.0,False,False,2026-07-24,,,not penny/nano — price >= Rs100 and mcap >= Rs1000 Cr,
MANINFRA,Man Infraconstruction Limited,EQ,price,96.68,3903.0,12.946,2.807,5700.0,1225106.0,20.0,0,0.0,25,25,2010-03-11,5979.0,False,False,2026-07-24,,,,
MANKIND,Mankind Pharma Limited,EQ,,2507.2,104430.0,87.595,42.758,21847.0,344420.0,,0,0.0,25,25,2023-05-09,1172.0,True,False,2026-07-24,,,not penny/nano — price >= Rs100 and mcap >= Rs1000 Cr,
MANOMAY,Manomay Tex India Limited,EQ,,202.68,,0.265,0.003,429.0,14350.0,20.0,0,0.0,25,25,2023-01-18,1283.0,False,False,2026-07-24,,,illiquid: Rs26 lakh median daily turnover (floor Rs50 lakh),illiquid: Rs26 lakh median daily turnover (floor Rs50 lakh)
MANORAMA,Manorama Industries Limited,EQ,,1585.5,10008.0,24.863,8.088,11630.0,157161.0,20.0,0,0.0,25,25,2022-07-01,1484.0,True,False,2026-07-24,,,not penny/nano — price >= Rs100 and mcap >= Rs1000 Cr,
MANUFGBEES,,,,159.47,,0.057,0.012,76.0,3596.0,20.0,0,0.0,25,25,,,False,False,2026-07-24,,,"not in the NSE equity master (ETF / REIT / InvIT — not a company); illiquid: Rs6 lakh median daily turnover (floor Rs50 lakh); only 76 trades/day median — one operator's book, not a market","not in the NSE equity master (ETF / REIT / InvIT — not a company); illiquid: Rs6 lakh median daily turnover (floor Rs50 lakh); only 76 trades/day median — one operator's book, not a market"
MANYAVAR,Vedant Fashions Limited,EQ,,402.3,9746.0,6.134,2.23,9045.0,149421.0,20.0,0,0.0,25,25,2022-02-16,1619.0,True,False,2026-07-24,,,not penny/nano — price >= Rs100 and mcap >= Rs1000 Cr,
MAPMYINDIA,C.E. Info Systems Limited,EQ,,1117.1,5138.0,42.148,11.414,24472.0,399157.0,20.0,0,0.0,25,25,2021-12-21,1676.0,True,False,2026-07-24,,,not penny/nano — price >= Rs100 and mcap >= Rs1000 Cr,
MARATHON,Marathon Nextgen Realty Limited,EQ,,382.75,2581.0,2.327,0.964,2019.0,57572.0,20.0,0,0.0,25,25,2016-09-29,3585.0,False,False,2026-07-24,,,not penny/nano — price >= Rs100 and mcap >= Rs1000 Cr,
MARICO,Marico Limited,EQ,,855.6,108876.0,137.735,96.779,41510.0,1685066.0,,0,0.0,25,25,1996-05-01,11041.0,True,False,2026-07-24,,,not penny/nano — price >= Rs100 and mcap >= Rs1000 Cr,
MARINE,Marine Electricals (India) Limited,EQ,,254.8,3566.0,19.019,8.197,11916.0,678920.0,20.0,0,0.0,25,25,2020-12-02,2060.0,False,False,2026-07-24,,,not penny/nano — price >= Rs100 and mcap >= Rs1000 Cr,
MARKOLINES,Markolines Pavement Technologies Limited,EQ,mcap,175.85,390.0,8.149,1.553,4342.0,474768.0,20.0,0,0.0,25,25,2025-10-14,283.0,False,False,2026-07-24,,,"listed 283d ago — under a year of history, no trend to read","listed 283d ago — under a year of history, no trend to read"
MARKSANS,Marksans Pharma Limited,EQ,,246.3,11161.0,42.773,19.81,31307.0,1713848.0,20.0,0,0.0,25,25,2002-01-21,8950.0,True,False,2026-07-24,,,not penny/nano — price >= Rs100 and mcap >= Rs1000 Cr,
MARSONS,Marsons Limited,EQ,,109.92,1892.0,9.851,6.15,7834.0,847213.0,20.0,0,0.0,25,25,2026-03-13,133.0,False,False,2026-07-24,,,"listed 133d ago — under a year of history, no trend to read","listed 133d ago — under a year of history, no trend to read"
MARUTI,Maruti Suzuki India Limited,EQ,,13442.0,422620.0,554.179,298.64,62181.0,398558.0,,0,0.0,25,25,2003-07-09,8416.0,False,False,2026-07-24,,,not penny/nano — price >= Rs100 and mcap >= Rs1000 Cr,
MASFIN,MAS Financial Services Limited,EQ,,313.55,5689.0,2.976,1.322,5045.0,94230.0,20.0,0,0.0,25,25,2017-10-18,3201.0,False,False,2026-07-24,,,not penny/nano — price >= Rs100 and mcap >= Rs1000 Cr,
MASPTOP50,,,price,79.53,,0.456,0.132,213.0,58603.0,20.0,0,0.0,25,25,,,False,False,2026-07-24,,,"not in the NSE equity master (ETF / REIT / InvIT — not a company); illiquid: Rs46 lakh median daily turnover (floor Rs50 lakh); only 213 trades/day median — one operator's book, not a market","not in the NSE equity master (ETF / REIT / InvIT — not a company); illiquid: Rs46 lakh median daily turnover (floor Rs50 lakh); only 213 trades/day median — one operator's book, not a market"
MASTEK,Mastek Limited,EQ,,1690.9,5026.0,8.66,3.033,7141.0,53943.0,20.0,0,0.0,25,25,1995-05-10,11398.0,True,False,2026-07-24,,,not penny/nano — price >= Rs100 and mcap >= Rs1000 Cr,
MASTERTR,Master Trust Limited,EQ,price,84.71,1042.0,2.889,0.847,2314.0,343723.0,20.0,0,0.0,25,25,2024-11-12,619.0,False,False,2026-07-24,,,,
MATRIMONY,Matrimony.Com Limited,EQ,,426.05,,0.416,0.151,503.0,9907.0,20.0,0,0.0,25,25,2017-09-21,3228.0,False,False,2026-07-24,,,illiquid: Rs42 lakh median daily turnover (floor Rs50 lakh),illiquid: Rs42 lakh median daily turnover (floor Rs50 lakh)
MAXESTATES,Max Estates Limited,EQ,,387.15,6330.0,2.659,1.005,3088.0,68477.0,20.0,0,0.0,25,25,2023-10-30,998.0,False,False,2026-07-24,,,not penny/nano — price >= Rs100 and mcap >= Rs1000 Cr,
MAXHEALTH,Max Healthcare Institute Limited,EQ,,1080.4,105198.0,185.79,105.937,51846.0,1676994.0,,0,0.0,25,25,2020-08-21,2163.0,False,False,2026-07-24,,,not penny/nano — price >= Rs100 and mcap >= Rs1000 Cr,
MAXIND,Max India Limited,EQ,mcap,182.11,958.0,0.761,0.316,1051.0,48352.0,20.0,0,0.0,25,25,2020-08-28,2156.0,False,False,2026-07-24,,,,
MAYURUNIQ,Mayur Uniquoters Ltd,EQ,,788.65,3427.0,7.904,2.699,6195.0,96839.0,20.0,0,0.0,25,25,2012-09-25,5050.0,False,False,2026-07-24,,,not penny/nano — price >= Rs100 and mcap >= Rs1000 Cr,
MAZDA,Mazda Limited,BE,,238.63,,0.603,0.221,1026.0,25055.0,5.0,4,0.308,13,13,2016-11-01,3552.0,False,False,2026-07-08,,,series BE (trade-to-trade / SME — not normal rolling settlement); 5% circuit band — cannot exit on bad news; closed at circuit on 31% of sessions — a stop cannot fill in a locked market,series BE (trade-to-trade / SME — not normal rolling settlement); 5% circuit band — cannot exit on bad news; closed at circuit on 31% of sessions — a stop cannot fill in a locked market
MAZDOCK,Mazagon Dock Shipbuilders Limited,EQ,,2293.8,92521.0,192.773,75.377,33044.0,757008.0,,0,0.0,25,25,2020-10-12,2111.0,False,False,2026-07-24,,,not penny/nano — price >= Rs100 and mcap >= Rs1000 Cr,
MBAPL,Madhya Bharat Agro Products Limited,EQ,,148.25,6495.0,18.4,5.369,12683.0,1010038.0,20.0,1,0.04,25,25,2019-08-22,2528.0,False,False,2026-07-24,,,not penny/nano — price >= Rs100 and mcap >= Rs1000 Cr,
MBEL,M & B Engineering Limited,EQ,,296.3,1693.0,4.464,2.242,5924.0,138735.0,20.0,0,0.0,25,25,2025-08-06,352.0,False,False,2026-07-24,,,"listed 352d ago — under a year of history, no trend to read","listed 352d ago — under a year of history, no trend to read"
MCCHRLS-B,Mac Charles India Limited,EQ,,709.95,,0.008,0.0,12.0,106.0,20.0,0,0.0,25,25,2026-04-20,95.0,False,False,2026-07-24,0.0,,"GSM stage 0 — exchange surveillance, periodic call auction; listed 95d ago — under a year of history, no trend to read; illiquid: Rs1 lakh median daily turnover (floor Rs50 lakh); only 12 trades/day median — one operator's book, not a market","GSM stage 0 — exchange surveillance, periodic call auction; listed 95d ago — under a year of history, no trend to read; illiquid: Rs1 lakh median daily turnover (floor Rs50 lakh); only 12 trades/day median — one operator's book, not a market"
MCL,M TEK COPPER LIMITED,EQ,price,53.37,,0.139,0.072,637.0,24220.0,10.0,0,0.0,25,25,2020-08-19,2165.0,False,False,2026-07-24,,,illiquid: Rs14 lakh median daily turnover (floor Rs50 lakh),illiquid: Rs14 lakh median daily turnover (floor Rs50 lakh)
MCLOUD,Magellanic Cloud Limited,EQ,price,26.61,1569.0,17.567,4.655,13257.0,5893553.0,20.0,0,0.0,25,25,2025-02-07,532.0,False,False,2026-07-24,,,,
MCX,Multi Commodity Exchange of India Limited,EQ,,2730.0,71755.0,684.913,273.721,137271.0,2473000.0,,0,0.0,25,25,2012-03-09,5250.0,True,False,2026-07-24,,,not penny/nano — price >= Rs100 and mcap >= Rs1000 Cr,
MEDANTA,Global Health Limited,EQ,,1371.0,36317.0,20.528,4.497,15628.0,158633.0,20.0,0,0.0,25,25,2022-11-16,1346.0,True,False,2026-07-24,,,not penny/nano — price >= Rs100 and mcap >= Rs1000 Cr,
MEDIASSIST,Medi Assist Healthcare Services Limited,EQ,,340.05,2540.0,3.375,1.413,4908.0,95994.0,20.0,0,0.0,25,25,2024-01-23,913.0,False,False,2026-07-24,,,not penny/nano — price >= Rs100 and mcap >= Rs1000 Cr,
MEDICAMEQ,Medicamen Biotech Limited,EQ,,241.85,,0.507,0.171,684.0,20619.0,20.0,0,0.0,25,25,2021-10-27,1731.0,False,False,2026-07-24,,LT Stage I,"ASM LT Stage I — surveillance: 100% margin, no intraday, no pledging","ASM LT Stage I — surveillance: 100% margin, no intraday, no pledging"
MEDICO,Medico Remedies Limited,EQ,price,37.99,,0.192,0.08,513.0,49739.0,20.0,0,0.0,25,25,2022-05-26,1520.0,False,False,2026-07-24,,,illiquid: Rs19 lakh median daily turnover (floor Rs50 lakh),illiquid: Rs19 lakh median daily turnover (floor Rs50 lakh)
MEDPLUS,Medplus Health Services Limited,EQ,,720.55,9875.0,8.723,2.146,8523.0,106046.0,20.0,0,0.0,25,25,2021-12-23,1674.0,True,False,2026-07-24,,,not penny/nano — price >= Rs100 and mcap >= Rs1000 Cr,
MEESHO,Meesho Limited,EQ,,185.24,86286.0,242.516,85.324,102276.0,12508840.0,20.0,0,0.0,25,25,2025-12-10,226.0,True,False,2026-07-24,,,"listed 226d ago — under a year of history, no trend to read","listed 226d ago — under a year of history, no trend to read"
MEGASTAR,Megastar Foods Limited,EQ,mcap,340.8,385.0,2.122,0.131,1400.0,58508.0,20.0,0,0.0,25,25,2022-02-16,1619.0,False,False,2026-07-24,,LT Stage I,"ASM LT Stage I — surveillance: 100% margin, no intraday, no pledging","ASM LT Stage I — surveillance: 100% margin, no intraday, no pledging"
MENNPIS,Menon Pistons Limited,EQ,price,73.97,,0.834,0.049,1429.0,114763.0,20.0,0,0.0,25,25,2026-04-20,95.0,False,False,2026-07-24,,,"listed 95d ago — under a year of history, no trend to read","listed 95d ago — under a year of history, no trend to read"
MENONBE,Menon Bearings Limited,BE,,161.7,1198.0,2.838,1.601,3190.0,161840.0,5.0,0,0.0,5,5,2015-03-09,4155.0,False,False,2026-06-25,,,series BE (trade-to-trade / SME — not normal rolling settlement); 5% circuit band — cannot exit on bad news,series BE (trade-to-trade / SME — not normal rolling settlement); 5% circuit band — cannot exit on bad news
MERCANTILE,Mercantile Ventures Limited,EQ,price,24.52,,0.004,0.001,36.0,1818.0,20.0,0,0.0,25,25,2026-04-20,95.0,False,False,2026-07-24,,,"listed 95d ago — under a year of history, no trend to read; illiquid: Rs0 lakh median daily turnover (floor Rs50 lakh); only 36 trades/day median — one operator's book, not a market","listed 95d ago — under a year of history, no trend to read; illiquid: Rs0 lakh median daily turnover (floor Rs50 lakh); only 36 trades/day median — one operator's book, not a market"
METAL,,,price,12.53,,2.914,1.539,7183.0,2313384.0,20.0,0,0.0,25,25,,,False,False,2026-07-24,,,not in the NSE equity master (ETF / REIT / InvIT — not a company),not in the NSE equity master (ETF / REIT / InvIT — not a company)
METALIETF,,,price,12.5,,10.496,5.329,9554.0,8276136.0,20.0,0,0.0,25,25,,,False,False,2026-07-24,,,not in the NSE equity master (ETF / REIT / InvIT — not a company),not in the NSE equity master (ETF / REIT / InvIT — not a company)
METROBRAND,Metro Brands Limited,EQ,,1021.9,27853.0,4.503,1.154,5100.0,43420.0,20.0,0,0.0,25,25,2021-12-22,1675.0,False,False,2026-07-24,,,not penny/nano — price >= Rs100 and mcap >= Rs1000 Cr,
METROGLOBL,Metroglobal Limited,EQ,,129.79,,0.023,0.002,78.0,1726.0,20.0,0,0.0,25,25,2026-04-20,95.0,False,False,2026-07-24,,,"listed 95d ago — under a year of history, no trend to read; illiquid: Rs2 lakh median daily turnover (floor Rs50 lakh); only 78 trades/day median — one operator's book, not a market","listed 95d ago — under a year of history, no trend to read; illiquid: Rs2 lakh median daily turnover (floor Rs50 lakh); only 78 trades/day median — one operator's book, not a market"
METROPOLIS,Metropolis Healthcare Limited,EQ,,570.25,11823.0,10.985,4.856,12978.0,196999.0,20.0,0,0.0,25,25,2019-04-15,2657.0,True,False,2026-07-24,,,not penny/nano — price >= Rs100 and mcap >= Rs1000 Cr,
MFML,Mahalaxmi Fabric Mills Limited,EQ,price,18.75,,0.009,0.001,78.0,4024.0,20.0,0,0.0,25,25,2024-08-27,696.0,False,False,2026-07-24,,,"illiquid: Rs1 lakh median daily turnover (floor Rs50 lakh); only 78 trades/day median — one operator's book, not a market","illiquid: Rs1 lakh median daily turnover (floor Rs50 lakh); only 78 trades/day median — one operator's book, not a market"
MFSL,Max Financial Services Limited,EQ,,1515.5,55101.0,104.887,38.756,38677.0,640616.0,,0,0.0,25,25,2000-05-17,9564.0,True,False,2026-07-24,,,not penny/nano — price >= Rs100 and mcap >= Rs1000 Cr,
MGL,Mahanagar Gas Limited,EQ,,1077.0,11148.0,16.572,6.266,13133.0,146114.0,20.0,0,0.0,25,25,2016-07-01,3675.0,True,False,2026-07-24,,,not penny/nano — price >= Rs100 and mcap >= Rs1000 Cr,
MHLXMIRU,Mahalaxmi Rubtech Limited,EQ,,139.58,,0.241,0.036,276.0,17212.0,5.0,6,0.24,25,25,2022-01-27,1639.0,False,False,2026-07-24,,,"5% circuit band — cannot exit on bad news; illiquid: Rs24 lakh median daily turnover (floor Rs50 lakh); only 276 trades/day median — one operator's book, not a market; closed at circuit on 24% of sessions — a stop cannot fill in a locked market","5% circuit band — cannot exit on bad news; illiquid: Rs24 lakh median daily turnover (floor Rs50 lakh); only 276 trades/day median — one operator's book, not a market; closed at circuit on 24% of sessions — a stop cannot fill in a locked market"
MHRIL,Mahindra Holidays & Resorts India Limited,EQ,,218.85,4422.0,3.283,1.31,3440.0,136382.0,20.0,0,0.0,25,25,2009-07-16,6217.0,False,False,2026-07-24,,,not penny/nano — price >= Rs100 and mcap >= Rs1000 Cr,
MICEL,MIC Electronics Limited,BE,price,39.19,,1.784,1.549,2743.0,443552.0,5.0,0,0.0,9,9,2021-12-17,1680.0,False,False,2026-07-02,,,series BE (trade-to-trade / SME — not normal rolling settlement); 5% circuit band — cannot exit on bad news,series BE (trade-to-trade / SME — not normal rolling settlement); 5% circuit band — cannot exit on bad news
MID150,,,price,23.08,,0.109,0.032,180.0,47061.0,20.0,0,0.0,25,25,,,False,False,2026-07-24,,,"not in the NSE equity master (ETF / REIT / InvIT — not a company); illiquid: Rs11 lakh median daily turnover (floor Rs50 lakh); only 180 trades/day median — one operator's book, not a market","not in the NSE equity master (ETF / REIT / InvIT — not a company); illiquid: Rs11 lakh median daily turnover (floor Rs50 lakh); only 180 trades/day median — one operator's book, not a market"
MID150BEES,,,,234.83,,17.095,9.299,7607.0,715523.0,20.0,0,0.0,25,25,,,False,False,2026-07-24,,,not in the NSE equity master (ETF / REIT / InvIT — not a company),not in the NSE equity master (ETF / REIT / InvIT — not a company)
MID150CASE,,,price,11.42,,1.412,0.909,3517.0,1224094.0,20.0,0,0.0,25,25,,,False,False,2026-07-24,,,not in the NSE equity master (ETF / REIT / InvIT — not a company),not in the NSE equity master (ETF / REIT / InvIT — not a company)
MIDCAP,,,price,18.06,,0.729,0.299,817.0,397597.0,20.0,0,0.0,25,25,,,False,False,2026-07-24,,,not in the NSE equity master (ETF / REIT / InvIT — not a company),not in the NSE equity master (ETF / REIT / InvIT — not a company)
MIDCAPADD,,,price,22.78,,0.016,0.003,38.0,6830.0,20.0,0,0.0,25,25,,,False,False,2026-07-24,,,"not in the NSE equity master (ETF / REIT / InvIT — not a company); illiquid: Rs2 lakh median daily turnover (floor Rs50 lakh); only 38 trades/day median — one operator's book, not a market","not in the NSE equity master (ETF / REIT / InvIT — not a company); illiquid: Rs2 lakh median daily turnover (floor Rs50 lakh); only 38 trades/day median — one operator's book, not a market"
MIDCAPBETA,,,,227.86,,0.052,0.012,45.0,2216.0,20.0,0,0.0,25,25,,,False,False,2026-07-24,,,"not in the NSE equity master (ETF / REIT / InvIT — not a company); illiquid: Rs5 lakh median daily turnover (floor Rs50 lakh); only 45 trades/day median — one operator's book, not a market","not in the NSE equity master (ETF / REIT / InvIT — not a company); illiquid: Rs5 lakh median daily turnover (floor Rs50 lakh); only 45 trades/day median — one operator's book, not a market"
MIDCAPETF,,,price,23.19,,5.302,2.901,7626.0,2290157.0,20.0,0,0.0,25,25,,,False,False,2026-07-24,,,not in the NSE equity master (ETF / REIT / InvIT — not a company),not in the NSE equity master (ETF / REIT / InvIT — not a company)
MIDCAPIETF,,,price,23.52,,2.457,1.079,2591.0,1034954.0,20.0,0,0.0,25,25,,,False,False,2026-07-24,,,not in the NSE equity master (ETF / REIT / InvIT — not a company),not in the NSE equity master (ETF / REIT / InvIT — not a company)
MIDHANI,Mishra Dhatu Nigam Limited,EQ,,392.7,8015.0,23.073,12.096,13269.0,545440.0,20.0,0,0.0,25,25,2018-04-04,3033.0,True,False,2026-07-24,,,not penny/nano — price >= Rs100 and mcap >= Rs1000 Cr,
MIDQ50ADD,,,price,24.65,,0.086,0.026,131.0,18818.0,20.0,1,0.04,25,25,,,False,False,2026-07-24,,,"not in the NSE equity master (ETF / REIT / InvIT — not a company); illiquid: Rs9 lakh median daily turnover (floor Rs50 lakh); only 131 trades/day median — one operator's book, not a market","not in the NSE equity master (ETF / REIT / InvIT — not a company); illiquid: Rs9 lakh median daily turnover (floor Rs50 lakh); only 131 trades/day median — one operator's book, not a market"
MIDSELIETF,,,price,19.14,,0.492,0.161,735.0,254972.0,20.0,0,0.0,25,25,,,False,False,2026-07-24,,,not in the NSE equity master (ETF / REIT / InvIT — not a company); illiquid: Rs49 lakh median daily turnover (floor Rs50 lakh),not in the NSE equity master (ETF / REIT / InvIT — not a company); illiquid: Rs49 lakh median daily turnover (floor Rs50 lakh)
MIDSMALL,,,price,50.07,,1.305,0.754,953.0,257152.0,20.0,0,0.0,25,25,,,False,False,2026-07-24,,,not in the NSE equity master (ETF / REIT / InvIT — not a company),not in the NSE equity master (ETF / REIT / InvIT — not a company)
MIDWESTLTD,Midwest Limited,EQ,,1234.2,4463.0,1.677,0.581,1253.0,13070.0,10.0,0,0.0,25,25,2025-10-24,273.0,False,False,2026-07-24,,,"listed 273d ago — under a year of history, no trend to read","listed 273d ago — under a year of history, no trend to read"
MINDACORP,Minda Corporation Limited,EQ,,676.45,16811.0,22.34,5.632,17518.0,330070.0,20.0,0,0.0,25,25,2014-10-16,4299.0,True,False,2026-07-24,,,not penny/nano — price >= Rs100 and mcap >= Rs1000 Cr,
MINDTECK,Mindteck (India) Limited,EQ,mcap,195.04,623.0,1.465,0.473,1435.0,70821.0,20.0,0,0.0,25,25,2016-08-02,3643.0,False,False,2026-07-24,,,,
MIRZAINT,Mirza International Limited,EQ,price+mcap,35.06,485.0,1.0,0.33,1519.0,271431.0,20.0,0,0.0,25,25,1999-04-28,9949.0,False,False,2026-07-24,,,,
MITTAL,Mittal Life Style Limited,EQ,price,0.91,,0.033,0.007,257.0,345912.0,20.0,0,0.0,25,25,2020-04-29,2277.0,False,False,2026-07-24,,,"price Rs0.91 below the Rs5 floor (tick size ~1% of price; the spread eats the edge); illiquid: Rs3 lakh median daily turnover (floor Rs50 lakh); only 257 trades/day median — one operator's book, not a market","price Rs0.91 below the Rs5 floor (tick size ~1% of price; the spread eats the edge); illiquid: Rs3 lakh median daily turnover (floor Rs50 lakh); only 257 trades/day median — one operator's book, not a market"
MKPL,M K Proteins Limited,EQ,price,4.13,,0.061,0.026,408.0,128006.0,20.0,0,0.0,25,25,2023-06-13,1137.0,False,False,2026-07-24,,,price Rs4.13 below the Rs5 floor (tick size ~1% of price; the spread eats the edge); illiquid: Rs6 lakh median daily turnover (floor Rs50 lakh),price Rs4.13 below the Rs5 floor (tick size ~1% of price; the spread eats the edge); illiquid: Rs6 lakh median daily turnover (floor Rs50 lakh)
MMFL,MM Forgings Limited,EQ,,551.85,2664.0,6.583,1.073,4705.0,126620.0,20.0,0,0.0,25,25,2006-12-20,7156.0,False,False,2026-07-24,,,not penny/nano — price >= Rs100 and mcap >= Rs1000 Cr,
MMP,MMP Industries Limited,EQ,mcap,281.7,716.0,1.043,0.468,1328.0,36541.0,20.0,0,0.0,25,25,2020-01-09,2388.0,False,False,2026-07-24,,,,
MMTC,MMTC Limited,EQ,,61.52,9228.0,12.938,5.21,9923.0,1914669.0,20.0,0,0.0,25,25,2012-04-09,5219.0,True,False,2026-07-24,,,"not penny/nano — too big on both arms: a Rs62 share of a Rs9,228 Cr company (the price arm's ceiling is Rs5,000 Cr — a cheap share is not a small company)",
MNC,,,price,33.37,,0.187,0.037,318.0,56138.0,20.0,0,0.0,25,25,,,False,False,2026-07-24,,,not in the NSE equity master (ETF / REIT / InvIT — not a company); illiquid: Rs19 lakh median daily turnover (floor Rs50 lakh),not in the NSE equity master (ETF / REIT / InvIT — not a company); illiquid: Rs19 lakh median daily turnover (floor Rs50 lakh)
MOALPHA50,,,price,52.9,,0.027,0.001,55.0,5065.0,20.0,0,0.0,25,25,,,False,False,2026-07-24,,,"not in the NSE equity master (ETF / REIT / InvIT — not a company); illiquid: Rs3 lakh median daily turnover (floor Rs50 lakh); only 55 trades/day median — one operator's book, not a market","not in the NSE equity master (ETF / REIT / InvIT — not a company); illiquid: Rs3 lakh median daily turnover (floor Rs50 lakh); only 55 trades/day median — one operator's book, not a market"
MOBANK10,,,price,16.88,,0.038,0.012,93.0,21870.0,20.0,0,0.0,25,25,,,False,False,2026-07-24,,,"not in the NSE equity master (ETF / REIT / InvIT — not a company); illiquid: Rs4 lakh median daily turnover (floor Rs50 lakh); only 93 trades/day median — one operator's book, not a market","not in the NSE equity master (ETF / REIT / InvIT — not a company); illiquid: Rs4 lakh median daily turnover (floor Rs50 lakh); only 93 trades/day median — one operator's book, not a market"
MOBIKWIK,One Mobikwik Systems Limited,EQ,,201.02,1585.0,17.791,10.482,8081.0,893736.0,20.0,0,0.0,25,25,2024-12-18,583.0,False,False,2026-07-24,,,not penny/nano — price >= Rs100 and mcap >= Rs1000 Cr,
MOCAPITAL,,,price,52.81,,4.148,2.508,2957.0,740356.0,20.0,0,0.0,25,25,,,False,False,2026-07-24,,,not in the NSE equity master (ETF / REIT / InvIT — not a company),not in the NSE equity master (ETF / REIT / InvIT — not a company)
MODEFENCE,,,,102.55,,14.617,7.766,8477.0,1430841.0,20.0,0,0.0,25,25,,,False,False,2026-07-24,,,not in the NSE equity master (ETF / REIT / InvIT — not a company),not in the NSE equity master (ETF / REIT / InvIT — not a company)
MODIRUBBER,Modi Rubber Limited,EQ,,125.86,,0.02,0.003,47.0,1524.0,20.0,0,0.0,25,25,1996-02-07,11125.0,False,False,2026-07-24,,,"illiquid: Rs2 lakh median daily turnover (floor Rs50 lakh); only 47 trades/day median — one operator's book, not a market","illiquid: Rs2 lakh median daily turnover (floor Rs50 lakh); only 47 trades/day median — one operator's book, not a market"
MODIS,Modis Navnirman Limited,EQ,mcap,392.1,768.0,0.968,0.047,487.0,27570.0,20.0,0,0.0,25,25,2025-11-14,252.0,False,False,2026-07-24,,,"listed 252d ago — under a year of history, no trend to read","listed 252d ago — under a year of history, no trend to read"
MODTHREAD,Modern Threads (India) Limited,EQ,price,47.66,,0.004,0.0,24.0,861.0,10.0,2,0.08,25,25,1995-11-22,11202.0,False,False,2026-07-24,,,"illiquid: Rs0 lakh median daily turnover (floor Rs50 lakh); only 24 trades/day median — one operator's book, not a market","illiquid: Rs0 lakh median daily turnover (floor Rs50 lakh); only 24 trades/day median — one operator's book, not a market"
MOENERGY,,,price,39.06,,0.61,0.311,823.0,153596.0,20.0,0,0.0,25,25,,,False,False,2026-07-24,,,not in the NSE equity master (ETF / REIT / InvIT — not a company),not in the NSE equity master (ETF / REIT / InvIT — not a company)
MOGOLD,,,,141.15,,0.433,0.123,475.0,30873.0,20.0,0,0.0,25,25,,,False,False,2026-07-24,,,not in the NSE equity master (ETF / REIT / InvIT — not a company); illiquid: Rs43 lakh median daily turnover (floor Rs50 lakh),not in the NSE equity master (ETF / REIT / InvIT — not a company); illiquid: Rs43 lakh median daily turnover (floor Rs50 lakh)
MOGSEC,,,price,64.97,,0.02,0.002,96.0,3099.0,5.0,0,0.0,25,25,,,False,False,2026-07-24,,,"not in the NSE equity master (ETF / REIT / InvIT — not a company); 5% circuit band — cannot exit on bad news; illiquid: Rs2 lakh median daily turnover (floor Rs50 lakh); only 96 trades/day median — one operator's book, not a market","not in the NSE equity master (ETF / REIT / InvIT — not a company); 5% circuit band — cannot exit on bad news; illiquid: Rs2 lakh median daily turnover (floor Rs50 lakh); only 96 trades/day median — one operator's book, not a market"
MOHEALTH,,,price,50.24,,0.372,0.201,593.0,73059.0,20.0,0,0.0,25,25,,,False,False,2026-07-24,,,not in the NSE equity master (ETF / REIT / InvIT — not a company); illiquid: Rs37 lakh median daily turnover (floor Rs50 lakh),not in the NSE equity master (ETF / REIT / InvIT — not a company); illiquid: Rs37 lakh median daily turnover (floor Rs50 lakh)
MOHITIND,Mohit Industries Limited,EQ,price,23.0,,0.017,0.001,66.0,7024.0,20.0,0,0.0,25,25,2013-03-14,4880.0,False,False,2026-07-24,,LT Stage I,"ASM LT Stage I — surveillance: 100% margin, no intraday, no pledging; illiquid: Rs2 lakh median daily turnover (floor Rs50 lakh); only 66 trades/day median — one operator's book, not a market","ASM LT Stage I — surveillance: 100% margin, no intraday, no pledging; illiquid: Rs2 lakh median daily turnover (floor Rs50 lakh); only 66 trades/day median — one operator's book, not a market"
MOIL,MOIL Limited,EQ,,268.85,5742.0,9.663,4.184,8873.0,349178.0,20.0,0,0.0,25,25,2010-12-15,5700.0,True,False,2026-07-24,,,not penny/nano — price >= Rs100 and mcap >= Rs1000 Cr,
MOINFRA,,,price,60.46,,0.018,0.007,62.0,2943.0,20.0,0,0.0,25,25,,,False,False,2026-07-24,,,"not in the NSE equity master (ETF / REIT / InvIT — not a company); illiquid: Rs2 lakh median daily turnover (floor Rs50 lakh); only 62 trades/day median — one operator's book, not a market","not in the NSE equity master (ETF / REIT / InvIT — not a company); illiquid: Rs2 lakh median daily turnover (floor Rs50 lakh); only 62 trades/day median — one operator's book, not a market"
MOIPO,,,price,45.59,,0.024,0.001,40.0,5186.0,20.0,0,0.0,25,25,,,False,False,2026-07-24,,,"not in the NSE equity master (ETF / REIT / InvIT — not a company); illiquid: Rs2 lakh median daily turnover (floor Rs50 lakh); only 40 trades/day median — one operator's book, not a market","not in the NSE equity master (ETF / REIT / InvIT — not a company); illiquid: Rs2 lakh median daily turnover (floor Rs50 lakh); only 40 trades/day median — one operator's book, not a market"
MOKSH,Moksh Ornaments Limited,EQ,price,10.72,,0.083,0.018,187.0,74919.0,20.0,0,0.0,25,25,2021-05-21,1890.0,False,False,2026-07-24,,,"illiquid: Rs8 lakh median daily turnover (floor Rs50 lakh); only 187 trades/day median — one operator's book, not a market","illiquid: Rs8 lakh median daily turnover (floor Rs50 lakh); only 187 trades/day median — one operator's book, not a market"
MOL,Meghmani Organics Limited,EQ,price,54.46,1386.0,1.996,1.002,3011.0,402618.0,20.0,0,0.0,25,25,2021-08-18,1801.0,False,False,2026-07-24,,,,
MOLDTECH,Mold-Tek Technologies Limited,EQ,,134.68,,0.435,0.146,625.0,32336.0,20.0,0,0.0,25,25,2016-07-07,3669.0,False,False,2026-07-24,,,illiquid: Rs44 lakh median daily turnover (floor Rs50 lakh),illiquid: Rs44 lakh median daily turnover (floor Rs50 lakh)
MOLDTKPAC,Mold-Tek Packaging Limited,EQ,,727.45,2417.0,4.177,1.371,4204.0,59106.0,20.0,0,0.0,25,25,2015-02-23,4169.0,False,False,2026-07-24,,,not penny/nano — price >= Rs100 and mcap >= Rs1000 Cr,
MOLOWVOL,,,price,36.82,,0.03,0.001,33.0,8120.0,20.0,0,0.0,25,25,,,False,False,2026-07-24,,,"not in the NSE equity master (ETF / REIT / InvIT — not a company); illiquid: Rs3 lakh median daily turnover (floor Rs50 lakh); only 33 trades/day median — one operator's book, not a market","not in the NSE equity master (ETF / REIT / InvIT — not a company); illiquid: Rs3 lakh median daily turnover (floor Rs50 lakh); only 33 trades/day median — one operator's book, not a market"
MOM100,,,price,66.54,,2.144,1.329,2569.0,318597.0,20.0,0,0.0,25,25,,,False,False,2026-07-24,,,not in the NSE equity master (ETF / REIT / InvIT — not a company),not in the NSE equity master (ETF / REIT / InvIT — not a company)
MOM30IETF,,,price,30.59,,2.263,1.269,2029.0,724810.0,20.0,0,0.0,25,25,,,False,False,2026-07-24,,,not in the NSE equity master (ETF / REIT / InvIT — not a company),not in the NSE equity master (ETF / REIT / InvIT — not a company)
MOM50,,,,248.99,,0.111,0.042,128.0,4422.0,20.0,0,0.0,25,25,,,False,False,2026-07-24,,,"not in the NSE equity master (ETF / REIT / InvIT — not a company); illiquid: Rs11 lakh median daily turnover (floor Rs50 lakh); only 128 trades/day median — one operator's book, not a market","not in the NSE equity master (ETF / REIT / InvIT — not a company); illiquid: Rs11 lakh median daily turnover (floor Rs50 lakh); only 128 trades/day median — one operator's book, not a market"
MOMENTUM,,,price,30.38,,0.152,0.048,236.0,49480.0,20.0,0,0.0,25,25,,,False,False,2026-07-24,,,"not in the NSE equity master (ETF / REIT / InvIT — not a company); illiquid: Rs15 lakh median daily turnover (floor Rs50 lakh); only 236 trades/day median — one operator's book, not a market","not in the NSE equity master (ETF / REIT / InvIT — not a company); illiquid: Rs15 lakh median daily turnover (floor Rs50 lakh); only 236 trades/day median — one operator's book, not a market"
MOMENTUM30,,,price,30.17,,0.187,0.021,95.0,61333.0,20.0,0,0.0,25,25,,,False,False,2026-07-24,,,"not in the NSE equity master (ETF / REIT / InvIT — not a company); illiquid: Rs19 lakh median daily turnover (floor Rs50 lakh); only 95 trades/day median — one operator's book, not a market","not in the NSE equity master (ETF / REIT / InvIT — not a company); illiquid: Rs19 lakh median daily turnover (floor Rs50 lakh); only 95 trades/day median — one operator's book, not a market"
MOMENTUM50,,,price,51.9,,2.835,1.522,1707.0,538077.0,20.0,0,0.0,25,25,,,False,False,2026-07-24,,,not in the NSE equity master (ETF / REIT / InvIT — not a company),not in the NSE equity master (ETF / REIT / InvIT — not a company)
MOMGF,,,,158.72,,0.009,0.002,19.0,593.0,20.0,0,0.0,25,25,,,False,False,2026-07-24,,,"not in the NSE equity master (ETF / REIT / InvIT — not a company); illiquid: Rs1 lakh median daily turnover (floor Rs50 lakh); only 19 trades/day median — one operator's book, not a market","not in the NSE equity master (ETF / REIT / InvIT — not a company); illiquid: Rs1 lakh median daily turnover (floor Rs50 lakh); only 19 trades/day median — one operator's book, not a market"
MOMIDMTM,,,price,62.64,,0.578,0.224,335.0,91762.0,20.0,0,0.0,25,25,,,False,False,2026-07-24,,,not in the NSE equity master (ETF / REIT / InvIT — not a company),not in the NSE equity master (ETF / REIT / InvIT — not a company)
MOMMIDCAP,,,price,12.34,,1.096,0.64,242.0,891111.0,20.0,0,0.0,3,3,,,False,False,2026-07-24,,,"not in the NSE equity master (ETF / REIT / InvIT — not a company); only 242 trades/day median — one operator's book, not a market","not in the NSE equity master (ETF / REIT / InvIT — not a company); only 242 trades/day median — one operator's book, not a market"
MOMNC,,,price,32.27,,0.005,0.0,13.0,1589.0,20.0,0,0.0,25,25,,,False,False,2026-07-24,,,"not in the NSE equity master (ETF / REIT / InvIT — not a company); illiquid: Rs0 lakh median daily turnover (floor Rs50 lakh); only 13 trades/day median — one operator's book, not a market","not in the NSE equity master (ETF / REIT / InvIT — not a company); illiquid: Rs0 lakh median daily turnover (floor Rs50 lakh); only 13 trades/day median — one operator's book, not a market"
MOMOMENTUM,,,price,60.95,,0.295,0.17,392.0,47805.0,20.0,0,0.0,25,25,,,False,False,2026-07-24,,,not in the NSE equity master (ETF / REIT / InvIT — not a company); illiquid: Rs30 lakh median daily turnover (floor Rs50 lakh),not in the NSE equity master (ETF / REIT / InvIT — not a company); illiquid: Rs30 lakh median daily turnover (floor Rs50 lakh)
MON100,,,,328.15,,12.279,3.047,1413.0,380379.0,20.0,0,0.0,25,25,,,False,False,2026-07-24,,,not in the NSE equity master (ETF / REIT / InvIT — not a company),not in the NSE equity master (ETF / REIT / InvIT — not a company)
MON50EQUAL,,,price,33.04,,0.016,0.004,49.0,4870.0,20.0,0,0.0,25,25,,,False,False,2026-07-24,,,"not in the NSE equity master (ETF / REIT / InvIT — not a company); illiquid: Rs2 lakh median daily turnover (floor Rs50 lakh); only 49 trades/day median — one operator's book, not a market","not in the NSE equity master (ETF / REIT / InvIT — not a company); illiquid: Rs2 lakh median daily turnover (floor Rs50 lakh); only 49 trades/day median — one operator's book, not a market"
MONARCH,Monarch Networth Capital Limited,EQ,,357.75,2837.0,2.444,0.75,2112.0,71131.0,20.0,0,0.0,25,25,2022-01-06,1660.0,False,False,2026-07-24,,,not penny/nano — price >= Rs100 and mcap >= Rs1000 Cr,
MONEXT50,,,price,72.07,,0.032,0.003,58.0,4425.0,20.0,0,0.0,25,25,,,False,False,2026-07-24,,,"not in the NSE equity master (ETF / REIT / InvIT — not a company); illiquid: Rs3 lakh median daily turnover (floor Rs50 lakh); only 58 trades/day median — one operator's book, not a market","not in the NSE equity master (ETF / REIT / InvIT — not a company); illiquid: Rs3 lakh median daily turnover (floor Rs50 lakh); only 58 trades/day median — one operator's book, not a market"
MONEYBOXX,Moneyboxx Finance Limited,EQ,price,59.97,,0.116,0.052,353.0,16953.0,20.0,0,0.0,25,25,2025-10-15,282.0,False,False,2026-07-24,,,"listed 282d ago — under a year of history, no trend to read; illiquid: Rs12 lakh median daily turnover (floor Rs50 lakh)","listed 282d ago — under a year of history, no trend to read; illiquid: Rs12 lakh median daily turnover (floor Rs50 lakh)"
MONIFTY100,,,price,25.0,,0.051,0.008,59.0,20113.0,20.0,0,0.0,25,25,,,False,False,2026-07-24,,,"not in the NSE equity master (ETF / REIT / InvIT — not a company); illiquid: Rs5 lakh median daily turnover (floor Rs50 lakh); only 59 trades/day median — one operator's book, not a market","not in the NSE equity master (ETF / REIT / InvIT — not a company); illiquid: Rs5 lakh median daily turnover (floor Rs50 lakh); only 59 trades/day median — one operator's book, not a market"
MONIFTY500,,,price,23.51,,1.317,0.448,1463.0,549346.0,20.0,0,0.0,25,25,,,False,False,2026-07-24,,,not in the NSE equity master (ETF / REIT / InvIT — not a company),not in the NSE equity master (ETF / REIT / InvIT — not a company)
MONQ50,,,,142.45,,0.44,0.146,194.0,31313.0,20.0,0,0.0,25,25,,,False,False,2026-07-24,,,"not in the NSE equity master (ETF / REIT / InvIT — not a company); illiquid: Rs44 lakh median daily turnover (floor Rs50 lakh); only 194 trades/day median — one operator's book, not a market","not in the NSE equity master (ETF / REIT / InvIT — not a company); illiquid: Rs44 lakh median daily turnover (floor Rs50 lakh); only 194 trades/day median — one operator's book, not a market"
MONTECARLO,Monte Carlo Fashions Limited,EQ,,537.1,1114.0,1.107,0.528,1263.0,19862.0,20.0,0,0.0,25,25,2014-12-19,4235.0,False,False,2026-07-24,,,not penny/nano — price >= Rs100 and mcap >= Rs1000 Cr,
MOPSE,,,,101.0,,0.008,0.0,14.0,797.0,20.0,0,0.0,25,25,,,False,False,2026-07-24,,,"not in the NSE equity master (ETF / REIT / InvIT — not a company); illiquid: Rs1 lakh median daily turnover (floor Rs50 lakh); only 14 trades/day median — one operator's book, not a market","not in the NSE equity master (ETF / REIT / InvIT — not a company); illiquid: Rs1 lakh median daily turnover (floor Rs50 lakh); only 14 trades/day median — one operator's book, not a market"
MOQUALITY,,,,199.23,,0.036,0.002,23.0,1776.0,20.0,0,0.0,25,25,,,False,False,2026-07-24,,,"not in the NSE equity master (ETF / REIT / InvIT — not a company); illiquid: Rs4 lakh median daily turnover (floor Rs50 lakh); only 23 trades/day median — one operator's book, not a market","not in the NSE equity master (ETF / REIT / InvIT — not a company); illiquid: Rs4 lakh median daily turnover (floor Rs50 lakh); only 23 trades/day median — one operator's book, not a market"
MOREALTY,,,price,88.28,,6.959,3.042,3299.0,774528.0,20.0,0,0.0,25,25,,,False,False,2026-07-24,,,not in the NSE equity master (ETF / REIT / InvIT — not a company),not in the NSE equity master (ETF / REIT / InvIT — not a company)
MOREPENLAB,Morepen Laboratories Limited,EQ,price,53.8,2948.0,63.352,23.603,25836.0,10096836.0,20.0,0,0.0,25,25,1999-11-24,9739.0,False,False,2026-07-24,,,,
MOSCHIP,Moschip Technologies Limited,EQ,,231.79,4508.0,67.97,20.24,30071.0,2898405.0,20.0,0,0.0,25,25,2025-02-05,534.0,False,False,2026-07-24,,,not penny/nano — price >= Rs100 and mcap >= Rs1000 Cr,
MOSERVICE,,,price,30.57,,0.021,0.004,40.0,6758.0,20.0,0,0.0,25,25,,,False,False,2026-07-24,,,"not in the NSE equity master (ETF / REIT / InvIT — not a company); illiquid: Rs2 lakh median daily turnover (floor Rs50 lakh); only 40 trades/day median — one operator's book, not a market","not in the NSE equity master (ETF / REIT / InvIT — not a company); illiquid: Rs2 lakh median daily turnover (floor Rs50 lakh); only 40 trades/day median — one operator's book, not a market"
MOSILVER,,,,217.55,,1.619,0.525,1421.0,73781.0,20.0,0,0.0,25,25,,,False,False,2026-07-24,,,not in the NSE equity master (ETF / REIT / InvIT — not a company),not in the NSE equity master (ETF / REIT / InvIT — not a company)
MOSMALL250,,,price,17.66,,2.758,0.827,2671.0,1524395.0,20.0,0,0.0,25,25,,,False,False,2026-07-24,,,not in the NSE equity master (ETF / REIT / InvIT — not a company),not in the NSE equity master (ETF / REIT / InvIT — not a company)
MOTHERSON,Samvardhana Motherson International Limited,EQ,,145.55,153620.0,217.65,117.394,76320.0,14978250.0,,0,0.0,25,25,1996-08-14,10936.0,False,False,2026-07-24,,,not penny/nano — price >= Rs100 and mcap >= Rs1000 Cr,
MOTILALOFS,Motilal Oswal Financial Services Limited,EQ,,871.95,58309.0,60.62,25.752,24595.0,641164.0,,0,0.0,25,25,2007-09-11,6891.0,True,False,2026-07-24,,,not penny/nano — price >= Rs100 and mcap >= Rs1000 Cr,
MOTISONS,Motisons Jewellers Limited,EQ,price,14.17,1612.0,33.457,7.799,16303.0,23934643.0,20.0,0,0.0,25,25,2023-12-26,941.0,False,False,2026-07-24,,,,
MOTOUR,,,price,77.3,,0.37,0.079,287.0,46375.0,20.0,0,0.0,25,25,,,False,False,2026-07-24,,,"not in the NSE equity master (ETF / REIT / InvIT — not a company); illiquid: Rs37 lakh median daily turnover (floor Rs50 lakh); only 287 trades/day median — one operator's book, not a market","not in the NSE equity master (ETF / REIT / InvIT — not a company); illiquid: Rs37 lakh median daily turnover (floor Rs50 lakh); only 287 trades/day median — one operator's book, not a market"
MOVALUE,,,,112.7,,0.728,0.321,854.0,63459.0,20.0,0,0.0,25,25,,,False,False,2026-07-24,,,not in the NSE equity master (ETF / REIT / InvIT — not a company),not in the NSE equity master (ETF / REIT / InvIT — not a company)
MPHASIS,MphasiS Limited,EQ,,2288.1,43674.0,154.381,40.599,37007.0,662456.0,,0,0.0,25,25,2004-06-04,8085.0,True,False,2026-07-24,,,not penny/nano — price >= Rs100 and mcap >= Rs1000 Cr,
MPSLTD,MPS Limited,EQ,,2769.7,4738.0,4.106,0.915,2149.0,19675.0,20.0,1,0.04,25,25,2002-01-21,8950.0,False,False,2026-07-24,,ST Stage I,"ASM ST Stage I — surveillance: 100% margin, no intraday, no pledging","ASM ST Stage I — surveillance: 100% margin, no intraday, no pledging"
MRF,MRF Limited,EQ,,130755.0,57109.0,86.054,33.04,4314.0,6602.0,20.0,0,0.0,25,25,1996-09-18,10901.0,True,False,2026-07-24,,,not penny/nano — price >= Rs100 and mcap >= Rs1000 Cr,
MRPL,Mangalore Refinery and Petrochemicals Limited,EQ,,169.75,26322.0,88.747,26.952,39362.0,5718000.0,20.0,0,0.0,25,25,2005-01-07,7868.0,True,False,2026-07-24,,,not penny/nano — price >= Rs100 and mcap >= Rs1000 Cr,
MSCI360,,,price,9.99,,0.003,0.0,22.5,2696.0,20.0,0,0.0,24,24,,,False,False,2026-07-24,,,"not in the NSE equity master (ETF / REIT / InvIT — not a company); illiquid: Rs0 lakh median daily turnover (floor Rs50 lakh); only 22 trades/day median — one operator's book, not a market","not in the NSE equity master (ETF / REIT / InvIT — not a company); illiquid: Rs0 lakh median daily turnover (floor Rs50 lakh); only 22 trades/day median — one operator's book, not a market"
MSCIADD,,,price,29.06,,0.004,0.0,9.0,1431.0,20.0,0,0.0,24,24,,,False,False,2026-07-24,,,"not in the NSE equity master (ETF / REIT / InvIT — not a company); illiquid: Rs0 lakh median daily turnover (floor Rs50 lakh); only 9 trades/day median — one operator's book, not a market","not in the NSE equity master (ETF / REIT / InvIT — not a company); illiquid: Rs0 lakh median daily turnover (floor Rs50 lakh); only 9 trades/day median — one operator's book, not a market"
MSCIINDIA,,,price,29.41,,0.043,0.01,83.0,14330.0,20.0,0,0.0,25,25,,,False,False,2026-07-24,,,"not in the NSE equity master (ETF / REIT / InvIT — not a company); illiquid: Rs4 lakh median daily turnover (floor Rs50 lakh); only 83 trades/day median — one operator's book, not a market","not in the NSE equity master (ETF / REIT / InvIT — not a company); illiquid: Rs4 lakh median daily turnover (floor Rs50 lakh); only 83 trades/day median — one operator's book, not a market"
MSPL,MSP Steel & Power Limited,EQ,price,35.37,,3.028,0.925,3384.0,713081.0,5.0,1,0.04,25,25,2005-07-18,7676.0,False,False,2026-07-24,,,5% circuit band — cannot exit on bad news,5% circuit band — cannot exit on bad news
MSTCLTD,Mstc Limited,EQ,,607.2,5039.0,39.116,14.184,13660.0,599103.0,10.0,0,0.0,25,25,2019-03-29,2674.0,True,False,2026-07-24,,LT Stage I,"ASM LT Stage I — surveillance: 100% margin, no intraday, no pledging","ASM LT Stage I — surveillance: 100% margin, no intraday, no pledging"
MSUMI,Motherson Sumi Wiring India Limited,EQ,,40.11,26600.0,42.063,14.594,36310.0,10344629.0,20.0,0,0.0,25,25,2022-03-28,1579.0,True,False,2026-07-24,,,"not penny/nano — too big on both arms: a Rs40 share of a Rs26,600 Cr company (the price arm's ceiling is Rs5,000 Cr — a cheap share is not a small company)",
MTARTECH,Mtar Technologies Limited,BE,,7777.0,21635.0,1062.88,579.014,150625.0,1304747.0,5.0,0,0.0,4,4,2021-03-15,1957.0,True,False,2026-06-24,,LT Stage IV,"series BE (trade-to-trade / SME — not normal rolling settlement); ASM LT Stage IV — surveillance: 100% margin, no intraday, no pledging; 5% circuit band — cannot exit on bad news","series BE (trade-to-trade / SME — not normal rolling settlement); ASM LT Stage IV — surveillance: 100% margin, no intraday, no pledging; 5% circuit band — cannot exit on bad news"
MTNL,Mahanagar Telephone Nigam Limited,EQ,price,27.11,1708.0,2.72,1.299,3985.0,922900.0,20.0,0,0.0,25,25,1999-02-17,10019.0,False,False,2026-07-24,,,,
MUFIN,Mufin Green Finance Limited,EQ,,124.32,2464.0,10.908,5.259,4979.0,864832.0,20.0,0,0.0,25,25,2023-11-06,991.0,False,False,2026-07-24,,,not penny/nano — price >= Rs100 and mcap >= Rs1000 Cr,
MUFTI,Credo Brands Marketing Limited,EQ,price+mcap,82.92,544.0,0.622,0.233,1379.0,73288.0,20.0,0,0.0,25,25,2023-12-27,940.0,False,False,2026-07-24,,,,
MUKANDLTD,Mukand Limited,EQ,,138.4,2000.0,1.635,0.509,1826.0,113561.0,20.0,0,0.0,25,25,2004-02-23,8187.0,False,False,2026-07-24,,,not penny/nano — price >= Rs100 and mcap >= Rs1000 Cr,
MUKKA,Mukka Proteins Limited,EQ,price,22.94,,0.468,0.235,1003.0,201203.0,20.0,0,0.0,25,25,2024-03-07,869.0,False,False,2026-07-24,,,illiquid: Rs47 lakh median daily turnover (floor Rs50 lakh),illiquid: Rs47 lakh median daily turnover (floor Rs50 lakh)
MUKTAARTS,Mukta Arts Limited,BE,price,61.51,,0.116,0.08,245.0,17830.0,5.0,1,0.333,3,3,2000-09-12,9446.0,False,False,2026-06-23,,,"series BE (trade-to-trade / SME — not normal rolling settlement); 5% circuit band — cannot exit on bad news; illiquid: Rs12 lakh median daily turnover (floor Rs50 lakh); only 245 trades/day median — one operator's book, not a market; closed at circuit on 33% of sessions — a stop cannot fill in a locked market","series BE (trade-to-trade / SME — not normal rolling settlement); 5% circuit band — cannot exit on bad news; illiquid: Rs12 lakh median daily turnover (floor Rs50 lakh); only 245 trades/day median — one operator's book, not a market; closed at circuit on 33% of sessions — a stop cannot fill in a locked market"
MULTICAP,,,price,16.38,,0.258,0.128,520.0,156392.0,20.0,0,0.0,25,25,,,False,False,2026-07-24,,,not in the NSE equity master (ETF / REIT / InvIT — not a company); illiquid: Rs26 lakh median daily turnover (floor Rs50 lakh),not in the NSE equity master (ETF / REIT / InvIT — not a company); illiquid: Rs26 lakh median daily turnover (floor Rs50 lakh)
MUNJALAU,Munjal Auto Industries Limited,EQ,price+mcap,99.77,998.0,3.525,0.805,3966.0,333817.0,20.0,0,0.0,25,25,2006-07-19,7310.0,False,False,2026-07-24,,,,
MUNJALSHOW,Munjal Showa Limited,EQ,,135.82,,0.375,0.092,574.0,28554.0,20.0,0,0.0,25,25,2003-05-12,8474.0,False,False,2026-07-24,,,illiquid: Rs38 lakh median daily turnover (floor Rs50 lakh),illiquid: Rs38 lakh median daily turnover (floor Rs50 lakh)
MURUDCERA,Murudeshwar Ceramics Limited,EQ,price,30.4,,0.048,0.008,222.0,15533.0,20.0,0,0.0,25,25,2004-05-28,8092.0,False,False,2026-07-24,,,"illiquid: Rs5 lakh median daily turnover (floor Rs50 lakh); only 222 trades/day median — one operator's book, not a market","illiquid: Rs5 lakh median daily turnover (floor Rs50 lakh); only 222 trades/day median — one operator's book, not a market"
MUTHOOTCAP,Muthoot Capital Services Limited,EQ,,213.77,,0.383,0.148,602.0,18022.0,20.0,0,0.0,25,25,2015-08-24,3987.0,False,False,2026-07-24,,,illiquid: Rs38 lakh median daily turnover (floor Rs50 lakh),illiquid: Rs38 lakh median daily turnover (floor Rs50 lakh)
MUTHOOTFIN,Muthoot Finance Limited,EQ,,2986.7,119907.0,262.553,79.328,49374.0,842062.0,,0,0.0,25,25,2011-05-06,5558.0,False,False,2026-07-24,,,not penny/nano — price >= Rs100 and mcap >= Rs1000 Cr,
MUTHOOTMF,Muthoot Microfin Limited,EQ,,250.11,4264.0,9.923,3.18,7455.0,427922.0,20.0,0,0.0,25,25,2023-12-26,941.0,False,False,2026-07-24,,,not penny/nano — price >= Rs100 and mcap >= Rs1000 Cr,
MVGJL,Manoj Vaibhav Gems N Jewellers Limited,EQ,mcap,155.76,761.0,0.946,0.275,1576.0,61225.0,20.0,0,0.0,25,25,2023-10-03,1025.0,False,False,2026-07-24,,,,
MWL,Mangalam Worldwide Limited,EQ,price,36.0,,1.388,0.416,1144.0,120588.0,20.0,1,0.04,25,25,2025-09-18,309.0,False,False,2026-07-24,,,"listed 309d ago — under a year of history, no trend to read","listed 309d ago — under a year of history, no trend to read"
NACLIND,NACL Industries Limited,EQ,,196.8,4610.0,42.08,10.294,27687.0,1984256.0,20.0,0,0.0,25,25,2017-04-07,3395.0,False,False,2026-07-24,,,not penny/nano — price >= Rs100 and mcap >= Rs1000 Cr,
NAGREEKEXP,Nagreeka Exports Limited,EQ,price,23.14,,0.015,0.002,85.0,6279.0,20.0,0,0.0,25,25,2007-06-18,6976.0,False,False,2026-07-24,,,"illiquid: Rs2 lakh median daily turnover (floor Rs50 lakh); only 85 trades/day median — one operator's book, not a market","illiquid: Rs2 lakh median daily turnover (floor Rs50 lakh); only 85 trades/day median — one operator's book, not a market"
NAHARCAP,Nahar Capital and Financial Services Limited,EQ,,245.33,,0.029,0.002,40.0,1161.0,20.0,0,0.0,25,25,2008-03-11,6709.0,False,False,2026-07-24,,,"illiquid: Rs3 lakh median daily turnover (floor Rs50 lakh); only 40 trades/day median — one operator's book, not a market","illiquid: Rs3 lakh median daily turnover (floor Rs50 lakh); only 40 trades/day median — one operator's book, not a market"
NAHARINDUS,Nahar Industrial Enterprises Limited,EQ,,116.64,,0.108,0.039,228.0,9186.0,20.0,0,0.0,25,25,2005-12-15,7526.0,False,False,2026-07-24,,,"illiquid: Rs11 lakh median daily turnover (floor Rs50 lakh); only 228 trades/day median — one operator's book, not a market","illiquid: Rs11 lakh median daily turnover (floor Rs50 lakh); only 228 trades/day median — one operator's book, not a market"
NAHARPOLY,Nahar Poly Films Limited,EQ,,273.8,,0.162,0.033,297.0,6387.0,20.0,0,0.0,25,25,2007-03-23,7063.0,False,False,2026-07-24,,,"illiquid: Rs16 lakh median daily turnover (floor Rs50 lakh); only 297 trades/day median — one operator's book, not a market","illiquid: Rs16 lakh median daily turnover (floor Rs50 lakh); only 297 trades/day median — one operator's book, not a market"
NAM-INDIA,Nippon Life India Asset Management Limited,EQ,,1112.5,71122.0,87.847,46.256,33553.0,739315.0,,0,0.0,25,25,2017-11-06,3182.0,True,False,2026-07-24,,,not penny/nano — price >= Rs100 and mcap >= Rs1000 Cr,
NARMADA,Narmada Agrobase Limited,EQ,price+mcap,34.92,132.0,2.526,0.691,3593.0,690098.0,20.0,0,0.0,25,25,2022-10-27,1366.0,False,False,2026-07-24,,,,
NATCAPSUQ,Natural Capsules Limited,EQ,,148.86,,0.066,0.009,127.0,4605.0,20.0,0,0.0,25,25,2025-02-14,525.0,False,False,2026-07-24,,,"illiquid: Rs7 lakh median daily turnover (floor Rs50 lakh); only 127 trades/day median — one operator's book, not a market","illiquid: Rs7 lakh median daily turnover (floor Rs50 lakh); only 127 trades/day median — one operator's book, not a market"
NATCOPHARM,Natco Pharma Limited,EQ,,921.45,16682.0,42.762,19.442,26573.0,439500.0,20.0,0,0.0,25,25,1995-12-27,11167.0,True,False,2026-07-24,,,not penny/nano — price >= Rs100 and mcap >= Rs1000 Cr,
NATHBIOGEN,Nath Bio-Genes (India) Limited,EQ,,161.13,,0.158,0.068,381.0,9752.0,20.0,0,0.0,25,25,2014-01-28,4560.0,False,False,2026-07-24,,,illiquid: Rs16 lakh median daily turnover (floor Rs50 lakh),illiquid: Rs16 lakh median daily turnover (floor Rs50 lakh)
NATIONALUM,National Aluminium Company Limited,EQ,,343.9,63841.0,274.918,77.221,79687.0,7761158.0,,0,0.0,25,25,1999-04-28,9949.0,True,False,2026-07-24,,,not penny/nano — price >= Rs100 and mcap >= Rs1000 Cr,
NATIONSTD,National Standard (India) Limited,EQ,,320.2,,0.066,0.0,140.0,1545.0,5.0,19,0.76,25,25,2026-04-20,95.0,False,False,2026-07-24,,LT Stage I,"ASM LT Stage I — surveillance: 100% margin, no intraday, no pledging; 5% circuit band — cannot exit on bad news; listed 95d ago — under a year of history, no trend to read; illiquid: Rs7 lakh median daily turnover (floor Rs50 lakh); only 140 trades/day median — one operator's book, not a market; closed at circuit on 76% of sessions — a stop cannot fill in a locked market","ASM LT Stage I — surveillance: 100% margin, no intraday, no pledging; 5% circuit band — cannot exit on bad news; listed 95d ago — under a year of history, no trend to read; illiquid: Rs7 lakh median daily turnover (floor Rs50 lakh); only 140 trades/day median — one operator's book, not a market; closed at circuit on 76% of sessions — a stop cannot fill in a locked market"
NAUKRI,Info Edge (India) Limited,EQ,,1165.5,75573.0,206.66,84.451,53953.0,1736169.0,,0,0.0,25,25,2006-11-21,7185.0,True,False,2026-07-24,,,not penny/nano — price >= Rs100 and mcap >= Rs1000 Cr,
NAVA,NAVA LIMITED,EQ,,554.8,17628.0,12.366,6.742,9897.0,207715.0,20.0,0,0.0,25,25,1996-04-03,11069.0,True,False,2026-07-24,,,not penny/nano — price >= Rs100 and mcap >= Rs1000 Cr,
NAVINFLUOR,Navin Fluorine International Limited,EQ,,7520.0,38582.0,82.628,42.07,18790.0,107696.0,20.0,0,0.0,25,25,2007-06-01,6993.0,True,False,2026-07-24,,,not penny/nano — price >= Rs100 and mcap >= Rs1000 Cr,
NAVKARCORP,Navkar Corporation Limited,EQ,,102.15,1538.0,6.71,2.12,5764.0,647695.0,20.0,0,0.0,25,25,2015-09-09,3971.0,False,False,2026-07-24,,,not penny/nano — price >= Rs100 and mcap >= Rs1000 Cr,
NAVNETEDUL,Navneet Education Limited,EQ,,143.97,3185.0,2.501,0.702,2558.0,178360.0,20.0,0,0.0,25,25,1995-02-08,11489.0,False,False,2026-07-24,,,not penny/nano — price >= Rs100 and mcap >= Rs1000 Cr,
NAZARA,Nazara Technologies Limited,EQ,,302.3,11199.0,51.413,29.05,16544.0,1686418.0,20.0,0,0.0,25,25,2021-03-30,1942.0,True,False,2026-07-24,,,not penny/nano — price >= Rs100 and mcap >= Rs1000 Cr,
NBCC,NBCC (India) Limited,EQ,,93.84,25337.0,94.573,52.023,38341.0,9576877.0,,0,0.0,25,25,2012-04-12,5216.0,True,False,2026-07-24,,,"not penny/nano — too big on both arms: a Rs94 share of a Rs25,337 Cr company (the price arm's ceiling is Rs5,000 Cr — a cheap share is not a small company)",
NBIFIN,N. B. I. Industrial Finance Company Limited,EQ,,2216.5,,0.079,0.014,75.0,411.0,20.0,1,0.04,25,25,2016-11-23,3530.0,False,False,2026-07-24,,,"illiquid: Rs8 lakh median daily turnover (floor Rs50 lakh); only 75 trades/day median — one operator's book, not a market","illiquid: Rs8 lakh median daily turnover (floor Rs50 lakh); only 75 trades/day median — one operator's book, not a market"
NCC,NCC Limited,EQ,,137.09,9387.0,22.542,11.816,18493.0,1492604.0,20.0,0,0.0,25,25,2003-10-14,8319.0,True,False,2026-07-24,,,not penny/nano — price >= Rs100 and mcap >= Rs1000 Cr,
NCLIND,NCL Industries Limited,EQ,mcap,184.67,835.0,0.834,0.187,1147.0,43933.0,20.0,0,0.0,25,25,2007-04-03,7052.0,False,False,2026-07-24,,,,
NDGL,Naga Dhunseri Group Limited,EQ,,2774.5,,0.039,0.0,35.0,142.0,20.0,0,0.0,25,25,2016-08-29,3616.0,False,False,2026-07-24,,,"illiquid: Rs4 lakh median daily turnover (floor Rs50 lakh); only 35 trades/day median — one operator's book, not a market","illiquid: Rs4 lakh median daily turnover (floor Rs50 lakh); only 35 trades/day median — one operator's book, not a market"
NDL,Nandan Denim Limited,EQ,price,2.31,,0.208,0.085,994.0,858373.0,20.0,0,0.0,25,25,2012-03-23,5236.0,False,False,2026-07-24,,,price Rs2.31 below the Rs5 floor (tick size ~1% of price; the spread eats the edge); illiquid: Rs21 lakh median daily turnover (floor Rs50 lakh),price Rs2.31 below the Rs5 floor (tick size ~1% of price; the spread eats the edge); illiquid: Rs21 lakh median daily turnover (floor Rs50 lakh)
NDLVENTURE,NDL Ventures Limited,EQ,,125.06,,0.182,0.049,241.0,14032.0,20.0,0,0.0,25,25,2007-04-24,7031.0,False,False,2026-07-24,,,"illiquid: Rs18 lakh median daily turnover (floor Rs50 lakh); only 241 trades/day median — one operator's book, not a market","illiquid: Rs18 lakh median daily turnover (floor Rs50 lakh); only 241 trades/day median — one operator's book, not a market"
NDRAUTO,Ndr Auto Components Limited,EQ,,812.75,1933.0,1.56,0.43,1437.0,18732.0,20.0,0,0.0,25,25,2020-07-30,2185.0,False,False,2026-07-24,,,not penny/nano — price >= Rs100 and mcap >= Rs1000 Cr,
NDTV,New Delhi Television Limited,EQ,price+mcap,76.66,865.0,1.324,0.642,1511.0,161045.0,20.0,0,0.0,25,25,2004-05-19,8101.0,False,False,2026-07-24,,,,
NEAGI,Neelamalai Agro Industries Limited,EQ,,3035.1,,0.003,0.0,2.0,8.0,5.0,1,0.05,20,20,2026-04-20,95.0,False,False,2026-07-24,,,"5% circuit band — cannot exit on bad news; listed 95d ago — under a year of history, no trend to read; illiquid: Rs0 lakh median daily turnover (floor Rs50 lakh); only 2 trades/day median — one operator's book, not a market","5% circuit band — cannot exit on bad news; listed 95d ago — under a year of history, no trend to read; illiquid: Rs0 lakh median daily turnover (floor Rs50 lakh); only 2 trades/day median — one operator's book, not a market"
NECCLTD,North Eastern Carrying Corporation Limited,BE,price,17.11,,0.13,0.045,393.0,76751.0,5.0,1,0.111,9,9,2016-03-02,3796.0,False,False,2026-07-02,,,series BE (trade-to-trade / SME — not normal rolling settlement); 5% circuit band — cannot exit on bad news; illiquid: Rs13 lakh median daily turnover (floor Rs50 lakh),series BE (trade-to-trade / SME — not normal rolling settlement); 5% circuit band — cannot exit on bad news; illiquid: Rs13 lakh median daily turnover (floor Rs50 lakh)
NELCAST,Nelcast Limited,EQ,,134.47,1170.0,2.105,0.839,2769.0,153635.0,20.0,0,0.0,25,25,2007-06-27,6967.0,False,False,2026-07-24,,,not penny/nano — price >= Rs100 and mcap >= Rs1000 Cr,
NELCO,NELCO Limited,EQ,,932.8,2129.0,21.652,8.575,11190.0,239775.0,20.0,0,0.0,25,25,2003-05-28,8458.0,False,False,2026-07-24,,,not penny/nano — price >= Rs100 and mcap >= Rs1000 Cr,
NEOGEN,Neogen Chemicals Limited,EQ,,2062.8,5648.0,12.024,6.734,11699.0,60031.0,20.0,0,0.0,25,25,2019-05-08,2634.0,True,False,2026-07-24,,,not penny/nano — price >= Rs100 and mcap >= Rs1000 Cr,
NEPHROPLUS,Nephrocare Health Services Limited,EQ,,673.1,6767.0,9.342,3.094,11013.0,141557.0,20.0,0,0.0,25,25,2025-12-17,219.0,False,False,2026-07-24,,,"listed 219d ago — under a year of history, no trend to read","listed 219d ago — under a year of history, no trend to read"
NESCO,Nesco Limited,EQ,,1055.9,7927.0,5.254,1.847,4937.0,48429.0,20.0,0,0.0,25,25,2008-04-08,6681.0,True,False,2026-07-24,,,not penny/nano — price >= Rs100 and mcap >= Rs1000 Cr,
NESTLEIND,Nestle India Limited,EQ,,1443.5,278352.0,258.35,168.107,59677.0,1811724.0,,0,0.0,25,25,2023-08-01,1088.0,False,False,2026-07-24,,,not penny/nano — price >= Rs100 and mcap >= Rs1000 Cr,
NETF,,,,258.92,,0.057,0.02,137.0,2193.0,20.0,0,0.0,25,25,,,False,False,2026-07-24,,,"not in the NSE equity master (ETF / REIT / InvIT — not a company); illiquid: Rs6 lakh median daily turnover (floor Rs50 lakh); only 137 trades/day median — one operator's book, not a market","not in the NSE equity master (ETF / REIT / InvIT — not a company); illiquid: Rs6 lakh median daily turnover (floor Rs50 lakh); only 137 trades/day median — one operator's book, not a market"
NETWEB,Netweb Technologies India Limited,EQ,,4156.0,23665.0,415.138,157.5,79089.0,962104.0,20.0,0,0.0,25,25,2023-07-27,1093.0,True,False,2026-07-24,,,not penny/nano — price >= Rs100 and mcap >= Rs1000 Cr,
NETWORK18,Network18 Media & Investments Limited,EQ,price,28.62,4413.0,11.136,6.786,9538.0,3592255.0,20.0,0,0.0,25,25,2007-02-02,7112.0,True,False,2026-07-24,,,,
NEULANDLAB,Neuland Laboratories Limited,EQ,,18546.0,24305.0,62.778,20.887,12005.0,34026.0,20.0,0,0.0,25,25,2008-10-13,6493.0,True,False,2026-07-24,,,not penny/nano — price >= Rs100 and mcap >= Rs1000 Cr,
NEWGEN,Newgen Software Technologies Limited,EQ,,505.7,6868.0,53.711,17.016,26465.0,1070527.0,20.0,0,0.0,25,25,2018-01-29,3098.0,True,False,2026-07-24,,,not penny/nano — price >= Rs100 and mcap >= Rs1000 Cr,
NEXT30ADD,,,price,42.05,,0.02,0.005,55.0,4818.0,20.0,0,0.0,25,25,,,False,False,2026-07-24,,,"not in the NSE equity master (ETF / REIT / InvIT — not a company); illiquid: Rs2 lakh median daily turnover (floor Rs50 lakh); only 55 trades/day median — one operator's book, not a market","not in the NSE equity master (ETF / REIT / InvIT — not a company); illiquid: Rs2 lakh median daily turnover (floor Rs50 lakh); only 55 trades/day median — one operator's book, not a market"
NEXT50,,,,740.35,,1.71,0.857,906.0,22931.0,20.0,0,0.0,25,25,,,False,False,2026-07-24,,,not in the NSE equity master (ETF / REIT / InvIT — not a company),not in the NSE equity master (ETF / REIT / InvIT — not a company)
NEXT50ADD,,,price,72.24,,0.017,0.005,33.0,2355.0,20.0,0,0.0,25,25,,,False,False,2026-07-24,,,"not in the NSE equity master (ETF / REIT / InvIT — not a company); illiquid: Rs2 lakh median daily turnover (floor Rs50 lakh); only 33 trades/day median — one operator's book, not a market","not in the NSE equity master (ETF / REIT / InvIT — not a company); illiquid: Rs2 lakh median daily turnover (floor Rs50 lakh); only 33 trades/day median — one operator's book, not a market"
NEXT50BETA,,,price,77.75,,1.585,0.289,652.0,205093.0,20.0,0,0.0,25,25,,,False,False,2026-07-24,,,not in the NSE equity master (ETF / REIT / InvIT — not a company),not in the NSE equity master (ETF / REIT / InvIT — not a company)
NEXT50ETF,,,price,72.28,,0.081,0.018,85.0,11134.0,20.0,0,0.0,25,25,,,False,False,2026-07-24,,,"not in the NSE equity master (ETF / REIT / InvIT — not a company); illiquid: Rs8 lakh median daily turnover (floor Rs50 lakh); only 85 trades/day median — one operator's book, not a market","not in the NSE equity master (ETF / REIT / InvIT — not a company); illiquid: Rs8 lakh median daily turnover (floor Rs50 lakh); only 85 trades/day median — one operator's book, not a market"
NEXT50IETF,,,price,75.75,,5.781,2.89,4582.0,765440.0,20.0,0,0.0,25,25,,,False,False,2026-07-24,,,not in the NSE equity master (ETF / REIT / InvIT — not a company),not in the NSE equity master (ETF / REIT / InvIT — not a company)
NEXTMEDIA,Next Mediaworks Limited,EQ,price,3.98,,0.003,0.0,38.0,6603.0,20.0,0,0.0,25,25,2001-04-04,9242.0,False,False,2026-07-24,0.0,,"GSM stage 0 — exchange surveillance, periodic call auction; price Rs3.98 below the Rs5 floor (tick size ~1% of price; the spread eats the edge); illiquid: Rs0 lakh median daily turnover (floor Rs50 lakh); only 38 trades/day median — one operator's book, not a market","GSM stage 0 — exchange surveillance, periodic call auction; price Rs3.98 below the Rs5 floor (tick size ~1% of price; the spread eats the edge); illiquid: Rs0 lakh median daily turnover (floor Rs50 lakh); only 38 trades/day median — one operator's book, not a market"
NFL,National Fertilizers Limited,EQ,price,70.31,3449.0,4.515,2.706,3852.0,612280.0,20.0,0,0.0,25,25,2006-12-28,7148.0,True,False,2026-07-24,,,,
NGLFINE,NGL Fine-Chem Limited,EQ,,3205.5,1981.0,2.487,0.685,1776.0,8189.0,20.0,0,0.0,25,25,2022-07-08,1477.0,False,False,2026-07-24,,LT Stage I,"ASM LT Stage I — surveillance: 100% margin, no intraday, no pledging","ASM LT Stage I — surveillance: 100% margin, no intraday, no pledging"
NH,Narayana Hrudayalaya Ltd.,EQ,,1961.5,40929.0,40.203,24.54,24521.0,203345.0,20.0,0,0.0,25,25,2016-01-06,3852.0,True,False,2026-07-24,,,not penny/nano — price >= Rs100 and mcap >= Rs1000 Cr,
NHPC,NHPC Limited,EQ,,79.39,79748.0,97.613,49.817,42869.0,12361623.0,,0,0.0,25,25,2009-09-01,6170.0,True,False,2026-07-24,,,"not penny/nano — too big on both arms: a Rs79 share of a Rs79,748 Cr company (the price arm's ceiling is Rs5,000 Cr — a cheap share is not a small company)",
NIACL,The New India Assurance Company Limited,EQ,,173.2,30623.0,25.171,8.055,16316.0,1357687.0,20.0,0,0.0,25,25,2017-11-13,3175.0,True,False,2026-07-24,,,not penny/nano — price >= Rs100 and mcap >= Rs1000 Cr,
NIBE,NIBE Limited,EQ,,1504.3,2332.0,15.509,4.66,6801.0,97737.0,10.0,0,0.0,25,25,2025-02-07,532.0,False,False,2026-07-24,,LT Stage I,"ASM LT Stage I — surveillance: 100% margin, no intraday, no pledging","ASM LT Stage I — surveillance: 100% margin, no intraday, no pledging"
NIBL,NRB Industrial Bearings Limited,EQ,price,36.98,,0.167,0.019,4014.0,50679.0,20.0,0,0.0,25,25,2013-04-09,4854.0,False,False,2026-07-24,,,illiquid: Rs17 lakh median daily turnover (floor Rs50 lakh),illiquid: Rs17 lakh median daily turnover (floor Rs50 lakh)
NIF100BEES,,,,263.57,,0.898,0.574,727.0,33664.0,20.0,0,0.0,25,25,,,False,False,2026-07-24,,,not in the NSE equity master (ETF / REIT / InvIT — not a company),not in the NSE equity master (ETF / REIT / InvIT — not a company)
NIF100IETF,,,price,27.66,,0.245,0.118,1343.0,88916.0,20.0,0,0.0,25,25,,,False,False,2026-07-24,,,not in the NSE equity master (ETF / REIT / InvIT — not a company); illiquid: Rs24 lakh median daily turnover (floor Rs50 lakh),not in the NSE equity master (ETF / REIT / InvIT — not a company); illiquid: Rs24 lakh median daily turnover (floor Rs50 lakh)
NIFTY1,,,,264.09,,2.831,0.815,1346.0,104567.0,20.0,0,0.0,25,25,,,False,False,2026-07-24,,,not in the NSE equity master (ETF / REIT / InvIT — not a company),not in the NSE equity master (ETF / REIT / InvIT — not a company)
NIFTY100EW,,,price,34.75,,0.119,0.027,210.0,34201.0,20.0,0,0.0,25,25,,,False,False,2026-07-24,,,"not in the NSE equity master (ETF / REIT / InvIT — not a company); illiquid: Rs12 lakh median daily turnover (floor Rs50 lakh); only 210 trades/day median — one operator's book, not a market","not in the NSE equity master (ETF / REIT / InvIT — not a company); illiquid: Rs12 lakh median daily turnover (floor Rs50 lakh); only 210 trades/day median — one operator's book, not a market"
NIFTYADD,,,,250.86,,0.321,0.127,219.0,12734.0,20.0,0,0.0,25,25,,,False,False,2026-07-24,,,"not in the NSE equity master (ETF / REIT / InvIT — not a company); illiquid: Rs32 lakh median daily turnover (floor Rs50 lakh); only 219 trades/day median — one operator's book, not a market","not in the NSE equity master (ETF / REIT / InvIT — not a company); illiquid: Rs32 lakh median daily turnover (floor Rs50 lakh); only 219 trades/day median — one operator's book, not a market"
NIFTYAXIS,,,,263.28,,0.278,0.062,183.0,10479.0,20.0,0,0.0,16,16,,,False,False,2026-07-24,,,"not in the NSE equity master (ETF / REIT / InvIT — not a company); illiquid: Rs28 lakh median daily turnover (floor Rs50 lakh); only 183 trades/day median — one operator's book, not a market","not in the NSE equity master (ETF / REIT / InvIT — not a company); illiquid: Rs28 lakh median daily turnover (floor Rs50 lakh); only 183 trades/day median — one operator's book, not a market"
NIFTYBEES,,,,271.21,,175.257,79.216,41383.0,6394957.0,20.0,0,0.0,25,25,,,False,False,2026-07-24,,,not in the NSE equity master (ETF / REIT / InvIT — not a company),not in the NSE equity master (ETF / REIT / InvIT — not a company)
NIFTYBETA,,,,263.98,,1.072,0.183,799.0,40377.0,20.0,0,0.0,25,25,,,False,False,2026-07-24,,,not in the NSE equity master (ETF / REIT / InvIT — not a company),not in the NSE equity master (ETF / REIT / InvIT — not a company)
NIFTYBETF,,,,244.94,,0.08,0.018,68.0,3213.0,20.0,0,0.0,25,25,,,False,False,2026-07-24,,,"not in the NSE equity master (ETF / REIT / InvIT — not a company); illiquid: Rs8 lakh median daily turnover (floor Rs50 lakh); only 68 trades/day median — one operator's book, not a market","not in the NSE equity master (ETF / REIT / InvIT — not a company); illiquid: Rs8 lakh median daily turnover (floor Rs50 lakh); only 68 trades/day median — one operator's book, not a market"
NIFTYCASE,,,price,9.54,,0.722,0.246,1433.0,747308.0,20.0,0,0.0,25,25,,,False,False,2026-07-24,,,not in the NSE equity master (ETF / REIT / InvIT — not a company),not in the NSE equity master (ETF / REIT / InvIT — not a company)
NIFTYETF,,,,258.5,,5.271,2.368,1089.0,201637.0,20.0,0,0.0,25,25,,,False,False,2026-07-24,,,not in the NSE equity master (ETF / REIT / InvIT — not a company),not in the NSE equity master (ETF / REIT / InvIT — not a company)
NIFTYIETF,,,,269.76,,20.98,9.061,12473.0,768902.0,20.0,0,0.0,25,25,,,False,False,2026-07-24,,,not in the NSE equity master (ETF / REIT / InvIT — not a company),not in the NSE equity master (ETF / REIT / InvIT — not a company)
NIFTYQLITY,,,price,21.16,,0.07,0.022,181.0,34127.0,20.0,0,0.0,25,25,,,False,False,2026-07-24,,,"not in the NSE equity master (ETF / REIT / InvIT — not a company); illiquid: Rs7 lakh median daily turnover (floor Rs50 lakh); only 181 trades/day median — one operator's book, not a market","not in the NSE equity master (ETF / REIT / InvIT — not a company); illiquid: Rs7 lakh median daily turnover (floor Rs50 lakh); only 181 trades/day median — one operator's book, not a market"
NIITLTD,NIIT Limited,EQ,price,94.62,,10.749,3.324,6712.0,1065719.0,20.0,0,0.0,25,25,2004-08-16,8012.0,False,False,2026-07-24,,LT Stage I,"ASM LT Stage I — surveillance: 100% margin, no intraday, no pledging","ASM LT Stage I — surveillance: 100% margin, no intraday, no pledging"
NIITMTS,NIIT Learning Systems Limited,EQ,,230.18,3173.0,4.074,2.051,5365.0,174178.0,20.0,0,0.0,25,25,2023-08-08,1081.0,False,False,2026-07-24,,,not penny/nano — price >= Rs100 and mcap >= Rs1000 Cr,
NILAINFRA,Nila Infrastructures Limited,EQ,price,7.32,,0.113,0.057,454.0,142729.0,20.0,0,0.0,25,25,2015-05-21,4082.0,False,False,2026-07-24,,,illiquid: Rs11 lakh median daily turnover (floor Rs50 lakh),illiquid: Rs11 lakh median daily turnover (floor Rs50 lakh)
NILASPACES,Nila Spaces Limited,EQ,price,11.89,,0.364,0.174,758.0,289832.0,20.0,0,0.0,25,25,2018-12-28,2765.0,False,False,2026-07-24,,,illiquid: Rs36 lakh median daily turnover (floor Rs50 lakh),illiquid: Rs36 lakh median daily turnover (floor Rs50 lakh)
NILE,Nile Limited,EQ,,1802.6,,0.46,0.238,394.0,2472.0,20.0,0,0.0,25,25,2026-04-20,95.0,False,False,2026-07-24,,,"listed 95d ago — under a year of history, no trend to read; illiquid: Rs46 lakh median daily turnover (floor Rs50 lakh)","listed 95d ago — under a year of history, no trend to read; illiquid: Rs46 lakh median daily turnover (floor Rs50 lakh)"
NILKAMAL,Nilkamal Limited,EQ,,1676.1,2501.0,4.394,0.453,1761.0,33631.0,20.0,0,0.0,25,25,1995-11-01,11223.0,False,False,2026-07-24,,,not penny/nano — price >= Rs100 and mcap >= Rs1000 Cr,
NIPPOBATRY,Indo-National Limited,EQ,,326.3,,0.099,0.026,226.0,2817.0,20.0,0,0.0,25,25,1999-10-06,9788.0,False,False,2026-07-24,,LT Stage I,"ASM LT Stage I — surveillance: 100% margin, no intraday, no pledging; illiquid: Rs10 lakh median daily turnover (floor Rs50 lakh); only 226 trades/day median — one operator's book, not a market","ASM LT Stage I — surveillance: 100% margin, no intraday, no pledging; illiquid: Rs10 lakh median daily turnover (floor Rs50 lakh); only 226 trades/day median — one operator's book, not a market"
NIRAJISPAT,Niraj Ispat Industries Limited,EQ,,190.5,,0.002,0.0,10.0,122.0,10.0,0,0.0,19,19,2016-10-27,3557.0,False,False,2026-07-24,,,"illiquid: Rs0 lakh median daily turnover (floor Rs50 lakh); only 10 trades/day median — one operator's book, not a market","illiquid: Rs0 lakh median daily turnover (floor Rs50 lakh); only 10 trades/day median — one operator's book, not a market"
NIRLON,Nirlon Limited,EQ,,620.6,,0.271,0.081,215.0,4370.0,20.0,0,0.0,25,25,2026-04-20,95.0,False,False,2026-07-24,,,"listed 95d ago — under a year of history, no trend to read; illiquid: Rs27 lakh median daily turnover (floor Rs50 lakh); only 215 trades/day median — one operator's book, not a market","listed 95d ago — under a year of history, no trend to read; illiquid: Rs27 lakh median daily turnover (floor Rs50 lakh); only 215 trades/day median — one operator's book, not a market"
NITCO,Nitco Limited,EQ,,104.11,2505.0,7.74,2.313,8079.0,695339.0,20.0,0,0.0,25,25,2006-03-21,7430.0,False,False,2026-07-24,,,not penny/nano — price >= Rs100 and mcap >= Rs1000 Cr,
NITINSPIN,Nitin Spinners Limited,EQ,,535.2,3009.0,4.571,1.59,3474.0,82783.0,20.0,0,0.0,25,25,2006-02-02,7477.0,False,False,2026-07-24,,,not penny/nano — price >= Rs100 and mcap >= Rs1000 Cr,
NITIRAJ,Nitiraj Engineers Limited,EQ,,220.22,,0.061,0.005,119.0,3230.0,20.0,0,0.0,25,25,2021-04-22,1919.0,False,False,2026-07-24,,,"illiquid: Rs6 lakh median daily turnover (floor Rs50 lakh); only 119 trades/day median — one operator's book, not a market","illiquid: Rs6 lakh median daily turnover (floor Rs50 lakh); only 119 trades/day median — one operator's book, not a market"
NITTAGELA,Nitta Gelatin India Limited,EQ,,1909.0,1733.0,2.048,1.058,2114.0,11384.0,20.0,0,0.0,25,25,2026-04-20,95.0,False,False,2026-07-24,,LT Stage I,"ASM LT Stage I — surveillance: 100% margin, no intraday, no pledging; listed 95d ago — under a year of history, no trend to read","ASM LT Stage I — surveillance: 100% margin, no intraday, no pledging; listed 95d ago — under a year of history, no trend to read"
NIVABUPA,Niva Bupa Health Insurance Company Limited,EQ,,86.64,16022.0,8.963,2.315,14338.0,1031244.0,20.0,0,0.0,25,25,2024-11-14,617.0,True,False,2026-07-24,,,"not penny/nano — too big on both arms: a Rs87 share of a Rs16,022 Cr company (the price arm's ceiling is Rs5,000 Cr — a cheap share is not a small company)",
NKIND,NK Industries Limited,EQ,price,59.72,,0.002,0.0,11.0,318.5,20.0,0,0.0,24,24,1995-07-07,11340.0,False,False,2026-07-24,,LT Stage I,"ASM LT Stage I — surveillance: 100% margin, no intraday, no pledging; illiquid: Rs0 lakh median daily turnover (floor Rs50 lakh); only 11 trades/day median — one operator's book, not a market","ASM LT Stage I — surveillance: 100% margin, no intraday, no pledging; illiquid: Rs0 lakh median daily turnover (floor Rs50 lakh); only 11 trades/day median — one operator's book, not a market"
NLCINDIA,NLC India Limited,EQ,,292.8,43471.0,73.29,29.485,34938.0,2446865.0,20.0,0,0.0,25,25,2000-08-23,9466.0,True,False,2026-07-24,,,not penny/nano — price >= Rs100 and mcap >= Rs1000 Cr,
NMDC,NMDC Limited,EQ,,83.56,73464.0,150.697,88.393,53170.0,17362832.0,,0,0.0,25,25,2008-03-03,6717.0,True,False,2026-07-24,,,"not penny/nano — too big on both arms: a Rs84 share of a Rs73,464 Cr company (the price arm's ceiling is Rs5,000 Cr — a cheap share is not a small company)",
NOCIL,NOCIL Limited,EQ,,160.11,2674.0,7.51,2.45,5927.0,419568.0,20.0,1,0.04,25,25,1996-01-17,11146.0,False,False,2026-07-24,,,not penny/nano — price >= Rs100 and mcap >= Rs1000 Cr,
NORBTEAEXP,Norben Tea & Exports Limited,EQ,price,67.37,,0.01,0.0,35.0,1369.5,5.0,0,0.0,24,24,1996-06-26,10985.0,False,False,2026-07-23,,LT Stage I,"ASM LT Stage I — surveillance: 100% margin, no intraday, no pledging; 5% circuit band — cannot exit on bad news; illiquid: Rs1 lakh median daily turnover (floor Rs50 lakh); only 35 trades/day median — one operator's book, not a market","ASM LT Stage I — surveillance: 100% margin, no intraday, no pledging; 5% circuit band — cannot exit on bad news; illiquid: Rs1 lakh median daily turnover (floor Rs50 lakh); only 35 trades/day median — one operator's book, not a market"
NORTHARC,Northern Arc Capital Limited,EQ,,299.4,4826.0,20.123,6.163,12630.0,628665.0,20.0,0,0.0,25,25,2024-09-24,668.0,False,False,2026-07-24,,,not penny/nano — price >= Rs100 and mcap >= Rs1000 Cr,
NOVARTIND,Novartis India Limited,EQ,,1641.2,,4.389,0.674,3556.0,29615.0,20.0,0,0.0,25,25,2026-04-20,95.0,False,False,2026-07-24,,,"listed 95d ago — under a year of history, no trend to read","listed 95d ago — under a year of history, no trend to read"
NPBET,,,,282.47,,0.019,0.001,27.0,664.0,20.0,0,0.0,25,25,,,False,False,2026-07-24,,,"not in the NSE equity master (ETF / REIT / InvIT — not a company); illiquid: Rs2 lakh median daily turnover (floor Rs50 lakh); only 27 trades/day median — one operator's book, not a market","not in the NSE equity master (ETF / REIT / InvIT — not a company); illiquid: Rs2 lakh median daily turnover (floor Rs50 lakh); only 27 trades/day median — one operator's book, not a market"
NPST,Network People Services Technologies Limited,EQ,,1519.2,3170.0,4.197,1.326,2498.0,27172.0,10.0,0,0.0,25,25,2025-04-30,450.0,False,False,2026-07-24,,,not penny/nano — price >= Rs100 and mcap >= Rs1000 Cr,
NRAIL,N R Agarwal Industries Limited,EQ,,508.95,,0.195,0.039,287.0,4478.0,20.0,0,0.0,25,25,2017-04-05,3397.0,False,False,2026-07-24,,,"illiquid: Rs20 lakh median daily turnover (floor Rs50 lakh); only 287 trades/day median — one operator's book, not a market","illiquid: Rs20 lakh median daily turnover (floor Rs50 lakh); only 287 trades/day median — one operator's book, not a market"
NRBBEARING,NRB Bearing Limited,EQ,,397.65,3854.0,14.413,5.523,9234.0,360032.0,20.0,0,0.0,25,25,2000-03-08,9634.0,False,False,2026-07-24,,,not penny/nano — price >= Rs100 and mcap >= Rs1000 Cr,
NSIL,Nalwa Sons Investments Limited,EQ,,5452.5,2803.0,0.989,0.478,406.0,1798.0,20.0,0,0.0,25,25,2003-11-17,8285.0,False,False,2026-07-24,,,not penny/nano — price >= Rs100 and mcap >= Rs1000 Cr,
NSLNISP,NMDC Steel Limited,EQ,,41.41,12136.0,13.216,7.231,12477.0,3027509.0,20.0,0,0.0,25,25,2023-02-20,1250.0,True,False,2026-07-24,,,"not penny/nano — too big on both arms: a Rs41 share of a Rs12,136 Cr company (the price arm's ceiling is Rs5,000 Cr — a cheap share is not a small company)",
NTPC,NTPC Limited,EQ,,347.2,336668.0,334.999,219.184,107110.0,9572223.0,,0,0.0,25,25,2004-11-05,7931.0,False,False,2026-07-24,,,not penny/nano — price >= Rs100 and mcap >= Rs1000 Cr,
NTPCGREEN,NTPC Green Energy Limited,EQ,,96.32,81171.0,24.399,14.683,24745.0,2582187.0,20.0,0,0.0,25,25,2024-11-27,604.0,True,False,2026-07-24,,,"not penny/nano — too big on both arms: a Rs96 share of a Rs81,171 Cr company (the price arm's ceiling is Rs5,000 Cr — a cheap share is not a small company)",
NUCLEUS,Nucleus Software Exports Limited,EQ,,724.55,1907.0,1.526,0.66,1497.0,21022.0,20.0,0,0.0,25,25,2002-12-19,8618.0,False,False,2026-07-24,,,not penny/nano — price >= Rs100 and mcap >= Rs1000 Cr,
NURECA,Nureca Limited,EQ,,301.64,,0.227,0.117,414.0,9853.0,20.0,0,0.0,25,25,2021-02-25,1975.0,False,False,2026-07-24,,LT Stage I,"ASM LT Stage I — surveillance: 100% margin, no intraday, no pledging; illiquid: Rs23 lakh median daily turnover (floor Rs50 lakh)","ASM LT Stage I — surveillance: 100% margin, no intraday, no pledging; illiquid: Rs23 lakh median daily turnover (floor Rs50 lakh)"
NUVAMA,Nuvama Wealth Management Limited,EQ,,1980.1,36143.0,74.791,18.131,23145.0,393516.0,,0,0.0,25,25,2023-09-26,1032.0,True,False,2026-07-24,,,not penny/nano — price >= Rs100 and mcap >= Rs1000 Cr,
NUVOCO,Nuvoco Vistas Corporation Limited,EQ,,356.05,11513.0,9.173,3.01,11136.0,293370.0,20.0,0,0.0,25,25,2021-08-23,1796.0,True,False,2026-07-24,,,not penny/nano — price >= Rs100 and mcap >= Rs1000 Cr,
NV20,,,price,13.86,,0.1,0.039,219.0,70248.0,20.0,0,0.0,25,25,,,False,False,2026-07-24,,,"not in the NSE equity master (ETF / REIT / InvIT — not a company); illiquid: Rs10 lakh median daily turnover (floor Rs50 lakh); only 219 trades/day median — one operator's book, not a market","not in the NSE equity master (ETF / REIT / InvIT — not a company); illiquid: Rs10 lakh median daily turnover (floor Rs50 lakh); only 219 trades/day median — one operator's book, not a market"
NV20BEES,,,,138.91,,0.238,0.083,250.0,16936.0,20.0,0,0.0,25,25,,,False,False,2026-07-24,,,"not in the NSE equity master (ETF / REIT / InvIT — not a company); illiquid: Rs24 lakh median daily turnover (floor Rs50 lakh); only 250 trades/day median — one operator's book, not a market","not in the NSE equity master (ETF / REIT / InvIT — not a company); illiquid: Rs24 lakh median daily turnover (floor Rs50 lakh); only 250 trades/day median — one operator's book, not a market"
NV20IETF,,,price,13.55,,0.444,0.189,1923.0,323310.0,20.0,0,0.0,25,25,,,False,False,2026-07-24,,,not in the NSE equity master (ETF / REIT / InvIT — not a company); illiquid: Rs44 lakh median daily turnover (floor Rs50 lakh),not in the NSE equity master (ETF / REIT / InvIT — not a company); illiquid: Rs44 lakh median daily turnover (floor Rs50 lakh)
NYKAA,FSN E-Commerce Ventures Limited,EQ,,322.8,88864.0,211.286,65.479,58325.0,6852756.0,,0,0.0,25,25,2021-11-10,1717.0,True,False,2026-07-24,,,not penny/nano — price >= Rs100 and mcap >= Rs1000 Cr,
OAL,Oriental Aromatics Limited,EQ,,373.0,1255.0,0.653,0.189,1142.0,18483.0,20.0,0,0.0,25,25,2019-07-11,2570.0,False,False,2026-07-24,,,not penny/nano — price >= Rs100 and mcap >= Rs1000 Cr,
OBCL,OBCL Limited,EQ,price,52.39,,0.037,0.005,55.0,6869.0,20.0,0,0.0,25,25,2022-04-07,1569.0,False,False,2026-07-24,,,"illiquid: Rs4 lakh median daily turnover (floor Rs50 lakh); only 55 trades/day median — one operator's book, not a market","illiquid: Rs4 lakh median daily turnover (floor Rs50 lakh); only 55 trades/day median — one operator's book, not a market"
OBEROIRLTY,Oberoi Realty Limited,EQ,,1821.2,70335.0,106.792,28.338,30487.0,580890.0,,0,0.0,25,25,2010-10-20,5756.0,True,False,2026-07-24,,,not penny/nano — price >= Rs100 and mcap >= Rs1000 Cr,
ODIGMA,Odigma Consultancy Solutions Limited,BE,price,25.0,,0.153,0.043,687.5,61013.5,5.0,1,0.25,4,4,2024-12-12,589.0,False,False,2026-06-24,,,series BE (trade-to-trade / SME — not normal rolling settlement); 5% circuit band — cannot exit on bad news; illiquid: Rs15 lakh median daily turnover (floor Rs50 lakh); closed at circuit on 25% of sessions — a stop cannot fill in a locked market,series BE (trade-to-trade / SME — not normal rolling settlement); 5% circuit band — cannot exit on bad news; illiquid: Rs15 lakh median daily turnover (floor Rs50 lakh); closed at circuit on 25% of sessions — a stop cannot fill in a locked market
OFSS,Oracle Financial Services Software Limited,EQ,,10652.0,92753.0,338.207,135.956,42392.0,299599.0,,0,0.0,25,25,2002-06-28,8792.0,True,False,2026-07-24,,,not penny/nano — price >= Rs100 and mcap >= Rs1000 Cr,
OIL,Oil India Limited,EQ,,449.75,68659.0,131.557,66.399,34306.0,2909888.0,,0,0.0,25,25,2009-09-30,6141.0,True,False,2026-07-24,,,not penny/nano — price >= Rs100 and mcap >= Rs1000 Cr,
OILIETF,,,price,11.24,,1.473,0.767,2137.0,1298230.0,20.0,0,0.0,25,25,,,False,False,2026-07-24,,,not in the NSE equity master (ETF / REIT / InvIT — not a company),not in the NSE equity master (ETF / REIT / InvIT — not a company)
OLAELEC,Ola Electric Mobility Limited,EQ,,37.08,20587.0,303.987,121.716,120104.0,75334122.0,20.0,0,0.0,25,25,2024-08-09,714.0,True,False,2026-07-24,,LT Stage I,"ASM LT Stage I — surveillance: 100% margin, no intraday, no pledging","ASM LT Stage I — surveillance: 100% margin, no intraday, no pledging"
OLECTRA,Olectra Greentech Limited,EQ,,1336.3,12230.0,94.773,27.902,30132.0,636004.0,20.0,0,0.0,25,25,2002-03-20,8892.0,True,False,2026-07-24,,,not penny/nano — price >= Rs100 and mcap >= Rs1000 Cr,
OMAXE,Omaxe Limited,EQ,price,87.66,1603.0,4.934,0.35,5434.0,627023.0,20.0,0,0.0,25,25,2007-08-09,6924.0,False,False,2026-07-24,,,,
OMFREIGHT,Om Freight Forwarders Limited,BE,mcap,108.28,313.0,3.198,0.087,2259.0,356485.0,5.0,2,0.222,9,9,2025-10-08,289.0,False,False,2026-07-02,,,"series BE (trade-to-trade / SME — not normal rolling settlement); 5% circuit band — cannot exit on bad news; listed 289d ago — under a year of history, no trend to read; closed at circuit on 22% of sessions — a stop cannot fill in a locked market","series BE (trade-to-trade / SME — not normal rolling settlement); 5% circuit band — cannot exit on bad news; listed 289d ago — under a year of history, no trend to read; closed at circuit on 22% of sessions — a stop cannot fill in a locked market"
OMINFRAL,OM INFRA LIMITED,EQ,price+mcap,87.1,839.0,0.797,0.355,1905.0,93471.0,20.0,0,0.0,25,25,2011-06-17,5516.0,False,False,2026-07-24,,,,
OMNI,Omnitech Engineering Limited,EQ,,612.0,7566.0,17.338,8.28,14170.0,321497.0,20.0,0,0.0,25,25,2026-03-05,141.0,False,False,2026-07-24,,,"listed 141d ago — under a year of history, no trend to read","listed 141d ago — under a year of history, no trend to read"
OMPOWER,Om Power Transmission Limited,EQ,,169.2,,2.241,0.903,1632.0,129079.0,20.0,0,0.0,25,25,2026-04-17,98.0,False,False,2026-07-24,,,"listed 98d ago — under a year of history, no trend to read","listed 98d ago — under a year of history, no trend to read"
ONEPOINT,One Point One Solutions Limited,EQ,price,53.98,1415.0,3.62,1.229,3960.0,616964.0,20.0,0,0.0,25,25,2019-05-09,2633.0,False,False,2026-07-24,,,,
ONESOURCE,Onesource Specialty Pharma Limited,EQ,,1653.9,19134.0,34.802,8.734,18837.0,215991.0,20.0,0,0.0,25,25,2025-01-24,546.0,True,False,2026-07-24,,,not penny/nano — price >= Rs100 and mcap >= Rs1000 Cr,
ONGC,Oil & Natural Gas Corporation Limited,EQ,,248.76,312947.0,277.738,153.472,95882.0,11835312.0,,0,0.0,25,25,1995-07-19,11328.0,False,False,2026-07-24,,,not penny/nano — price >= Rs100 and mcap >= Rs1000 Cr,
ONMOBILE,OnMobile Global Limited,BE,price,75.58,,5.235,0.499,5409.0,879937.0,5.0,5,0.455,11,11,2008-02-19,6730.0,False,False,2026-07-06,,,series BE (trade-to-trade / SME — not normal rolling settlement); 5% circuit band — cannot exit on bad news; closed at circuit on 46% of sessions — a stop cannot fill in a locked market,series BE (trade-to-trade / SME — not normal rolling settlement); 5% circuit band — cannot exit on bad news; closed at circuit on 46% of sessions — a stop cannot fill in a locked market
ONWARDTEC,Onward Technologies Limited,EQ,mcap,290.65,646.0,2.662,0.635,2853.0,95272.0,20.0,0,0.0,25,25,2001-03-07,9270.0,False,False,2026-07-24,,,,
OPTIEMUS,Optiemus Infracom Limited,EQ,,599.95,4626.0,15.288,2.566,11612.0,300021.0,20.0,0,0.0,25,25,2017-08-08,3272.0,True,False,2026-07-24,,,not penny/nano — price >= Rs100 and mcap >= Rs1000 Cr,
ORBTEXP,Orbit Exports Limited,BE,mcap,235.98,644.0,1.425,0.402,2267.0,58630.0,5.0,1,0.2,5,5,2013-11-05,4644.0,False,False,2026-06-25,,,series BE (trade-to-trade / SME — not normal rolling settlement); 5% circuit band — cannot exit on bad news,series BE (trade-to-trade / SME — not normal rolling settlement); 5% circuit band — cannot exit on bad news
ORCHASP,Orchasp Limited,EQ,price,1.58,,0.037,0.012,246.0,207101.0,20.0,0,0.0,25,25,2025-02-07,532.0,False,False,2026-07-24,,,"price Rs1.58 below the Rs5 floor (tick size ~1% of price; the spread eats the edge); illiquid: Rs4 lakh median daily turnover (floor Rs50 lakh); only 246 trades/day median — one operator's book, not a market","price Rs1.58 below the Rs5 floor (tick size ~1% of price; the spread eats the edge); illiquid: Rs4 lakh median daily turnover (floor Rs50 lakh); only 246 trades/day median — one operator's book, not a market"
ORCHPHARMA,Orchid Pharma Limited,EQ,,988.6,5014.0,10.52,3.52,9585.0,104662.0,20.0,0,0.0,25,25,2020-11-02,2090.0,False,False,2026-07-24,,LT Stage I,"ASM LT Stage I — surveillance: 100% margin, no intraday, no pledging","ASM LT Stage I — surveillance: 100% margin, no intraday, no pledging"
ORICONENT,Oricon Enterprises Limited,EQ,price,55.03,,0.255,0.102,696.0,46014.0,20.0,0,0.0,25,25,2015-07-24,4018.0,False,False,2026-07-24,,,illiquid: Rs26 lakh median daily turnover (floor Rs50 lakh),illiquid: Rs26 lakh median daily turnover (floor Rs50 lakh)
ORIENTALTL,Oriental Trimex Limited,EQ,price,5.31,,0.048,0.017,273.0,85919.0,20.0,0,0.0,25,25,2007-03-07,7079.0,False,False,2026-07-24,,,"illiquid: Rs5 lakh median daily turnover (floor Rs50 lakh); only 273 trades/day median — one operator's book, not a market","illiquid: Rs5 lakh median daily turnover (floor Rs50 lakh); only 273 trades/day median — one operator's book, not a market"
ORIENTBELL,Orient Bell Limited,EQ,,319.5,,0.22,0.08,274.0,6845.0,20.0,0,0.0,25,25,2007-02-14,7100.0,False,False,2026-07-24,,LT Stage I,"ASM LT Stage I — surveillance: 100% margin, no intraday, no pledging; illiquid: Rs22 lakh median daily turnover (floor Rs50 lakh); only 274 trades/day median — one operator's book, not a market","ASM LT Stage I — surveillance: 100% margin, no intraday, no pledging; illiquid: Rs22 lakh median daily turnover (floor Rs50 lakh); only 274 trades/day median — one operator's book, not a market"
ORIENTCEM,Orient Cement Limited,EQ,,133.8,2749.0,2.509,1.297,2490.0,184572.0,20.0,0,0.0,25,25,2013-07-12,4760.0,True,False,2026-07-24,,,not penny/nano — price >= Rs100 and mcap >= Rs1000 Cr,
ORIENTCER,ORIENT CERATECH LIMITED,EQ,price,40.77,,0.204,0.067,800.0,49334.0,20.0,0,0.0,25,25,2005-12-15,7526.0,False,False,2026-07-24,,,illiquid: Rs20 lakh median daily turnover (floor Rs50 lakh),illiquid: Rs20 lakh median daily turnover (floor Rs50 lakh)
ORIENTELEC,Orient Electric Limited,EQ,,170.74,3643.0,2.256,1.003,3310.0,128871.0,20.0,0,0.0,25,25,2018-05-14,2993.0,False,False,2026-07-24,,,not penny/nano — price >= Rs100 and mcap >= Rs1000 Cr,
ORIENTHOT,Oriental Hotels Limited,EQ,,134.84,2408.0,6.467,4.053,5770.0,473023.0,20.0,0,0.0,25,25,1998-08-27,10193.0,False,False,2026-07-24,,,not penny/nano — price >= Rs100 and mcap >= Rs1000 Cr,
ORIENTLTD,Orient Press Limited,EQ,price,89.29,,0.022,0.001,55.0,3109.0,20.0,1,0.04,25,25,2010-03-03,5987.0,False,False,2026-07-24,,,"illiquid: Rs2 lakh median daily turnover (floor Rs50 lakh); only 55 trades/day median — one operator's book, not a market","illiquid: Rs2 lakh median daily turnover (floor Rs50 lakh); only 55 trades/day median — one operator's book, not a market"
ORIENTPPR,Orient Paper & Industries Limited,EQ,price,17.58,,0.234,0.104,630.0,139675.0,20.0,0,0.0,25,25,1995-03-29,11440.0,False,False,2026-07-24,,,illiquid: Rs23 lakh median daily turnover (floor Rs50 lakh),illiquid: Rs23 lakh median daily turnover (floor Rs50 lakh)
ORIENTTECH,Orient Technologies Limited,EQ,,258.78,1185.0,3.254,1.199,3222.0,125583.0,20.0,0,0.0,25,25,2024-08-28,695.0,False,False,2026-07-24,,,not penny/nano — price >= Rs100 and mcap >= Rs1000 Cr,
ORISSAMINE,The Orissa Minerals Development Company Limited,EQ,,3747.0,2248.0,2.288,0.944,1296.0,6041.0,20.0,0,0.0,25,25,2010-09-29,5777.0,False,False,2026-07-24,,,not penny/nano — price >= Rs100 and mcap >= Rs1000 Cr,
ORKLAINDIA,Orkla India Limited,EQ,,556.75,8326.0,2.616,1.179,4033.0,43410.0,20.0,0,0.0,25,25,2025-11-06,260.0,True,False,2026-07-24,,,"listed 260d ago — under a year of history, no trend to read","listed 260d ago — under a year of history, no trend to read"
OSWALGREEN,Oswal Greentech Limited,EQ,price,20.71,,0.262,0.126,851.0,124194.0,20.0,0,0.0,25,25,1996-08-28,10922.0,False,False,2026-07-24,,,illiquid: Rs26 lakh median daily turnover (floor Rs50 lakh),illiquid: Rs26 lakh median daily turnover (floor Rs50 lakh)
OSWALPUMPS,Oswal Pumps Limited,EQ,,359.15,4668.0,17.961,7.679,8848.0,431780.0,10.0,0,0.0,25,25,2025-06-20,399.0,True,False,2026-07-24,,,not penny/nano — price >= Rs100 and mcap >= Rs1000 Cr,
OSWALSEEDS,ShreeOswal Seeds And Chemicals Limited,EQ,price,10.03,,0.044,0.014,143.0,38944.0,20.0,0,0.0,25,25,2023-02-28,1242.0,False,False,2026-07-24,,,"illiquid: Rs4 lakh median daily turnover (floor Rs50 lakh); only 143 trades/day median — one operator's book, not a market","illiquid: Rs4 lakh median daily turnover (floor Rs50 lakh); only 143 trades/day median — one operator's book, not a market"
PACEDIGITK,Pace Digitek Limited,EQ,,195.25,4216.0,50.425,15.079,21466.0,2339143.0,20.0,0,0.0,25,25,2025-10-06,291.0,False,False,2026-07-24,,,"listed 291d ago — under a year of history, no trend to read","listed 291d ago — under a year of history, no trend to read"
PAGEIND,Page Industries Limited,EQ,,40275.0,44922.0,169.833,63.55,13173.0,40873.0,,0,0.0,25,25,2007-03-16,7070.0,True,False,2026-07-24,,,not penny/nano — price >= Rs100 and mcap >= Rs1000 Cr,
PAISALO,Paisalo Digital Limited,EQ,,70.17,6382.0,94.781,22.789,25766.0,13408393.0,20.0,1,0.04,25,25,2011-10-17,5394.0,False,False,2026-07-24,,,"not penny/nano — too big on both arms: a Rs70 share of a Rs6,382 Cr company (the price arm's ceiling is Rs5,000 Cr — a cheap share is not a small company)",
PAKKA,PAKKA LIMITED,EQ,price,71.49,,0.327,0.178,816.0,41722.0,20.0,0,0.0,25,25,2023-07-11,1109.0,False,False,2026-07-24,,LT Stage I,"ASM LT Stage I — surveillance: 100% margin, no intraday, no pledging; illiquid: Rs33 lakh median daily turnover (floor Rs50 lakh)","ASM LT Stage I — surveillance: 100% margin, no intraday, no pledging; illiquid: Rs33 lakh median daily turnover (floor Rs50 lakh)"
PALASHSECU,Palash Securities Limited,EQ,price,88.31,,0.006,0.0,43.0,658.0,20.0,0,0.0,25,25,2017-07-28,3283.0,False,False,2026-07-24,,,"illiquid: Rs1 lakh median daily turnover (floor Rs50 lakh); only 43 trades/day median — one operator's book, not a market","illiquid: Rs1 lakh median daily turnover (floor Rs50 lakh); only 43 trades/day median — one operator's book, not a market"
PANACEABIO,Panacea Biotec Limited,EQ,,441.2,2702.0,12.932,3.248,7982.0,259272.0,5.0,4,0.16,25,25,1996-04-17,11055.0,False,False,2026-07-24,,,5% circuit band — cannot exit on bad news,5% circuit band — cannot exit on bad news
PANACHE,Panache Digilife Limited,BE,,439.4,,0.709,0.164,530.0,16101.5,5.0,1,0.056,18,18,2020-01-06,2391.0,False,False,2026-07-15,,,series BE (trade-to-trade / SME — not normal rolling settlement); 5% circuit band — cannot exit on bad news,series BE (trade-to-trade / SME — not normal rolling settlement); 5% circuit band — cannot exit on bad news
PANAMAPET,Panama Petrochem Limited,EQ,,498.25,3014.0,11.761,2.5,7950.0,257559.0,10.0,2,0.08,25,25,2011-09-30,5411.0,False,False,2026-07-24,,,not penny/nano — price >= Rs100 and mcap >= Rs1000 Cr,
PANSARI,Pansari Developers Limited,EQ,,355.2,,0.16,0.014,246.0,4649.0,20.0,0,0.0,25,25,2021-10-18,1740.0,False,False,2026-07-24,,,"illiquid: Rs16 lakh median daily turnover (floor Rs50 lakh); only 246 trades/day median — one operator's book, not a market","illiquid: Rs16 lakh median daily turnover (floor Rs50 lakh); only 246 trades/day median — one operator's book, not a market"
PAR,Par Drugs And Chemicals Limited,EQ,price,93.79,,0.046,0.011,126.0,4786.0,20.0,0,0.0,25,25,2021-09-16,1772.0,False,False,2026-07-24,,,"illiquid: Rs5 lakh median daily turnover (floor Rs50 lakh); only 126 trades/day median — one operator's book, not a market","illiquid: Rs5 lakh median daily turnover (floor Rs50 lakh); only 126 trades/day median — one operator's book, not a market"
PARACABLES,Paramount Communications Limited,EQ,price,61.64,,9.412,4.898,8082.0,1420848.0,10.0,0,0.0,25,25,2007-01-03,7142.0,False,False,2026-07-24,,LT Stage I,"ASM LT Stage I — surveillance: 100% margin, no intraday, no pledging","ASM LT Stage I — surveillance: 100% margin, no intraday, no pledging"
PARADEEP,Paradeep Phosphates Limited,EQ,,136.07,15219.0,42.58,18.686,27700.0,3086374.0,20.0,0,0.0,25,25,2022-05-27,1519.0,True,False,2026-07-24,,,not penny/nano — price >= Rs100 and mcap >= Rs1000 Cr,
PARAGMILK,Parag Milk Foods Limited,EQ,,214.2,2691.0,6.582,3.131,5375.0,296517.0,20.0,0,0.0,25,25,2016-05-19,3718.0,False,False,2026-07-24,,,not penny/nano — price >= Rs100 and mcap >= Rs1000 Cr,
PARAS,Paras Defence and Space Technologies Limited,EQ,,1195.2,9632.0,299.923,75.096,70019.0,2288394.0,10.0,0,0.0,25,25,2021-10-01,1757.0,True,False,2026-07-24,,LT Stage I,"ASM LT Stage I — surveillance: 100% margin, no intraday, no pledging","ASM LT Stage I — surveillance: 100% margin, no intraday, no pledging"
PARASPETRO,Paras Petrofils Limited,EQ,price,1.99,,0.027,0.013,231.0,130001.0,10.0,0,0.0,25,25,1996-02-14,11118.0,False,False,2026-07-24,,,"price Rs1.99 below the Rs5 floor (tick size ~1% of price; the spread eats the edge); illiquid: Rs3 lakh median daily turnover (floor Rs50 lakh); only 231 trades/day median — one operator's book, not a market","price Rs1.99 below the Rs5 floor (tick size ~1% of price; the spread eats the edge); illiquid: Rs3 lakh median daily turnover (floor Rs50 lakh); only 231 trades/day median — one operator's book, not a market"
PARKHOSPS,Park Medi World Limited,EQ,,280.25,12733.0,21.567,5.421,16124.0,751907.0,10.0,0,0.0,25,25,2025-12-17,219.0,True,False,2026-07-24,,,"listed 219d ago — under a year of history, no trend to read","listed 219d ago — under a year of history, no trend to read"
PARKHOTELS,Apeejay Surrendra Park Hotels Limited,EQ,,122.39,2611.0,1.707,0.784,2084.0,140321.0,20.0,0,0.0,25,25,2024-02-12,893.0,False,False,2026-07-24,,,not penny/nano — price >= Rs100 and mcap >= Rs1000 Cr,
PASHUPATI,Pashupati Cotspin Limited,EQ,price,87.09,,0.324,0.063,1473.0,37132.0,20.0,0,0.0,25,25,2025-07-17,372.0,False,False,2026-07-24,,,illiquid: Rs32 lakh median daily turnover (floor Rs50 lakh),illiquid: Rs32 lakh median daily turnover (floor Rs50 lakh)
PATANJALI,Patanjali Foods Limited,EQ,,340.95,45042.0,106.947,36.102,37525.0,2591955.0,,0,0.0,25,25,2020-01-24,2373.0,True,False,2026-07-24,,,not penny/nano — price >= Rs100 and mcap >= Rs1000 Cr,
PATELENG,Patel Engineering Limited,EQ,price,28.02,2780.0,18.252,7.776,14503.0,5498914.0,20.0,0,0.0,25,25,2005-02-24,7820.0,False,False,2026-07-24,,,,
PATELRMART,Patel Retail Limited,EQ,,223.44,,2.115,0.7,2136.0,93605.0,20.0,0,0.0,25,25,2025-08-26,332.0,False,False,2026-07-24,,,"listed 332d ago — under a year of history, no trend to read","listed 332d ago — under a year of history, no trend to read"
PATINTLOG,Patel Integrated Logistics Limited,BE,price,14.85,,0.699,0.699,825.0,472012.0,5.0,0,0.0,1,1,2008-01-11,6769.0,False,False,2026-06-19,,,series BE (trade-to-trade / SME — not normal rolling settlement); 5% circuit band — cannot exit on bad news,series BE (trade-to-trade / SME — not normal rolling settlement); 5% circuit band — cannot exit on bad news
PAUSHAKLTD,Paushak Limited,EQ,,562.45,,1.254,0.275,1333.0,22691.0,20.0,0,0.0,25,25,2025-12-01,235.0,False,False,2026-07-24,,,"listed 235d ago — under a year of history, no trend to read","listed 235d ago — under a year of history, no trend to read"
PAVNAIND,Pavna Industries Limited,EQ,price,16.09,,0.071,0.034,246.0,42784.0,20.0,0,0.0,5,5,2023-06-01,1149.0,False,False,2026-07-24,,,"illiquid: Rs7 lakh median daily turnover (floor Rs50 lakh); only 246 trades/day median — one operator's book, not a market","illiquid: Rs7 lakh median daily turnover (floor Rs50 lakh); only 246 trades/day median — one operator's book, not a market"
PAYTM,One 97 Communications Limited,EQ,,1283.2,78211.0,333.02,93.064,73781.0,2680362.0,,0,0.0,25,25,2021-11-18,1709.0,True,False,2026-07-24,,,not penny/nano — price >= Rs100 and mcap >= Rs1000 Cr,
PCBL,PCBL Chemical Limited,EQ,,317.9,12636.0,32.769,15.934,19538.0,1028273.0,20.0,0,0.0,25,25,1995-03-29,11440.0,True,False,2026-07-24,,,not penny/nano — price >= Rs100 and mcap >= Rs1000 Cr,
PCJEWELLER,PC Jeweller Limited,EQ,,9.28,9002.0,350.49,20.279,177247.0,375453742.0,20.0,0,0.0,25,25,2012-12-27,4957.0,True,False,2026-07-24,,,"not penny/nano — too big on both arms: a Rs9 share of a Rs9,002 Cr company (the price arm's ceiling is Rs5,000 Cr — a cheap share is not a small company)",
PDMJEPAPER,Pudumjee Paper Products Limited,EQ,price+mcap,91.72,871.0,0.573,0.254,993.0,67129.0,20.0,0,0.0,25,25,2016-03-30,3768.0,False,False,2026-07-24,,,,
PDSL,PDS Limited,EQ,,352.0,4979.0,5.926,1.335,7734.0,169116.0,20.0,0,0.0,25,25,2014-10-21,4294.0,False,False,2026-07-24,,,not penny/nano — price >= Rs100 and mcap >= Rs1000 Cr,
PENIND,Pennar Industries Limited,EQ,,162.84,2206.0,5.748,2.235,4394.0,354693.0,20.0,0,0.0,25,25,2010-11-25,5720.0,False,False,2026-07-24,,,not penny/nano — price >= Rs100 and mcap >= Rs1000 Cr,
PERSISTENT,Persistent Systems Limited,EQ,,5200.5,73870.0,293.616,155.698,50904.0,591029.0,,0,0.0,25,25,2010-04-06,5953.0,True,False,2026-07-24,,,not penny/nano — price >= Rs100 and mcap >= Rs1000 Cr,
PETRONET,Petronet LNG Limited,EQ,,274.7,41392.0,62.094,20.05,29644.0,2152318.0,,0,0.0,25,25,2004-03-26,8155.0,True,False,2026-07-24,,,not penny/nano — price >= Rs100 and mcap >= Rs1000 Cr,
PFC,Power Finance Corporation Limited,EQ,,411.9,135931.0,231.687,109.334,59107.0,5505436.0,,0,0.0,25,25,2007-02-23,7091.0,False,False,2026-07-24,,,not penny/nano — price >= Rs100 and mcap >= Rs1000 Cr,
PFIZER,Pfizer Limited,EQ,,4623.6,20900.0,9.928,4.568,6655.0,21611.0,20.0,0,0.0,25,25,1999-04-28,9949.0,True,False,2026-07-24,,,not penny/nano — price >= Rs100 and mcap >= Rs1000 Cr,
PFOCUS,Prime Focus Limited,EQ,,289.29,18324.0,28.184,8.44,10678.0,968487.0,20.0,0,0.0,7,7,2006-06-20,7339.0,True,False,2026-07-24,,,not penny/nano — price >= Rs100 and mcap >= Rs1000 Cr,
PFS,PTC India Financial Services Limited,EQ,price,29.28,1881.0,1.165,0.638,1682.0,379435.0,20.0,0,0.0,25,25,2011-03-30,5595.0,False,False,2026-07-24,,,,
PGEL,PG Electroplast Limited,EQ,,572.45,16130.0,115.15,49.576,29691.0,1867683.0,,0,0.0,25,25,2011-09-26,5415.0,True,False,2026-07-24,,,not penny/nano — price >= Rs100 and mcap >= Rs1000 Cr,
PGHH,Procter & Gamble Hygiene and Health Care Limited,EQ,,8974.5,29132.0,13.619,4.144,2999.0,15160.0,20.0,0,0.0,25,25,2004-07-07,8052.0,False,False,2026-07-24,,,not penny/nano — price >= Rs100 and mcap >= Rs1000 Cr,
PGHL,Procter & Gamble Health Limited,EQ,,6714.0,11145.0,7.132,2.205,2886.0,11318.0,20.0,0,0.0,25,25,1996-04-24,11048.0,False,False,2026-07-24,,,not penny/nano — price >= Rs100 and mcap >= Rs1000 Cr,
PGIL,Pearl Global Industries Limited,EQ,,1974.5,9119.0,15.927,6.664,11880.0,79891.0,20.0,0,0.0,25,25,2007-02-15,7099.0,True,False,2026-07-24,,,not penny/nano — price >= Rs100 and mcap >= Rs1000 Cr,
PHARMABEES,,,price,26.28,,17.433,7.282,11080.0,6541028.0,20.0,0,0.0,25,25,,,False,False,2026-07-24,,,not in the NSE equity master (ETF / REIT / InvIT — not a company),not in the NSE equity master (ETF / REIT / InvIT — not a company)
PHOENIXLTD,The Phoenix Mills Limited,EQ,,2010.7,71914.0,128.692,44.352,40444.0,627352.0,,0,0.0,25,25,2007-04-23,7032.0,True,False,2026-07-24,,,not penny/nano — price >= Rs100 and mcap >= Rs1000 Cr,
PICCADIL,Piccadily Agro Industries Limited,EQ,,737.2,6381.0,12.569,3.467,10130.0,181301.0,20.0,0,0.0,25,25,2025-07-02,387.0,True,False,2026-07-24,,,not penny/nano — price >= Rs100 and mcap >= Rs1000 Cr,
PIDILITIND,Pidilite Industries Limited,EQ,,1570.9,159885.0,128.981,35.997,39067.0,817811.0,,0,0.0,25,25,1995-03-29,11440.0,False,False,2026-07-24,,,not penny/nano — price >= Rs100 and mcap >= Rs1000 Cr,
PIGL,Power & Instrumentation (Gujarat) Limited,EQ,mcap,105.29,223.0,0.7,0.165,1137.0,60905.0,20.0,0,0.0,25,25,2023-05-17,1164.0,False,False,2026-07-24,,,,
PIIND,PI Industries Limited,EQ,,2731.2,40146.0,54.518,20.88,17376.0,205952.0,,0,0.0,25,25,2011-06-15,5518.0,True,False,2026-07-24,,,not penny/nano — price >= Rs100 and mcap >= Rs1000 Cr,
PILANIINVS,Pilani Investment and Industries Corporation Limited,EQ,,4311.4,,0.513,0.225,286.0,1164.0,20.0,0,0.0,25,25,2015-12-08,3881.0,False,False,2026-07-24,,,"only 286 trades/day median — one operator's book, not a market","only 286 trades/day median — one operator's book, not a market"
PINELABS,Pine Labs Limited,EQ,,145.67,18014.0,172.995,89.682,52914.0,10951562.0,20.0,0,0.0,25,25,2025-11-14,252.0,True,False,2026-07-24,,,"listed 252d ago — under a year of history, no trend to read","listed 252d ago — under a year of history, no trend to read"
PIONEEREMB,Pioneer Embroideries Limited,EQ,price,22.05,,0.014,0.002,54.0,6044.0,20.0,0,0.0,25,25,2006-05-16,7374.0,False,False,2026-07-24,,LT Stage I,"ASM LT Stage I — surveillance: 100% margin, no intraday, no pledging; illiquid: Rs1 lakh median daily turnover (floor Rs50 lakh); only 54 trades/day median — one operator's book, not a market","ASM LT Stage I — surveillance: 100% margin, no intraday, no pledging; illiquid: Rs1 lakh median daily turnover (floor Rs50 lakh); only 54 trades/day median — one operator's book, not a market"
PIONRINV,Pioneer Investcorp Limited,EQ,price,94.14,,0.031,0.005,81.0,3723.0,20.0,1,0.04,25,25,2026-04-20,95.0,False,False,2026-07-24,,,"listed 95d ago — under a year of history, no trend to read; illiquid: Rs3 lakh median daily turnover (floor Rs50 lakh); only 81 trades/day median — one operator's book, not a market","listed 95d ago — under a year of history, no trend to read; illiquid: Rs3 lakh median daily turnover (floor Rs50 lakh); only 81 trades/day median — one operator's book, not a market"
PIRAMALFIN,Piramal Finance Limited,EQ,,2085.4,48457.0,59.046,30.093,22795.0,275028.0,20.0,0,0.0,25,25,2025-11-07,259.0,True,False,2026-07-24,,,"listed 259d ago — under a year of history, no trend to read","listed 259d ago — under a year of history, no trend to read"
PITTIENG,Pitti Engineering Limited,EQ,,920.65,3467.0,3.56,1.05,2652.0,36821.0,20.0,0,0.0,25,25,2007-02-02,7112.0,False,False,2026-07-24,,,not penny/nano — price >= Rs100 and mcap >= Rs1000 Cr,
PIXTRANS,Pix Transmissions Limited,EQ,,1766.1,2407.0,4.353,1.454,3051.0,24306.0,20.0,0,0.0,25,25,2022-04-28,1548.0,False,False,2026-07-24,,,not penny/nano — price >= Rs100 and mcap >= Rs1000 Cr,
PKTEA,The Peria Karamalai Tea & Produce Company Limited,EQ,,677.15,,0.005,0.0,15.0,75.0,20.0,0,0.0,23,23,2015-08-19,3992.0,False,False,2026-07-24,,,"illiquid: Rs0 lakh median daily turnover (floor Rs50 lakh); only 15 trades/day median — one operator's book, not a market","illiquid: Rs0 lakh median daily turnover (floor Rs50 lakh); only 15 trades/day median — one operator's book, not a market"
PLASTIBLEN,Plastiblends India Limited,EQ,mcap,188.85,491.0,0.981,0.144,925.0,54369.0,20.0,0,0.0,25,25,2006-12-28,7148.0,False,False,2026-07-24,,,,
PLATIND,Platinum Industries Limited,EQ,,227.82,1251.0,1.235,0.414,1442.0,53998.0,20.0,0,0.0,25,25,2024-03-05,871.0,False,False,2026-07-24,,,not penny/nano — price >= Rs100 and mcap >= Rs1000 Cr,
PML,Paul Merchants Limited,EQ,,485.6,,0.02,0.003,31.0,411.0,20.0,0,0.0,25,25,2026-04-20,95.0,False,False,2026-07-24,,,"listed 95d ago — under a year of history, no trend to read; illiquid: Rs2 lakh median daily turnover (floor Rs50 lakh); only 31 trades/day median — one operator's book, not a market","listed 95d ago — under a year of history, no trend to read; illiquid: Rs2 lakh median daily turnover (floor Rs50 lakh); only 31 trades/day median — one operator's book, not a market"
PNB,Punjab National Bank,EQ,,110.38,126859.0,147.781,98.932,49795.0,13574053.0,,0,0.0,25,25,2002-04-24,8857.0,False,False,2026-07-24,,,not penny/nano — price >= Rs100 and mcap >= Rs1000 Cr,
PNBGILTS,PNB Gilts Limited,EQ,price,85.51,1539.0,6.04,2.248,4902.0,677319.0,20.0,0,0.0,25,25,2000-09-18,9440.0,False,False,2026-07-24,,,,
PNBHOUSING,PNB Housing Finance Limited,EQ,,1058.0,27570.0,76.742,35.427,34565.0,714193.0,,0,0.0,25,25,2016-11-07,3546.0,True,False,2026-07-24,,,not penny/nano — price >= Rs100 and mcap >= Rs1000 Cr,
PNC,Pritish Nandy Communications Limited,EQ,price,19.35,,0.009,0.001,141.0,4448.0,10.0,0,0.0,25,25,2000-12-11,9356.0,False,False,2026-07-24,,,"illiquid: Rs1 lakh median daily turnover (floor Rs50 lakh); only 141 trades/day median — one operator's book, not a market","illiquid: Rs1 lakh median daily turnover (floor Rs50 lakh); only 141 trades/day median — one operator's book, not a market"
PNCINFRA,PNC Infratech Limited,EQ,,238.21,6054.0,9.744,6.17,13423.0,401162.0,20.0,0,0.0,25,25,2015-05-26,4077.0,True,False,2026-07-24,,,not penny/nano — price >= Rs100 and mcap >= Rs1000 Cr,
PNGJL,P N Gadgil Jewellers Limited,EQ,,647.0,7727.0,15.07,4.875,8972.0,265437.0,10.0,0,0.0,25,25,2024-09-17,675.0,True,False,2026-07-24,,,not penny/nano — price >= Rs100 and mcap >= Rs1000 Cr,
PNGSREVA,PNGS Reva Diamond Jewellery Limited,EQ,,405.95,,3.27,0.847,2406.0,82425.0,20.0,0,0.0,25,25,2026-03-04,142.0,False,False,2026-07-24,,,"listed 142d ago — under a year of history, no trend to read","listed 142d ago — under a year of history, no trend to read"
POCL,Pondy Oxides & Chemicals Limited,EQ,,526.2,4014.0,26.889,16.524,13334.0,254684.0,20.0,1,0.04,25,25,2023-03-06,1236.0,False,False,2026-07-24,,,not penny/nano — price >= Rs100 and mcap >= Rs1000 Cr,
PODDARMENT,Poddar Pigments Limited,EQ,,263.98,,0.101,0.004,98.0,3855.0,20.0,0,0.0,25,25,2016-11-22,3531.0,False,False,2026-07-24,,,"illiquid: Rs10 lakh median daily turnover (floor Rs50 lakh); only 98 trades/day median — one operator's book, not a market","illiquid: Rs10 lakh median daily turnover (floor Rs50 lakh); only 98 trades/day median — one operator's book, not a market"
POKARNA,Pokarna Limited,EQ,,926.5,2873.0,6.609,1.817,4332.0,62916.0,20.0,0,0.0,25,25,2016-07-07,3669.0,False,False,2026-07-24,,,not penny/nano — price >= Rs100 and mcap >= Rs1000 Cr,
POLICYBZR,PB Fintech Limited,EQ,,1537.2,73624.0,207.851,110.135,59794.0,1318417.0,,0,0.0,25,25,2021-11-15,1712.0,True,False,2026-07-24,,,not penny/nano — price >= Rs100 and mcap >= Rs1000 Cr,
POLYCAB,Polycab India Limited,EQ,,8907.5,134193.0,337.058,158.247,46185.0,361089.0,,0,0.0,25,25,2019-04-16,2656.0,True,False,2026-07-24,,,not penny/nano — price >= Rs100 and mcap >= Rs1000 Cr,
POLYMED,Poly Medicure Limited,EQ,,1664.0,17006.0,16.898,4.917,10814.0,101148.0,20.0,0,0.0,25,25,2011-12-07,5343.0,True,False,2026-07-24,,,not penny/nano — price >= Rs100 and mcap >= Rs1000 Cr,
POLYPLEX,Polyplex Corporation Limited,EQ,,1128.95,3544.0,11.455,4.088,6984.0,106608.0,20.0,0,0.0,25,25,2003-04-11,8505.0,False,False,2026-07-24,,,not penny/nano — price >= Rs100 and mcap >= Rs1000 Cr,
PONNIERODE,Ponni Sugars (Erode) Limited,EQ,,316.0,,0.229,0.075,422.0,7326.0,20.0,0,0.0,25,25,2002-04-16,8865.0,False,False,2026-07-24,,,illiquid: Rs23 lakh median daily turnover (floor Rs50 lakh),illiquid: Rs23 lakh median daily turnover (floor Rs50 lakh)
POONAWALLA,Poonawalla Fincorp Limited,EQ,,459.7,40587.0,67.491,20.676,32629.0,1437015.0,20.0,0,0.0,25,25,2004-04-27,8123.0,True,False,2026-07-24,,,not penny/nano — price >= Rs100 and mcap >= Rs1000 Cr,
POWERGRID,Power Grid Corporation of India Limited,EQ,,288.2,268043.0,234.041,132.259,81355.0,8147424.0,,0,0.0,25,25,2007-10-05,6867.0,False,False,2026-07-24,,,not penny/nano — price >= Rs100 and mcap >= Rs1000 Cr,
POWERICA,Powerica Limited,EQ,,568.25,7184.0,22.192,5.426,11993.0,392497.0,5.0,5,0.2,25,25,2026-04-02,113.0,False,False,2026-07-24,,,"5% circuit band — cannot exit on bad news; listed 113d ago — under a year of history, no trend to read","5% circuit band — cannot exit on bad news; listed 113d ago — under a year of history, no trend to read"
POWERINDIA,Hitachi Energy India Limited,EQ,,31070.0,138486.0,422.437,228.732,38958.0,125021.0,,0,0.0,25,25,2020-03-30,2307.0,True,False,2026-07-24,,,not penny/nano — price >= Rs100 and mcap >= Rs1000 Cr,
POWERMECH,Power Mech Projects Limited,EQ,,2593.6,8319.0,14.993,6.077,9546.0,58433.0,20.0,0,0.0,25,25,2015-08-26,3985.0,True,False,2026-07-24,,,not penny/nano — price >= Rs100 and mcap >= Rs1000 Cr,
PPAP,PPAP Automotive Limited,BE,mcap,338.02,411.0,1.189,0.447,1793.0,47730.0,5.0,5,0.294,17,17,2008-01-11,6769.0,False,False,2026-07-14,,,series BE (trade-to-trade / SME — not normal rolling settlement); 5% circuit band — cannot exit on bad news; closed at circuit on 29% of sessions — a stop cannot fill in a locked market,series BE (trade-to-trade / SME — not normal rolling settlement); 5% circuit band — cannot exit on bad news; closed at circuit on 29% of sessions — a stop cannot fill in a locked market
PPL,Prakash Pipes Limited,BE,,316.25,,3.279,2.416,3307.5,123905.0,5.0,2,0.25,8,8,2019-06-14,2597.0,False,False,2026-07-01,,,series BE (trade-to-trade / SME — not normal rolling settlement); 5% circuit band — cannot exit on bad news; closed at circuit on 25% of sessions — a stop cannot fill in a locked market,series BE (trade-to-trade / SME — not normal rolling settlement); 5% circuit band — cannot exit on bad news; closed at circuit on 25% of sessions — a stop cannot fill in a locked market
PPLPHARMA,Piramal Pharma Limited,EQ,,181.27,23425.0,88.319,36.348,43513.0,5073248.0,20.0,0,0.0,25,25,2022-10-19,1374.0,True,False,2026-07-24,,,not penny/nano — price >= Rs100 and mcap >= Rs1000 Cr,
PRABHA,Prabha Energy Limited,EQ,,139.86,,0.3,0.107,462.0,19483.0,20.0,0,0.0,25,25,2025-03-19,492.0,False,False,2026-07-24,,,illiquid: Rs30 lakh median daily turnover (floor Rs50 lakh),illiquid: Rs30 lakh median daily turnover (floor Rs50 lakh)
PRADPME,Pradeep Metals Limited,BE,mcap,553.7,875.0,2.766,1.346,2232.0,50966.0,5.0,2,0.286,7,7,2026-04-20,95.0,False,False,2026-06-30,,,"series BE (trade-to-trade / SME — not normal rolling settlement); 5% circuit band — cannot exit on bad news; listed 95d ago — under a year of history, no trend to read; closed at circuit on 29% of sessions — a stop cannot fill in a locked market","series BE (trade-to-trade / SME — not normal rolling settlement); 5% circuit band — cannot exit on bad news; listed 95d ago — under a year of history, no trend to read; closed at circuit on 29% of sessions — a stop cannot fill in a locked market"
PRAENG,Prajay Engineers Syndicate Limited,EQ,price,22.42,,0.051,0.008,142.0,25522.0,20.0,0,0.0,25,25,2007-01-02,7143.0,False,False,2026-07-24,,,"illiquid: Rs5 lakh median daily turnover (floor Rs50 lakh); only 142 trades/day median — one operator's book, not a market","illiquid: Rs5 lakh median daily turnover (floor Rs50 lakh); only 142 trades/day median — one operator's book, not a market"
PRAJIND,Praj Industries Limited,EQ,,323.5,6501.0,17.235,8.675,17756.0,497226.0,20.0,0,0.0,25,25,1995-10-11,11244.0,True,False,2026-07-24,,,not penny/nano — price >= Rs100 and mcap >= Rs1000 Cr,
PRAKASH,Prakash Industries Limited,EQ,,123.77,2216.0,4.349,2.014,3962.0,330346.0,20.0,0,0.0,25,25,1995-05-10,11398.0,False,False,2026-07-24,,,not penny/nano — price >= Rs100 and mcap >= Rs1000 Cr,
PRAKASHSTL,Prakash Steelage Limited,EQ,price,4.01,,0.038,0.019,340.0,92356.0,20.0,0,0.0,25,25,2010-08-25,5812.0,False,False,2026-07-24,0.0,,"GSM stage 0 — exchange surveillance, periodic call auction; price Rs4.01 below the Rs5 floor (tick size ~1% of price; the spread eats the edge); illiquid: Rs4 lakh median daily turnover (floor Rs50 lakh)","GSM stage 0 — exchange surveillance, periodic call auction; price Rs4.01 below the Rs5 floor (tick size ~1% of price; the spread eats the edge); illiquid: Rs4 lakh median daily turnover (floor Rs50 lakh)"
PRAVEG,Praveg Limited,EQ,mcap,285.08,745.0,1.925,0.416,1728.0,83764.0,20.0,0,0.0,25,25,2026-04-20,95.0,False,False,2026-07-24,,ST Stage I,"ASM ST Stage I — surveillance: 100% margin, no intraday, no pledging; listed 95d ago — under a year of history, no trend to read","ASM ST Stage I — surveillance: 100% margin, no intraday, no pledging; listed 95d ago — under a year of history, no trend to read"
PRECAM,Precision Camshafts Limited,EQ,,138.65,1317.0,1.686,0.643,1941.0,114009.0,20.0,0,0.0,25,25,2016-02-08,3819.0,False,False,2026-07-24,,,not penny/nano — price >= Rs100 and mcap >= Rs1000 Cr,
PRECOT,Precot Limited,EQ,,823.75,,0.45,0.151,360.0,5822.0,5.0,2,0.08,25,25,2005-08-19,7644.0,False,False,2026-07-24,,,5% circuit band — cannot exit on bad news; illiquid: Rs45 lakh median daily turnover (floor Rs50 lakh),5% circuit band — cannot exit on bad news; illiquid: Rs45 lakh median daily turnover (floor Rs50 lakh)
PRECWIRE,Precision Wires India Limited,EQ,,372.5,6810.0,9.67,4.028,10620.0,248323.0,20.0,0,0.0,25,25,1995-09-06,11279.0,False,False,2026-07-24,,LT Stage I,"ASM LT Stage I — surveillance: 100% margin, no intraday, no pledging","ASM LT Stage I — surveillance: 100% margin, no intraday, no pledging"
PREMCO,Premco Global Limited,EQ,,363.9,,0.016,0.0,40.0,428.0,20.0,0,0.0,25,25,2026-04-20,95.0,False,False,2026-07-24,,,"listed 95d ago — under a year of history, no trend to read; illiquid: Rs2 lakh median daily turnover (floor Rs50 lakh); only 40 trades/day median — one operator's book, not a market","listed 95d ago — under a year of history, no trend to read; illiquid: Rs2 lakh median daily turnover (floor Rs50 lakh); only 40 trades/day median — one operator's book, not a market"
PREMEXPLN,Premier Explosives Limited,EQ,,662.1,3560.0,57.275,15.358,17931.0,737903.0,20.0,0,0.0,25,25,2016-06-17,3689.0,False,False,2026-07-24,,LT Stage I,"ASM LT Stage I — surveillance: 100% margin, no intraday, no pledging","ASM LT Stage I — surveillance: 100% margin, no intraday, no pledging"
PREMIERENE,Premier Energies Limited,EQ,,1019.3,47520.0,119.243,55.524,35263.0,1097545.0,,0,0.0,25,25,2024-09-03,689.0,True,False,2026-07-24,,,not penny/nano — price >= Rs100 and mcap >= Rs1000 Cr,
PREMIERPOL,Premier Polyfilm Limited,EQ,price+mcap,79.3,831.0,2.159,0.502,2776.0,329046.0,20.0,0,0.0,15,15,1995-12-13,11181.0,False,False,2026-07-24,,,,
PRESTIGE,Prestige Estates Projects Limited,EQ,,1592.8,71846.0,126.372,54.394,36003.0,802548.0,,0,0.0,25,25,2010-10-27,5749.0,True,False,2026-07-24,,,not penny/nano — price >= Rs100 and mcap >= Rs1000 Cr,
PRICOLLTD,Pricol Limited,EQ,,628.7,7577.0,29.397,12.016,18772.0,475858.0,20.0,0,0.0,25,25,2017-02-10,3451.0,True,False,2026-07-24,,,not penny/nano — price >= Rs100 and mcap >= Rs1000 Cr,
PRIMESECU,Prime Securities Limited,EQ,mcap,274.45,931.0,0.864,0.066,818.0,29895.0,20.0,0,0.0,25,25,2005-06-17,7707.0,False,False,2026-07-24,,,,
PRIMO,Primo Chemicals Limited,EQ,price,22.34,,0.237,0.079,768.0,102184.0,20.0,0,0.0,25,25,2025-04-22,458.0,False,False,2026-07-24,,,illiquid: Rs24 lakh median daily turnover (floor Rs50 lakh),illiquid: Rs24 lakh median daily turnover (floor Rs50 lakh)
PRINCEPIPE,Prince Pipes And Fittings Limited,EQ,,261.2,2888.0,4.158,2.367,4570.0,153434.0,20.0,0,0.0,25,25,2019-12-30,2398.0,False,False,2026-07-24,,,not penny/nano — price >= Rs100 and mcap >= Rs1000 Cr,
PRITIKAUTO,Pritika Auto Industries Limited,BE,price,19.99,,3.502,2.148,4708.0,1785176.0,5.0,2,1.0,2,2,2021-08-10,1809.0,False,False,2026-06-22,,,series BE (trade-to-trade / SME — not normal rolling settlement); 5% circuit band — cannot exit on bad news; closed at circuit on 100% of sessions — a stop cannot fill in a locked market,series BE (trade-to-trade / SME — not normal rolling settlement); 5% circuit band — cannot exit on bad news; closed at circuit on 100% of sessions — a stop cannot fill in a locked market
PRIVISCL,Privi Speciality Chemicals Limited,EQ,,3595.2,14044.0,19.496,7.987,8553.0,54244.0,20.0,0,0.0,25,25,2015-05-08,4095.0,True,False,2026-07-24,,,not penny/nano — price >= Rs100 and mcap >= Rs1000 Cr,
PROSTARM,Prostarm Info Systems Limited,EQ,mcap,123.67,728.0,1.853,0.862,1803.0,145339.0,20.0,0,0.0,25,25,2025-06-03,416.0,False,False,2026-07-24,,,,
PROTEAN,Protean eGov Technologies Limited,EQ,,593.9,2412.0,11.726,6.489,7113.0,196720.0,20.0,0,0.0,25,25,2025-02-06,533.0,False,False,2026-07-24,,,not penny/nano — price >= Rs100 and mcap >= Rs1000 Cr,
PROZONER,Prozone Realty Limited,EQ,price+mcap,43.8,668.0,0.662,0.233,1089.0,149167.0,20.0,0,0.0,25,25,2012-09-12,5063.0,False,False,2026-07-24,,,,
PRSMJOHNSN,Prism Johnson Limited,EQ,,108.02,5838.0,1.299,0.813,2983.0,113183.0,20.0,0,0.0,25,25,2003-08-20,8374.0,True,False,2026-07-24,,,not penny/nano — price >= Rs100 and mcap >= Rs1000 Cr,
PRUDENT,Prudent Corporate Advisory Services Limited,EQ,,2858.9,11838.0,5.665,2.075,5014.0,19381.0,20.0,0,0.0,25,25,2022-05-20,1526.0,True,False,2026-07-24,,,not penny/nano — price >= Rs100 and mcap >= Rs1000 Cr,
PSB,Punjab & Sind Bank,EQ,,23.77,16866.0,3.304,1.43,4253.0,1337318.0,20.0,0,0.0,25,25,2010-12-30,5685.0,False,False,2026-07-24,,,"not penny/nano — too big on both arms: a Rs24 share of a Rs16,866 Cr company (the price arm's ceiling is Rs5,000 Cr — a cheap share is not a small company)",
PSPPROJECT,PSP Projects Limited,EQ,,1031.2,4088.0,12.369,4.053,6843.0,124376.0,20.0,0,0.0,25,25,2017-05-29,3343.0,False,False,2026-07-24,,,not penny/nano — price >= Rs100 and mcap >= Rs1000 Cr,
PSUBANK,,,price,83.49,,2.311,0.668,709.0,105107.0,20.0,1,0.04,25,25,,,False,False,2026-07-24,,,not in the NSE equity master (ETF / REIT / InvIT — not a company),not in the NSE equity master (ETF / REIT / InvIT — not a company)
PSUBANKADD,,,price,84.48,,0.388,0.103,351.0,45747.0,20.0,0,0.0,25,25,,,False,False,2026-07-24,,,not in the NSE equity master (ETF / REIT / InvIT — not a company); illiquid: Rs39 lakh median daily turnover (floor Rs50 lakh),not in the NSE equity master (ETF / REIT / InvIT — not a company); illiquid: Rs39 lakh median daily turnover (floor Rs50 lakh)
PSUBNKBEES,,,price,93.42,,19.67,9.238,6530.0,2054382.0,20.0,0,0.0,25,25,,,False,False,2026-07-24,,,not in the NSE equity master (ETF / REIT / InvIT — not a company),not in the NSE equity master (ETF / REIT / InvIT — not a company)
PSUBNKIETF,,,price,84.71,,2.111,0.809,1082.0,249401.0,20.0,0,0.0,25,25,,,False,False,2026-07-24,,,not in the NSE equity master (ETF / REIT / InvIT — not a company),not in the NSE equity master (ETF / REIT / InvIT — not a company)
PTC,PTC India Limited,EQ,,164.4,5259.0,10.756,6.57,10182.0,626978.0,20.0,0,0.0,25,25,2004-04-07,8143.0,True,False,2026-07-24,,,not penny/nano — price >= Rs100 and mcap >= Rs1000 Cr,
PTCIL,PTC Industries Limited,EQ,,17732.0,26631.0,20.742,10.013,4186.0,11973.0,20.0,0,0.0,25,25,2023-06-09,1141.0,True,False,2026-07-24,,,not penny/nano — price >= Rs100 and mcap >= Rs1000 Cr,
PTL,PTL Enterprises Limited,EQ,price,39.26,,0.137,0.05,749.0,34140.0,20.0,0,0.0,25,25,2007-01-29,7116.0,False,False,2026-07-24,,,illiquid: Rs14 lakh median daily turnover (floor Rs50 lakh),illiquid: Rs14 lakh median daily turnover (floor Rs50 lakh)
PUNJABCHEM,Punjab Chemicals & Crop Protection Limited,EQ,,1121.6,1375.0,1.229,0.272,1190.0,10614.0,20.0,0,0.0,25,25,2007-03-08,7078.0,False,False,2026-07-24,,,not penny/nano — price >= Rs100 and mcap >= Rs1000 Cr,
PURVA,Puravankara Limited,EQ,,213.35,5255.0,2.584,1.025,3741.0,117951.0,20.0,0,0.0,25,25,2007-08-30,6903.0,True,False,2026-07-24,,,not penny/nano — price >= Rs100 and mcap >= Rs1000 Cr,
PVP,PVP Ventures Limited,EQ,price+mcap,27.31,711.0,0.686,0.178,1295.0,249472.0,20.0,0,0.0,25,25,1996-04-03,11069.0,False,False,2026-07-24,,,,
PVRINOX,PVR INOX Limited,EQ,,1063.95,10448.0,20.366,7.809,14573.0,206437.0,20.0,0,0.0,25,25,2006-01-04,7506.0,True,False,2026-07-24,,,not penny/nano — price >= Rs100 and mcap >= Rs1000 Cr,
PVSL,Popular Vehicles and Services Limited,EQ,,106.01,,0.268,0.097,991.0,29096.0,20.0,0,0.0,25,25,2024-03-19,857.0,False,False,2026-07-24,,,illiquid: Rs27 lakh median daily turnover (floor Rs50 lakh),illiquid: Rs27 lakh median daily turnover (floor Rs50 lakh)
PVTBANIETF,,,price,27.56,,18.97,3.517,2180.0,6610872.0,20.0,0,0.0,25,25,,,False,False,2026-07-24,,,not in the NSE equity master (ETF / REIT / InvIT — not a company),not in the NSE equity master (ETF / REIT / InvIT — not a company)
PVTBANK,,,price,27.41,,0.151,0.061,68.0,54805.0,20.0,0,0.0,3,3,,,False,False,2026-07-24,,,"not in the NSE equity master (ETF / REIT / InvIT — not a company); illiquid: Rs15 lakh median daily turnover (floor Rs50 lakh); only 68 trades/day median — one operator's book, not a market","not in the NSE equity master (ETF / REIT / InvIT — not a company); illiquid: Rs15 lakh median daily turnover (floor Rs50 lakh); only 68 trades/day median — one operator's book, not a market"
PVTBANKADD,,,price,27.74,,1.74,0.131,374.0,608775.0,20.0,0,0.0,25,25,,,False,False,2026-07-24,,,not in the NSE equity master (ETF / REIT / InvIT — not a company),not in the NSE equity master (ETF / REIT / InvIT — not a company)
PVTBKGROWW,,,price,27.35,,0.079,0.015,179.0,29009.0,20.0,0,0.0,25,25,,,False,False,2026-07-24,,,"not in the NSE equity master (ETF / REIT / InvIT — not a company); illiquid: Rs8 lakh median daily turnover (floor Rs50 lakh); only 179 trades/day median — one operator's book, not a market","not in the NSE equity master (ETF / REIT / InvIT — not a company); illiquid: Rs8 lakh median daily turnover (floor Rs50 lakh); only 179 trades/day median — one operator's book, not a market"
PWL,Physicswallah Limited,EQ,,128.05,37758.0,109.463,25.605,43409.0,8100013.0,20.0,0,0.0,25,25,2025-11-18,248.0,True,False,2026-07-24,,,"listed 248d ago — under a year of history, no trend to read","listed 248d ago — under a year of history, no trend to read"
PYRAMID,Pyramid Technoplast Limited,EQ,,164.21,,0.426,0.142,679.0,25060.0,20.0,0,0.0,25,25,2023-08-29,1060.0,False,False,2026-07-24,,,illiquid: Rs43 lakh median daily turnover (floor Rs50 lakh),illiquid: Rs43 lakh median daily turnover (floor Rs50 lakh)
QGOLDHALF,,,,118.07,,1.525,0.825,1099.0,128165.0,20.0,0,0.0,25,25,,,False,False,2026-07-24,,,not in the NSE equity master (ETF / REIT / InvIT — not a company),not in the NSE equity master (ETF / REIT / InvIT — not a company)
QMSMEDI,QMS Medical Allied Services Limited,EQ,,110.6,,0.153,0.035,668.0,14646.0,20.0,0,0.0,25,25,2026-06-18,36.0,False,False,2026-07-24,,,"listed 36d ago — under a year of history, no trend to read; illiquid: Rs15 lakh median daily turnover (floor Rs50 lakh)","listed 36d ago — under a year of history, no trend to read; illiquid: Rs15 lakh median daily turnover (floor Rs50 lakh)"
QNIFTY,,,,261.6,,0.076,0.009,70.0,2881.0,20.0,0,0.0,25,25,,,False,False,2026-07-24,,,"not in the NSE equity master (ETF / REIT / InvIT — not a company); illiquid: Rs8 lakh median daily turnover (floor Rs50 lakh); only 70 trades/day median — one operator's book, not a market","not in the NSE equity master (ETF / REIT / InvIT — not a company); illiquid: Rs8 lakh median daily turnover (floor Rs50 lakh); only 70 trades/day median — one operator's book, not a market"
QUADFUTURE,Quadrant Future Tek Limited,EQ,,361.05,1444.0,18.134,6.874,9025.0,393412.0,20.0,0,0.0,25,25,2025-01-14,556.0,False,False,2026-07-24,,,not penny/nano — price >= Rs100 and mcap >= Rs1000 Cr,
QUAL30IETF,,,price,20.94,,0.177,0.039,236.0,84643.0,20.0,0,0.0,25,25,,,False,False,2026-07-24,,,"not in the NSE equity master (ETF / REIT / InvIT — not a company); illiquid: Rs18 lakh median daily turnover (floor Rs50 lakh); only 236 trades/day median — one operator's book, not a market","not in the NSE equity master (ETF / REIT / InvIT — not a company); illiquid: Rs18 lakh median daily turnover (floor Rs50 lakh); only 236 trades/day median — one operator's book, not a market"
QUALITY30,,,price,20.46,,0.033,0.004,32.0,16327.0,20.0,0,0.0,25,25,,,False,False,2026-07-24,,,"not in the NSE equity master (ETF / REIT / InvIT — not a company); illiquid: Rs3 lakh median daily turnover (floor Rs50 lakh); only 32 trades/day median — one operator's book, not a market","not in the NSE equity master (ETF / REIT / InvIT — not a company); illiquid: Rs3 lakh median daily turnover (floor Rs50 lakh); only 32 trades/day median — one operator's book, not a market"
QUESS,Quess Corp Limited,EQ,,295.4,4344.0,9.193,3.01,8235.0,311835.0,20.0,0,0.0,25,25,2016-07-12,3664.0,True,False,2026-07-24,,,not penny/nano — price >= Rs100 and mcap >= Rs1000 Cr,
QUINT,Quint Digital Limited,EQ,price,38.64,,0.005,0.0,19.0,1244.0,20.0,0,0.0,25,25,2026-04-20,95.0,False,False,2026-07-24,,,"listed 95d ago — under a year of history, no trend to read; illiquid: Rs0 lakh median daily turnover (floor Rs50 lakh); only 19 trades/day median — one operator's book, not a market","listed 95d ago — under a year of history, no trend to read; illiquid: Rs0 lakh median daily turnover (floor Rs50 lakh); only 19 trades/day median — one operator's book, not a market"
RACE,Race Eco Chain Limited,EQ,,109.25,,0.047,0.002,57.5,4244.5,10.0,0,0.0,10,10,2023-05-09,1172.0,False,False,2026-07-24,,,"illiquid: Rs5 lakh median daily turnover (floor Rs50 lakh); only 57 trades/day median — one operator's book, not a market","illiquid: Rs5 lakh median daily turnover (floor Rs50 lakh); only 57 trades/day median — one operator's book, not a market"
RACLGEAR,RACL Geartech Limited,EQ,,1315.5,1551.0,2.594,0.838,2265.0,20441.0,20.0,0,0.0,25,25,2024-11-27,604.0,False,False,2026-07-24,,,not penny/nano — price >= Rs100 and mcap >= Rs1000 Cr,
RADAAN,Radaan Mediaworks India Limited,EQ,price,2.88,,0.005,0.001,73.0,15230.0,20.0,0,0.0,25,25,2003-02-27,8548.0,False,False,2026-07-24,0.0,,"GSM stage 0 — exchange surveillance, periodic call auction; price Rs2.88 below the Rs5 floor (tick size ~1% of price; the spread eats the edge); illiquid: Rs0 lakh median daily turnover (floor Rs50 lakh); only 73 trades/day median — one operator's book, not a market","GSM stage 0 — exchange surveillance, periodic call auction; price Rs2.88 below the Rs5 floor (tick size ~1% of price; the spread eats the edge); illiquid: Rs0 lakh median daily turnover (floor Rs50 lakh); only 73 trades/day median — one operator's book, not a market"
RADHIKAJWE,Radhika Jeweltech Limited,EQ,price+mcap,63.63,751.0,1.835,0.583,3332.0,289847.0,20.0,0,0.0,25,25,2022-07-18,1467.0,False,False,2026-07-24,,,,
RADIANTCMS,Radiant Cash Management Services Limited,EQ,price,36.93,,0.443,0.189,1030.0,113215.0,20.0,0,0.0,25,25,2023-01-04,1297.0,False,False,2026-07-24,,,illiquid: Rs44 lakh median daily turnover (floor Rs50 lakh),illiquid: Rs44 lakh median daily turnover (floor Rs50 lakh)
RADICO,Radico Khaitan Limited,EQ,,4091.3,54816.0,122.959,52.2,34305.0,303434.0,,0,0.0,25,25,2003-06-18,8437.0,True,False,2026-07-24,,,not penny/nano — price >= Rs100 and mcap >= Rs1000 Cr,
RADIOCITY,Music Broadcast Limited,EQ,price,6.4,,0.022,0.007,122.0,36807.0,10.0,0,0.0,25,25,2017-03-17,3416.0,False,False,2026-07-24,,,"illiquid: Rs2 lakh median daily turnover (floor Rs50 lakh); only 122 trades/day median — one operator's book, not a market","illiquid: Rs2 lakh median daily turnover (floor Rs50 lakh); only 122 trades/day median — one operator's book, not a market"
RAILTEL,Railtel Corporation Of India Limited,EQ,,284.75,10094.0,15.505,10.15,12804.0,504484.0,20.0,0,0.0,25,25,2021-02-26,1974.0,True,False,2026-07-24,,,not penny/nano — price >= Rs100 and mcap >= Rs1000 Cr,
RAIN,Rain Industries Limited,EQ,,225.23,7576.0,92.983,35.565,37187.0,4542487.0,20.0,0,0.0,25,25,2008-03-03,6717.0,True,False,2026-07-24,,,not penny/nano — price >= Rs100 and mcap >= Rs1000 Cr,
RAINBOW,Rainbow Childrens Medicare Limited,EQ,,1457.8,14626.0,10.697,7.407,11458.0,74400.0,20.0,0,0.0,25,25,2022-05-10,1536.0,True,False,2026-07-24,,,not penny/nano — price >= Rs100 and mcap >= Rs1000 Cr,
RAJMET,Rajnandini Metal Limited,EQ,price,3.36,,0.083,0.05,630.0,234210.0,10.0,0,0.0,25,25,2021-02-16,1984.0,False,False,2026-07-24,,,price Rs3.36 below the Rs5 floor (tick size ~1% of price; the spread eats the edge); illiquid: Rs8 lakh median daily turnover (floor Rs50 lakh),price Rs3.36 below the Rs5 floor (tick size ~1% of price; the spread eats the edge); illiquid: Rs8 lakh median daily turnover (floor Rs50 lakh)
RAJOOENG,Rajoo Engineers Limited,BE,price,52.61,,2.149,1.66,3225.0,388340.0,5.0,0,0.0,7,7,2025-05-29,421.0,False,False,2026-06-30,,,series BE (trade-to-trade / SME — not normal rolling settlement); 5% circuit band — cannot exit on bad news,series BE (trade-to-trade / SME — not normal rolling settlement); 5% circuit band — cannot exit on bad news
RAJPALAYAM,Rajapalayam Mills Limited,EQ,,807.75,,0.095,0.008,112.0,1155.0,20.0,0,0.0,25,25,2026-04-20,95.0,False,False,2026-07-24,,,"listed 95d ago — under a year of history, no trend to read; illiquid: Rs10 lakh median daily turnover (floor Rs50 lakh); only 112 trades/day median — one operator's book, not a market","listed 95d ago — under a year of history, no trend to read; illiquid: Rs10 lakh median daily turnover (floor Rs50 lakh); only 112 trades/day median — one operator's book, not a market"
RAJRATAN,Rajratan Global Wire Limited,EQ,,488.3,2479.0,4.541,1.35,4153.0,93826.0,20.0,0,0.0,25,25,2020-05-22,2254.0,False,False,2026-07-24,,,not penny/nano — price >= Rs100 and mcap >= Rs1000 Cr,
RAJSREESUG,Rajshree Sugars & Chemicals Limited,EQ,price,29.97,,0.08,0.021,273.0,23357.0,20.0,0,0.0,25,25,1995-03-29,11440.0,False,False,2026-07-24,,LT Stage I,"ASM LT Stage I — surveillance: 100% margin, no intraday, no pledging; illiquid: Rs8 lakh median daily turnover (floor Rs50 lakh); only 273 trades/day median — one operator's book, not a market","ASM LT Stage I — surveillance: 100% margin, no intraday, no pledging; illiquid: Rs8 lakh median daily turnover (floor Rs50 lakh); only 273 trades/day median — one operator's book, not a market"
RAJTV,Raj Television Network Limited,EQ,price,11.67,,0.036,0.008,178.0,30528.0,5.0,1,0.04,25,25,2007-03-16,7070.0,False,False,2026-07-24,,,"5% circuit band — cannot exit on bad news; illiquid: Rs4 lakh median daily turnover (floor Rs50 lakh); only 178 trades/day median — one operator's book, not a market","5% circuit band — cannot exit on bad news; illiquid: Rs4 lakh median daily turnover (floor Rs50 lakh); only 178 trades/day median — one operator's book, not a market"
RALLIS,Rallis India Limited,EQ,,218.72,4437.0,15.751,4.863,15142.0,685113.0,20.0,0,0.0,25,25,1999-04-01,9976.0,True,False,2026-07-24,,,not penny/nano — price >= Rs100 and mcap >= Rs1000 Cr,
RAMANEWS,Shree Rama Newsprint Limited,EQ,price,28.57,,0.032,0.006,86.0,11077.0,20.0,0,0.0,25,25,2006-09-20,7247.0,False,False,2026-07-24,,,"illiquid: Rs3 lakh median daily turnover (floor Rs50 lakh); only 86 trades/day median — one operator's book, not a market","illiquid: Rs3 lakh median daily turnover (floor Rs50 lakh); only 86 trades/day median — one operator's book, not a market"
RAMAPHO,Rama Phosphates Limited,EQ,,131.1,,0.284,0.087,592.0,21842.0,20.0,0,0.0,25,25,2022-08-05,1449.0,False,False,2026-07-24,,,illiquid: Rs28 lakh median daily turnover (floor Rs50 lakh),illiquid: Rs28 lakh median daily turnover (floor Rs50 lakh)
RAMASTEEL,Rama Steel Tubes Limited,BE,price,4.64,,6.343,2.287,8089.0,13238470.0,5.0,0,0.0,5,5,2015-08-19,3992.0,False,False,2026-06-25,,,series BE (trade-to-trade / SME — not normal rolling settlement); 5% circuit band — cannot exit on bad news; price Rs4.64 below the Rs5 floor (tick size ~1% of price; the spread eats the edge),series BE (trade-to-trade / SME — not normal rolling settlement); 5% circuit band — cannot exit on bad news; price Rs4.64 below the Rs5 floor (tick size ~1% of price; the spread eats the edge)
RAMBHAJO,Advit Jewels Limited,EQ,,194.07,,11.282,4.449,8602.0,533826.5,20.0,0,0.0,8,8,2026-07-01,23.0,False,False,2026-07-24,,,"listed 23d ago — under a year of history, no trend to read","listed 23d ago — under a year of history, no trend to read"
RAMCOCEM,The Ramco Cements Limited,EQ,,914.8,22390.0,8.853,2.217,7833.0,96756.0,20.0,0,0.0,25,25,1997-04-09,10698.0,True,False,2026-07-24,,,not penny/nano — price >= Rs100 and mcap >= Rs1000 Cr,
RAMCOIND,Ramco Industries Limited,EQ,,329.15,2858.0,7.548,3.31,6551.0,225480.0,20.0,0,0.0,25,25,1996-11-06,10852.0,False,False,2026-07-24,,,not penny/nano — price >= Rs100 and mcap >= Rs1000 Cr,
RAMCOSYS,Ramco Systems Limited,EQ,,710.95,2672.0,160.694,7.008,48995.0,1892166.0,10.0,5,0.2,25,25,2000-04-12,9599.0,False,False,2026-07-24,,LT Stage I,"ASM LT Stage I — surveillance: 100% margin, no intraday, no pledging","ASM LT Stage I — surveillance: 100% margin, no intraday, no pledging"
RAMKY,Ramky Infrastructure Limited,EQ,,371.1,2568.0,2.159,0.617,1395.0,54811.0,20.0,0,0.0,25,25,2010-10-08,5768.0,False,False,2026-07-24,,,not penny/nano — price >= Rs100 and mcap >= Rs1000 Cr,
RAMRAT,Ram Ratna Wires Limited,EQ,,414.1,3866.0,5.036,1.544,3841.0,124648.0,20.0,0,0.0,25,25,2022-07-29,1456.0,False,False,2026-07-24,,,not penny/nano — price >= Rs100 and mcap >= Rs1000 Cr,
RANASUG,Rana Sugars Limited,EQ,price,11.78,,0.17,0.078,492.0,136594.0,20.0,0,0.0,25,25,2005-02-24,7820.0,False,False,2026-07-24,,,illiquid: Rs17 lakh median daily turnover (floor Rs50 lakh),illiquid: Rs17 lakh median daily turnover (floor Rs50 lakh)
RANEHOLDIN,Rane Holdings Limited,EQ,,1738.4,2482.0,2.69,0.937,1895.0,15043.0,20.0,0,0.0,25,25,1997-09-24,10530.0,False,False,2026-07-24,,,not penny/nano — price >= Rs100 and mcap >= Rs1000 Cr,
RATEGAIN,Rategain Travel Technologies Limited,EQ,,900.4,11144.0,34.752,13.391,14462.0,386398.0,20.0,0,0.0,25,25,2021-12-17,1680.0,True,False,2026-07-24,,,not penny/nano — price >= Rs100 and mcap >= Rs1000 Cr,
RATNAMANI,Ratnamani Metals & Tubes Limited,EQ,,2394.5,16784.0,7.49,2.509,5671.0,27012.0,20.0,0,0.0,25,25,2006-05-09,7381.0,True,False,2026-07-24,,,not penny/nano — price >= Rs100 and mcap >= Rs1000 Cr,
RATNAVEER,Ratnaveer Precision Engineering Limited,EQ,,178.61,1272.0,17.053,4.077,7972.0,942701.0,20.0,0,0.0,25,25,2023-09-11,1047.0,False,False,2026-07-24,,,not penny/nano — price >= Rs100 and mcap >= Rs1000 Cr,
RAYMOND,Raymond Limited,EQ,,588.4,3917.0,26.406,10.717,12040.0,431397.0,20.0,0,0.0,25,25,1995-10-18,11237.0,False,False,2026-07-24,,,not penny/nano — price >= Rs100 and mcap >= Rs1000 Cr,
RAYMONDLSL,Raymond Lifestyle Limited,EQ,,714.95,4715.0,6.302,2.868,4579.0,87134.0,20.0,0,0.0,25,25,2024-09-05,687.0,True,False,2026-07-24,,,not penny/nano — price >= Rs100 and mcap >= Rs1000 Cr,
RAYMONDREL,Raymond Realty Limited,EQ,,654.55,4369.0,42.229,11.111,14613.0,615823.0,20.0,0,0.0,25,25,2025-07-01,388.0,False,False,2026-07-24,,,not penny/nano — price >= Rs100 and mcap >= Rs1000 Cr,
RBA,Restaurant Brands Asia Limited,EQ,price,65.16,4643.0,29.243,10.448,12297.0,4028151.0,20.0,0,0.0,25,25,2020-12-14,2048.0,True,False,2026-07-24,,,,
RBLBANK,RBL Bank Limited,EQ,,352.9,54649.0,198.136,94.951,53146.0,5511328.0,,0,0.0,25,25,2016-08-31,3614.0,True,False,2026-07-24,,,not penny/nano — price >= Rs100 and mcap >= Rs1000 Cr,
RBZJEWEL,RBZ Jewellers Limited,EQ,mcap,140.91,564.0,1.147,0.395,1776.0,84323.0,20.0,0,0.0,25,25,2023-12-27,940.0,False,False,2026-07-24,,,,
RCF,Rashtriya Chemicals and Fertilizers Limited,EQ,,124.22,7336.0,11.827,5.966,9877.0,896748.0,20.0,0,0.0,25,25,1998-01-07,10425.0,True,False,2026-07-24,,,not penny/nano — price >= Rs100 and mcap >= Rs1000 Cr,
RECLTD,REC Limited,EQ,,361.6,95217.0,173.607,80.943,45391.0,4706399.0,,0,0.0,25,25,2008-03-12,6708.0,False,False,2026-07-24,,,not penny/nano — price >= Rs100 and mcap >= Rs1000 Cr,
REDINGTON,Redington Limited,EQ,,259.05,21499.0,61.937,23.67,31696.0,2211405.0,20.0,0,0.0,25,25,2007-02-15,7099.0,True,False,2026-07-24,,,not penny/nano — price >= Rs100 and mcap >= Rs1000 Cr,
REDTAPE,Redtape Limited,EQ,,126.77,7694.0,3.557,1.566,5033.0,265452.0,20.0,0,0.0,25,25,2023-08-11,1078.0,True,False,2026-07-24,,,not penny/nano — price >= Rs100 and mcap >= Rs1000 Cr,
REFEX,Refex Industries Limited,EQ,,316.0,4918.0,22.348,10.544,11871.0,668217.0,20.0,0,0.0,25,25,2009-12-03,6077.0,True,False,2026-07-24,,,not penny/nano — price >= Rs100 and mcap >= Rs1000 Cr,
REGENCERAM,Regency Ceramics Limited,EQ,price,33.94,,0.005,0.0,28.0,1233.0,20.0,0,0.0,25,25,1996-06-05,11006.0,False,False,2026-07-24,0.0,,"GSM stage 0 — exchange surveillance, periodic call auction; illiquid: Rs0 lakh median daily turnover (floor Rs50 lakh); only 28 trades/day median — one operator's book, not a market","GSM stage 0 — exchange surveillance, periodic call auction; illiquid: Rs0 lakh median daily turnover (floor Rs50 lakh); only 28 trades/day median — one operator's book, not a market"
RELAXO,Relaxo Footwears Limited,EQ,,402.95,10031.0,15.219,2.042,13524.0,388460.0,20.0,1,0.04,25,25,2011-06-17,5516.0,True,False,2026-07-24,,,not penny/nano — price >= Rs100 and mcap >= Rs1000 Cr,
RELCHEMQ,Reliance Chemotex Industries Limited,EQ,,127.29,,0.036,0.009,87.0,2727.0,20.0,0,0.0,25,25,2022-05-25,1521.0,False,False,2026-07-24,,,"illiquid: Rs4 lakh median daily turnover (floor Rs50 lakh); only 87 trades/day median — one operator's book, not a market","illiquid: Rs4 lakh median daily turnover (floor Rs50 lakh); only 87 trades/day median — one operator's book, not a market"
RELIABLE,Reliable Data Services Limited,EQ,,143.88,,0.176,0.029,332.0,11887.0,20.0,0,0.0,25,25,2024-07-10,744.0,False,False,2026-07-24,,,illiquid: Rs18 lakh median daily turnover (floor Rs50 lakh),illiquid: Rs18 lakh median daily turnover (floor Rs50 lakh)
RELIANCE,Reliance Industries Limited,EQ,,1278.0,1729458.0,1724.352,915.157,226862.0,12931213.0,,0,0.0,25,25,1995-11-29,11195.0,False,False,2026-07-24,,,not penny/nano — price >= Rs100 and mcap >= Rs1000 Cr,
RELIGARE,Religare Enterprises Limited,EQ,,258.05,8750.0,20.256,4.142,11719.0,759870.0,20.0,0,0.0,25,25,2007-11-21,6820.0,True,False,2026-07-24,,,not penny/nano — price >= Rs100 and mcap >= Rs1000 Cr,
RELTD,Ravindra Energy Limited,EQ,,171.45,3404.0,8.983,2.081,8160.0,554551.0,20.0,0,0.0,25,25,2024-07-30,724.0,False,False,2026-07-24,,,not penny/nano — price >= Rs100 and mcap >= Rs1000 Cr,
REMSONSIND,Remsons Industries Limited,EQ,price+mcap,78.31,273.0,0.784,0.386,1613.0,92764.0,20.0,0,0.0,25,25,1996-01-31,11132.0,False,False,2026-07-24,,,,
RENUKA,Shree Renuka Sugars Limited,EQ,price,22.23,4732.0,7.322,4.461,7320.0,3248557.0,20.0,0,0.0,25,25,2005-10-31,7571.0,True,False,2026-07-24,,,,
REPCOHOME,Repco Home Finance Limited,EQ,,388.4,2430.0,3.472,1.346,3408.0,84899.0,20.0,0,0.0,25,25,2013-04-01,4862.0,False,False,2026-07-24,,,not penny/nano — price >= Rs100 and mcap >= Rs1000 Cr,
REPRO,Repro India Limited,EQ,,371.9,,0.219,0.071,295.0,6031.0,20.0,0,0.0,25,25,2005-12-22,7519.0,False,False,2026-07-24,,,"illiquid: Rs22 lakh median daily turnover (floor Rs50 lakh); only 295 trades/day median — one operator's book, not a market","illiquid: Rs22 lakh median daily turnover (floor Rs50 lakh); only 295 trades/day median — one operator's book, not a market"
RESPONIND,Responsive Industries Limited,EQ,,176.02,4693.0,2.217,0.675,3136.0,114048.0,20.0,0,0.0,25,25,2010-10-29,5747.0,False,False,2026-07-24,,,not penny/nano — price >= Rs100 and mcap >= Rs1000 Cr,
RETAIL,JHS Svendgaard Retail Ventures Limited,EQ,price,16.65,,0.004,0.0,60.0,2423.0,20.0,0,0.0,25,25,2024-06-26,758.0,False,False,2026-07-24,,,"illiquid: Rs0 lakh median daily turnover (floor Rs50 lakh); only 60 trades/day median — one operator's book, not a market","illiquid: Rs0 lakh median daily turnover (floor Rs50 lakh); only 60 trades/day median — one operator's book, not a market"
RGL,Renaissance Global Limited,EQ,,118.11,1268.0,3.341,1.494,2498.0,277443.0,20.0,0,0.0,25,25,2007-12-12,6799.0,False,False,2026-07-24,,,not penny/nano — price >= Rs100 and mcap >= Rs1000 Cr,
RHETAN,Rhetan TMT Limited,EQ,price,28.35,,9.699,2.166,3729.0,3425798.0,20.0,0,0.0,25,25,2025-09-26,301.0,False,False,2026-07-24,,,"listed 301d ago — under a year of history, no trend to read","listed 301d ago — under a year of history, no trend to read"
RHIM,RHI MAGNESITA INDIA LIMITED,EQ,,398.95,8238.0,29.501,7.626,15484.0,745087.0,20.0,0,0.0,25,25,2012-03-12,5247.0,True,False,2026-07-24,,,not penny/nano — price >= Rs100 and mcap >= Rs1000 Cr,
RHL,Robust Hotels Limited,EQ,,167.34,,0.166,0.015,81.0,9203.0,20.0,0,0.0,25,25,2023-04-25,1186.0,False,False,2026-07-24,,,"illiquid: Rs17 lakh median daily turnover (floor Rs50 lakh); only 81 trades/day median — one operator's book, not a market","illiquid: Rs17 lakh median daily turnover (floor Rs50 lakh); only 81 trades/day median — one operator's book, not a market"
RICOAUTO,Rico Auto Industries Limited,EQ,,139.07,1882.0,19.231,8.763,13672.0,1449275.0,20.0,0,0.0,25,25,2003-05-12,8474.0,False,False,2026-07-24,,,not penny/nano — price >= Rs100 and mcap >= Rs1000 Cr,
RIIL,Reliance Industrial Infrastructure Limited,EQ,,729.55,1102.0,5.038,2.721,3169.0,64083.0,20.0,0,0.0,25,25,1995-11-29,11195.0,False,False,2026-07-24,,,not penny/nano — price >= Rs100 and mcap >= Rs1000 Cr,
RIR,RIR Power Electronics Limited,EQ,,157.51,1253.0,1.241,0.886,1848.0,77031.0,20.0,0,0.0,7,7,2026-07-16,8.0,False,False,2026-07-24,,,"listed 8d ago — under a year of history, no trend to read","listed 8d ago — under a year of history, no trend to read"
RISHABH,Rishabh Instruments Limited,EQ,,622.3,2406.0,8.722,2.888,7176.0,140658.0,20.0,0,0.0,25,25,2023-09-11,1047.0,False,False,2026-07-24,,,not penny/nano — price >= Rs100 and mcap >= Rs1000 Cr,
RITCO,Ritco Logistics Limited,EQ,mcap,297.2,851.0,1.564,0.255,1582.0,58496.0,20.0,0,0.0,25,25,2022-04-12,1564.0,False,False,2026-07-24,,,,
RITES,RITES Limited,EQ,,213.7,10270.0,15.472,6.166,14307.0,694207.0,20.0,0,0.0,25,25,2018-07-02,2944.0,True,False,2026-07-24,,,not penny/nano — price >= Rs100 and mcap >= Rs1000 Cr,
RKDL,Ravi Kumar Distilleries Limited,EQ,price,19.91,,0.018,0.002,99.0,9511.0,20.0,0,0.0,25,25,2010-12-27,5688.0,False,False,2026-07-24,,,"illiquid: Rs2 lakh median daily turnover (floor Rs50 lakh); only 99 trades/day median — one operator's book, not a market","illiquid: Rs2 lakh median daily turnover (floor Rs50 lakh); only 99 trades/day median — one operator's book, not a market"
RKEC,RKEC Projects Limited,EQ,price,26.73,,0.08,0.022,306.0,28818.0,10.0,1,0.04,25,25,2020-12-18,2044.0,False,False,2026-07-24,,,illiquid: Rs8 lakh median daily turnover (floor Rs50 lakh),illiquid: Rs8 lakh median daily turnover (floor Rs50 lakh)
RKFORGE,Ramkrishna Forgings Limited,EQ,,580.7,10518.0,22.084,5.7,11783.0,373704.0,20.0,0,0.0,25,25,2004-05-05,8115.0,True,False,2026-07-24,,,not penny/nano — price >= Rs100 and mcap >= Rs1000 Cr,
RKSWAMY,R K Swamy Limited,EQ,mcap,101.37,512.0,0.544,0.14,935.0,53098.0,20.0,0,0.0,25,25,2024-03-12,864.0,False,False,2026-07-24,,,,
RMC,RMC Switchgears Limited,EQ,,268.05,,0.84,0.263,1190.5,25869.5,20.0,0,0.0,24,24,2026-04-01,114.0,False,False,2026-07-24,,,"listed 114d ago — under a year of history, no trend to read","listed 114d ago — under a year of history, no trend to read"
RMDRIP,R M Drip and Sprinklers Systems Limited,EQ,price,18.11,,2.601,0.673,1889.0,1357382.0,5.0,1,0.04,25,25,2025-07-30,359.0,False,False,2026-07-24,,,"5% circuit band — cannot exit on bad news; listed 359d ago — under a year of history, no trend to read","5% circuit band — cannot exit on bad news; listed 359d ago — under a year of history, no trend to read"
RML,Rane (Madras) Limited,EQ,,1130.4,3124.0,3.845,1.453,4190.0,30882.0,20.0,0,0.0,25,25,2005-08-30,7633.0,False,False,2026-07-24,,,not penny/nano — price >= Rs100 and mcap >= Rs1000 Cr,
RNBDENIMS,R&B Denims Limited,EQ,price,9.27,,0.295,0.133,677.0,266091.0,5.0,1,0.04,25,25,2025-09-04,323.0,False,False,2026-07-24,,LT Stage I,"ASM LT Stage I — surveillance: 100% margin, no intraday, no pledging; 5% circuit band — cannot exit on bad news; listed 323d ago — under a year of history, no trend to read; illiquid: Rs30 lakh median daily turnover (floor Rs50 lakh)","ASM LT Stage I — surveillance: 100% margin, no intraday, no pledging; 5% circuit band — cannot exit on bad news; listed 323d ago — under a year of history, no trend to read; illiquid: Rs30 lakh median daily turnover (floor Rs50 lakh)"
ROHLTD,Royal Orchid Hotels Limited,EQ,mcap,310.95,853.0,0.564,0.223,750.0,17307.0,20.0,0,0.0,25,25,2006-02-06,7473.0,False,False,2026-07-24,,,,
ROLEXRINGS,Rolex Rings Limited,EQ,,139.64,3803.0,15.724,6.822,9879.0,1093800.0,20.0,0,0.0,25,25,2021-08-09,1810.0,False,False,2026-07-24,,,not penny/nano — price >= Rs100 and mcap >= Rs1000 Cr,
ROML,Raj Oil Mills Limited,EQ,price,44.51,,0.011,0.001,56.0,2464.0,20.0,0,0.0,25,25,2020-10-06,2117.0,False,False,2026-07-24,,,"illiquid: Rs1 lakh median daily turnover (floor Rs50 lakh); only 56 trades/day median — one operator's book, not a market","illiquid: Rs1 lakh median daily turnover (floor Rs50 lakh); only 56 trades/day median — one operator's book, not a market"
ROSSARI,Rossari Biotech Limited,EQ,,489.8,2713.0,4.185,1.398,3834.0,81743.0,20.0,0,0.0,25,25,2020-07-23,2192.0,False,False,2026-07-24,,,not penny/nano — price >= Rs100 and mcap >= Rs1000 Cr,
ROSSELLIND,Rossell India Limited,EQ,price,58.94,,0.145,0.032,411.0,25693.0,20.0,0,0.0,25,25,2012-09-25,5050.0,False,False,2026-07-24,,,illiquid: Rs14 lakh median daily turnover (floor Rs50 lakh),illiquid: Rs14 lakh median daily turnover (floor Rs50 lakh)
ROSSTECH,Rossell Techsys Limited,EQ,,983.3,3701.0,14.357,5.742,9460.0,147358.0,20.0,0,0.0,25,25,2024-12-09,592.0,False,False,2026-07-24,,,not penny/nano — price >= Rs100 and mcap >= Rs1000 Cr,
ROTO,Roto Pumps Limited,EQ,price,68.08,1283.0,4.739,1.543,5294.0,720472.0,20.0,0,0.0,25,25,2022-04-21,1555.0,False,False,2026-07-24,,,,
ROUTE,ROUTE MOBILE LIMITED,EQ,,568.55,3487.0,8.215,3.432,5837.0,147990.0,20.0,0,0.0,25,25,2020-09-21,2132.0,True,False,2026-07-24,,,not penny/nano — price >= Rs100 and mcap >= Rs1000 Cr,
RPEL,Raghav Productivity Enhancers Limited,EQ,,1303.2,5985.0,8.255,4.043,5752.0,64150.0,20.0,0,0.0,25,25,2024-08-08,715.0,False,False,2026-07-24,,LT Stage I,"ASM LT Stage I — surveillance: 100% margin, no intraday, no pledging","ASM LT Stage I — surveillance: 100% margin, no intraday, no pledging"
RPGLIFE,RPG Life Sciences Limited,EQ,,2937.0,4858.0,3.855,0.605,2136.0,16371.0,20.0,0,0.0,25,25,2008-06-10,6618.0,False,False,2026-07-24,,,not penny/nano — price >= Rs100 and mcap >= Rs1000 Cr,
RPOWER,Reliance Power Limited,EQ,,24.06,9951.0,60.778,27.136,36514.0,24319873.0,20.0,0,0.0,25,25,2008-02-11,6738.0,True,False,2026-07-24,,,"not penny/nano — too big on both arms: a Rs24 share of a Rs9,951 Cr company (the price arm's ceiling is Rs5,000 Cr — a cheap share is not a small company)",
RPPINFRA,R.P.P. Infra Projects Limited,EQ,price,61.5,,0.231,0.094,693.0,36942.0,20.0,0,0.0,25,25,2010-12-06,5709.0,False,False,2026-07-24,,,illiquid: Rs23 lakh median daily turnover (floor Rs50 lakh),illiquid: Rs23 lakh median daily turnover (floor Rs50 lakh)
RPPL,Rajshree Polypack Limited,EQ,price,21.47,,0.344,0.109,1239.0,156615.0,20.0,0,0.0,25,25,2021-11-26,1701.0,False,False,2026-07-24,,,illiquid: Rs34 lakh median daily turnover (floor Rs50 lakh),illiquid: Rs34 lakh median daily turnover (floor Rs50 lakh)
RPSGVENT,RPSG VENTURES LIMITED,EQ,,893.95,2958.0,1.7,0.558,1124.0,18469.0,5.0,0,0.0,25,25,2019-01-25,2737.0,False,False,2026-07-24,,,5% circuit band — cannot exit on bad news,5% circuit band — cannot exit on bad news
RPTECH,Rashi Peripherals Limited,EQ,,779.85,5141.0,44.048,8.655,23745.0,577666.0,20.0,0,0.0,25,25,2024-02-14,891.0,False,False,2026-07-24,,LT Stage I,"ASM LT Stage I — surveillance: 100% margin, no intraday, no pledging","ASM LT Stage I — surveillance: 100% margin, no intraday, no pledging"
RRIL,RRIL Limited,EQ,price,16.63,,0.033,0.007,97.0,19306.0,20.0,0,0.0,25,25,2026-04-20,95.0,False,False,2026-07-24,,,"listed 95d ago — under a year of history, no trend to read; illiquid: Rs3 lakh median daily turnover (floor Rs50 lakh); only 97 trades/day median — one operator's book, not a market","listed 95d ago — under a year of history, no trend to read; illiquid: Rs3 lakh median daily turnover (floor Rs50 lakh); only 97 trades/day median — one operator's book, not a market"
RRKABEL,R R Kabel Limited,EQ,,2493.6,28204.0,96.485,44.094,40387.0,419751.0,20.0,0,0.0,25,25,2023-09-20,1038.0,True,False,2026-07-24,,,not penny/nano — price >= Rs100 and mcap >= Rs1000 Cr,
RSDFIN,RSD Finance Limited,EQ,price,82.81,,0.001,0.0,5.0,93.0,20.0,0,0.0,22,22,2026-04-20,95.0,False,False,2026-07-24,,,"listed 95d ago — under a year of history, no trend to read; illiquid: Rs0 lakh median daily turnover (floor Rs50 lakh); only 5 trades/day median — one operator's book, not a market","listed 95d ago — under a year of history, no trend to read; illiquid: Rs0 lakh median daily turnover (floor Rs50 lakh); only 5 trades/day median — one operator's book, not a market"
RSL,Rajputana Stainless Limited,EQ,,132.72,,1.897,0.614,1413.0,144162.0,20.0,0,0.0,25,25,2026-03-19,127.0,False,False,2026-07-24,,,"listed 127d ago — under a year of history, no trend to read","listed 127d ago — under a year of history, no trend to read"
RSYSTEMS,R Systems International Limited,EQ,,245.51,2909.0,11.22,2.736,8962.0,455103.0,20.0,0,0.0,25,25,2006-04-26,7394.0,False,False,2026-07-24,,,not penny/nano — price >= Rs100 and mcap >= Rs1000 Cr,
RTNINDIA,RattanIndia Enterprises Limited,EQ,price,31.6,4368.0,3.816,1.912,5011.0,1161046.0,20.0,0,0.0,25,25,2012-07-30,5107.0,True,False,2026-07-24,,,,
RTNPOWER,RattanIndia Power Limited,EQ,price,8.63,4634.0,8.89,6.433,10466.0,9773782.0,20.0,0,0.0,25,25,2009-10-30,6111.0,True,False,2026-07-24,,,,
RUBFILA,Rubfila International Limited,EQ,price,73.08,,0.102,0.035,341.0,13722.0,20.0,0,0.0,25,25,2024-08-08,715.0,False,False,2026-07-24,,,illiquid: Rs10 lakh median daily turnover (floor Rs50 lakh),illiquid: Rs10 lakh median daily turnover (floor Rs50 lakh)
RUBICON,Rubicon Research Limited,EQ,,1520.2,21616.0,39.845,18.836,19915.0,269444.0,20.0,0,0.0,25,25,2025-10-16,281.0,True,False,2026-07-24,,,"listed 281d ago — under a year of history, no trend to read","listed 281d ago — under a year of history, no trend to read"
RUCHINFRA,Ruchi Infrastructure Limited,EQ,price,5.99,,0.03,0.006,156.0,47279.0,20.0,0,0.0,25,25,1996-10-16,10873.0,False,False,2026-07-24,,,"illiquid: Rs3 lakh median daily turnover (floor Rs50 lakh); only 156 trades/day median — one operator's book, not a market","illiquid: Rs3 lakh median daily turnover (floor Rs50 lakh); only 156 trades/day median — one operator's book, not a market"
RUCHIRA,Ruchira Papers Limited,EQ,,106.47,,0.217,0.088,497.0,20865.0,20.0,0,0.0,25,25,2006-12-20,7156.0,False,False,2026-07-24,,,illiquid: Rs22 lakh median daily turnover (floor Rs50 lakh),illiquid: Rs22 lakh median daily turnover (floor Rs50 lakh)
RUPA,Rupa & Company Limited,EQ,,163.19,1298.0,2.432,0.819,2439.0,144955.0,20.0,0,0.0,25,25,2011-12-07,5343.0,False,False,2026-07-24,,,not penny/nano — price >= Rs100 and mcap >= Rs1000 Cr,
RUSHIL,Rushil Decor Limited,EQ,price+mcap,17.76,521.0,0.895,0.369,1433.0,551701.0,20.0,0,0.0,25,25,2011-07-07,5496.0,False,False,2026-07-24,,,,
RUSTOMJEE,Keystone Realtors Limited,EQ,,399.75,5046.0,1.193,0.321,1518.0,28781.0,20.0,0,0.0,25,25,2022-11-24,1338.0,False,False,2026-07-24,,,not penny/nano — price >= Rs100 and mcap >= Rs1000 Cr,
RVHL,Ravinder Heights Limited,EQ,price,45.87,,0.059,0.009,452.0,13002.0,20.0,0,0.0,25,25,2020-12-18,2044.0,False,False,2026-07-24,,,illiquid: Rs6 lakh median daily turnover (floor Rs50 lakh),illiquid: Rs6 lakh median daily turnover (floor Rs50 lakh)
RVNL,Rail Vikas Nigam Limited,EQ,,224.53,49159.0,93.56,47.917,34280.0,3979891.0,,0,0.0,25,25,2019-04-11,2661.0,True,False,2026-07-24,,,not penny/nano — price >= Rs100 and mcap >= Rs1000 Cr,
RVTH,Revathi Equipment India Limited,EQ,,685.05,,0.039,0.01,39.0,532.0,20.0,0,0.0,25,25,2024-09-11,681.0,False,False,2026-07-24,,,"illiquid: Rs4 lakh median daily turnover (floor Rs50 lakh); only 39 trades/day median — one operator's book, not a market","illiquid: Rs4 lakh median daily turnover (floor Rs50 lakh); only 39 trades/day median — one operator's book, not a market"
S&SPOWER,S&S Power Switchgears Limited,EQ,,347.3,,0.075,0.019,85.5,2170.5,5.0,2,0.083,24,24,1995-09-27,11258.0,False,False,2026-07-24,,,"5% circuit band — cannot exit on bad news; illiquid: Rs8 lakh median daily turnover (floor Rs50 lakh); only 85 trades/day median — one operator's book, not a market","5% circuit band — cannot exit on bad news; illiquid: Rs8 lakh median daily turnover (floor Rs50 lakh); only 85 trades/day median — one operator's book, not a market"
SAATVIKGL,Saatvik Green Energy Limited,EQ,,440.55,5595.0,4.29,2.072,3943.0,99050.0,10.0,0,0.0,25,25,2025-09-26,301.0,True,False,2026-07-24,,,"listed 301d ago — under a year of history, no trend to read","listed 301d ago — under a year of history, no trend to read"
SABEVENTS,Sab Events & Governance Now Media Limited,EQ,price,7.67,,0.015,0.004,60.0,19977.0,5.0,2,0.222,9,9,2016-09-15,3599.0,False,False,2026-07-24,0.0,,"GSM stage 0 — exchange surveillance, periodic call auction; 5% circuit band — cannot exit on bad news; illiquid: Rs2 lakh median daily turnover (floor Rs50 lakh); only 60 trades/day median — one operator's book, not a market; closed at circuit on 22% of sessions — a stop cannot fill in a locked market","GSM stage 0 — exchange surveillance, periodic call auction; 5% circuit band — cannot exit on bad news; illiquid: Rs2 lakh median daily turnover (floor Rs50 lakh); only 60 trades/day median — one operator's book, not a market; closed at circuit on 22% of sessions — a stop cannot fill in a locked market"
SADBHAV,Sadbhav Engineering Limited,EQ,price,7.9,,0.116,0.039,377.0,138953.0,10.0,0,0.0,25,25,2006-03-01,7450.0,False,False,2026-07-24,,,illiquid: Rs12 lakh median daily turnover (floor Rs50 lakh),illiquid: Rs12 lakh median daily turnover (floor Rs50 lakh)
SAFARI,Safari Industries (India) Limited,EQ,,1538.9,7925.0,4.232,1.873,4249.0,26406.0,20.0,0,0.0,25,25,2019-09-12,2507.0,True,False,2026-07-24,,,not penny/nano — price >= Rs100 and mcap >= Rs1000 Cr,
SAGARDEEP,Sagardeep Alloys Limited,EQ,price,25.16,,0.009,0.002,54.0,3659.0,20.0,0,0.0,25,25,2019-01-25,2737.0,False,False,2026-07-24,,,"illiquid: Rs1 lakh median daily turnover (floor Rs50 lakh); only 54 trades/day median — one operator's book, not a market","illiquid: Rs1 lakh median daily turnover (floor Rs50 lakh); only 54 trades/day median — one operator's book, not a market"
SAGCEM,Sagar Cements Limited,EQ,,177.54,2321.0,0.789,0.287,1301.0,44791.0,20.0,0,0.0,25,25,2007-01-29,7116.0,False,False,2026-07-24,,,not penny/nano — price >= Rs100 and mcap >= Rs1000 Cr,
SAGILITY,SAGILITY LIMITED,EQ,,40.42,18922.0,75.696,33.996,44398.0,18644024.0,20.0,0,0.0,25,25,2024-11-12,619.0,True,False,2026-07-24,,,"not penny/nano — too big on both arms: a Rs40 share of a Rs18,922 Cr company (the price arm's ceiling is Rs5,000 Cr — a cheap share is not a small company)",
SAHLIBHFI,Shalibhadra Finance Limited,EQ,price,77.93,,0.084,0.005,85.0,10904.0,20.0,0,0.0,25,25,2026-04-10,105.0,False,False,2026-07-24,,,"listed 105d ago — under a year of history, no trend to read; illiquid: Rs8 lakh median daily turnover (floor Rs50 lakh); only 85 trades/day median — one operator's book, not a market","listed 105d ago — under a year of history, no trend to read; illiquid: Rs8 lakh median daily turnover (floor Rs50 lakh); only 85 trades/day median — one operator's book, not a market"
SAHYADRI,Sahyadri Industries Limited,EQ,,281.25,,0.093,0.024,143.0,3266.0,20.0,0,0.0,25,25,2023-04-06,1205.0,False,False,2026-07-24,,,"illiquid: Rs9 lakh median daily turnover (floor Rs50 lakh); only 143 trades/day median — one operator's book, not a market","illiquid: Rs9 lakh median daily turnover (floor Rs50 lakh); only 143 trades/day median — one operator's book, not a market"
SAIL,Steel Authority of India Limited,EQ,,161.45,70169.0,195.742,140.672,58943.0,11731829.0,,0,0.0,25,25,1995-07-06,11341.0,True,False,2026-07-24,,,not penny/nano — price >= Rs100 and mcap >= Rs1000 Cr,
SAILIFE,Sai Life Sciences Limited,EQ,,1232.9,26174.0,43.48,20.518,23711.0,353218.0,20.0,0,0.0,25,25,2024-12-18,583.0,True,False,2026-07-24,,,not penny/nano — price >= Rs100 and mcap >= Rs1000 Cr,
SAIPARENT,Sai Parenterals Limited,EQ,,535.6,2365.0,10.271,2.95,5853.0,173185.0,20.0,0,0.0,25,25,2026-04-02,113.0,False,False,2026-07-24,,,"listed 113d ago — under a year of history, no trend to read","listed 113d ago — under a year of history, no trend to read"
SAKAR,Sakar Healthcare Limited,EQ,,802.2,1785.0,8.924,4.311,6299.0,108991.0,10.0,0,0.0,25,25,2019-04-11,2661.0,False,False,2026-07-24,,,not penny/nano — price >= Rs100 and mcap >= Rs1000 Cr,
SAKHTISUG,Sakthi Sugars Limited,EQ,price,17.28,,0.113,0.043,370.0,65643.0,20.0,0,0.0,25,25,1995-09-06,11279.0,False,False,2026-07-24,,,illiquid: Rs11 lakh median daily turnover (floor Rs50 lakh),illiquid: Rs11 lakh median daily turnover (floor Rs50 lakh)
SAKSOFT,Saksoft Limited,EQ,,168.3,2231.0,33.296,1.827,15811.0,1847978.0,10.0,3,0.12,25,25,2005-05-09,7746.0,False,False,2026-07-24,,,not penny/nano — price >= Rs100 and mcap >= Rs1000 Cr,
SALASAR,Salasar Techno Engineering Limited,EQ,price,5.97,1042.0,2.197,1.007,3189.0,3564054.0,20.0,0,0.0,25,25,2017-07-25,3286.0,False,False,2026-07-24,,,,
SALONA,Salona Cotspin Limited,EQ,,248.8,,0.005,0.0,21.0,175.0,20.0,0,0.0,25,25,2016-06-16,3690.0,False,False,2026-07-24,,,"illiquid: Rs0 lakh median daily turnover (floor Rs50 lakh); only 21 trades/day median — one operator's book, not a market","illiquid: Rs0 lakh median daily turnover (floor Rs50 lakh); only 21 trades/day median — one operator's book, not a market"
SALZERELEC,Salzer Electronics Limited,EQ,,575.95,1018.0,2.138,0.933,1925.0,33892.0,20.0,0,0.0,25,25,2015-12-02,3887.0,False,False,2026-07-24,,,not penny/nano — price >= Rs100 and mcap >= Rs1000 Cr,
SAMBHAAV,Sambhaav Media Limited,EQ,price,6.11,,0.014,0.002,77.0,21729.0,10.0,0,0.0,25,25,1996-06-05,11006.0,False,False,2026-07-24,,,"illiquid: Rs1 lakh median daily turnover (floor Rs50 lakh); only 77 trades/day median — one operator's book, not a market","illiquid: Rs1 lakh median daily turnover (floor Rs50 lakh); only 77 trades/day median — one operator's book, not a market"
SAMBHV,Sambhv Steel Tubes Limited,EQ,,115.92,3419.0,11.379,6.949,6168.0,1000965.0,20.0,0,0.0,25,25,2025-07-02,387.0,False,False,2026-07-24,,,not penny/nano — price >= Rs100 and mcap >= Rs1000 Cr,
SAMHI,Samhi Hotels Limited,EQ,,177.66,3953.0,11.866,7.585,13449.0,693810.0,20.0,0,0.0,25,25,2023-09-22,1036.0,True,False,2026-07-24,,,not penny/nano — price >= Rs100 and mcap >= Rs1000 Cr,
SAMMAANCAP,Sammaan Capital Limited,EQ,,160.64,20401.0,154.058,76.725,33256.0,9284360.0,20.0,0,0.0,25,25,2013-07-23,4749.0,True,False,2026-07-24,,,not penny/nano — price >= Rs100 and mcap >= Rs1000 Cr,
SAMPANN,Sampann Utpadan India Limited,EQ,price,27.57,,0.098,0.02,348.0,34223.0,20.0,0,0.0,25,25,2012-07-27,5110.0,False,False,2026-07-24,,,illiquid: Rs10 lakh median daily turnover (floor Rs50 lakh),illiquid: Rs10 lakh median daily turnover (floor Rs50 lakh)
SANATHAN,Sanathan Textiles Limited,EQ,,483.0,4077.0,1.161,0.242,1059.0,25772.0,10.0,0,0.0,25,25,2024-12-27,574.0,False,False,2026-07-24,,,not penny/nano — price >= Rs100 and mcap >= Rs1000 Cr,
SANDESH,The Sandesh Limited,EQ,,979.0,,0.024,0.007,43.0,242.0,20.0,0,0.0,25,25,2002-11-26,8641.0,False,False,2026-07-24,,,"illiquid: Rs2 lakh median daily turnover (floor Rs50 lakh); only 43 trades/day median — one operator's book, not a market","illiquid: Rs2 lakh median daily turnover (floor Rs50 lakh); only 43 trades/day median — one operator's book, not a market"
SANDHAR,Sandhar Technologies Limited,EQ,,593.95,3575.0,13.894,5.397,8319.0,200731.0,20.0,0,0.0,25,25,2018-04-02,3035.0,False,False,2026-07-24,,,not penny/nano — price >= Rs100 and mcap >= Rs1000 Cr,
SANDUMA,Sandur Manganese & Iron Ores Limited,EQ,,195.04,10195.0,12.561,7.239,9772.0,610636.0,20.0,0,0.0,25,25,2023-09-07,1051.0,True,False,2026-07-24,,,not penny/nano — price >= Rs100 and mcap >= Rs1000 Cr,
SANGAMIND,Sangam (India) Limited,EQ,,615.85,3094.0,2.558,0.699,2286.0,46654.0,20.0,0,0.0,25,25,1996-07-17,10964.0,False,False,2026-07-24,,,not penny/nano — price >= Rs100 and mcap >= Rs1000 Cr,
SANGHVIMOV,Sanghvi Movers Limited,EQ,,455.7,3945.0,15.73,6.474,9643.0,356681.0,20.0,0,0.0,25,25,2007-01-24,7121.0,False,False,2026-07-24,,,not penny/nano — price >= Rs100 and mcap >= Rs1000 Cr,
SANOFI,Sanofi India Limited,EQ,,3388.9,7805.0,5.93,3.715,5352.0,17493.0,20.0,0,0.0,25,25,2003-05-19,8467.0,False,False,2026-07-24,,,not penny/nano — price >= Rs100 and mcap >= Rs1000 Cr,
SANOFICONR,Sanofi Consumer Healthcare India Limited,EQ,,4674.7,10766.0,1.823,0.543,1005.0,3962.0,20.0,0,0.0,25,25,2024-09-13,679.0,True,False,2026-07-24,,,not penny/nano — price >= Rs100 and mcap >= Rs1000 Cr,
SANSERA,Sansera Engineering Limited,EQ,,3184.7,19874.0,85.102,29.076,29613.0,261249.0,20.0,0,0.0,25,25,2021-09-24,1764.0,True,False,2026-07-24,,,not penny/nano — price >= Rs100 and mcap >= Rs1000 Cr,
SANSTAR,Sanstar Limited,EQ,,108.97,2182.0,3.674,0.894,4148.0,334274.0,20.0,0,0.0,25,25,2024-07-26,728.0,False,False,2026-07-24,,,not penny/nano — price >= Rs100 and mcap >= Rs1000 Cr,
SAPPHIRE,Sapphire Foods India Limited,EQ,,179.12,5985.0,9.394,3.505,10787.0,501629.0,20.0,0,0.0,25,25,2021-11-18,1709.0,True,False,2026-07-24,,,not penny/nano — price >= Rs100 and mcap >= Rs1000 Cr,
SAPPL,Shree Ajit Pulp & Paper Limited,EQ,,293.55,,0.023,0.0,39.0,770.0,20.0,0,0.0,25,25,2026-04-20,95.0,False,False,2026-07-24,,,"listed 95d ago — under a year of history, no trend to read; illiquid: Rs2 lakh median daily turnover (floor Rs50 lakh); only 39 trades/day median — one operator's book, not a market","listed 95d ago — under a year of history, no trend to read; illiquid: Rs2 lakh median daily turnover (floor Rs50 lakh); only 39 trades/day median — one operator's book, not a market"
SARDAEN,Sarda Energy & Minerals Limited,EQ,,502.25,17901.0,10.465,6.272,11115.0,207579.0,20.0,0,0.0,25,25,2009-12-03,6077.0,True,False,2026-07-24,,,not penny/nano — price >= Rs100 and mcap >= Rs1000 Cr,
SAREGAMA,Saregama India Limited,EQ,,496.5,9366.0,22.078,11.428,15976.0,460054.0,20.0,0,0.0,25,25,1997-07-30,10586.0,True,False,2026-07-24,,,not penny/nano — price >= Rs100 and mcap >= Rs1000 Cr,
SARLAPOLY,Sarla Performance Fibers Limited,EQ,mcap,100.01,835.0,0.69,0.302,1297.0,69832.0,20.0,0,0.0,25,25,2007-01-19,7126.0,False,False,2026-07-24,,,,
SASKEN,Sasken Technologies Limited,EQ,,1821.0,2765.0,7.157,2.327,3953.0,35084.0,5.0,3,0.12,25,25,2005-09-09,7623.0,False,False,2026-07-24,,LT Stage I,"ASM LT Stage I — surveillance: 100% margin, no intraday, no pledging; 5% circuit band — cannot exit on bad news","ASM LT Stage I — surveillance: 100% margin, no intraday, no pledging; 5% circuit band — cannot exit on bad news"
SATIA,Satia Industries Limited,EQ,price,60.45,,0.454,0.21,1190.0,81835.0,20.0,0,0.0,25,25,2019-07-17,2564.0,False,False,2026-07-24,,,illiquid: Rs45 lakh median daily turnover (floor Rs50 lakh),illiquid: Rs45 lakh median daily turnover (floor Rs50 lakh)
SATIN,Satin Creditcare Network Limited,EQ,,268.87,2970.0,10.389,4.218,10367.0,408887.0,20.0,0,0.0,25,25,2015-08-26,3985.0,False,False,2026-07-24,,,not penny/nano — price >= Rs100 and mcap >= Rs1000 Cr,
SAURASHCEM,Saurashtra Cement Limited,EQ,price+mcap,55.66,619.0,0.636,0.242,1477.0,106273.0,20.0,0,0.0,25,25,2024-02-27,878.0,False,False,2026-07-24,,,,
SAYAJIHOTL,Sayaji Hotels Limited,EQ,,299.6,,0.003,0.0,5.0,81.0,5.0,0,0.0,18,18,2026-04-20,95.0,False,False,2026-07-24,,,"5% circuit band — cannot exit on bad news; listed 95d ago — under a year of history, no trend to read; illiquid: Rs0 lakh median daily turnover (floor Rs50 lakh); only 5 trades/day median — one operator's book, not a market","5% circuit band — cannot exit on bad news; listed 95d ago — under a year of history, no trend to read; illiquid: Rs0 lakh median daily turnover (floor Rs50 lakh); only 5 trades/day median — one operator's book, not a market"
SBC,SBC Exports Limited,EQ,price,42.07,,35.995,21.097,4240.0,8531196.0,20.0,0,0.0,25,25,2021-11-23,1704.0,False,False,2026-07-24,,LT Stage I,"ASM LT Stage I — surveillance: 100% margin, no intraday, no pledging","ASM LT Stage I — surveillance: 100% margin, no intraday, no pledging"
SBCL,Shivalik Bimetal Controls Limited,EQ,,755.7,4353.0,27.05,13.922,16982.0,366820.0,20.0,0,0.0,25,25,2021-06-24,1856.0,False,False,2026-07-24,,,not penny/nano — price >= Rs100 and mcap >= Rs1000 Cr,
SBFC,SBFC Finance Limited,EQ,,92.18,10203.0,8.392,3.518,10299.0,914973.0,20.0,0,0.0,25,25,2023-08-16,1073.0,True,False,2026-07-24,,,"not penny/nano — too big on both arms: a Rs92 share of a Rs10,203 Cr company (the price arm's ceiling is Rs5,000 Cr — a cheap share is not a small company)",
SBGLP,Suratwwala Business Group Limited,EQ,price,24.42,,0.066,0.014,167.0,25293.0,20.0,0,0.0,25,25,2023-02-10,1260.0,False,False,2026-07-24,,,"illiquid: Rs7 lakh median daily turnover (floor Rs50 lakh); only 167 trades/day median — one operator's book, not a market","illiquid: Rs7 lakh median daily turnover (floor Rs50 lakh); only 167 trades/day median — one operator's book, not a market"
SBIBPB,,,price,48.32,,0.319,0.093,544.0,66043.0,20.0,0,0.0,25,25,,,False,False,2026-07-24,,,not in the NSE equity master (ETF / REIT / InvIT — not a company); illiquid: Rs32 lakh median daily turnover (floor Rs50 lakh),not in the NSE equity master (ETF / REIT / InvIT — not a company); illiquid: Rs32 lakh median daily turnover (floor Rs50 lakh)
SBICARD,SBI Cards and Payment Services Limited,EQ,,618.75,58883.0,61.663,26.227,26728.0,1016137.0,,0,0.0,25,25,2020-03-16,2321.0,True,False,2026-07-24,,,not penny/nano — price >= Rs100 and mcap >= Rs1000 Cr,
SBIETFCON,,,,120.82,,0.042,0.019,117.0,3471.0,20.0,0,0.0,25,25,,,False,False,2026-07-24,,,"not in the NSE equity master (ETF / REIT / InvIT — not a company); illiquid: Rs4 lakh median daily turnover (floor Rs50 lakh); only 117 trades/day median — one operator's book, not a market","not in the NSE equity master (ETF / REIT / InvIT — not a company); illiquid: Rs4 lakh median daily turnover (floor Rs50 lakh); only 117 trades/day median — one operator's book, not a market"
SBIETFIT,,,,318.71,,0.422,0.128,335.0,13306.0,20.0,0,0.0,25,25,,,False,False,2026-07-24,,,not in the NSE equity master (ETF / REIT / InvIT — not a company); illiquid: Rs42 lakh median daily turnover (floor Rs50 lakh),not in the NSE equity master (ETF / REIT / InvIT — not a company); illiquid: Rs42 lakh median daily turnover (floor Rs50 lakh)
SBIETFPB,,,,278.46,,0.167,0.028,138.0,5764.0,20.0,0,0.0,25,25,,,False,False,2026-07-24,,,"not in the NSE equity master (ETF / REIT / InvIT — not a company); illiquid: Rs17 lakh median daily turnover (floor Rs50 lakh); only 138 trades/day median — one operator's book, not a market","not in the NSE equity master (ETF / REIT / InvIT — not a company); illiquid: Rs17 lakh median daily turnover (floor Rs50 lakh); only 138 trades/day median — one operator's book, not a market"
SBIETFQLTY,,,,219.48,,0.036,0.011,53.0,1653.0,20.0,0,0.0,25,25,,,False,False,2026-07-24,,,"not in the NSE equity master (ETF / REIT / InvIT — not a company); illiquid: Rs4 lakh median daily turnover (floor Rs50 lakh); only 53 trades/day median — one operator's book, not a market","not in the NSE equity master (ETF / REIT / InvIT — not a company); illiquid: Rs4 lakh median daily turnover (floor Rs50 lakh); only 53 trades/day median — one operator's book, not a market"
SBIFUNDS,SBI Funds Management Limited,EQ,,587.3,119571.0,802.258,391.284,291426.5,13608532.5,10.0,0,0.0,4,4,2026-07-21,3.0,False,False,2026-07-24,,,"listed 3d ago — under a year of history, no trend to read","listed 3d ago — under a year of history, no trend to read"
SBILIFE,SBI Life Insurance Company Limited,EQ,,1858.6,186466.0,163.267,63.496,48268.0,895874.0,,0,0.0,25,25,2017-10-03,3216.0,False,False,2026-07-24,,,not penny/nano — price >= Rs100 and mcap >= Rs1000 Cr,
SBILIQETF,,,,1049.06,,2.684,0.758,40.0,25629.0,5.0,0,0.0,25,25,,,False,False,2026-07-24,,,"not in the NSE equity master (ETF / REIT / InvIT — not a company); 5% circuit band — cannot exit on bad news; only 40 trades/day median — one operator's book, not a market","not in the NSE equity master (ETF / REIT / InvIT — not a company); 5% circuit band — cannot exit on bad news; only 40 trades/day median — one operator's book, not a market"
SBIMIDMOM,,,price,61.35,,0.147,0.023,152.0,23363.0,20.0,0,0.0,25,25,,,False,False,2026-07-24,,,"not in the NSE equity master (ETF / REIT / InvIT — not a company); illiquid: Rs15 lakh median daily turnover (floor Rs50 lakh); only 152 trades/day median — one operator's book, not a market","not in the NSE equity master (ETF / REIT / InvIT — not a company); illiquid: Rs15 lakh median daily turnover (floor Rs50 lakh); only 152 trades/day median — one operator's book, not a market"
SBIN,State Bank of India,EQ,,1015.0,936908.0,1106.562,644.538,191771.0,10514887.0,,0,0.0,25,25,1995-03-01,11468.0,False,False,2026-07-24,,,not penny/nano — price >= Rs100 and mcap >= Rs1000 Cr,
SBINEQWETF,,,price,33.02,,0.139,0.039,226.0,41895.0,20.0,0,0.0,25,25,,,False,False,2026-07-24,,,"not in the NSE equity master (ETF / REIT / InvIT — not a company); illiquid: Rs14 lakh median daily turnover (floor Rs50 lakh); only 226 trades/day median — one operator's book, not a market","not in the NSE equity master (ETF / REIT / InvIT — not a company); illiquid: Rs14 lakh median daily turnover (floor Rs50 lakh); only 226 trades/day median — one operator's book, not a market"
SBINMID150,,,price,22.8,,0.051,0.005,123.0,22315.0,20.0,0,0.0,25,25,,,False,False,2026-07-24,,,"not in the NSE equity master (ETF / REIT / InvIT — not a company); illiquid: Rs5 lakh median daily turnover (floor Rs50 lakh); only 123 trades/day median — one operator's book, not a market","not in the NSE equity master (ETF / REIT / InvIT — not a company); illiquid: Rs5 lakh median daily turnover (floor Rs50 lakh); only 123 trades/day median — one operator's book, not a market"
SBISILVER,,,,215.98,,21.251,11.989,8625.0,964587.0,20.0,0,0.0,25,25,,,False,False,2026-07-24,,,not in the NSE equity master (ETF / REIT / InvIT — not a company),not in the NSE equity master (ETF / REIT / InvIT — not a company)
SBISMLETF,,,price,17.67,,0.093,0.027,179.0,51432.0,20.0,0,0.0,25,25,,,False,False,2026-07-24,,,"not in the NSE equity master (ETF / REIT / InvIT — not a company); illiquid: Rs9 lakh median daily turnover (floor Rs50 lakh); only 179 trades/day median — one operator's book, not a market","not in the NSE equity master (ETF / REIT / InvIT — not a company); illiquid: Rs9 lakh median daily turnover (floor Rs50 lakh); only 179 trades/day median — one operator's book, not a market"
SBIVALETF,,,price,14.84,,0.014,0.003,54.0,9409.0,20.0,0,0.0,25,25,,,False,False,2026-07-24,,,"not in the NSE equity master (ETF / REIT / InvIT — not a company); illiquid: Rs1 lakh median daily turnover (floor Rs50 lakh); only 54 trades/day median — one operator's book, not a market","not in the NSE equity master (ETF / REIT / InvIT — not a company); illiquid: Rs1 lakh median daily turnover (floor Rs50 lakh); only 54 trades/day median — one operator's book, not a market"
SCANSTL,Scan Steels Limited,EQ,price,49.79,,0.614,0.075,1044.0,151986.0,20.0,0,0.0,25,25,2026-04-20,95.0,False,False,2026-07-24,,,"listed 95d ago — under a year of history, no trend to read","listed 95d ago — under a year of history, no trend to read"
SCHAEFFLER,Schaeffler India Limited,EQ,,4107.7,65055.0,23.001,8.506,10254.0,56040.0,20.0,0,0.0,25,25,2000-11-29,9368.0,True,False,2026-07-24,,,not penny/nano — price >= Rs100 and mcap >= Rs1000 Cr,
SCHAND,S Chand And Company Limited,EQ,,147.69,,0.341,0.082,697.0,22740.0,20.0,0,0.0,25,25,2017-05-09,3363.0,False,False,2026-07-24,,,illiquid: Rs34 lakh median daily turnover (floor Rs50 lakh),illiquid: Rs34 lakh median daily turnover (floor Rs50 lakh)
SCHNEIDER,Schneider Electric Infrastructure Limited,EQ,,1352.6,32341.0,51.363,14.612,26711.0,356105.0,10.0,0,0.0,25,25,2012-03-20,5239.0,True,False,2026-07-24,,,not penny/nano — price >= Rs100 and mcap >= Rs1000 Cr,
SCI,Shipping Corporation Of India Limited,EQ,,275.1,14056.0,63.129,27.484,27552.0,2357392.0,20.0,0,0.0,25,25,1997-08-13,10572.0,True,False,2026-07-24,,,not penny/nano — price >= Rs100 and mcap >= Rs1000 Cr,
SCILAL,Shipping Corporation of India Land and Assets Limited,EQ,price,41.33,1925.0,0.835,0.324,1382.0,194153.0,20.0,0,0.0,25,25,2024-03-19,857.0,False,False,2026-07-24,,,,
SCODATUBES,Scoda Tubes Limited,EQ,mcap,146.93,880.0,3.188,0.971,2677.0,219308.0,20.0,0,0.0,25,25,2025-06-04,415.0,False,False,2026-07-24,,,,
SCPL,Sheetal Cool Products Limited,EQ,mcap,570.85,599.0,1.497,0.334,1360.0,31103.0,20.0,0,0.0,25,25,2022-11-22,1340.0,False,False,2026-07-24,,,,
SDBL,Som Distilleries & Breweries Limited,EQ,price,72.89,1515.0,5.277,2.12,5018.0,746821.0,20.0,0,0.0,25,25,2014-03-18,4511.0,False,False,2026-07-24,,,,
SEAMECLTD,Seamec Limited,EQ,,1396.3,3550.0,7.142,2.097,4163.0,50162.0,20.0,0,0.0,25,25,1995-06-28,11349.0,False,False,2026-07-24,,,not penny/nano — price >= Rs100 and mcap >= Rs1000 Cr,
SECMARK,SecMark Consultancy Limited,EQ,,128.18,,0.007,0.0,20.5,561.0,10.0,0,0.0,24,24,2023-10-16,1012.0,False,False,2026-07-24,,,"illiquid: Rs1 lakh median daily turnover (floor Rs50 lakh); only 20 trades/day median — one operator's book, not a market","illiquid: Rs1 lakh median daily turnover (floor Rs50 lakh); only 20 trades/day median — one operator's book, not a market"
SECURKLOUD,SECUREKLOUD TECHNOLOGIES LIMITED,EQ,price,17.47,,0.026,0.006,123.0,13616.0,10.0,0,0.0,25,25,2014-01-29,4559.0,False,False,2026-07-24,0.0,,"GSM stage 0 — exchange surveillance, periodic call auction; illiquid: Rs3 lakh median daily turnover (floor Rs50 lakh); only 123 trades/day median — one operator's book, not a market","GSM stage 0 — exchange surveillance, periodic call auction; illiquid: Rs3 lakh median daily turnover (floor Rs50 lakh); only 123 trades/day median — one operator's book, not a market"
SEDEMAC,SEDEMAC Mechatronics Limited,EQ,,2689.2,,26.085,10.707,11670.0,91683.0,20.0,0,0.0,25,25,2026-03-11,135.0,False,False,2026-07-24,,,"listed 135d ago — under a year of history, no trend to read","listed 135d ago — under a year of history, no trend to read"
SEIL,Shanti Educational Initiatives Limited,EQ,,203.23,3272.0,8.083,1.703,6948.0,375055.0,20.0,0,0.0,25,25,2026-04-20,95.0,False,False,2026-07-24,,,"listed 95d ago — under a year of history, no trend to read","listed 95d ago — under a year of history, no trend to read"
SELECTIPO,,,price,45.44,,0.164,0.02,110.0,35677.0,20.0,0,0.0,25,25,,,False,False,2026-07-24,,,"not in the NSE equity master (ETF / REIT / InvIT — not a company); illiquid: Rs16 lakh median daily turnover (floor Rs50 lakh); only 110 trades/day median — one operator's book, not a market","not in the NSE equity master (ETF / REIT / InvIT — not a company); illiquid: Rs16 lakh median daily turnover (floor Rs50 lakh); only 110 trades/day median — one operator's book, not a market"
SELMC,SEL Manufacturing Company Limited,EQ,price,28.24,,0.011,0.005,69.0,3878.0,20.0,0,0.0,25,25,2021-10-26,1732.0,False,False,2026-07-24,,,"illiquid: Rs1 lakh median daily turnover (floor Rs50 lakh); only 69 trades/day median — one operator's book, not a market","illiquid: Rs1 lakh median daily turnover (floor Rs50 lakh); only 69 trades/day median — one operator's book, not a market"
SENCO,Senco Gold Limited,EQ,,382.85,5342.0,32.826,8.201,19163.0,883913.0,20.0,0,0.0,25,25,2023-07-14,1106.0,True,False,2026-07-24,,,not penny/nano — price >= Rs100 and mcap >= Rs1000 Cr,
SENORES,Senores Pharmaceuticals Limited,EQ,,1387.5,6390.0,33.481,15.432,18582.0,237423.0,20.0,0,0.0,25,25,2024-12-30,571.0,False,False,2026-07-24,,,not penny/nano — price >= Rs100 and mcap >= Rs1000 Cr,
SENSEXADD,,,price,78.57,,0.016,0.003,30.0,2048.0,20.0,0,0.0,25,25,,,False,False,2026-07-24,,,"not in the NSE equity master (ETF / REIT / InvIT — not a company); illiquid: Rs2 lakh median daily turnover (floor Rs50 lakh); only 30 trades/day median — one operator's book, not a market","not in the NSE equity master (ETF / REIT / InvIT — not a company); illiquid: Rs2 lakh median daily turnover (floor Rs50 lakh); only 30 trades/day median — one operator's book, not a market"
SENSEXAXIS,,,price,79.07,,0.018,0.005,62.0,2244.0,20.0,0,0.0,16,16,,,False,False,2026-07-24,,,"not in the NSE equity master (ETF / REIT / InvIT — not a company); illiquid: Rs2 lakh median daily turnover (floor Rs50 lakh); only 62 trades/day median — one operator's book, not a market","not in the NSE equity master (ETF / REIT / InvIT — not a company); illiquid: Rs2 lakh median daily turnover (floor Rs50 lakh); only 62 trades/day median — one operator's book, not a market"
SENSEXBETA,,,,843.04,,0.201,0.075,196.0,2336.0,20.0,0,0.0,25,25,,,False,False,2026-07-24,,,"not in the NSE equity master (ETF / REIT / InvIT — not a company); illiquid: Rs20 lakh median daily turnover (floor Rs50 lakh); only 196 trades/day median — one operator's book, not a market","not in the NSE equity master (ETF / REIT / InvIT — not a company); illiquid: Rs20 lakh median daily turnover (floor Rs50 lakh); only 196 trades/day median — one operator's book, not a market"
SENSEXETF,,,price,78.46,,0.193,0.071,248.0,24132.0,20.0,0,0.0,25,25,,,False,False,2026-07-24,,,"not in the NSE equity master (ETF / REIT / InvIT — not a company); illiquid: Rs19 lakh median daily turnover (floor Rs50 lakh); only 248 trades/day median — one operator's book, not a market","not in the NSE equity master (ETF / REIT / InvIT — not a company); illiquid: Rs19 lakh median daily turnover (floor Rs50 lakh); only 248 trades/day median — one operator's book, not a market"
SENSEXIETF,,,,876.78,,0.762,0.417,698.0,8738.0,20.0,0,0.0,25,25,,,False,False,2026-07-24,,,not in the NSE equity master (ETF / REIT / InvIT — not a company),not in the NSE equity master (ETF / REIT / InvIT — not a company)
SEPC,SEPC Limited,EQ,price,6.01,1151.0,10.006,3.749,8020.0,15492578.0,20.0,0,0.0,25,25,2008-02-20,6729.0,False,False,2026-07-24,,,,
SERVOTECH,Servotech Renewable Power System Limited,EQ,price,95.64,2160.0,8.199,3.465,7877.0,845476.0,20.0,0,0.0,25,25,2021-09-02,1786.0,False,False,2026-07-24,,,,
SESHAPAPER,Seshasayee Paper and Boards Limited,EQ,,230.23,1452.0,1.188,0.207,1678.0,53077.0,20.0,0,0.0,25,25,1995-03-29,11440.0,False,False,2026-07-24,,,not penny/nano — price >= Rs100 and mcap >= Rs1000 Cr,
SETF10GILT,,,,264.32,,0.059,0.013,49.0,2230.0,5.0,0,0.0,25,25,,,False,False,2026-07-24,,,"not in the NSE equity master (ETF / REIT / InvIT — not a company); 5% circuit band — cannot exit on bad news; illiquid: Rs6 lakh median daily turnover (floor Rs50 lakh); only 49 trades/day median — one operator's book, not a market","not in the NSE equity master (ETF / REIT / InvIT — not a company); 5% circuit band — cannot exit on bad news; illiquid: Rs6 lakh median daily turnover (floor Rs50 lakh); only 49 trades/day median — one operator's book, not a market"
SETFGOLD,,,,121.62,,47.408,11.601,13110.0,3820149.0,20.0,0,0.0,25,25,,,False,False,2026-07-24,,,not in the NSE equity master (ETF / REIT / InvIT — not a company),not in the NSE equity master (ETF / REIT / InvIT — not a company)
SETFNIF50,,,,256.26,,19.716,6.815,6388.0,764249.0,20.0,0,0.0,25,25,,,False,False,2026-07-24,,,not in the NSE equity master (ETF / REIT / InvIT — not a company),not in the NSE equity master (ETF / REIT / InvIT — not a company)
SETFNIFBK,,,,583.2,,2.931,0.799,830.0,48962.0,20.0,0,0.0,25,25,,,False,False,2026-07-24,,,not in the NSE equity master (ETF / REIT / InvIT — not a company),not in the NSE equity master (ETF / REIT / InvIT — not a company)
SETFNN50,,,,769.7,,2.035,1.178,1251.0,26188.0,20.0,0,0.0,25,25,,,False,False,2026-07-24,,,not in the NSE equity master (ETF / REIT / InvIT — not a company),not in the NSE equity master (ETF / REIT / InvIT — not a company)
SETL,Standard Engineering Technology Limited,EQ,,272.7,5436.0,34.96,8.11,10433.0,1315183.0,5.0,10,0.4,25,25,2025-01-13,557.0,False,False,2026-07-24,,LT Stage I,"ASM LT Stage I — surveillance: 100% margin, no intraday, no pledging; 5% circuit band — cannot exit on bad news; closed at circuit on 40% of sessions — a stop cannot fill in a locked market","ASM LT Stage I — surveillance: 100% margin, no intraday, no pledging; 5% circuit band — cannot exit on bad news; closed at circuit on 40% of sessions — a stop cannot fill in a locked market"
SFL,Sheela Foam Limited,EQ,,761.95,8371.0,14.005,7.724,10788.0,185014.0,20.0,0,0.0,25,25,2016-12-09,3514.0,True,False,2026-07-24,,,not penny/nano — price >= Rs100 and mcap >= Rs1000 Cr,
SGFIN,SG Finserve Limited,EQ,,696.05,,20.437,5.224,12198.0,337405.0,20.0,0,0.0,25,25,2025-08-05,353.0,False,False,2026-07-24,,,"listed 353d ago — under a year of history, no trend to read","listed 353d ago — under a year of history, no trend to read"
SGIL,Synergy Green Industries Limited,EQ,mcap,596.3,927.0,0.594,0.259,432.0,9917.0,20.0,0,0.0,25,25,2021-07-28,1822.0,False,False,2026-07-24,,,,
SGL,STL Global Limited,EQ,price,9.74,,0.008,0.001,58.0,8330.0,10.0,0,0.0,25,25,2006-04-10,7410.0,False,False,2026-07-24,,LT Stage I,"ASM LT Stage I — surveillance: 100% margin, no intraday, no pledging; illiquid: Rs1 lakh median daily turnover (floor Rs50 lakh); only 58 trades/day median — one operator's book, not a market","ASM LT Stage I — surveillance: 100% margin, no intraday, no pledging; illiquid: Rs1 lakh median daily turnover (floor Rs50 lakh); only 58 trades/day median — one operator's book, not a market"
SGMART,SG Mart Limited,EQ,,713.55,8993.0,17.455,3.126,10616.0,267351.0,20.0,0,0.0,25,25,2025-09-12,315.0,False,False,2026-07-24,,,"listed 315d ago — under a year of history, no trend to read","listed 315d ago — under a year of history, no trend to read"
SHADOWFAX,Shadowfax Technologies Limited,EQ,,214.48,12556.0,38.559,19.441,35048.0,1749880.0,20.0,0,0.0,25,25,2026-01-28,177.0,False,False,2026-07-24,,LT Stage I,"ASM LT Stage I — surveillance: 100% margin, no intraday, no pledging; listed 177d ago — under a year of history, no trend to read","ASM LT Stage I — surveillance: 100% margin, no intraday, no pledging; listed 177d ago — under a year of history, no trend to read"
SHAH,Shah Metacorp Limited,EQ,price,4.37,,2.171,0.222,2449.0,4704103.0,20.0,0,0.0,25,25,2010-10-27,5749.0,False,False,2026-07-24,,,price Rs4.37 below the Rs5 floor (tick size ~1% of price; the spread eats the edge),price Rs4.37 below the Rs5 floor (tick size ~1% of price; the spread eats the edge)
SHAHALLOYS,Shah Alloys Limited,EQ,price,66.56,,0.094,0.023,214.0,12996.0,20.0,0,0.0,25,25,2005-06-16,7708.0,False,False,2026-07-24,,,"illiquid: Rs9 lakh median daily turnover (floor Rs50 lakh); only 214 trades/day median — one operator's book, not a market","illiquid: Rs9 lakh median daily turnover (floor Rs50 lakh); only 214 trades/day median — one operator's book, not a market"
SHAILY,Shaily Engineering Plastics Limited,EQ,,2969.7,13346.0,55.48,16.865,22217.0,193411.0,20.0,0,0.0,25,25,2022-04-04,1572.0,True,False,2026-07-24,,,not penny/nano — price >= Rs100 and mcap >= Rs1000 Cr,
SHAKTIPUMP,Shakti Pumps (India) Limited,EQ,,553.0,7084.0,39.24,11.609,19615.0,701057.0,20.0,0,0.0,25,25,2015-01-29,4194.0,True,False,2026-07-24,,,not penny/nano — price >= Rs100 and mcap >= Rs1000 Cr,
SHALBY,Shalby Limited,EQ,,163.1,1762.0,1.008,0.312,1595.0,59442.0,20.0,0,0.0,25,25,2017-12-15,3143.0,False,False,2026-07-24,,,not penny/nano — price >= Rs100 and mcap >= Rs1000 Cr,
SHALPAINTS,Shalimar Paints Limited,EQ,price,68.9,,0.276,0.1,632.0,53098.0,10.0,3,0.12,25,25,2008-03-03,6717.0,False,False,2026-07-24,,LT Stage II,"ASM LT Stage II — surveillance: 100% margin, no intraday, no pledging; illiquid: Rs28 lakh median daily turnover (floor Rs50 lakh)","ASM LT Stage II — surveillance: 100% margin, no intraday, no pledging; illiquid: Rs28 lakh median daily turnover (floor Rs50 lakh)"
SHANKARA,Shankara Building Products Limited,EQ,mcap,140.07,340.0,2.235,0.545,983.5,163315.5,20.0,0,0.0,10,10,2017-04-05,3397.0,False,False,2026-07-24,,,,
SHANTI,Shanti Overseas (India) Limited,EQ,price,7.07,,0.016,0.004,74.0,22712.0,20.0,0,0.0,25,25,2021-09-16,1772.0,False,False,2026-07-24,0.0,,"GSM stage 0 — exchange surveillance, periodic call auction; illiquid: Rs2 lakh median daily turnover (floor Rs50 lakh); only 74 trades/day median — one operator's book, not a market","GSM stage 0 — exchange surveillance, periodic call auction; illiquid: Rs2 lakh median daily turnover (floor Rs50 lakh); only 74 trades/day median — one operator's book, not a market"
SHANTIGEAR,Shanthi Gears Limited,EQ,,420.0,3222.0,0.647,0.155,744.0,14503.0,20.0,0,0.0,25,25,1996-01-17,11146.0,False,False,2026-07-24,,,not penny/nano — price >= Rs100 and mcap >= Rs1000 Cr,
SHANTIGOLD,Shanti Gold International Limited,EQ,,211.29,,13.468,3.892,6137.0,619383.0,20.0,0,0.0,25,25,2025-08-01,357.0,False,False,2026-07-24,,,"listed 357d ago — under a year of history, no trend to read","listed 357d ago — under a year of history, no trend to read"
SHARDACROP,Sharda Cropchem Limited,EQ,,872.95,8216.0,12.325,6.685,8224.0,138786.0,20.0,0,0.0,25,25,2014-09-23,4322.0,True,False,2026-07-24,,,not penny/nano — price >= Rs100 and mcap >= Rs1000 Cr,
SHARDAMOTR,Sharda Motor Industries Limited,EQ,,826.45,4744.0,2.99,1.314,3092.0,34941.0,20.0,0,0.0,25,25,2015-09-03,3977.0,False,False,2026-07-24,,,not penny/nano — price >= Rs100 and mcap >= Rs1000 Cr,
SHARDUL,Shardul Securities Limited,BE,price,48.88,,0.01,0.001,29.0,2543.0,5.0,5,0.263,19,19,2026-04-20,95.0,False,False,2026-07-16,,,"series BE (trade-to-trade / SME — not normal rolling settlement); 5% circuit band — cannot exit on bad news; listed 95d ago — under a year of history, no trend to read; illiquid: Rs1 lakh median daily turnover (floor Rs50 lakh); only 29 trades/day median — one operator's book, not a market; closed at circuit on 26% of sessions — a stop cannot fill in a locked market","series BE (trade-to-trade / SME — not normal rolling settlement); 5% circuit band — cannot exit on bad news; listed 95d ago — under a year of history, no trend to read; illiquid: Rs1 lakh median daily turnover (floor Rs50 lakh); only 29 trades/day median — one operator's book, not a market; closed at circuit on 26% of sessions — a stop cannot fill in a locked market"
SHAREINDIA,Share India Securities Limited,EQ,,191.57,3033.0,19.511,1.587,8930.0,1093848.0,20.0,1,0.04,25,25,2020-09-21,2132.0,True,False,2026-07-24,,,not penny/nano — price >= Rs100 and mcap >= Rs1000 Cr,
SHARIABEES,,,,453.94,,0.271,0.108,503.0,5972.0,20.0,0,0.0,25,25,,,False,False,2026-07-24,,,not in the NSE equity master (ETF / REIT / InvIT — not a company); illiquid: Rs27 lakh median daily turnover (floor Rs50 lakh),not in the NSE equity master (ETF / REIT / InvIT — not a company); illiquid: Rs27 lakh median daily turnover (floor Rs50 lakh)
SHBAJRG,Shri Bajrang Alliance Limited,EQ,,183.93,,0.076,0.018,111.0,3979.0,20.0,0,0.0,25,25,2026-04-20,95.0,False,False,2026-07-24,,,"listed 95d ago — under a year of history, no trend to read; illiquid: Rs8 lakh median daily turnover (floor Rs50 lakh); only 111 trades/day median — one operator's book, not a market","listed 95d ago — under a year of history, no trend to read; illiquid: Rs8 lakh median daily turnover (floor Rs50 lakh); only 111 trades/day median — one operator's book, not a market"
SHEMAROO,Shemaroo Entertainment Limited,BE,,131.85,,0.398,0.29,545.0,29178.0,5.0,1,0.333,3,3,2014-10-01,4314.0,False,False,2026-06-23,,,series BE (trade-to-trade / SME — not normal rolling settlement); 5% circuit band — cannot exit on bad news; illiquid: Rs40 lakh median daily turnover (floor Rs50 lakh); closed at circuit on 33% of sessions — a stop cannot fill in a locked market,series BE (trade-to-trade / SME — not normal rolling settlement); 5% circuit band — cannot exit on bad news; illiquid: Rs40 lakh median daily turnover (floor Rs50 lakh); closed at circuit on 33% of sessions — a stop cannot fill in a locked market
SHILCTECH,Shilchar Technologies Limited,EQ,,4267.7,,9.143,4.084,5441.0,20550.0,20.0,0,0.0,25,25,2025-11-24,242.0,False,False,2026-07-24,,,"listed 242d ago — under a year of history, no trend to read","listed 242d ago — under a year of history, no trend to read"
SHILPAMED,Shilpa Medicare Limited,EQ,,606.2,11856.0,35.585,23.507,22300.0,589308.0,20.0,0,0.0,25,25,2009-12-03,6077.0,True,False,2026-07-24,,,not penny/nano — price >= Rs100 and mcap >= Rs1000 Cr,
SHINDL,Sharat Industries Limited,EQ,mcap,158.12,620.0,1.999,1.095,1069.0,131356.0,20.0,0,0.0,25,25,2026-04-20,95.0,False,False,2026-07-24,,,"listed 95d ago — under a year of history, no trend to read","listed 95d ago — under a year of history, no trend to read"
SHIVATEX,Shiva Texyarn Limited,EQ,,154.92,,0.041,0.0,55.0,2680.0,20.0,0,0.0,25,25,2017-12-26,3132.0,False,False,2026-07-24,,,"illiquid: Rs4 lakh median daily turnover (floor Rs50 lakh); only 55 trades/day median — one operator's book, not a market","illiquid: Rs4 lakh median daily turnover (floor Rs50 lakh); only 55 trades/day median — one operator's book, not a market"
SHIVAUM,Shiv Aum Steels Limited,EQ,,391.25,,0.028,0.0,35.0,676.0,10.0,1,0.04,25,25,2025-11-14,252.0,False,False,2026-07-24,,,"listed 252d ago — under a year of history, no trend to read; illiquid: Rs3 lakh median daily turnover (floor Rs50 lakh); only 35 trades/day median — one operator's book, not a market","listed 252d ago — under a year of history, no trend to read; illiquid: Rs3 lakh median daily turnover (floor Rs50 lakh); only 35 trades/day median — one operator's book, not a market"
SHK,S H Kelkar and Company Limited,EQ,,140.65,1947.0,4.612,1.885,5442.0,350422.0,20.0,0,0.0,25,25,2015-11-16,3903.0,False,False,2026-07-24,,,not penny/nano — price >= Rs100 and mcap >= Rs1000 Cr,
SHOPERSTOP,Shoppers Stop Limited,EQ,,377.75,4163.0,2.702,0.296,3634.0,71168.0,20.0,0,0.0,25,25,2005-05-23,7732.0,False,False,2026-07-24,,,not penny/nano — price >= Rs100 and mcap >= Rs1000 Cr,
SHRADHA,Shradha Realty Limited,EQ,price,34.79,,0.05,0.006,79.0,14478.0,20.0,1,0.04,25,25,2020-10-22,2101.0,False,False,2026-07-24,,ST Stage I,"ASM ST Stage I — surveillance: 100% margin, no intraday, no pledging; illiquid: Rs5 lakh median daily turnover (floor Rs50 lakh); only 79 trades/day median — one operator's book, not a market","ASM ST Stage I — surveillance: 100% margin, no intraday, no pledging; illiquid: Rs5 lakh median daily turnover (floor Rs50 lakh); only 79 trades/day median — one operator's book, not a market"
SHREDIGCEM,Shree Digvijay Cement Co.Ltd,EQ,price,76.16,1127.0,0.63,0.191,956.0,85380.0,20.0,0,0.0,25,25,2020-01-28,2369.0,False,False,2026-07-24,,,,
SHREECEM,SHREE CEMENT LIMITED,EQ,,26740.0,96480.0,41.613,17.058,6860.0,15874.0,,0,0.0,25,25,1995-04-26,11412.0,False,False,2026-07-24,,,not penny/nano — price >= Rs100 and mcap >= Rs1000 Cr,
SHREEJISPG,Shreeji Shipping Global Limited,EQ,,625.8,10180.0,40.008,25.569,7513.0,746980.0,10.0,0,0.0,25,25,2025-08-26,332.0,False,False,2026-07-24,,,"listed 332d ago — under a year of history, no trend to read","listed 332d ago — under a year of history, no trend to read"
SHREEPUSHK,Shree Pushkar Chemicals & Fertilisers Limited,EQ,,386.85,1251.0,1.625,0.848,1557.0,41277.0,20.0,0,0.0,25,25,2015-09-10,3970.0,False,False,2026-07-24,,,not penny/nano — price >= Rs100 and mcap >= Rs1000 Cr,
SHREERAMA,Shree Rama Multi-Tech Limited,EQ,price,40.18,,0.206,0.082,546.0,47640.0,20.0,0,0.0,25,25,2000-03-13,9629.0,False,False,2026-07-24,,,illiquid: Rs21 lakh median daily turnover (floor Rs50 lakh),illiquid: Rs21 lakh median daily turnover (floor Rs50 lakh)
SHREYANIND,Shreyans Industries Limited,EQ,,138.65,,0.051,0.009,88.0,3653.0,20.0,0,0.0,25,25,1996-11-06,10852.0,False,False,2026-07-24,,,"illiquid: Rs5 lakh median daily turnover (floor Rs50 lakh); only 88 trades/day median — one operator's book, not a market","illiquid: Rs5 lakh median daily turnover (floor Rs50 lakh); only 88 trades/day median — one operator's book, not a market"
SHRIKRISH,Shri Krishna Devcon Limited,EQ,price,39.32,,0.005,0.0,29.0,1165.5,20.0,0,0.0,24,24,2026-04-20,95.0,False,False,2026-07-24,,,"listed 95d ago — under a year of history, no trend to read; illiquid: Rs0 lakh median daily turnover (floor Rs50 lakh); only 29 trades/day median — one operator's book, not a market","listed 95d ago — under a year of history, no trend to read; illiquid: Rs0 lakh median daily turnover (floor Rs50 lakh); only 29 trades/day median — one operator's book, not a market"
SHRINGARMS,Shringar House of Mangalsutra Limited,EQ,,219.66,,17.201,7.563,5269.0,779831.0,20.0,0,0.0,25,25,2025-09-17,310.0,False,False,2026-07-24,,,"listed 310d ago — under a year of history, no trend to read","listed 310d ago — under a year of history, no trend to read"
SHRIPISTON,SPR Auto Technologies Limited,EQ,,4159.9,18324.0,24.36,11.357,12140.0,58423.0,20.0,0,0.0,25,25,2016-06-02,3704.0,True,False,2026-07-24,,,not penny/nano — price >= Rs100 and mcap >= Rs1000 Cr,
SHRIRAMFIN,Shriram Finance Limited,EQ,,1005.1,236495.0,495.904,261.563,102129.0,4722961.0,,0,0.0,25,25,1996-12-11,10817.0,False,False,2026-07-24,,,not penny/nano — price >= Rs100 and mcap >= Rs1000 Cr,
SHRIRAMPPS,Shriram Properties Limited,EQ,price,85.02,1453.0,4.71,2.617,4095.0,526773.0,20.0,0,0.0,25,25,2021-12-20,1677.0,False,False,2026-07-24,,,,
SHYAMCENT,Shyam Century Ferrous Limited,BE,price,5.91,,0.099,0.017,299.0,179981.0,5.0,1,0.111,9,9,2015-07-28,4014.0,False,False,2026-07-02,,,"series BE (trade-to-trade / SME — not normal rolling settlement); 5% circuit band — cannot exit on bad news; illiquid: Rs10 lakh median daily turnover (floor Rs50 lakh); only 299 trades/day median — one operator's book, not a market","series BE (trade-to-trade / SME — not normal rolling settlement); 5% circuit band — cannot exit on bad news; illiquid: Rs10 lakh median daily turnover (floor Rs50 lakh); only 299 trades/day median — one operator's book, not a market"
SHYAMMETL,Shyam Metalics and Energy Limited,EQ,,1027.45,28679.0,40.554,13.634,11731.0,417295.0,20.0,0,0.0,25,25,2021-06-24,1856.0,True,False,2026-07-24,,,not penny/nano — price >= Rs100 and mcap >= Rs1000 Cr,
SICAGEN,Sicagen India Limited,EQ,price,50.63,,0.043,0.01,69.0,8118.0,20.0,0,0.0,25,25,2026-04-20,95.0,False,False,2026-07-24,,,"listed 95d ago — under a year of history, no trend to read; illiquid: Rs4 lakh median daily turnover (floor Rs50 lakh); only 69 trades/day median — one operator's book, not a market","listed 95d ago — under a year of history, no trend to read; illiquid: Rs4 lakh median daily turnover (floor Rs50 lakh); only 69 trades/day median — one operator's book, not a market"
SICALLOG,Sical Logistics Limited,EQ,price,97.07,,0.367,0.091,470.0,39416.0,5.0,3,0.167,18,18,2023-10-12,1016.0,False,False,2026-07-24,,,5% circuit band — cannot exit on bad news; illiquid: Rs37 lakh median daily turnover (floor Rs50 lakh),5% circuit band — cannot exit on bad news; illiquid: Rs37 lakh median daily turnover (floor Rs50 lakh)
SIEMENS,Siemens Limited,EQ,,3689.8,131401.0,112.289,57.694,25701.0,303345.0,,0,0.0,25,25,1995-09-06,11279.0,False,False,2026-07-24,,,not penny/nano — price >= Rs100 and mcap >= Rs1000 Cr,
SIGIND,Signet Industries Limited,EQ,price,44.57,,0.048,0.012,153.0,10156.0,20.0,0,0.0,25,25,2018-08-29,2886.0,False,False,2026-07-24,,,"illiquid: Rs5 lakh median daily turnover (floor Rs50 lakh); only 153 trades/day median — one operator's book, not a market","illiquid: Rs5 lakh median daily turnover (floor Rs50 lakh); only 153 trades/day median — one operator's book, not a market"
SIGMA,Sigma Solve Limited,EQ,price,38.07,,0.176,0.037,759.0,46457.0,20.0,0,0.0,25,25,2023-06-09,1141.0,False,False,2026-07-24,,,illiquid: Rs18 lakh median daily turnover (floor Rs50 lakh),illiquid: Rs18 lakh median daily turnover (floor Rs50 lakh)
SIGMAADV,SIGMA ADVANCED SYSTEMS LIMITED,BE,,568.8,9911.0,31.012,12.852,10406.0,528379.0,5.0,1,0.111,9,9,2007-07-19,6945.0,False,False,2026-07-16,,LT Stage IV,"series BE (trade-to-trade / SME — not normal rolling settlement); ASM LT Stage IV — surveillance: 100% margin, no intraday, no pledging; 5% circuit band — cannot exit on bad news","series BE (trade-to-trade / SME — not normal rolling settlement); ASM LT Stage IV — surveillance: 100% margin, no intraday, no pledging; 5% circuit band — cannot exit on bad news"
SIGNATURE,Signatureglobal (India) Limited,EQ,,768.35,10659.0,21.362,14.199,8655.0,265592.0,20.0,0,0.0,25,25,2023-09-27,1031.0,True,False,2026-07-24,,,not penny/nano — price >= Rs100 and mcap >= Rs1000 Cr,
SIGNPOST,Signpost India Limited,EQ,,309.4,1654.0,5.582,1.376,5968.0,190934.0,20.0,0,0.0,25,25,2024-02-14,891.0,False,False,2026-07-24,,,not penny/nano — price >= Rs100 and mcap >= Rs1000 Cr,
SIKA,Sika Interplant Systems Limited,EQ,,1139.6,2416.0,5.509,2.297,4810.0,48265.0,20.0,0,0.0,25,25,2026-04-20,95.0,False,False,2026-07-24,,,"listed 95d ago — under a year of history, no trend to read","listed 95d ago — under a year of history, no trend to read"
SIKKO,Sikko Industries Limited,EQ,price,4.7,,0.133,0.053,510.0,326466.0,20.0,0,0.0,25,25,2021-10-22,1736.0,False,False,2026-07-24,,,price Rs4.7 below the Rs5 floor (tick size ~1% of price; the spread eats the edge); illiquid: Rs13 lakh median daily turnover (floor Rs50 lakh),price Rs4.7 below the Rs5 floor (tick size ~1% of price; the spread eats the edge); illiquid: Rs13 lakh median daily turnover (floor Rs50 lakh)
SIL,Standard Industries Limited,EQ,price,15.89,,0.022,0.009,177.0,13786.0,20.0,0,0.0,25,25,2004-01-27,8214.0,False,False,2026-07-24,,,"illiquid: Rs2 lakh median daily turnover (floor Rs50 lakh); only 177 trades/day median — one operator's book, not a market","illiquid: Rs2 lakh median daily turnover (floor Rs50 lakh); only 177 trades/day median — one operator's book, not a market"
SILGO,Silgo Retail Limited,EQ,price+mcap,74.06,236.0,1.202,0.64,847.0,161215.0,20.0,0,0.0,25,25,2021-03-03,1969.0,False,False,2026-07-24,,,,
SILINV,SIL Investments Limited,EQ,,414.95,,0.064,0.007,76.0,1532.0,20.0,0,0.0,25,25,1996-05-22,11020.0,False,False,2026-07-24,,,"illiquid: Rs6 lakh median daily turnover (floor Rs50 lakh); only 76 trades/day median — one operator's book, not a market","illiquid: Rs6 lakh median daily turnover (floor Rs50 lakh); only 76 trades/day median — one operator's book, not a market"
SILLYMONKS,Silly Monks Entertainment Limited,EQ,price,15.79,,0.012,0.0,77.0,7541.0,20.0,0,0.0,25,25,2020-07-08,2207.0,False,False,2026-07-24,,,"illiquid: Rs1 lakh median daily turnover (floor Rs50 lakh); only 77 trades/day median — one operator's book, not a market","illiquid: Rs1 lakh median daily turnover (floor Rs50 lakh); only 77 trades/day median — one operator's book, not a market"
SILVER,,,,220.42,,24.672,11.933,10367.0,1055796.0,20.0,0,0.0,25,25,,,False,False,2026-07-24,,,not in the NSE equity master (ETF / REIT / InvIT — not a company),not in the NSE equity master (ETF / REIT / InvIT — not a company)
SILVER1,,,price,21.36,,9.687,3.793,5486.0,4591449.0,20.0,0,0.0,25,25,,,False,False,2026-07-24,,,not in the NSE equity master (ETF / REIT / InvIT — not a company),not in the NSE equity master (ETF / REIT / InvIT — not a company)
SILVER360,,,,217.03,,0.383,0.118,546.0,17937.0,20.0,0,0.0,25,25,,,False,False,2026-07-24,,,not in the NSE equity master (ETF / REIT / InvIT — not a company); illiquid: Rs38 lakh median daily turnover (floor Rs50 lakh),not in the NSE equity master (ETF / REIT / InvIT — not a company); illiquid: Rs38 lakh median daily turnover (floor Rs50 lakh)
SILVERADD,,,,212.4,,6.905,1.682,3857.0,323883.0,20.0,0,0.0,25,25,,,False,False,2026-07-24,,,not in the NSE equity master (ETF / REIT / InvIT — not a company),not in the NSE equity master (ETF / REIT / InvIT — not a company)
SILVERAG,,,,214.74,,6.077,2.292,3549.0,269686.0,20.0,0,0.0,25,25,,,False,False,2026-07-24,,,not in the NSE equity master (ETF / REIT / InvIT — not a company),not in the NSE equity master (ETF / REIT / InvIT — not a company)
SILVERAXIS,,,,219.04,,6.216,2.543,2543.0,288551.0,20.0,0,0.0,16,16,,,False,False,2026-07-24,,,not in the NSE equity master (ETF / REIT / InvIT — not a company),not in the NSE equity master (ETF / REIT / InvIT — not a company)
SILVERBEES,,,,210.96,,516.489,311.133,86699.0,24964973.0,20.0,0,0.0,25,25,,,False,False,2026-07-24,,,not in the NSE equity master (ETF / REIT / InvIT — not a company),not in the NSE equity master (ETF / REIT / InvIT — not a company)
SILVERBETA,,,,212.92,,12.687,4.655,5493.0,594092.0,20.0,0,0.0,25,25,,,False,False,2026-07-24,,,not in the NSE equity master (ETF / REIT / InvIT — not a company),not in the NSE equity master (ETF / REIT / InvIT — not a company)
SILVERBND,,,,221.58,,0.61,0.176,337.0,27766.0,20.0,0,0.0,25,25,,,False,False,2026-07-24,,,not in the NSE equity master (ETF / REIT / InvIT — not a company),not in the NSE equity master (ETF / REIT / InvIT — not a company)
SILVERCASE,,,price,22.32,,18.646,11.765,9034.0,8378770.0,20.0,0,0.0,25,25,,,False,False,2026-07-24,,,not in the NSE equity master (ETF / REIT / InvIT — not a company),not in the NSE equity master (ETF / REIT / InvIT — not a company)
SILVERIETF,,,,220.47,,63.52,40.35,22332.0,2811244.0,20.0,0,0.0,25,25,,,False,False,2026-07-24,,,not in the NSE equity master (ETF / REIT / InvIT — not a company),not in the NSE equity master (ETF / REIT / InvIT — not a company)
SILVERTUC,Silver Touch Technologies Limited,EQ,,200.14,2538.0,7.166,4.459,5045.0,395791.0,5.0,1,0.04,25,25,2022-05-12,1534.0,False,False,2026-07-24,,,5% circuit band — cannot exit on bad news,5% circuit band — cannot exit on bad news
SIMPLEXINF,Simplex Infrastructures Limited,EQ,,239.25,1892.0,1.879,0.417,1388.0,70521.0,20.0,0,0.0,25,25,2004-03-09,8172.0,False,False,2026-07-24,,,not penny/nano — price >= Rs100 and mcap >= Rs1000 Cr,
SINCLAIR,Sinclairs Hotels Limited,EQ,price,74.77,,0.135,0.037,314.0,17058.0,20.0,0,0.0,25,25,2024-04-10,835.0,False,False,2026-07-24,,,illiquid: Rs14 lakh median daily turnover (floor Rs50 lakh),illiquid: Rs14 lakh median daily turnover (floor Rs50 lakh)
SINDHUTRAD,Sindhu Trade Links Limited,EQ,price,24.45,3770.0,2.104,0.809,1936.0,812744.0,20.0,0,0.0,25,25,2023-06-20,1130.0,False,False,2026-07-24,,,,
SINGERIND,Singer India Limited,EQ,price,65.82,,0.323,0.101,857.0,47555.0,20.0,0,0.0,25,25,2026-03-19,127.0,False,False,2026-07-24,,,"listed 127d ago — under a year of history, no trend to read; illiquid: Rs32 lakh median daily turnover (floor Rs50 lakh)","listed 127d ago — under a year of history, no trend to read; illiquid: Rs32 lakh median daily turnover (floor Rs50 lakh)"
SINTERCOM,Sintercom India Limited,EQ,price,82.04,,0.04,0.004,64.0,5163.0,20.0,0,0.0,25,25,2020-10-07,2116.0,False,False,2026-07-24,,,"illiquid: Rs4 lakh median daily turnover (floor Rs50 lakh); only 64 trades/day median — one operator's book, not a market","illiquid: Rs4 lakh median daily turnover (floor Rs50 lakh); only 64 trades/day median — one operator's book, not a market"
SIRCA,Sirca Paints India Limited,EQ,,393.45,2235.0,8.922,5.516,3619.0,226675.0,20.0,0,0.0,25,25,2019-07-22,2559.0,False,False,2026-07-24,,,not penny/nano — price >= Rs100 and mcap >= Rs1000 Cr,
SIS,SIS LIMITED,EQ,,437.55,6183.0,4.99,2.311,6113.0,113077.0,20.0,0,0.0,25,25,2017-08-10,3270.0,False,False,2026-07-24,,,not penny/nano — price >= Rs100 and mcap >= Rs1000 Cr,
SIYSIL,Siyaram Silk Mills Limited,EQ,,609.45,2765.0,2.819,1.721,3015.0,44349.0,20.0,0,0.0,25,25,2007-01-29,7116.0,False,False,2026-07-24,,,not penny/nano — price >= Rs100 and mcap >= Rs1000 Cr,
SJS,S.J.S. Enterprises Limited,EQ,,2335.6,7475.0,14.425,4.814,10326.0,65211.0,20.0,0,0.0,25,25,2021-11-15,1712.0,False,False,2026-07-24,,,not penny/nano — price >= Rs100 and mcap >= Rs1000 Cr,
SJVN,SJVN Limited,EQ,,67.58,26558.0,13.766,8.835,13581.0,1887208.0,20.0,0,0.0,25,25,2010-05-20,5909.0,True,False,2026-07-24,,,"not penny/nano — too big on both arms: a Rs68 share of a Rs26,558 Cr company (the price arm's ceiling is Rs5,000 Cr — a cheap share is not a small company)",
SKFINDIA,SKF India Limited,EQ,,1484.8,8071.0,6.08,1.727,5607.0,37735.0,20.0,0,0.0,25,25,1999-01-27,10040.0,True,False,2026-07-24,,,not penny/nano — price >= Rs100 and mcap >= Rs1000 Cr,
SKFINDUS,SKF India (Industrial) Limited,EQ,,2731.2,13502.0,11.398,2.746,8387.0,39739.0,20.0,0,0.0,25,25,2025-12-05,231.0,True,False,2026-07-24,,,"listed 231d ago — under a year of history, no trend to read","listed 231d ago — under a year of history, no trend to read"
SKIPPER,Skipper Limited,EQ,,528.65,6493.0,29.05,14.839,16373.0,521438.0,20.0,0,0.0,25,25,2015-05-27,4076.0,True,False,2026-07-24,,,not penny/nano — price >= Rs100 and mcap >= Rs1000 Cr,
SKMEGGPROD,SKM Egg Products Export (India) Limited,EQ,,324.75,1710.0,22.139,6.745,13093.0,720899.0,20.0,0,0.0,25,25,1997-03-14,10724.0,False,False,2026-07-24,,LT Stage I,"ASM LT Stage I — surveillance: 100% margin, no intraday, no pledging","ASM LT Stage I — surveillance: 100% margin, no intraday, no pledging"
SKYGOLD,SKY GOLD AND DIAMONDS LIMITED,EQ,,653.7,10124.0,67.092,17.012,25004.0,1226307.0,20.0,0,0.0,25,25,2023-01-06,1295.0,True,False,2026-07-24,,,not penny/nano — price >= Rs100 and mcap >= Rs1000 Cr,
SMALL250,,,price,17.65,,0.967,0.332,942.0,541798.0,20.0,0,0.0,25,25,,,False,False,2026-07-24,,,not in the NSE equity master (ETF / REIT / InvIT — not a company),not in the NSE equity master (ETF / REIT / InvIT — not a company)
SMALLADD,,,price,17.67,,0.113,0.014,126.0,62853.0,20.0,0,0.0,25,25,,,False,False,2026-07-24,,,"not in the NSE equity master (ETF / REIT / InvIT — not a company); illiquid: Rs11 lakh median daily turnover (floor Rs50 lakh); only 126 trades/day median — one operator's book, not a market","not in the NSE equity master (ETF / REIT / InvIT — not a company); illiquid: Rs11 lakh median daily turnover (floor Rs50 lakh); only 126 trades/day median — one operator's book, not a market"
SMALLCAP,,,price,46.52,,9.15,4.089,3243.0,1929327.0,20.0,0,0.0,25,25,,,False,False,2026-07-24,,,not in the NSE equity master (ETF / REIT / InvIT — not a company),not in the NSE equity master (ETF / REIT / InvIT — not a company)
SMALLGROWW,,,price,46.61,,0.064,0.011,122.0,13470.0,20.0,0,0.0,25,25,,,False,False,2026-07-24,,,"not in the NSE equity master (ETF / REIT / InvIT — not a company); illiquid: Rs6 lakh median daily turnover (floor Rs50 lakh); only 122 trades/day median — one operator's book, not a market","not in the NSE equity master (ETF / REIT / InvIT — not a company); illiquid: Rs6 lakh median daily turnover (floor Rs50 lakh); only 122 trades/day median — one operator's book, not a market"
SMALLIETF,,,price,18.2,,0.075,0.022,110.0,41827.0,20.0,0,0.0,22,22,,,False,False,2026-07-24,,,"not in the NSE equity master (ETF / REIT / InvIT — not a company); illiquid: Rs8 lakh median daily turnover (floor Rs50 lakh); only 110 trades/day median — one operator's book, not a market","not in the NSE equity master (ETF / REIT / InvIT — not a company); illiquid: Rs8 lakh median daily turnover (floor Rs50 lakh); only 110 trades/day median — one operator's book, not a market"
SMARTWORKS,Smartworks Coworking Spaces Limited,EQ,,482.55,5422.0,2.677,1.193,4049.0,56836.0,20.0,0,0.0,25,25,2025-07-17,372.0,True,False,2026-07-24,,,not penny/nano — price >= Rs100 and mcap >= Rs1000 Cr,
SMCGLOBAL,SMC Global Securities Limited,EQ,price,75.46,1581.0,3.483,0.95,2301.0,474843.0,20.0,0,0.0,25,25,2021-02-24,1976.0,False,False,2026-07-24,,,,
SML100CASE,,,price,10.71,,1.43,0.696,1483.0,1330220.0,20.0,0,0.0,25,25,,,False,False,2026-07-24,,,not in the NSE equity master (ETF / REIT / InvIT — not a company),not in the NSE equity master (ETF / REIT / InvIT — not a company)
SMLMAH,SML Mahindra Limited,EQ,,3844.4,5563.0,26.643,7.743,9459.0,66615.0,20.0,0,0.0,25,25,2003-08-29,8365.0,True,False,2026-07-24,,,not penny/nano — price >= Rs100 and mcap >= Rs1000 Cr,
SMLT,Sarthak Metals Limited,EQ,price,66.79,,0.029,0.005,138.0,4092.0,20.0,0,0.0,25,25,2021-11-25,1702.0,False,False,2026-07-24,,,"illiquid: Rs3 lakh median daily turnover (floor Rs50 lakh); only 138 trades/day median — one operator's book, not a market","illiquid: Rs3 lakh median daily turnover (floor Rs50 lakh); only 138 trades/day median — one operator's book, not a market"
SMSPHARMA,SMS Pharmaceuticals Limited,EQ,,381.1,3569.0,6.13,1.845,3782.0,160315.0,20.0,0,0.0,25,25,2007-02-28,7086.0,False,False,2026-07-24,,,not penny/nano — price >= Rs100 and mcap >= Rs1000 Cr,
SNOWMAN,Snowman Logistics Limited,EQ,price+mcap,36.4,608.0,0.523,0.265,1138.0,137461.0,20.0,0,0.0,25,25,2014-09-12,4333.0,False,False,2026-07-24,,,,
SNXT30BEES,,,price,41.86,,0.021,0.006,60.0,4949.0,20.0,0,0.0,25,25,,,False,False,2026-07-24,,,"not in the NSE equity master (ETF / REIT / InvIT — not a company); illiquid: Rs2 lakh median daily turnover (floor Rs50 lakh); only 60 trades/day median — one operator's book, not a market","not in the NSE equity master (ETF / REIT / InvIT — not a company); illiquid: Rs2 lakh median daily turnover (floor Rs50 lakh); only 60 trades/day median — one operator's book, not a market"
SNXT50BETA,,,price,92.64,,0.021,0.003,88.0,2305.0,20.0,0,0.0,25,25,,,False,False,2026-07-24,,,"not in the NSE equity master (ETF / REIT / InvIT — not a company); illiquid: Rs2 lakh median daily turnover (floor Rs50 lakh); only 88 trades/day median — one operator's book, not a market","not in the NSE equity master (ETF / REIT / InvIT — not a company); illiquid: Rs2 lakh median daily turnover (floor Rs50 lakh); only 88 trades/day median — one operator's book, not a market"
SOBHA,Sobha Limited,EQ,,1362.3,15429.0,24.357,7.748,12082.0,167852.0,20.0,0,0.0,25,25,2006-12-20,7156.0,True,False,2026-07-24,,,not penny/nano — price >= Rs100 and mcap >= Rs1000 Cr,
SOLARA,Solara Active Pharma Sciences Limited,EQ,,491.95,2351.0,9.629,3.594,7273.0,166642.0,20.0,0,0.0,25,25,2018-06-27,2949.0,False,False,2026-07-24,,,not penny/nano — price >= Rs100 and mcap >= Rs1000 Cr,
SOLARINDS,Solar Industries India Limited,EQ,,18494.0,167352.0,187.811,122.951,28846.0,101711.0,,0,0.0,25,25,2006-04-03,7417.0,False,False,2026-07-24,,,not penny/nano — price >= Rs100 and mcap >= Rs1000 Cr,
SOLARWORLD,Solarworld Energy Solutions Limited,EQ,,201.93,1750.0,3.913,1.86,3162.0,201368.0,20.0,0,0.0,25,25,2025-09-30,297.0,False,False,2026-07-24,,,"listed 297d ago — under a year of history, no trend to read","listed 297d ago — under a year of history, no trend to read"
SOLEX,Solex Energy Limited,EQ,,938.0,1013.0,3.109,1.463,2407.0,28785.0,20.0,0,0.0,25,25,2025-10-08,289.0,False,False,2026-07-24,,,"listed 289d ago — under a year of history, no trend to read","listed 289d ago — under a year of history, no trend to read"
SOMANYCERA,Somany Ceramics Limited,EQ,,496.7,2037.0,4.026,1.583,3668.0,74834.0,20.0,0,0.0,25,25,1995-11-22,11202.0,False,False,2026-07-24,,,not penny/nano — price >= Rs100 and mcap >= Rs1000 Cr,
SOMATEX,Soma Textiles & Industries Limited,EQ,,101.06,,0.119,0.032,244.0,11874.0,5.0,4,0.16,25,25,1996-08-14,10936.0,False,False,2026-07-24,,LT Stage II,"ASM LT Stage II — surveillance: 100% margin, no intraday, no pledging; 5% circuit band — cannot exit on bad news; illiquid: Rs12 lakh median daily turnover (floor Rs50 lakh); only 244 trades/day median — one operator's book, not a market","ASM LT Stage II — surveillance: 100% margin, no intraday, no pledging; 5% circuit band — cannot exit on bad news; illiquid: Rs12 lakh median daily turnover (floor Rs50 lakh); only 244 trades/day median — one operator's book, not a market"
SOMICONVEY,Somi Conveyor Beltings Limited,EQ,price,97.31,,0.243,0.024,607.0,24317.0,20.0,0,0.0,25,25,2016-07-18,3658.0,False,False,2026-07-24,,,illiquid: Rs24 lakh median daily turnover (floor Rs50 lakh),illiquid: Rs24 lakh median daily turnover (floor Rs50 lakh)
SONACOMS,Sona BLW Precision Forgings Limited,EQ,,717.95,44707.0,151.173,38.716,47073.0,2243065.0,,0,0.0,25,25,2021-06-24,1856.0,True,False,2026-07-24,,,not penny/nano — price >= Rs100 and mcap >= Rs1000 Cr,
SONAL,Sonal Mercantile Limited,EQ,price,94.82,,0.0,0.0,4.0,43.0,5.0,0,0.0,17,17,2026-04-20,95.0,False,False,2026-07-23,,,"5% circuit band — cannot exit on bad news; listed 95d ago — under a year of history, no trend to read; illiquid: Rs0 lakh median daily turnover (floor Rs50 lakh); only 4 trades/day median — one operator's book, not a market","5% circuit band — cannot exit on bad news; listed 95d ago — under a year of history, no trend to read; illiquid: Rs0 lakh median daily turnover (floor Rs50 lakh); only 4 trades/day median — one operator's book, not a market"
SONAMLTD,SONAM LIMITED,EQ,price,53.01,,0.148,0.045,540.0,26987.0,20.0,0,0.0,25,25,2022-04-07,1569.0,False,False,2026-07-24,,,illiquid: Rs15 lakh median daily turnover (floor Rs50 lakh),illiquid: Rs15 lakh median daily turnover (floor Rs50 lakh)
SONATSOFTW,Sonata Software Limited,EQ,,288.1,7796.0,29.11,16.225,18167.0,975159.0,20.0,0,0.0,25,25,1999-07-28,9858.0,True,False,2026-07-24,,,not penny/nano — price >= Rs100 and mcap >= Rs1000 Cr,
SOTL,Savita Oil Technologies Limited,EQ,,645.75,4427.0,11.542,4.427,8856.0,192191.0,20.0,0,0.0,25,25,1995-06-28,11349.0,False,False,2026-07-24,,,not penny/nano — price >= Rs100 and mcap >= Rs1000 Cr,
SOUTHBANK,The South Indian Bank Limited,EQ,,46.52,12179.0,73.407,41.367,38975.0,16488721.0,20.0,0,0.0,25,25,1998-12-08,10090.0,True,False,2026-07-24,,,"not penny/nano — too big on both arms: a Rs47 share of a Rs12,179 Cr company (the price arm's ceiling is Rs5,000 Cr — a cheap share is not a small company)",
SOUTHWEST,South West Pinnacle Exploration Limited,EQ,mcap,233.67,763.0,6.336,1.49,5784.0,283598.0,20.0,0,0.0,25,25,2019-04-18,2654.0,False,False,2026-07-24,,,,
SPAL,S. P. Apparels Limited,EQ,,1002.8,2521.0,21.361,6.458,12723.0,192782.0,20.0,0,0.0,25,25,2016-08-12,3633.0,False,False,2026-07-24,,ST Stage I,"ASM ST Stage I — surveillance: 100% margin, no intraday, no pledging","ASM ST Stage I — surveillance: 100% margin, no intraday, no pledging"
SPANDANA,Spandana Sphoorty Financial Limited,EQ,,261.5,2112.0,9.304,2.522,9550.0,313725.0,20.0,0,0.0,25,25,2019-08-19,2531.0,False,False,2026-07-24,,,not penny/nano — price >= Rs100 and mcap >= Rs1000 Cr,
SPARC,Sun Pharma Advanced Research Company Limited,EQ,,216.23,7017.0,44.54,19.808,22897.0,1855116.0,10.0,0,0.0,25,25,2007-07-18,6946.0,True,False,2026-07-24,,LT Stage I,"ASM LT Stage I — surveillance: 100% margin, no intraday, no pledging","ASM LT Stage I — surveillance: 100% margin, no intraday, no pledging"
SPCENET,Spacenet Enterprises India Limited,EQ,price,3.51,,0.231,0.084,642.0,646872.0,5.0,8,0.32,25,25,2017-01-10,3482.0,False,False,2026-07-24,,,5% circuit band — cannot exit on bad news; price Rs3.51 below the Rs5 floor (tick size ~1% of price; the spread eats the edge); illiquid: Rs23 lakh median daily turnover (floor Rs50 lakh); closed at circuit on 32% of sessions — a stop cannot fill in a locked market,5% circuit band — cannot exit on bad news; price Rs3.51 below the Rs5 floor (tick size ~1% of price; the spread eats the edge); illiquid: Rs23 lakh median daily turnover (floor Rs50 lakh); closed at circuit on 32% of sessions — a stop cannot fill in a locked market
SPECIALITY,Speciality Restaurants Limited,EQ,mcap,137.73,664.0,0.721,0.157,1062.0,52855.0,20.0,0,0.0,25,25,2012-05-30,5168.0,False,False,2026-07-24,,,,
SPECTRUM,Spectrum Electrical Industries Limited,EQ,,2281.6,3585.0,4.01,1.243,2405.0,20672.0,20.0,0,0.0,25,25,2025-03-28,483.0,False,False,2026-07-24,,,not penny/nano — price >= Rs100 and mcap >= Rs1000 Cr,
SPENCERS,Spencer's Retail Limited,EQ,price,33.06,,0.145,0.056,626.0,40787.0,20.0,0,0.0,25,25,2019-01-25,2737.0,False,False,2026-07-24,,LT Stage I,"ASM LT Stage I — surveillance: 100% margin, no intraday, no pledging; illiquid: Rs14 lakh median daily turnover (floor Rs50 lakh)","ASM LT Stage I — surveillance: 100% margin, no intraday, no pledging; illiquid: Rs14 lakh median daily turnover (floor Rs50 lakh)"
SPIC,Southern Petrochemicals Industries Corporation  Limited,EQ,price,64.94,1322.0,1.99,0.925,2326.0,292760.0,20.0,0,0.0,25,25,1996-01-10,11153.0,False,False,2026-07-24,,,,
SPLIL,SPL Industries Limited,EQ,price,31.25,,0.024,0.002,88.0,7608.0,20.0,0,0.0,25,25,2005-07-26,7668.0,False,False,2026-07-24,,,"illiquid: Rs2 lakh median daily turnover (floor Rs50 lakh); only 88 trades/day median — one operator's book, not a market","illiquid: Rs2 lakh median daily turnover (floor Rs50 lakh); only 88 trades/day median — one operator's book, not a market"
SPLPETRO,Supreme Petrochem Limited,EQ,,741.6,13633.0,3.966,1.498,3806.0,54530.0,20.0,0,0.0,25,25,2022-05-24,1522.0,True,False,2026-07-24,,,not penny/nano — price >= Rs100 and mcap >= Rs1000 Cr,
SPMLINFRA,SPML Infra Limited,EQ,,199.39,1692.0,4.165,1.822,3766.0,209582.0,20.0,0,0.0,25,25,1996-02-14,11118.0,False,False,2026-07-24,,,not penny/nano — price >= Rs100 and mcap >= Rs1000 Cr,
SPORTKING,Sportking India Limited,EQ,,213.74,2716.0,6.951,2.113,6039.0,351637.0,20.0,0,0.0,25,25,2022-08-24,1430.0,False,False,2026-07-24,,,not penny/nano — price >= Rs100 and mcap >= Rs1000 Cr,
SRD,Shankar Lal Rampal Dye-Chem Limited,EQ,price,37.92,,0.068,0.009,187.0,16581.0,20.0,0,0.0,25,25,2024-10-09,653.0,False,False,2026-07-24,,,"illiquid: Rs7 lakh median daily turnover (floor Rs50 lakh); only 187 trades/day median — one operator's book, not a market","illiquid: Rs7 lakh median daily turnover (floor Rs50 lakh); only 187 trades/day median — one operator's book, not a market"
SREEL,Sreeleathers Limited,EQ,,227.97,,0.144,0.027,250.0,6868.0,20.0,0,0.0,25,25,2014-01-01,4587.0,False,False,2026-07-24,,,"illiquid: Rs14 lakh median daily turnover (floor Rs50 lakh); only 250 trades/day median — one operator's book, not a market","illiquid: Rs14 lakh median daily turnover (floor Rs50 lakh); only 250 trades/day median — one operator's book, not a market"
SRF,SRF Limited,EQ,,2664.7,82836.0,127.127,29.009,33026.0,448352.0,,0,0.0,25,25,2003-08-18,8376.0,True,False,2026-07-24,,,not penny/nano — price >= Rs100 and mcap >= Rs1000 Cr,
SRGHFL,SRG Housing Finance Limited,EQ,,309.5,,0.085,0.003,62.0,2748.0,20.0,0,0.0,25,25,2023-08-21,1068.0,False,False,2026-07-24,,,"illiquid: Rs8 lakh median daily turnover (floor Rs50 lakh); only 62 trades/day median — one operator's book, not a market","illiquid: Rs8 lakh median daily turnover (floor Rs50 lakh); only 62 trades/day median — one operator's book, not a market"
SRHHYPOLTD,Sree Rayalaseema Hi-Strength Hypo Limited,EQ,,477.85,,0.231,0.074,276.0,4760.0,20.0,0,0.0,25,25,2007-05-08,7017.0,False,False,2026-07-24,,,"illiquid: Rs23 lakh median daily turnover (floor Rs50 lakh); only 276 trades/day median — one operator's book, not a market","illiquid: Rs23 lakh median daily turnover (floor Rs50 lakh); only 276 trades/day median — one operator's book, not a market"
SRM,SRM Contractors Limited,EQ,,507.6,1165.0,4.234,2.146,3301.0,82685.0,20.0,0,0.0,25,25,2024-04-03,842.0,False,False,2026-07-24,,,not penny/nano — price >= Rs100 and mcap >= Rs1000 Cr,
SRTL,Shree Ram Twistex Limited,EQ,price,40.28,,0.165,0.091,503.0,40044.0,20.0,0,0.0,25,25,2026-03-02,144.0,False,False,2026-07-24,,,"listed 144d ago — under a year of history, no trend to read; illiquid: Rs16 lakh median daily turnover (floor Rs50 lakh)","listed 144d ago — under a year of history, no trend to read; illiquid: Rs16 lakh median daily turnover (floor Rs50 lakh)"
SSDL,Saraswati Saree Depot Limited,EQ,price,52.47,,0.102,0.068,475.0,18343.0,20.0,0,0.0,25,25,2024-08-20,703.0,False,False,2026-07-24,,,illiquid: Rs10 lakh median daily turnover (floor Rs50 lakh),illiquid: Rs10 lakh median daily turnover (floor Rs50 lakh)
SSWL,Steel Strips Wheels Limited,EQ,,288.31,4534.0,14.175,4.614,11852.0,595337.0,20.0,0,0.0,25,25,2005-06-06,7718.0,False,False,2026-07-24,,,not penny/nano — price >= Rs100 and mcap >= Rs1000 Cr,
STALLION,Stallion India Fluorochemicals Limited,EQ,,241.9,2808.0,38.762,10.205,21863.0,1792243.0,20.0,0,0.0,25,25,2025-01-23,547.0,False,False,2026-07-24,,,not penny/nano — price >= Rs100 and mcap >= Rs1000 Cr,
STANLEY,Stanley Lifestyles Limited,EQ,mcap,153.85,879.0,2.585,0.943,3612.0,173529.0,20.0,0,0.0,25,25,2024-06-28,756.0,False,False,2026-07-24,,,,
STAR,Strides Pharma Science Limited,EQ,,1020.0,10386.0,11.089,6.754,10918.0,101034.0,20.0,0,0.0,25,25,2000-02-02,9669.0,True,False,2026-07-24,,,not penny/nano — price >= Rs100 and mcap >= Rs1000 Cr,
STARCEMENT,Star Cement Limited,EQ,,204.88,8475.0,4.023,1.672,4581.0,192108.0,20.0,0,0.0,25,25,2017-06-16,3325.0,True,False,2026-07-24,,,not penny/nano — price >= Rs100 and mcap >= Rs1000 Cr,
STARHEALTH,Star Health and Allied Insurance Company Limited,EQ,,580.8,34185.0,26.775,6.981,19141.0,463045.0,20.0,0,0.0,25,25,2021-12-10,1687.0,True,False,2026-07-24,,,not penny/nano — price >= Rs100 and mcap >= Rs1000 Cr,
STARPAPER,Star Paper Mills Limited,EQ,,147.75,,0.076,0.026,93.0,5413.0,20.0,0,0.0,25,25,1995-09-13,11272.0,False,False,2026-07-24,,,"illiquid: Rs8 lakh median daily turnover (floor Rs50 lakh); only 93 trades/day median — one operator's book, not a market","illiquid: Rs8 lakh median daily turnover (floor Rs50 lakh); only 93 trades/day median — one operator's book, not a market"
STARTECK,Starteck Finance Limited,EQ,,266.2,,0.192,0.162,129.0,6865.0,20.0,0,0.0,25,25,2022-05-04,1542.0,False,False,2026-07-24,,,"illiquid: Rs19 lakh median daily turnover (floor Rs50 lakh); only 129 trades/day median — one operator's book, not a market","illiquid: Rs19 lakh median daily turnover (floor Rs50 lakh); only 129 trades/day median — one operator's book, not a market"
STCINDIA,The State Trading Corporation of India Limited,EQ,mcap,117.89,707.0,0.59,0.19,1161.0,47210.0,20.0,0,0.0,25,25,2003-04-01,8515.0,False,False,2026-07-24,,,,
STEELCAS,Steelcast Limited,EQ,,306.65,3103.0,2.474,0.6,2561.0,79532.0,20.0,0,0.0,25,25,2021-11-23,1704.0,False,False,2026-07-24,,,not penny/nano — price >= Rs100 and mcap >= Rs1000 Cr,
STEELCITY,Steel City Securities Limited,EQ,price,74.36,,0.032,0.008,115.0,4203.0,20.0,0,0.0,25,25,2019-06-27,2584.0,False,False,2026-07-24,,,"illiquid: Rs3 lakh median daily turnover (floor Rs50 lakh); only 115 trades/day median — one operator's book, not a market","illiquid: Rs3 lakh median daily turnover (floor Rs50 lakh); only 115 trades/day median — one operator's book, not a market"
STEELXIND,STEEL EXCHANGE INDIA LIMITED,EQ,price,11.57,1476.0,2.882,1.156,2895.0,2433161.0,20.0,0,0.0,25,25,2017-07-20,3291.0,False,False,2026-07-24,,,,
STEL,Stel Holdings Limited,EQ,,555.55,,0.204,0.049,358.0,3708.0,20.0,0,0.0,25,25,2011-02-09,5644.0,False,False,2026-07-24,,,illiquid: Rs20 lakh median daily turnover (floor Rs50 lakh),illiquid: Rs20 lakh median daily turnover (floor Rs50 lakh)
STERTOOLS,Sterling Tools Limited,BE,mcap,250.94,882.0,4.466,0.891,5202.0,173440.0,5.0,2,0.4,5,5,2006-02-02,7477.0,False,False,2026-06-25,,,series BE (trade-to-trade / SME — not normal rolling settlement); 5% circuit band — cannot exit on bad news; closed at circuit on 40% of sessions — a stop cannot fill in a locked market,series BE (trade-to-trade / SME — not normal rolling settlement); 5% circuit band — cannot exit on bad news; closed at circuit on 40% of sessions — a stop cannot fill in a locked market
STOVEKRAFT,Stove Kraft Limited,EQ,,773.4,2561.0,9.777,4.552,6767.0,125574.0,20.0,0,0.0,25,25,2021-02-05,1995.0,False,False,2026-07-24,,,not penny/nano — price >= Rs100 and mcap >= Rs1000 Cr,
STUDDS,Studds Accessories Limited,EQ,,450.6,1773.0,1.847,0.577,1568.0,40395.0,20.0,0,0.0,25,25,2025-11-07,259.0,False,False,2026-07-24,,,"listed 259d ago — under a year of history, no trend to read","listed 259d ago — under a year of history, no trend to read"
STYL,Seshaasai Technologies Limited,EQ,,384.45,5269.0,7.455,2.303,6160.0,222400.0,10.0,0,0.0,25,25,2025-09-30,297.0,True,False,2026-07-24,,,"listed 297d ago — under a year of history, no trend to read","listed 297d ago — under a year of history, no trend to read"
STYLAMIND,Stylam Industries Limited,EQ,,3416.8,5791.0,9.115,3.569,7442.0,27955.0,20.0,0,0.0,25,25,2021-08-02,1817.0,False,False,2026-07-24,,,not penny/nano — price >= Rs100 and mcap >= Rs1000 Cr,
STYRENIX,Styrenix Performance Materials Limited,EQ,,2455.0,4038.0,5.382,1.992,2577.0,24282.0,20.0,0,0.0,25,25,1995-03-29,11440.0,True,False,2026-07-24,,,not penny/nano — price >= Rs100 and mcap >= Rs1000 Cr,
SUBROS,Subros Limited,EQ,,781.95,5533.0,5.125,2.006,3841.0,63706.0,20.0,0,0.0,25,25,2005-07-13,7681.0,True,False,2026-07-24,,,not penny/nano — price >= Rs100 and mcap >= Rs1000 Cr,
SUDARCOLOR,Sudarshan Colorants India Limited,EQ,,360.6,,0.181,0.066,380.0,4937.0,20.0,0,0.0,25,25,1995-06-14,11363.0,False,False,2026-07-24,,,illiquid: Rs18 lakh median daily turnover (floor Rs50 lakh),illiquid: Rs18 lakh median daily turnover (floor Rs50 lakh)
SUDARSCHEM,Sudarshan Chemical Industries Limited,EQ,,1041.05,7247.0,21.263,4.588,10683.0,230598.0,20.0,0,0.0,25,25,1995-05-25,11383.0,True,False,2026-07-24,,,not penny/nano — price >= Rs100 and mcap >= Rs1000 Cr,
SUDEEPPHRM,Sudeep Pharma Limited,EQ,,825.15,9805.0,14.035,5.137,10868.0,170677.0,10.0,0,0.0,25,25,2025-11-28,238.0,True,False,2026-07-24,,,"listed 238d ago — under a year of history, no trend to read","listed 238d ago — under a year of history, no trend to read"
SUKHJITS,Sukhjit Starch & Chemicals Limited,EQ,,159.43,,0.15,0.032,250.0,8532.0,20.0,0,0.0,25,25,2022-11-07,1355.0,False,False,2026-07-24,,,"illiquid: Rs15 lakh median daily turnover (floor Rs50 lakh); only 250 trades/day median — one operator's book, not a market","illiquid: Rs15 lakh median daily turnover (floor Rs50 lakh); only 250 trades/day median — one operator's book, not a market"
SULA,Sula Vineyards Limited,EQ,,149.79,1265.0,2.685,1.49,3234.0,176631.0,20.0,0,0.0,25,25,2022-12-22,1310.0,False,False,2026-07-24,,,not penny/nano — price >= Rs100 and mcap >= Rs1000 Cr,
SUMEETINDS,Sumeet Industries Limited,EQ,price,28.77,,24.204,0.048,6661.0,7900031.0,5.0,5,0.2,25,25,2010-12-10,5705.0,False,False,2026-07-24,,,5% circuit band — cannot exit on bad news,5% circuit band — cannot exit on bad news
SUMICHEM,Sumitomo Chemical India Limited,EQ,,520.45,25072.0,28.456,5.162,15209.0,569911.0,20.0,0,0.0,25,25,2020-01-27,2370.0,True,False,2026-07-24,,,not penny/nano — price >= Rs100 and mcap >= Rs1000 Cr,
SUMMITSEC,Summit Securities Limited,EQ,,1482.8,,0.304,0.097,355.0,2000.0,20.0,0,0.0,25,25,2011-01-28,5656.0,False,False,2026-07-24,,,illiquid: Rs30 lakh median daily turnover (floor Rs50 lakh),illiquid: Rs30 lakh median daily turnover (floor Rs50 lakh)
SUNCLAY,Sundaram Clayton Limited,EQ,,1363.2,3005.0,0.508,0.224,582.0,3682.0,20.0,0,0.0,25,25,2023-12-29,938.0,False,False,2026-07-24,,,not penny/nano — price >= Rs100 and mcap >= Rs1000 Cr,
SUNDARAM,Sundaram Multi Pap Limited,EQ,price,1.28,,0.042,0.014,262.0,326550.0,20.0,0,0.0,25,25,2010-06-02,5896.0,False,False,2026-07-24,,,"price Rs1.28 below the Rs5 floor (tick size ~1% of price; the spread eats the edge); illiquid: Rs4 lakh median daily turnover (floor Rs50 lakh); only 262 trades/day median — one operator's book, not a market","price Rs1.28 below the Rs5 floor (tick size ~1% of price; the spread eats the edge); illiquid: Rs4 lakh median daily turnover (floor Rs50 lakh); only 262 trades/day median — one operator's book, not a market"
SUNDARMFIN,Sundaram Finance Limited,EQ,,4447.8,50834.0,24.18,9.174,11734.0,54884.0,20.0,0,0.0,25,25,1998-01-07,10425.0,True,False,2026-07-24,,,not penny/nano — price >= Rs100 and mcap >= Rs1000 Cr,
SUNDRMBRAK,Sundaram Brake Linings Limited,BE,,841.85,,1.299,0.485,1496.0,15415.0,5.0,1,0.333,3,3,1996-07-17,10964.0,False,False,2026-06-23,,,series BE (trade-to-trade / SME — not normal rolling settlement); 5% circuit band — cannot exit on bad news; closed at circuit on 33% of sessions — a stop cannot fill in a locked market,series BE (trade-to-trade / SME — not normal rolling settlement); 5% circuit band — cannot exit on bad news; closed at circuit on 33% of sessions — a stop cannot fill in a locked market
SUNDRMFAST,Sundram Fasteners Limited,EQ,,940.6,19765.0,8.359,2.328,9151.0,89910.0,20.0,0,0.0,25,25,2000-06-07,9543.0,False,False,2026-07-24,,,not penny/nano — price >= Rs100 and mcap >= Rs1000 Cr,
SUNDROP,Sundrop Brands Limited,EQ,,687.05,2590.0,0.942,0.23,477.0,14605.0,20.0,0,0.0,25,25,2002-12-06,8631.0,False,False,2026-07-24,,,not penny/nano — price >= Rs100 and mcap >= Rs1000 Cr,
SUNFLAG,Sunflag Iron And Steel Company Limited,EQ,,348.7,6284.0,5.009,2.022,3621.0,146529.0,10.0,0,0.0,25,25,2005-09-29,7603.0,False,False,2026-07-24,,LT Stage I,"ASM LT Stage I — surveillance: 100% margin, no intraday, no pledging","ASM LT Stage I — surveillance: 100% margin, no intraday, no pledging"
SUNPHARMA,Sun Pharmaceutical Industries Limited,EQ,,1941.1,465735.0,333.457,230.386,94438.0,1718430.0,,0,0.0,25,25,1995-02-08,11489.0,False,False,2026-07-24,,,not penny/nano — price >= Rs100 and mcap >= Rs1000 Cr,
SUNTECK,Sunteck Realty Limited,EQ,,306.25,4860.0,8.683,3.448,6796.0,268420.0,20.0,0,0.0,25,25,2009-11-13,6097.0,True,False,2026-07-24,,,not penny/nano — price >= Rs100 and mcap >= Rs1000 Cr,
SUNTV,Sun TV Network Limited,EQ,,486.9,20307.0,9.663,3.693,12513.0,185815.0,20.0,0,0.0,25,25,2006-04-24,7396.0,True,False,2026-07-24,,,not penny/nano — price >= Rs100 and mcap >= Rs1000 Cr,
SUPERHOUSE,Superhouse Limited,EQ,,154.97,,0.085,0.012,197.0,5411.0,20.0,0,0.0,25,25,2014-09-26,4319.0,False,False,2026-07-24,,,"illiquid: Rs8 lakh median daily turnover (floor Rs50 lakh); only 197 trades/day median — one operator's book, not a market","illiquid: Rs8 lakh median daily turnover (floor Rs50 lakh); only 197 trades/day median — one operator's book, not a market"
SUPRAJIT,Suprajit Engineering Limited,EQ,,484.45,6646.0,4.225,1.684,5964.0,86774.0,20.0,0,0.0,25,25,2005-02-18,7826.0,False,False,2026-07-24,,,not penny/nano — price >= Rs100 and mcap >= Rs1000 Cr,
SUPREME,Supreme Holdings & Hospitality (India) Limited,EQ,price,45.27,,0.103,0.029,355.0,21795.0,20.0,0,0.0,25,25,2025-02-03,536.0,False,False,2026-07-24,,,illiquid: Rs10 lakh median daily turnover (floor Rs50 lakh),illiquid: Rs10 lakh median daily turnover (floor Rs50 lakh)
SUPREMEIND,Supreme Industries Limited,EQ,,3458.9,41013.0,64.348,16.177,20387.0,193552.0,,0,0.0,25,25,1995-07-19,11328.0,True,False,2026-07-24,,,not penny/nano — price >= Rs100 and mcap >= Rs1000 Cr,
SUPREMEINF,Supreme Infrastructure India Limited,EQ,price+mcap,82.53,805.0,0.945,0.137,1970.0,114339.0,20.0,0,0.0,25,25,2007-10-18,6854.0,False,False,2026-07-24,,,,
SUPRIYA,Supriya Lifescience Limited,EQ,,840.5,6765.0,21.97,8.632,13672.0,246174.0,20.0,0,0.0,25,25,2021-12-28,1669.0,True,False,2026-07-24,,,not penny/nano — price >= Rs100 and mcap >= Rs1000 Cr,
SURAJEST,Suraj Estate Developers Limited,EQ,mcap,193.56,925.0,0.897,0.372,1048.0,46884.0,20.0,0,0.0,25,25,2023-12-26,941.0,False,False,2026-07-24,,,,
SURAJLTD,Suraj Limited,EQ,,221.3,,0.006,0.0,21.0,283.0,20.0,0,0.0,25,25,2024-08-29,694.0,False,False,2026-07-24,,,"illiquid: Rs1 lakh median daily turnover (floor Rs50 lakh); only 21 trades/day median — one operator's book, not a market","illiquid: Rs1 lakh median daily turnover (floor Rs50 lakh); only 21 trades/day median — one operator's book, not a market"
SURAKSHA,Suraksha Diagnostic Limited,EQ,,252.95,1317.0,0.773,0.233,1338.0,28706.0,20.0,0,0.0,25,25,2024-12-06,595.0,False,False,2026-07-24,,,not penny/nano — price >= Rs100 and mcap >= Rs1000 Cr,
SURANASOL,Surana Solar Limited,EQ,price,26.26,,0.108,0.046,519.0,41046.0,20.0,0,0.0,25,25,2011-01-07,5677.0,False,False,2026-07-24,,LT Stage I,"ASM LT Stage I — surveillance: 100% margin, no intraday, no pledging; illiquid: Rs11 lakh median daily turnover (floor Rs50 lakh)","ASM LT Stage I — surveillance: 100% margin, no intraday, no pledging; illiquid: Rs11 lakh median daily turnover (floor Rs50 lakh)"
SURANAT&P,Surana Telecom and Power Limited,EQ,price,18.25,,0.123,0.048,559.0,66409.0,20.0,0,0.0,25,25,2002-05-22,8829.0,False,False,2026-07-24,,,illiquid: Rs12 lakh median daily turnover (floor Rs50 lakh),illiquid: Rs12 lakh median daily turnover (floor Rs50 lakh)
SURYALA,Suryalata Spinning Mills Limited,EQ,,440.0,,0.049,0.009,43.0,1115.0,20.0,0,0.0,25,25,2026-04-20,95.0,False,False,2026-07-24,,,"listed 95d ago — under a year of history, no trend to read; illiquid: Rs5 lakh median daily turnover (floor Rs50 lakh); only 43 trades/day median — one operator's book, not a market","listed 95d ago — under a year of history, no trend to read; illiquid: Rs5 lakh median daily turnover (floor Rs50 lakh); only 43 trades/day median — one operator's book, not a market"
SURYALAXMI,Suryalakshmi Cotton Mills Limited,EQ,price,57.51,,0.022,0.001,64.0,3770.0,20.0,0,0.0,25,25,2005-06-15,7709.0,False,False,2026-07-24,,,"illiquid: Rs2 lakh median daily turnover (floor Rs50 lakh); only 64 trades/day median — one operator's book, not a market","illiquid: Rs2 lakh median daily turnover (floor Rs50 lakh); only 64 trades/day median — one operator's book, not a market"
SURYAROSNI,Surya Roshni Limited,EQ,,237.95,5730.0,12.1,4.181,8091.0,470760.0,20.0,0,0.0,25,25,1995-05-10,11398.0,True,False,2026-07-24,,,not penny/nano — price >= Rs100 and mcap >= Rs1000 Cr,
SURYODAY,Suryoday Small Finance Bank Limited,EQ,,193.1,2052.0,8.427,2.537,7776.0,444818.0,20.0,0,0.0,25,25,2021-03-26,1946.0,False,False,2026-07-24,,,not penny/nano — price >= Rs100 and mcap >= Rs1000 Cr,
SUTLEJTEX,Sutlej Textiles and Industries Limited,BE,price,37.06,,0.173,0.086,522.0,45583.0,5.0,0,0.0,9,9,2006-12-14,7162.0,False,False,2026-07-02,,,series BE (trade-to-trade / SME — not normal rolling settlement); 5% circuit band — cannot exit on bad news; illiquid: Rs17 lakh median daily turnover (floor Rs50 lakh),series BE (trade-to-trade / SME — not normal rolling settlement); 5% circuit band — cannot exit on bad news; illiquid: Rs17 lakh median daily turnover (floor Rs50 lakh)
SUVEN,Suven Life Sciences Limited,EQ,,316.0,8929.0,39.014,13.151,23315.0,1275234.0,20.0,0,0.0,25,25,2003-10-23,8310.0,False,False,2026-07-24,,LT Stage I,"ASM LT Stage I — surveillance: 100% margin, no intraday, no pledging","ASM LT Stage I — surveillance: 100% margin, no intraday, no pledging"
SUVIDHAA,Suvidhaa Infoserve Limited,EQ,price,2.5,,0.02,0.008,197.0,72464.0,10.0,0,0.0,25,25,2021-03-31,1941.0,False,False,2026-07-24,,,"price Rs2.5 below the Rs5 floor (tick size ~1% of price; the spread eats the edge); illiquid: Rs2 lakh median daily turnover (floor Rs50 lakh); only 197 trades/day median — one operator's book, not a market","price Rs2.5 below the Rs5 floor (tick size ~1% of price; the spread eats the edge); illiquid: Rs2 lakh median daily turnover (floor Rs50 lakh); only 197 trades/day median — one operator's book, not a market"
SUYOG,Suyog Telematics Limited,EQ,mcap,850.45,996.0,3.126,0.639,2161.0,37322.0,20.0,0,0.0,25,25,2024-08-20,703.0,False,False,2026-07-24,,,,
SUZLON,Suzlon Energy Limited,EQ,,52.28,71276.0,311.158,164.972,92746.0,56983348.0,,0,0.0,25,25,2005-10-19,7583.0,True,False,2026-07-24,,,"not penny/nano — too big on both arms: a Rs52 share of a Rs71,276 Cr company (the price arm's ceiling is Rs5,000 Cr — a cheap share is not a small company)",
SWANCORP,SWAN CORP LIMITED,EQ,,310.3,9745.0,18.218,9.878,9765.0,569802.0,20.0,0,0.0,25,25,2012-05-29,5169.0,True,False,2026-07-24,,,not penny/nano — price >= Rs100 and mcap >= Rs1000 Cr,
SWARAJENG,Swaraj Engines Limited,EQ,,3569.0,4336.0,5.009,1.658,1939.0,13212.0,20.0,0,0.0,25,25,1995-12-06,11188.0,False,False,2026-07-24,,,not penny/nano — price >= Rs100 and mcap >= Rs1000 Cr,
SWELECTES,Swelect Energy Systems Limited,EQ,mcap,613.3,930.0,1.156,0.453,1298.0,18366.0,20.0,0,0.0,25,25,2006-05-09,7381.0,False,False,2026-07-24,,,,
SWIGGY,Swiggy Limited,EQ,,251.42,68530.0,304.906,136.803,71768.0,11711658.0,,0,0.0,25,25,2024-11-13,618.0,True,False,2026-07-24,,,not penny/nano — price >= Rs100 and mcap >= Rs1000 Cr,
SWSOLAR,Sterling and Wilson Renewable Energy Limited,EQ,,207.93,5766.0,48.239,20.02,24878.0,2058448.0,20.0,0,0.0,25,25,2019-08-20,2530.0,True,False,2026-07-24,,,not penny/nano — price >= Rs100 and mcap >= Rs1000 Cr,
SYMPHONY,Symphony Limited,EQ,,676.85,4648.0,4.905,2.784,5343.0,71198.0,20.0,0,0.0,25,25,2011-06-15,5518.0,False,False,2026-07-24,,,not penny/nano — price >= Rs100 and mcap >= Rs1000 Cr,
SYNCOMF,Syncom Formulations (India) Limited,EQ,price,13.09,1230.0,1.999,1.216,3183.0,1433341.0,20.0,0,0.0,25,25,2022-11-18,1344.0,False,False,2026-07-24,,,,
SYNGENE,Syngene International Limited,EQ,,406.65,17761.0,35.13,15.844,32573.0,801376.0,20.0,0,0.0,25,25,2015-08-11,4000.0,True,False,2026-07-24,,,not penny/nano — price >= Rs100 and mcap >= Rs1000 Cr,
SYRMA,Syrma SGS Technology Limited,EQ,,1288.3,24842.0,131.749,46.497,44428.0,974660.0,20.0,0,0.0,25,25,2022-08-26,1428.0,True,False,2026-07-24,,,not penny/nano — price >= Rs100 and mcap >= Rs1000 Cr,
TAALTECH,Taal Tech Limited,EQ,,3816.1,1189.0,0.912,0.173,492.0,2372.0,20.0,0,0.0,25,25,2026-04-20,95.0,False,False,2026-07-24,,,"listed 95d ago — under a year of history, no trend to read","listed 95d ago — under a year of history, no trend to read"
TAINWALCHM,Tainwala Chemical and Plastic (I) Limited,EQ,,201.87,,0.063,0.0,69.0,3169.0,20.0,1,0.04,25,25,1995-07-27,11320.0,False,False,2026-07-24,,,"illiquid: Rs6 lakh median daily turnover (floor Rs50 lakh); only 69 trades/day median — one operator's book, not a market","illiquid: Rs6 lakh median daily turnover (floor Rs50 lakh); only 69 trades/day median — one operator's book, not a market"
TAJGVK,Taj GVK Hotels & Resorts Limited,EQ,,359.9,2257.0,2.675,1.236,2703.0,74312.0,20.0,0,0.0,25,25,2000-12-20,9347.0,False,False,2026-07-24,,,not penny/nano — price >= Rs100 and mcap >= Rs1000 Cr,
TAKE,Take Solutions Limited,EQ,price,20.79,,1.142,0.341,1133.0,551921.0,5.0,0,0.0,5,5,2007-08-27,6906.0,False,False,2026-07-24,,LT Stage I,"ASM LT Stage I — surveillance: 100% margin, no intraday, no pledging; 5% circuit band — cannot exit on bad news","ASM LT Stage I — surveillance: 100% margin, no intraday, no pledging; 5% circuit band — cannot exit on bad news"
TALBROAUTO,Talbros Automotive Components Limited,EQ,,391.75,2418.0,6.866,3.595,6182.0,181940.0,20.0,0,0.0,25,25,2006-09-29,7238.0,False,False,2026-07-24,,,not penny/nano — price >= Rs100 and mcap >= Rs1000 Cr,
TAMBOLIIN,Tamboli Industries Limited,BE,mcap,222.6,211.0,0.909,0.176,783.5,41195.0,5.0,2,0.25,8,8,2026-04-20,95.0,False,False,2026-07-01,,,"series BE (trade-to-trade / SME — not normal rolling settlement); 5% circuit band — cannot exit on bad news; listed 95d ago — under a year of history, no trend to read; closed at circuit on 25% of sessions — a stop cannot fill in a locked market","series BE (trade-to-trade / SME — not normal rolling settlement); 5% circuit band — cannot exit on bad news; listed 95d ago — under a year of history, no trend to read; closed at circuit on 25% of sessions — a stop cannot fill in a locked market"
TANLA,Tanla Platforms Limited,EQ,,599.75,7149.0,24.493,11.215,16294.0,458521.0,20.0,0,0.0,25,25,2007-01-05,7140.0,True,False,2026-07-24,,,not penny/nano — price >= Rs100 and mcap >= Rs1000 Cr,
TARACHAND,Tara Chand InfraLogistic Solutions Limited,EQ,price,54.99,,0.414,0.205,1111.0,74512.0,20.0,0,0.0,25,25,2024-04-16,829.0,False,False,2026-07-24,,,illiquid: Rs41 lakh median daily turnover (floor Rs50 lakh),illiquid: Rs41 lakh median daily turnover (floor Rs50 lakh)
TARAPUR,Tarapur Transformers Limited,EQ,price,18.16,,0.031,0.006,151.0,16944.0,5.0,1,0.04,25,25,2010-05-18,5911.0,False,False,2026-07-24,0.0,,"GSM stage 0 — exchange surveillance, periodic call auction; 5% circuit band — cannot exit on bad news; illiquid: Rs3 lakh median daily turnover (floor Rs50 lakh); only 151 trades/day median — one operator's book, not a market","GSM stage 0 — exchange surveillance, periodic call auction; 5% circuit band — cannot exit on bad news; illiquid: Rs3 lakh median daily turnover (floor Rs50 lakh); only 151 trades/day median — one operator's book, not a market"
TARC,TARC Limited,EQ,,131.45,3743.0,4.653,1.817,3052.0,376350.0,20.0,0,0.0,25,25,2020-12-18,2044.0,True,False,2026-07-24,,,not penny/nano — price >= Rs100 and mcap >= Rs1000 Cr,
TARIL,Transformers And Rectifiers (India) Limited,EQ,,295.0,10108.0,79.937,32.896,33317.0,2438009.0,20.0,0,0.0,25,25,2007-12-28,6783.0,True,False,2026-07-24,,,not penny/nano — price >= Rs100 and mcap >= Rs1000 Cr,
TARMAT,Tarmat Limited,EQ,price,50.95,,0.051,0.002,80.0,9742.0,10.0,0,0.0,25,25,2007-07-09,6955.0,False,False,2026-07-24,,,"illiquid: Rs5 lakh median daily turnover (floor Rs50 lakh); only 80 trades/day median — one operator's book, not a market","illiquid: Rs5 lakh median daily turnover (floor Rs50 lakh); only 80 trades/day median — one operator's book, not a market"
TARSONS,Tarsons Products Limited,EQ,,312.75,1664.0,4.932,1.846,4676.0,157009.0,20.0,0,0.0,25,25,2021-11-26,1701.0,False,False,2026-07-24,,ST Stage I,"ASM ST Stage I — surveillance: 100% margin, no intraday, no pledging","ASM ST Stage I — surveillance: 100% margin, no intraday, no pledging"
TASTYBITE,Tasty Bite Eatables Limited,EQ,,8999.0,2309.0,2.817,1.19,885.0,3225.0,20.0,0,0.0,25,25,2017-03-23,3410.0,False,False,2026-07-24,,,not penny/nano — price >= Rs100 and mcap >= Rs1000 Cr,
TATACAP,Tata Capital Limited,EQ,,341.9,145196.0,52.664,16.948,28906.0,1466569.0,10.0,0,0.0,25,25,2025-10-13,284.0,False,False,2026-07-24,,,"listed 284d ago — under a year of history, no trend to read","listed 284d ago — under a year of history, no trend to read"
TATACHEM,Tata Chemicals Limited,EQ,,685.35,17657.0,27.701,11.238,12633.0,383596.0,20.0,0,0.0,25,25,1999-04-01,9976.0,True,False,2026-07-24,,,not penny/nano — price >= Rs100 and mcap >= Rs1000 Cr,
TATACOMM,Tata Communications Limited,EQ,,1775.3,54344.0,87.0,19.383,30886.0,452279.0,20.0,0,0.0,25,25,1995-04-12,11426.0,True,False,2026-07-24,,,not penny/nano — price >= Rs100 and mcap >= Rs1000 Cr,
TATACONSUM,TATA CONSUMER PRODUCTS LIMITED,EQ,,1088.0,107674.0,157.291,98.804,49456.0,1416080.0,,0,0.0,25,25,1998-11-18,10110.0,False,False,2026-07-24,,,not penny/nano — price >= Rs100 and mcap >= Rs1000 Cr,
TATAELXSI,Tata Elxsi Limited,EQ,,3538.0,22919.0,144.053,58.367,37193.0,378796.0,,0,0.0,25,25,2003-09-17,8346.0,True,False,2026-07-24,,,not penny/nano — price >= Rs100 and mcap >= Rs1000 Cr,
TATAGOLD,,,price,13.86,,62.863,32.64,68632.0,45615222.0,20.0,0,0.0,25,25,,,False,False,2026-07-24,,,not in the NSE equity master (ETF / REIT / InvIT — not a company),not in the NSE equity master (ETF / REIT / InvIT — not a company)
TATAINVEST,Tata Investment Corporation Limited,EQ,,630.75,33762.0,13.409,7.693,10328.0,200753.0,20.0,0,0.0,25,25,1998-06-24,10257.0,True,False,2026-07-24,,,not penny/nano — price >= Rs100 and mcap >= Rs1000 Cr,
TATAPOWER,Tata Power Company Limited,EQ,,374.4,119634.0,168.834,63.557,51532.0,4480736.0,,0,0.0,25,25,1996-04-03,11069.0,False,False,2026-07-24,,,not penny/nano — price >= Rs100 and mcap >= Rs1000 Cr,
TATASTEEL,Tata Steel Limited,EQ,,182.67,228037.0,433.003,208.631,147356.0,22805982.0,,0,0.0,25,25,1998-11-18,10110.0,False,False,2026-07-24,,,not penny/nano — price >= Rs100 and mcap >= Rs1000 Cr,
TATATECH,Tata Technologies Limited,EQ,,711.0,29049.0,61.681,30.976,30075.0,836616.0,20.0,0,0.0,25,25,2023-11-30,967.0,True,False,2026-07-24,,,not penny/nano — price >= Rs100 and mcap >= Rs1000 Cr,
TATSILV,,,price,21.41,,109.344,65.284,58653.0,50888988.0,20.0,0,0.0,25,25,,,False,False,2026-07-24,,,not in the NSE equity master (ETF / REIT / InvIT — not a company),not in the NSE equity master (ETF / REIT / InvIT — not a company)
TATVA,Tatva Chintan Pharma Chem Limited,EQ,,1722.4,4029.0,6.008,1.596,4480.0,50313.0,20.0,1,0.04,25,25,2021-07-29,1821.0,False,False,2026-07-24,,ST Stage I,"ASM ST Stage I — surveillance: 100% margin, no intraday, no pledging","ASM ST Stage I — surveillance: 100% margin, no intraday, no pledging"
TBOTEK,TBO Tek Limited,EQ,,1429.0,16528.0,15.59,4.681,11488.0,103977.0,20.0,0,0.0,25,25,2024-05-15,800.0,True,False,2026-07-24,,,not penny/nano — price >= Rs100 and mcap >= Rs1000 Cr,
TBZ,Tribhovandas Bhimji Zaveri Limited,EQ,,258.89,1728.0,24.716,3.134,16668.0,1135338.0,20.0,0,0.0,25,25,2012-05-09,5189.0,False,False,2026-07-24,,,not penny/nano — price >= Rs100 and mcap >= Rs1000 Cr,
TCC,TCC Concept Limited,EQ,,271.95,,0.47,0.145,717.0,14518.0,20.0,0,0.0,25,25,2026-02-25,149.0,False,False,2026-07-24,,,"listed 149d ago — under a year of history, no trend to read; illiquid: Rs47 lakh median daily turnover (floor Rs50 lakh)","listed 149d ago — under a year of history, no trend to read; illiquid: Rs47 lakh median daily turnover (floor Rs50 lakh)"
TCI,Transport Corporation of India Limited,EQ,,917.75,7051.0,2.487,0.843,2583.0,26720.0,20.0,0,0.0,25,25,2002-01-21,8950.0,False,False,2026-07-24,,,not penny/nano — price >= Rs100 and mcap >= Rs1000 Cr,
TCIEXP,TCI Express Limited,EQ,,561.15,2156.0,2.409,0.466,2532.0,46915.0,20.0,0,0.0,25,25,2016-12-15,3508.0,False,False,2026-07-24,,,not penny/nano — price >= Rs100 and mcap >= Rs1000 Cr,
TCPLPACK,TCPL Packaging Limited,EQ,,3226.5,2936.0,1.113,0.412,740.0,3665.0,20.0,0,0.0,25,25,2017-10-17,3202.0,False,False,2026-07-24,,,not penny/nano — price >= Rs100 and mcap >= Rs1000 Cr,
TCS,Tata Consultancy Services Limited,EQ,,2254.3,815625.0,993.896,353.784,180127.0,4738903.0,,0,0.0,25,25,2004-08-25,8003.0,False,False,2026-07-24,,,not penny/nano — price >= Rs100 and mcap >= Rs1000 Cr,
TDPOWERSYS,TD Power Systems Limited,EQ,,1113.6,17057.0,99.428,31.748,39315.0,838888.0,20.0,0,0.0,25,25,2011-09-08,5433.0,True,False,2026-07-24,,LT Stage I,"ASM LT Stage I — surveillance: 100% margin, no intraday, no pledging","ASM LT Stage I — surveillance: 100% margin, no intraday, no pledging"
TEAMGTY,Team India Guaranty Limited,EQ,,226.72,,0.013,0.0,28.0,553.0,20.0,0,0.0,25,25,2002-06-11,8809.0,False,False,2026-07-24,,,"illiquid: Rs1 lakh median daily turnover (floor Rs50 lakh); only 28 trades/day median — one operator's book, not a market","illiquid: Rs1 lakh median daily turnover (floor Rs50 lakh); only 28 trades/day median — one operator's book, not a market"
TEAMLEASE,Teamlease Services Limited,EQ,,1313.7,2203.0,5.288,1.425,4180.0,37315.0,20.0,0,0.0,25,25,2016-02-12,3815.0,False,False,2026-07-24,,,not penny/nano — price >= Rs100 and mcap >= Rs1000 Cr,
TECH,,,price,31.37,,0.37,0.052,260.0,122507.0,20.0,0,0.0,25,25,,,False,False,2026-07-24,,,"not in the NSE equity master (ETF / REIT / InvIT — not a company); illiquid: Rs37 lakh median daily turnover (floor Rs50 lakh); only 260 trades/day median — one operator's book, not a market","not in the NSE equity master (ETF / REIT / InvIT — not a company); illiquid: Rs37 lakh median daily turnover (floor Rs50 lakh); only 260 trades/day median — one operator's book, not a market"
TECHM,Tech Mahindra Limited,EQ,,1559.5,152844.0,354.977,152.361,81096.0,2421536.0,,0,0.0,25,25,2006-08-28,7270.0,False,False,2026-07-24,,,not penny/nano — price >= Rs100 and mcap >= Rs1000 Cr,
TECHNOE,Techno Electric & Engineering Company Limited,EQ,,991.8,12581.0,14.013,8.129,10844.0,137051.0,20.0,0,0.0,25,25,2018-12-04,2789.0,True,False,2026-07-24,,,not penny/nano — price >= Rs100 and mcap >= Rs1000 Cr,
TECHNVISN,TechNVision Ventures Limited,EQ,,5074.5,,0.166,0.01,130.0,430.0,10.0,2,0.08,25,25,2026-04-20,95.0,False,False,2026-07-24,,,"listed 95d ago — under a year of history, no trend to read; illiquid: Rs17 lakh median daily turnover (floor Rs50 lakh); only 130 trades/day median — one operator's book, not a market","listed 95d ago — under a year of history, no trend to read; illiquid: Rs17 lakh median daily turnover (floor Rs50 lakh); only 130 trades/day median — one operator's book, not a market"
TECILCHEM,TECIL Chemicals and Hydro Power Limited,EQ,price,9.96,,0.005,0.001,46.0,4745.0,20.0,0,0.0,25,25,1995-12-06,11188.0,False,False,2026-07-24,0.0,,"GSM stage 0 — exchange surveillance, periodic call auction; illiquid: Rs0 lakh median daily turnover (floor Rs50 lakh); only 46 trades/day median — one operator's book, not a market","GSM stage 0 — exchange surveillance, periodic call auction; illiquid: Rs0 lakh median daily turnover (floor Rs50 lakh); only 46 trades/day median — one operator's book, not a market"
TEGA,Tega Industries Limited,EQ,,1560.3,12349.0,6.787,3.784,4768.0,40422.0,20.0,0,0.0,25,25,2021-12-13,1684.0,True,False,2026-07-24,,,not penny/nano — price >= Rs100 and mcap >= Rs1000 Cr,
TEJASNET,Tejas Networks Limited,EQ,,495.4,10565.0,129.636,41.528,37702.0,2354121.0,20.0,0,0.0,25,25,2017-06-27,3314.0,True,False,2026-07-24,,,not penny/nano — price >= Rs100 and mcap >= Rs1000 Cr,
TEMBO,Tembo Global Industries Limited,EQ,mcap,530.4,984.0,6.662,1.347,3158.0,120640.0,20.0,0,0.0,25,25,2021-04-23,1918.0,False,False,2026-07-24,,,,
TENNIND,Tenneco Clean Air India Limited,EQ,,539.95,24499.0,29.869,13.159,21596.0,512461.0,20.0,0,0.0,25,25,2025-11-19,247.0,True,False,2026-07-24,,,"listed 247d ago — under a year of history, no trend to read","listed 247d ago — under a year of history, no trend to read"
TERASOFT,Tera Software Limited,EQ,,393.7,,0.494,0.13,538.0,12032.0,5.0,1,0.04,25,25,2016-12-29,3494.0,False,False,2026-07-24,,,5% circuit band — cannot exit on bad news; illiquid: Rs49 lakh median daily turnover (floor Rs50 lakh),5% circuit band — cannot exit on bad news; illiquid: Rs49 lakh median daily turnover (floor Rs50 lakh)
TEXINFRA,Texmaco Infrastructure & Holdings Limited,EQ,,112.42,1433.0,1.248,0.687,1257.0,110981.0,20.0,0,0.0,25,25,2004-09-09,7988.0,False,False,2026-07-24,,,not penny/nano — price >= Rs100 and mcap >= Rs1000 Cr,
TEXMOPIPES,Texmo Pipes and Products Limited,EQ,price,43.04,,0.085,0.028,405.0,19625.0,20.0,0,0.0,25,25,2010-03-10,5980.0,False,False,2026-07-24,,,illiquid: Rs8 lakh median daily turnover (floor Rs50 lakh),illiquid: Rs8 lakh median daily turnover (floor Rs50 lakh)
TEXRAIL,Texmaco Rail & Engineering Limited,EQ,,110.08,4606.0,18.468,9.252,14291.0,1627641.0,20.0,0,0.0,25,25,2011-03-03,5622.0,True,False,2026-07-24,,,not penny/nano — price >= Rs100 and mcap >= Rs1000 Cr,
TFCILTD,Tourism Finance Corporation of India Limited,EQ,price,87.27,4040.0,57.286,12.606,14844.0,6962746.0,20.0,0,0.0,25,25,2000-07-26,9494.0,False,False,2026-07-24,,,,
TFL,Transwarranty Finance Limited,EQ,price,10.41,,0.01,0.001,58.0,8253.0,20.0,0,0.0,25,25,2007-02-26,7088.0,False,False,2026-07-24,,,"illiquid: Rs1 lakh median daily turnover (floor Rs50 lakh); only 58 trades/day median — one operator's book, not a market","illiquid: Rs1 lakh median daily turnover (floor Rs50 lakh); only 58 trades/day median — one operator's book, not a market"
TGBHOTELS,TGB Banquets And Hotels Limited,EQ,price,8.56,,0.009,0.002,67.0,10171.0,20.0,0,0.0,25,25,2007-05-17,7008.0,False,False,2026-07-24,,,"illiquid: Rs1 lakh median daily turnover (floor Rs50 lakh); only 67 trades/day median — one operator's book, not a market","illiquid: Rs1 lakh median daily turnover (floor Rs50 lakh); only 67 trades/day median — one operator's book, not a market"
THAKDEV,Thakkers Developers Limited,EQ,,155.7,,0.001,0.0,6.0,100.0,5.0,2,0.095,21,21,2026-04-20,95.0,False,False,2026-07-24,,,"5% circuit band — cannot exit on bad news; listed 95d ago — under a year of history, no trend to read; illiquid: Rs0 lakh median daily turnover (floor Rs50 lakh); only 6 trades/day median — one operator's book, not a market","5% circuit band — cannot exit on bad news; listed 95d ago — under a year of history, no trend to read; illiquid: Rs0 lakh median daily turnover (floor Rs50 lakh); only 6 trades/day median — one operator's book, not a market"
THANGAMAYL,Thangamayil Jewellery Limited,EQ,,6906.5,21467.0,119.777,20.998,27253.0,180944.0,10.0,0,0.0,25,25,2010-02-19,5999.0,True,False,2026-07-24,,,not penny/nano — price >= Rs100 and mcap >= Rs1000 Cr,
THEINVEST,The Investment Trust Of India Limited,EQ,price,95.21,,0.041,0.01,117.0,4267.0,20.0,0,0.0,25,25,2017-08-02,3278.0,False,False,2026-07-24,,,"illiquid: Rs4 lakh median daily turnover (floor Rs50 lakh); only 117 trades/day median — one operator's book, not a market","illiquid: Rs4 lakh median daily turnover (floor Rs50 lakh); only 117 trades/day median — one operator's book, not a market"
THEJO,Thejo Engineering Limited,EQ,,1898.8,2060.0,0.939,0.335,673.0,4890.0,20.0,0,0.0,25,25,2023-10-10,1018.0,False,False,2026-07-24,,,not penny/nano — price >= Rs100 and mcap >= Rs1000 Cr,
THELEELA,Leela Palaces Hotels & Resorts Limited,EQ,,474.7,15886.0,14.485,6.394,12998.0,296030.0,10.0,0,0.0,25,25,2025-06-02,417.0,True,False,2026-07-24,,,not penny/nano — price >= Rs100 and mcap >= Rs1000 Cr,
THEMISMED,Themis Medicare Limited,EQ,,109.86,1012.0,1.357,0.314,2012.0,118213.0,20.0,0,0.0,25,25,2007-04-02,7053.0,False,False,2026-07-24,,,not penny/nano — price >= Rs100 and mcap >= Rs1000 Cr,
THERMAX,Thermax Limited,EQ,,4514.0,53787.0,97.629,34.979,28845.0,207686.0,20.0,0,0.0,25,25,1995-08-30,11286.0,True,False,2026-07-24,,,not penny/nano — price >= Rs100 and mcap >= Rs1000 Cr,
THOMASCOOK,Thomas Cook  (India)  Limited,EQ,price,97.85,4603.0,8.738,3.274,6650.0,819955.0,20.0,0,0.0,25,25,2000-06-07,9543.0,True,False,2026-07-24,,,,
THOMASCOTT,Thomas Scott (India) Limited,EQ,mcap,307.05,450.0,0.929,0.383,1339.0,29988.0,20.0,0,0.0,25,25,2012-01-30,5289.0,False,False,2026-07-24,,,,
THYROCARE,Thyrocare Technologies Limited,EQ,,564.25,8981.0,18.037,7.457,19160.0,337380.0,20.0,0,0.0,25,25,2016-05-09,3728.0,True,False,2026-07-24,,,not penny/nano — price >= Rs100 and mcap >= Rs1000 Cr,
TI,Tilaknagar Industries Limited,EQ,,441.8,11180.0,12.779,7.312,10915.0,282530.0,20.0,0,0.0,25,25,2010-07-16,5852.0,True,False,2026-07-24,,,not penny/nano — price >= Rs100 and mcap >= Rs1000 Cr,
TICL,Twamev Construction and Infrastructure Limited,BE,price,9.63,,0.694,0.078,889.0,555995.0,5.0,16,0.667,24,24,2023-10-16,1012.0,False,False,2026-07-23,,LT Stage IV,"series BE (trade-to-trade / SME — not normal rolling settlement); ASM LT Stage IV — surveillance: 100% margin, no intraday, no pledging; 5% circuit band — cannot exit on bad news; closed at circuit on 67% of sessions — a stop cannot fill in a locked market","series BE (trade-to-trade / SME — not normal rolling settlement); ASM LT Stage IV — surveillance: 100% margin, no intraday, no pledging; 5% circuit band — cannot exit on bad news; closed at circuit on 67% of sessions — a stop cannot fill in a locked market"
TIIL,Technocraft Industries (India) Limited,EQ,,2566.5,5819.0,1.783,0.654,1314.0,6938.0,20.0,0,0.0,25,25,2007-02-12,7102.0,False,False,2026-07-24,,,not penny/nano — price >= Rs100 and mcap >= Rs1000 Cr,
TIINDIA,Tube Investments of India Limited,EQ,,2767.0,57602.0,63.067,20.141,26518.0,211161.0,,0,0.0,25,25,2017-11-02,3186.0,True,False,2026-07-24,,,not penny/nano — price >= Rs100 and mcap >= Rs1000 Cr,
TIJARIA,Tijaria Polypipes Limited,EQ,price,4.64,,0.017,0.003,116.0,39413.0,10.0,0,0.0,25,25,2011-10-14,5397.0,False,False,2026-07-24,0.0,,"GSM stage 0 — exchange surveillance, periodic call auction; price Rs4.64 below the Rs5 floor (tick size ~1% of price; the spread eats the edge); illiquid: Rs2 lakh median daily turnover (floor Rs50 lakh); only 116 trades/day median — one operator's book, not a market","GSM stage 0 — exchange surveillance, periodic call auction; price Rs4.64 below the Rs5 floor (tick size ~1% of price; the spread eats the edge); illiquid: Rs2 lakh median daily turnover (floor Rs50 lakh); only 116 trades/day median — one operator's book, not a market"
TIL,TIL Limited,EQ,,211.39,1693.0,2.537,0.659,2542.0,118955.0,20.0,0,0.0,25,25,1995-09-27,11258.0,False,False,2026-07-24,,,not penny/nano — price >= Rs100 and mcap >= Rs1000 Cr,
TIMETECHNO,Time Technoplast Limited,EQ,,201.26,8937.0,68.476,17.099,25358.0,3465681.0,20.0,0,0.0,25,25,2007-06-13,6981.0,True,False,2026-07-24,,,not penny/nano — price >= Rs100 and mcap >= Rs1000 Cr,
TIMEX,Timex Group India Limited,EQ,,578.85,,19.027,5.606,13219.0,370421.0,20.0,0,0.0,25,25,2026-04-20,95.0,False,False,2026-07-24,,,"listed 95d ago — under a year of history, no trend to read","listed 95d ago — under a year of history, no trend to read"
TIMKEN,Timken India Limited,EQ,,3127.0,25583.0,17.527,6.482,12457.0,50727.0,20.0,0,0.0,25,25,2007-02-06,7108.0,True,False,2026-07-24,,,not penny/nano — price >= Rs100 and mcap >= Rs1000 Cr,
TINNARUBR,Tinna Rubber and Infrastructure Limited,EQ,,1098.85,1980.0,6.161,2.108,4497.0,64878.0,20.0,1,0.04,25,25,2025-04-17,463.0,False,False,2026-07-24,,,not penny/nano — price >= Rs100 and mcap >= Rs1000 Cr,
TIPSFILMS,Tips Films Limited,EQ,,409.15,,0.071,0.003,135.0,2116.0,20.0,1,0.04,25,25,2022-10-06,1387.0,False,False,2026-07-24,,LT Stage I,"ASM LT Stage I — surveillance: 100% margin, no intraday, no pledging; illiquid: Rs7 lakh median daily turnover (floor Rs50 lakh); only 135 trades/day median — one operator's book, not a market","ASM LT Stage I — surveillance: 100% margin, no intraday, no pledging; illiquid: Rs7 lakh median daily turnover (floor Rs50 lakh); only 135 trades/day median — one operator's book, not a market"
TIPSMUSIC,Tips Music Limited,EQ,,699.45,8941.0,15.787,4.337,12766.0,241020.0,20.0,0,0.0,25,25,2000-11-10,9387.0,True,False,2026-07-24,,,not penny/nano — price >= Rs100 and mcap >= Rs1000 Cr,
TIRUMALCHM,Thirumalai Chemicals Limited,EQ,,167.74,2022.0,8.313,3.277,6829.0,491418.0,20.0,0,0.0,25,25,2003-05-14,8472.0,False,False,2026-07-24,,,not penny/nano — price >= Rs100 and mcap >= Rs1000 Cr,
TIRUPATIFL,Tirupati Forge Limited,BE,price,77.48,,10.098,2.745,8456.0,1395852.0,5.0,8,0.421,19,19,2020-08-04,2180.0,False,False,2026-07-23,,,series BE (trade-to-trade / SME — not normal rolling settlement); 5% circuit band — cannot exit on bad news; closed at circuit on 42% of sessions — a stop cannot fill in a locked market,series BE (trade-to-trade / SME — not normal rolling settlement); 5% circuit band — cannot exit on bad news; closed at circuit on 42% of sessions — a stop cannot fill in a locked market
TITAGARH,TITAGARH RAIL SYSTEMS LIMITED,EQ,,819.45,11814.0,34.455,19.761,20034.0,405666.0,20.0,0,0.0,25,25,2008-04-21,6668.0,True,False,2026-07-24,,,not penny/nano — price >= Rs100 and mcap >= Rs1000 Cr,
TITAN,Titan Company Limited,EQ,,4677.0,415218.0,299.156,127.336,57688.0,652646.0,,0,0.0,25,25,2004-09-24,7973.0,False,False,2026-07-24,,,not penny/nano — price >= Rs100 and mcap >= Rs1000 Cr,
TMB,Tamilnad Mercantile Bank Limited,EQ,,804.5,12739.0,12.671,6.817,10412.0,165218.0,20.0,0,0.0,25,25,2022-09-15,1408.0,True,False,2026-07-24,,,not penny/nano — price >= Rs100 and mcap >= Rs1000 Cr,
TMCV,Tata Motors Limited,EQ,,406.15,149536.0,286.376,130.413,104303.0,6733067.0,20.0,0,0.0,25,25,2025-11-12,254.0,False,False,2026-07-24,,,"listed 254d ago — under a year of history, no trend to read","listed 254d ago — under a year of history, no trend to read"
TMPV,Tata Motors Passenger Vehicles Limited,EQ,,323.8,119242.0,361.541,172.177,101948.0,10423984.0,,0,0.0,25,25,1998-07-22,10229.0,False,False,2026-07-24,,,not penny/nano — price >= Rs100 and mcap >= Rs1000 Cr,
TNIDETF,,,price,84.04,,0.766,0.274,550.0,91296.0,20.0,0,0.0,25,25,,,False,False,2026-07-24,,,not in the NSE equity master (ETF / REIT / InvIT — not a company),not in the NSE equity master (ETF / REIT / InvIT — not a company)
TNPETRO,Tamilnadu PetroProducts Limited,EQ,price+mcap,95.0,855.0,0.961,0.335,1331.0,101420.0,20.0,0,0.0,25,25,1999-10-27,9767.0,False,False,2026-07-24,,,,
TNPL,Tamil Nadu Newsprint & Papers Limited,EQ,,149.75,1036.0,0.984,0.277,1480.0,68605.0,20.0,0,0.0,25,25,1996-02-14,11118.0,False,False,2026-07-24,,,not penny/nano — price >= Rs100 and mcap >= Rs1000 Cr,
TNTELE,Tamilnadu Telecommunication Limited,EQ,price,9.14,,0.018,0.004,80.0,19736.0,20.0,0,0.0,25,25,2003-02-04,8571.0,False,False,2026-07-24,0.0,,"GSM stage 0 — exchange surveillance, periodic call auction; illiquid: Rs2 lakh median daily turnover (floor Rs50 lakh); only 80 trades/day median — one operator's book, not a market","GSM stage 0 — exchange surveillance, periodic call auction; illiquid: Rs2 lakh median daily turnover (floor Rs50 lakh); only 80 trades/day median — one operator's book, not a market"
TOLINS,Tolins Tyres Limited,EQ,mcap,102.7,406.0,0.539,0.171,1036.0,51916.0,20.0,0,0.0,25,25,2024-09-16,676.0,False,False,2026-07-24,,,,
TOP100CASE,,,price,10.43,,0.866,0.318,1160.0,832153.0,20.0,0,0.0,25,25,,,False,False,2026-07-24,,,not in the NSE equity master (ETF / REIT / InvIT — not a company),not in the NSE equity master (ETF / REIT / InvIT — not a company)
TOP10ADD,,,price,86.41,,1.461,0.234,696.0,169303.0,20.0,0,0.0,25,25,,,False,False,2026-07-24,,,not in the NSE equity master (ETF / REIT / InvIT — not a company),not in the NSE equity master (ETF / REIT / InvIT — not a company)
TOP15IETF,,,price,9.73,,0.076,0.026,232.0,77903.0,20.0,0,0.0,25,25,,,False,False,2026-07-24,,,"not in the NSE equity master (ETF / REIT / InvIT — not a company); illiquid: Rs8 lakh median daily turnover (floor Rs50 lakh); only 232 trades/day median — one operator's book, not a market","not in the NSE equity master (ETF / REIT / InvIT — not a company); illiquid: Rs8 lakh median daily turnover (floor Rs50 lakh); only 232 trades/day median — one operator's book, not a market"
TOP20,,,price,8.73,,0.04,0.01,137.0,45695.0,20.0,0,0.0,25,25,,,False,False,2026-07-24,,,"not in the NSE equity master (ETF / REIT / InvIT — not a company); illiquid: Rs4 lakh median daily turnover (floor Rs50 lakh); only 137 trades/day median — one operator's book, not a market","not in the NSE equity master (ETF / REIT / InvIT — not a company); illiquid: Rs4 lakh median daily turnover (floor Rs50 lakh); only 137 trades/day median — one operator's book, not a market"
TORNTPHARM,Torrent Pharmaceuticals Limited,EQ,,4961.5,188720.0,234.399,91.855,42644.0,518244.0,,0,0.0,25,25,2002-11-25,8642.0,False,False,2026-07-24,,,not penny/nano — price >= Rs100 and mcap >= Rs1000 Cr,
TORNTPOWER,Torrent Power Limited,EQ,,1434.1,68858.0,43.473,14.065,24199.0,311359.0,20.0,0,0.0,25,25,2006-11-28,7178.0,True,False,2026-07-24,,,not penny/nano — price >= Rs100 and mcap >= Rs1000 Cr,
TOTAL,Total Transport Systems Limited,EQ,price,49.98,,0.022,0.0,77.0,4421.0,20.0,0,0.0,25,25,2020-08-28,2156.0,False,False,2026-07-24,,,"illiquid: Rs2 lakh median daily turnover (floor Rs50 lakh); only 77 trades/day median — one operator's book, not a market","illiquid: Rs2 lakh median daily turnover (floor Rs50 lakh); only 77 trades/day median — one operator's book, not a market"
TOUCHWOOD,Touchwood Entertainment Limited,EQ,price,67.29,,0.006,0.001,46.0,874.0,20.0,0,0.0,25,25,2020-01-21,2376.0,False,False,2026-07-24,,,"illiquid: Rs1 lakh median daily turnover (floor Rs50 lakh); only 46 trades/day median — one operator's book, not a market","illiquid: Rs1 lakh median daily turnover (floor Rs50 lakh); only 46 trades/day median — one operator's book, not a market"
TPHQ,Teamo Productions HQ Limited,EQ,price,0.4,,0.055,0.026,317.0,1103148.0,20.0,0,0.0,25,25,2009-01-30,6384.0,False,False,2026-07-24,,,price Rs0.4 below the Rs5 floor (tick size ~1% of price; the spread eats the edge); illiquid: Rs6 lakh median daily turnover (floor Rs50 lakh),price Rs0.4 below the Rs5 floor (tick size ~1% of price; the spread eats the edge); illiquid: Rs6 lakh median daily turnover (floor Rs50 lakh)
TPLPLASTEH,TPL Plastech Limited,EQ,price+mcap,76.9,600.0,1.096,0.209,1864.0,133638.0,20.0,1,0.04,25,25,2015-05-20,4083.0,False,False,2026-07-24,,,,
TRACXN,Tracxn Technologies Limited,EQ,price,29.7,,0.324,0.122,985.0,107600.0,20.0,0,0.0,25,25,2022-10-20,1373.0,False,False,2026-07-24,,,illiquid: Rs32 lakh median daily turnover (floor Rs50 lakh),illiquid: Rs32 lakh median daily turnover (floor Rs50 lakh)
TRANSPEK,Transpek Industry Limited,EQ,,1064.9,,0.423,0.094,541.0,4345.0,20.0,0,0.0,25,25,2026-04-20,95.0,False,False,2026-07-24,,,"listed 95d ago — under a year of history, no trend to read; illiquid: Rs42 lakh median daily turnover (floor Rs50 lakh)","listed 95d ago — under a year of history, no trend to read; illiquid: Rs42 lakh median daily turnover (floor Rs50 lakh)"
TRANSRAILL,Transrail Lighting Limited,EQ,,482.7,6965.0,16.378,7.063,10191.0,318811.0,20.0,0,0.0,25,25,2024-12-27,574.0,True,False,2026-07-24,,,not penny/nano — price >= Rs100 and mcap >= Rs1000 Cr,
TRAVELFOOD,Travel Food Services Limited,EQ,,1286.3,17261.0,2.795,1.315,3654.0,21156.0,10.0,0,0.0,25,25,2025-07-14,375.0,True,False,2026-07-24,,,not penny/nano — price >= Rs100 and mcap >= Rs1000 Cr,
TREEHOUSE,Tree House Education & Accessories Limited,EQ,price,6.35,,0.014,0.003,100.0,20745.0,10.0,0,0.0,25,25,2011-08-26,5446.0,False,False,2026-07-24,,,"illiquid: Rs1 lakh median daily turnover (floor Rs50 lakh); only 100 trades/day median — one operator's book, not a market","illiquid: Rs1 lakh median daily turnover (floor Rs50 lakh); only 100 trades/day median — one operator's book, not a market"
TREJHARA,TREJHARA SOLUTIONS LIMITED,EQ,,138.75,,0.163,0.047,359.0,11755.0,10.0,0,0.0,25,25,2018-12-28,2765.0,False,False,2026-07-24,,,illiquid: Rs16 lakh median daily turnover (floor Rs50 lakh),illiquid: Rs16 lakh median daily turnover (floor Rs50 lakh)
TREL,Transindia Real Estate Limited,EQ,price,24.32,,0.158,0.08,706.0,60804.0,20.0,0,0.0,25,25,2023-08-10,1079.0,False,False,2026-07-24,,,illiquid: Rs16 lakh median daily turnover (floor Rs50 lakh),illiquid: Rs16 lakh median daily turnover (floor Rs50 lakh)
TRENT,Trent Limited,EQ,,2890.5,154131.0,362.314,139.51,73227.0,1111293.0,,0,0.0,25,25,2004-06-07,8082.0,False,False,2026-07-24,,,not penny/nano — price >= Rs100 and mcap >= Rs1000 Cr,
TRF,TRF Limited,EQ,,232.96,,0.46,0.119,863.0,18870.0,20.0,0,0.0,25,25,2010-03-26,5964.0,False,False,2026-07-24,,,illiquid: Rs46 lakh median daily turnover (floor Rs50 lakh),illiquid: Rs46 lakh median daily turnover (floor Rs50 lakh)
TRIDENT,Trident Limited,EQ,,25.12,12801.0,11.804,6.667,14316.0,4597206.0,20.0,0,0.0,25,25,2001-02-21,9284.0,True,False,2026-07-24,,,"not penny/nano — too big on both arms: a Rs25 share of a Rs12,801 Cr company (the price arm's ceiling is Rs5,000 Cr — a cheap share is not a small company)",
TRIGYN,Trigyn Technologies Limited,EQ,price,54.5,,0.112,0.036,552.0,20882.0,20.0,0,0.0,25,25,1998-04-09,10333.0,False,False,2026-07-24,,LT Stage I,"ASM LT Stage I — surveillance: 100% margin, no intraday, no pledging; illiquid: Rs11 lakh median daily turnover (floor Rs50 lakh)","ASM LT Stage I — surveillance: 100% margin, no intraday, no pledging; illiquid: Rs11 lakh median daily turnover (floor Rs50 lakh)"
TRITURBINE,Triveni Turbine Limited,EQ,,611.8,20914.0,46.614,13.133,34269.0,705061.0,20.0,0,0.0,25,25,2011-10-28,5383.0,True,False,2026-07-24,,,not penny/nano — price >= Rs100 and mcap >= Rs1000 Cr,
TRIVENI,Triveni Engineering & Industries Limited,BE,,471.5,5480.0,19.743,5.116,13605.0,457138.5,5.0,1,0.045,22,22,2005-12-13,7528.0,True,False,2026-07-21,,,series BE (trade-to-trade / SME — not normal rolling settlement); 5% circuit band — cannot exit on bad news,series BE (trade-to-trade / SME — not normal rolling settlement); 5% circuit band — cannot exit on bad news
TRU,TruCap Finance Limited,EQ,price,4.88,,0.072,0.015,216.0,128907.0,5.0,2,0.08,25,25,2023-06-20,1130.0,False,False,2026-07-24,,LT Stage I,"ASM LT Stage I — surveillance: 100% margin, no intraday, no pledging; 5% circuit band — cannot exit on bad news; price Rs4.88 below the Rs5 floor (tick size ~1% of price; the spread eats the edge); illiquid: Rs7 lakh median daily turnover (floor Rs50 lakh); only 216 trades/day median — one operator's book, not a market","ASM LT Stage I — surveillance: 100% margin, no intraday, no pledging; 5% circuit band — cannot exit on bad news; price Rs4.88 below the Rs5 floor (tick size ~1% of price; the spread eats the edge); illiquid: Rs7 lakh median daily turnover (floor Rs50 lakh); only 216 trades/day median — one operator's book, not a market"
TRUALT,TruAlt Bioenergy Limited,EQ,,428.95,3678.0,7.154,3.662,6500.0,154825.0,20.0,0,0.0,25,25,2025-10-03,294.0,False,False,2026-07-24,,,"listed 294d ago — under a year of history, no trend to read","listed 294d ago — under a year of history, no trend to read"
TSFINV,TSF INVESTMENTS LIMITED,EQ,,432.8,10117.0,4.984,1.417,6136.0,109498.0,20.0,0,0.0,25,25,2018-03-26,3042.0,True,False,2026-07-24,,,not penny/nano — price >= Rs100 and mcap >= Rs1000 Cr,
TTKHLTCARE,TTK Healthcare Limited,EQ,,1047.2,,0.442,0.103,435.0,4741.0,20.0,0,0.0,25,25,2015-12-02,3887.0,False,False,2026-07-24,,,illiquid: Rs44 lakh median daily turnover (floor Rs50 lakh),illiquid: Rs44 lakh median daily turnover (floor Rs50 lakh)
TTKPRESTIG,TTK Prestige Limited,EQ,,643.35,8812.0,4.22,1.943,5515.0,69429.0,20.0,0,0.0,25,25,1999-12-22,9711.0,False,False,2026-07-24,,,not penny/nano — price >= Rs100 and mcap >= Rs1000 Cr,
TTL,T T Limited,EQ,price,6.37,,0.046,0.008,139.0,67552.0,10.0,0,0.0,25,25,2007-02-22,7092.0,False,False,2026-07-24,,,"illiquid: Rs5 lakh median daily turnover (floor Rs50 lakh); only 139 trades/day median — one operator's book, not a market","illiquid: Rs5 lakh median daily turnover (floor Rs50 lakh); only 139 trades/day median — one operator's book, not a market"
TTML,Tata Teleservices (Maharashtra) Limited,EQ,,39.38,7699.0,6.165,3.406,8538.0,1510812.0,20.0,0,0.0,25,25,2000-10-20,9408.0,True,False,2026-07-24,,,"not penny/nano — too big on both arms: a Rs39 share of a Rs7,699 Cr company (the price arm's ceiling is Rs5,000 Cr — a cheap share is not a small company)",
TURTLEMINT,Turtlemint Fintech Solutions Limited,EQ,,130.07,3828.0,16.01,4.496,18226.5,1202951.5,20.0,0,0.0,20,20,2026-06-29,25.0,False,False,2026-07-24,,,"listed 25d ago — under a year of history, no trend to read","listed 25d ago — under a year of history, no trend to read"
TVSELECT,TVS Electronics Limited,EQ,mcap,496.65,926.0,2.983,1.485,2908.0,59226.0,20.0,0,0.0,25,25,2003-12-26,8246.0,False,False,2026-07-24,,,,
TVSHLTD,TVS Holdings Limited,EQ,,14633.0,29606.0,5.478,2.308,1729.0,4037.0,20.0,0,0.0,25,25,2012-10-23,5022.0,False,False,2026-07-24,,,not penny/nano — price >= Rs100 and mcap >= Rs1000 Cr,
TVSMOTOR,TVS Motor Company Limited,EQ,,3870.2,183868.0,315.633,125.484,58514.0,920550.0,,0,0.0,25,25,2000-08-02,9487.0,False,False,2026-07-24,,,not penny/nano — price >= Rs100 and mcap >= Rs1000 Cr,
TVSSCS,TVS Supply Chain Solutions Limited,EQ,,133.13,6018.0,6.568,2.583,6271.0,488811.0,10.0,0,0.0,25,25,2023-08-23,1066.0,True,False,2026-07-24,,,not penny/nano — price >= Rs100 and mcap >= Rs1000 Cr,
TVSSRICHAK,TVS Srichakra Limited,EQ,,3964.2,3037.0,1.479,0.504,874.0,3580.0,20.0,0,0.0,25,25,2007-02-13,7101.0,False,False,2026-07-24,,,not penny/nano — price >= Rs100 and mcap >= Rs1000 Cr,
TVTODAY,TV Today Network Limited,EQ,mcap,116.45,695.0,0.522,0.111,959.0,42712.0,20.0,0,0.0,25,25,2004-01-16,8225.0,False,False,2026-07-24,,,,
TVVISION,TV Vision Limited,EQ,price,4.7,,0.005,0.001,56.0,10101.0,20.0,0,0.0,25,25,2016-09-15,3599.0,False,False,2026-07-24,0.0,,"GSM stage 0 — exchange surveillance, periodic call auction; price Rs4.7 below the Rs5 floor (tick size ~1% of price; the spread eats the edge); illiquid: Rs0 lakh median daily turnover (floor Rs50 lakh); only 56 trades/day median — one operator's book, not a market","GSM stage 0 — exchange surveillance, periodic call auction; price Rs4.7 below the Rs5 floor (tick size ~1% of price; the spread eats the edge); illiquid: Rs0 lakh median daily turnover (floor Rs50 lakh); only 56 trades/day median — one operator's book, not a market"
TWCGOLDETF,,,,142.45,,0.038,0.001,175.0,2717.0,20.0,0,0.0,25,25,,,False,False,2026-07-24,,,"not in the NSE equity master (ETF / REIT / InvIT — not a company); illiquid: Rs4 lakh median daily turnover (floor Rs50 lakh); only 175 trades/day median — one operator's book, not a market","not in the NSE equity master (ETF / REIT / InvIT — not a company); illiquid: Rs4 lakh median daily turnover (floor Rs50 lakh); only 175 trades/day median — one operator's book, not a market"
UBL,United Breweries Limited,EQ,,1398.6,35562.0,13.679,6.198,9773.0,101007.0,20.0,0,0.0,25,25,2008-07-28,6570.0,True,False,2026-07-24,,,not penny/nano — price >= Rs100 and mcap >= Rs1000 Cr,
UCAL,UCAL LIMITED,EQ,,114.9,,0.164,0.027,298.0,13535.0,20.0,0,0.0,25,25,1995-09-13,11272.0,False,False,2026-07-24,,LT Stage I,"ASM LT Stage I — surveillance: 100% margin, no intraday, no pledging; illiquid: Rs16 lakh median daily turnover (floor Rs50 lakh); only 298 trades/day median — one operator's book, not a market","ASM LT Stage I — surveillance: 100% margin, no intraday, no pledging; illiquid: Rs16 lakh median daily turnover (floor Rs50 lakh); only 298 trades/day median — one operator's book, not a market"
UCOBANK,UCO Bank,EQ,,25.88,32452.0,15.701,6.877,14281.0,5949497.0,20.0,0,0.0,25,25,2003-10-09,8324.0,True,False,2026-07-24,,,"not penny/nano — too big on both arms: a Rs26 share of a Rs32,452 Cr company (the price arm's ceiling is Rs5,000 Cr — a cheap share is not a small company)",
UDS,Updater Services Limited,EQ,,201.19,1347.0,4.503,1.34,3713.0,244820.0,20.0,0,0.0,25,25,2023-10-04,1024.0,False,False,2026-07-24,,,not penny/nano — price >= Rs100 and mcap >= Rs1000 Cr,
UEL,Ujaas Energy Limited,EQ,,119.98,,0.05,0.015,248.0,3828.0,20.0,0,0.0,25,25,2024-04-16,829.0,False,False,2026-07-24,,,"illiquid: Rs5 lakh median daily turnover (floor Rs50 lakh); only 248 trades/day median — one operator's book, not a market","illiquid: Rs5 lakh median daily turnover (floor Rs50 lakh); only 248 trades/day median — one operator's book, not a market"
UFBL,United Foodbrands Limited,EQ,,674.85,2638.0,9.802,2.315,5165.0,136990.0,5.0,8,0.32,25,25,2021-04-07,1934.0,False,False,2026-07-24,,LT Stage I,"ASM LT Stage I — surveillance: 100% margin, no intraday, no pledging; 5% circuit band — cannot exit on bad news; closed at circuit on 32% of sessions — a stop cannot fill in a locked market","ASM LT Stage I — surveillance: 100% margin, no intraday, no pledging; 5% circuit band — cannot exit on bad news; closed at circuit on 32% of sessions — a stop cannot fill in a locked market"
UFLEX,UFLEX Limited,EQ,,478.5,3455.0,1.672,0.765,1334.0,37709.0,20.0,0,0.0,25,25,1995-08-23,11293.0,False,False,2026-07-24,,,not penny/nano — price >= Rs100 and mcap >= Rs1000 Cr,
UFO,UFO Moviez India Limited,EQ,price,67.02,,0.289,0.087,986.0,40262.0,20.0,0,0.0,25,25,2015-05-14,4089.0,False,False,2026-07-24,,,illiquid: Rs29 lakh median daily turnover (floor Rs50 lakh),illiquid: Rs29 lakh median daily turnover (floor Rs50 lakh)
UGARSUGAR,The Ugar Sugar Works Limited,EQ,price,39.72,,0.323,0.149,947.0,81001.0,20.0,0,0.0,25,25,2010-08-23,5814.0,False,False,2026-07-24,,,illiquid: Rs32 lakh median daily turnover (floor Rs50 lakh),illiquid: Rs32 lakh median daily turnover (floor Rs50 lakh)
UGROCAP,Ugro Capital Limited,EQ,price,92.77,1441.0,1.399,0.472,2126.0,143385.0,20.0,0,0.0,25,25,2021-08-11,1808.0,False,False,2026-07-24,,,,
UJJIVANSFB,Ujjivan Small Finance Bank Limited,EQ,,70.72,13761.0,96.315,33.959,55391.0,14595011.0,20.0,0,0.0,25,25,2019-12-12,2416.0,True,False,2026-07-24,,,"not penny/nano — too big on both arms: a Rs71 share of a Rs13,761 Cr company (the price arm's ceiling is Rs5,000 Cr — a cheap share is not a small company)",
ULTRACEMCO,UltraTech Cement Limited,EQ,,11846.0,349077.0,269.923,135.991,33534.0,233046.0,,0,0.0,25,25,2004-08-24,8004.0,False,False,2026-07-24,,,not penny/nano — price >= Rs100 and mcap >= Rs1000 Cr,
ULTRAMAR,Ultramarine & Pigments Limited,EQ,,379.5,,0.687,0.247,1411.0,17714.0,20.0,0,0.0,25,25,2026-04-20,95.0,False,False,2026-07-24,,,"listed 95d ago — under a year of history, no trend to read","listed 95d ago — under a year of history, no trend to read"
UMESLTD,Usha Martin Education & Solutions Limited,EQ,price,5.39,,0.008,0.001,67.5,13703.0,5.0,2,0.1,20,20,2010-07-12,5856.0,False,False,2026-07-24,,,"5% circuit band — cannot exit on bad news; illiquid: Rs1 lakh median daily turnover (floor Rs50 lakh); only 67 trades/day median — one operator's book, not a market","5% circuit band — cannot exit on bad news; illiquid: Rs1 lakh median daily turnover (floor Rs50 lakh); only 67 trades/day median — one operator's book, not a market"
UMIYA-MRO,UMIYA BUILDCON LIMITED,EQ,price,89.29,,0.125,0.025,335.0,14018.0,20.0,0,0.0,25,25,2000-11-01,9396.0,False,False,2026-07-24,,,illiquid: Rs12 lakh median daily turnover (floor Rs50 lakh),illiquid: Rs12 lakh median daily turnover (floor Rs50 lakh)
UNICHEMLAB,Unichem Laboratories Limited,EQ,,537.35,3783.0,9.039,2.179,8291.0,189269.0,10.0,3,0.12,25,25,2001-02-07,9298.0,False,False,2026-07-24,,,not penny/nano — price >= Rs100 and mcap >= Rs1000 Cr,
UNIECOM,Unicommerce Esolutions Limited,EQ,price+mcap,84.38,947.0,2.916,0.996,3084.0,331420.0,20.0,0,0.0,25,25,2024-08-13,710.0,False,False,2026-07-24,,,,
UNIENTER,Uniphos Enterprises Limited,EQ,price,98.27,,0.126,0.022,260.0,11485.0,20.0,0,0.0,25,25,2004-01-23,8218.0,False,False,2026-07-24,,,"illiquid: Rs13 lakh median daily turnover (floor Rs50 lakh); only 260 trades/day median — one operator's book, not a market","illiquid: Rs13 lakh median daily turnover (floor Rs50 lakh); only 260 trades/day median — one operator's book, not a market"
UNIMECH,Unimech Aerospace and Manufacturing Limited,EQ,,1237.4,6296.0,13.654,6.783,8126.0,113782.0,10.0,0,0.0,25,25,2024-12-31,570.0,False,False,2026-07-24,,,not penny/nano — price >= Rs100 and mcap >= Rs1000 Cr,
UNIONBANK,Union Bank of India,EQ,,170.5,130153.0,228.648,102.959,64172.0,13551971.0,,0,0.0,25,25,2002-09-24,8704.0,False,False,2026-07-24,,,not penny/nano — price >= Rs100 and mcap >= Rs1000 Cr,
UNIONGOLD,,,,139.5,,0.048,0.014,66.0,3420.0,20.0,0,0.0,25,25,,,False,False,2026-07-24,,,"not in the NSE equity master (ETF / REIT / InvIT — not a company); illiquid: Rs5 lakh median daily turnover (floor Rs50 lakh); only 66 trades/day median — one operator's book, not a market","not in the NSE equity master (ETF / REIT / InvIT — not a company); illiquid: Rs5 lakh median daily turnover (floor Rs50 lakh); only 66 trades/day median — one operator's book, not a market"
UNIPARTS,Uniparts India Limited,EQ,,689.5,3113.0,7.11,3.2,5398.0,104204.0,20.0,0,0.0,25,25,2022-12-12,1320.0,False,False,2026-07-24,,,not penny/nano — price >= Rs100 and mcap >= Rs1000 Cr,
UNITDSPR,United Spirits Limited,EQ,,1467.2,106717.0,99.924,43.897,33300.0,719161.0,,0,0.0,25,25,2001-09-27,9066.0,False,False,2026-07-24,,,not penny/nano — price >= Rs100 and mcap >= Rs1000 Cr,
UNITECH,Unitech Limited,EQ,price,4.38,,1.758,0.72,2238.0,3808908.0,5.0,0,0.0,25,25,1999-09-08,9816.0,False,False,2026-07-24,,,5% circuit band — cannot exit on bad news; price Rs4.38 below the Rs5 floor (tick size ~1% of price; the spread eats the edge),5% circuit band — cannot exit on bad news; price Rs4.38 below the Rs5 floor (tick size ~1% of price; the spread eats the edge)
UNITEDTEA,The United Nilgiri Tea Estates Company Limited,EQ,,469.8,,0.096,0.009,93.0,1976.0,20.0,0,0.0,25,25,2015-01-28,4195.0,False,False,2026-07-24,,,"illiquid: Rs10 lakh median daily turnover (floor Rs50 lakh); only 93 trades/day median — one operator's book, not a market","illiquid: Rs10 lakh median daily turnover (floor Rs50 lakh); only 93 trades/day median — one operator's book, not a market"
UNIVASTU,Univastu India Limited,BE,price,87.73,,1.185,0.603,1288.0,133262.0,5.0,1,0.125,8,8,2020-06-22,2223.0,False,False,2026-07-01,,,series BE (trade-to-trade / SME — not normal rolling settlement); 5% circuit band — cannot exit on bad news,series BE (trade-to-trade / SME — not normal rolling settlement); 5% circuit band — cannot exit on bad news
UNIVCABLES,Universal Cables Limited,EQ,,1234.8,4284.0,14.625,5.279,8926.0,122846.0,20.0,0,0.0,25,25,1995-05-17,11391.0,False,False,2026-07-24,,LT Stage I,"ASM LT Stage I — surveillance: 100% margin, no intraday, no pledging","ASM LT Stage I — surveillance: 100% margin, no intraday, no pledging"
UNOMINDA,UNO Minda Limited,EQ,,1127.0,65081.0,83.597,41.287,31876.0,723132.0,,0,0.0,25,25,2007-02-02,7112.0,True,False,2026-07-24,,,not penny/nano — price >= Rs100 and mcap >= Rs1000 Cr,
UPL,UPL Limited,EQ,,602.45,51259.0,103.23,37.391,37594.0,1694807.0,,0,0.0,25,25,2004-01-23,8218.0,True,False,2026-07-24,,,not penny/nano — price >= Rs100 and mcap >= Rs1000 Cr,
URAVIDEF,Uravi Defence and Technology Limited,BE,mcap,131.86,128.0,2.44,0.129,1106.0,213249.0,5.0,1,0.111,9,9,2023-07-05,1115.0,False,False,2026-07-02,,,series BE (trade-to-trade / SME — not normal rolling settlement); 5% circuit band — cannot exit on bad news,series BE (trade-to-trade / SME — not normal rolling settlement); 5% circuit band — cannot exit on bad news
URBANCO,Urban Company Limited,EQ,,129.76,20341.0,22.829,10.437,20821.0,1724676.0,20.0,0,0.0,25,25,2025-09-17,310.0,True,False,2026-07-24,,,"listed 310d ago — under a year of history, no trend to read","listed 310d ago — under a year of history, no trend to read"
URJA,Urja Global Limited,EQ,price+mcap,9.22,484.0,0.766,0.474,2809.0,808675.0,20.0,0,0.0,25,25,2017-03-28,3405.0,False,False,2026-07-24,,,,
USHAMART,Usha Martin Limited,EQ,,495.7,15106.0,19.462,7.349,13781.0,384873.0,20.0,0,0.0,25,25,2000-10-11,9417.0,True,False,2026-07-24,,,not penny/nano — price >= Rs100 and mcap >= Rs1000 Cr,
USK,Udayshivakumar Infra Limited,EQ,price,21.75,,0.031,0.008,125.0,14137.0,10.0,0,0.0,25,25,2023-04-03,1208.0,False,False,2026-07-24,,,"illiquid: Rs3 lakh median daily turnover (floor Rs50 lakh); only 125 trades/day median — one operator's book, not a market","illiquid: Rs3 lakh median daily turnover (floor Rs50 lakh); only 125 trades/day median — one operator's book, not a market"
UTIAMC,UTI Asset Management Company Limited,EQ,,881.4,12549.0,24.71,9.838,12862.0,261444.0,20.0,0,0.0,25,25,2020-10-12,2111.0,True,False,2026-07-24,,,not penny/nano — price >= Rs100 and mcap >= Rs1000 Cr,
UTKARSHBNK,Utkarsh Small Finance Bank Limited,EQ,price,14.45,2571.0,8.594,3.308,8069.0,5744133.0,20.0,0,0.0,25,25,2023-07-21,1099.0,False,False,2026-07-24,,,,
UTLSOLAR,Fujiyama Power Systems Limited,EQ,,383.8,10519.0,11.671,3.838,9793.0,321723.0,10.0,0,0.0,24,24,2025-11-20,246.0,True,False,2026-07-24,,LT Stage I,"ASM LT Stage I — surveillance: 100% margin, no intraday, no pledging; listed 246d ago — under a year of history, no trend to read","ASM LT Stage I — surveillance: 100% margin, no intraday, no pledging; listed 246d ago — under a year of history, no trend to read"
UTTAMSUGAR,Uttam Sugar Mills Limited,EQ,mcap,228.46,871.0,1.221,0.6,1314.0,52260.0,20.0,0,0.0,25,25,2006-04-10,7410.0,False,False,2026-07-24,,,,
UYFINCORP,U. Y. Fincorp Limited,EQ,price+mcap,18.57,353.0,0.551,0.027,517.0,367155.0,20.0,0,0.0,25,25,2024-10-03,659.0,False,False,2026-07-24,,,,
V2RETAIL,V2 Retail Limited,EQ,,219.29,8400.0,21.783,8.327,15515.0,960610.0,20.0,0,0.0,25,25,2007-07-04,6960.0,True,False,2026-07-24,,,not penny/nano — price >= Rs100 and mcap >= Rs1000 Cr,
VADILALIND,Vadilal Industries Limited,EQ,,6710.5,4825.0,6.4,3.881,2134.0,9846.0,20.0,0,0.0,25,25,2011-06-15,5518.0,False,False,2026-07-24,,,not penny/nano — price >= Rs100 and mcap >= Rs1000 Cr,
VAIBHAVGBL,Vaibhav Global Limited,EQ,,251.94,3952.0,7.918,3.532,7061.0,330773.0,20.0,0,0.0,25,25,2004-04-05,8145.0,True,False,2026-07-24,,,not penny/nano — price >= Rs100 and mcap >= Rs1000 Cr,
VAKRANGEE,Vakrangee Limited,EQ,price+mcap,5.81,629.0,0.695,0.364,1501.0,1150034.0,20.0,0,0.0,25,25,2006-04-03,7417.0,False,False,2026-07-24,,,,
VAL30IETF,,,price,15.27,,0.448,0.159,610.0,294087.0,20.0,0,0.0,25,25,,,False,False,2026-07-24,,,not in the NSE equity master (ETF / REIT / InvIT — not a company); illiquid: Rs45 lakh median daily turnover (floor Rs50 lakh),not in the NSE equity master (ETF / REIT / InvIT — not a company); illiquid: Rs45 lakh median daily turnover (floor Rs50 lakh)
VALIANTORG,Valiant Organics Limited,BE,mcap,290.95,737.0,2.951,2.951,3546.0,100001.0,5.0,1,1.0,1,1,2021-07-23,1827.0,False,False,2026-06-19,,,series BE (trade-to-trade / SME — not normal rolling settlement); 5% circuit band — cannot exit on bad news; closed at circuit on 100% of sessions — a stop cannot fill in a locked market,series BE (trade-to-trade / SME — not normal rolling settlement); 5% circuit band — cannot exit on bad news; closed at circuit on 100% of sessions — a stop cannot fill in a locked market
VALUE,,,price,15.99,,0.046,0.006,90.0,27784.0,20.0,0,0.0,25,25,,,False,False,2026-07-24,,,"not in the NSE equity master (ETF / REIT / InvIT — not a company); illiquid: Rs5 lakh median daily turnover (floor Rs50 lakh); only 90 trades/day median — one operator's book, not a market","not in the NSE equity master (ETF / REIT / InvIT — not a company); illiquid: Rs5 lakh median daily turnover (floor Rs50 lakh); only 90 trades/day median — one operator's book, not a market"
VALUEAXIS,,,price,32.55,,0.24,0.123,383.5,73304.5,20.0,0,0.0,16,16,,,False,False,2026-07-24,,,not in the NSE equity master (ETF / REIT / InvIT — not a company); illiquid: Rs24 lakh median daily turnover (floor Rs50 lakh),not in the NSE equity master (ETF / REIT / InvIT — not a company); illiquid: Rs24 lakh median daily turnover (floor Rs50 lakh)
VAML,Vedanta Aluminium Metal Limited,EQ,,435.6,,475.479,213.602,154250.0,10617451.0,20.0,0,0.0,19,19,2026-06-15,39.0,False,False,2026-07-24,,,"listed 39d ago — under a year of history, no trend to read","listed 39d ago — under a year of history, no trend to read"
VARDHACRLC,Vardhman Acrylics Limited,BE,price,45.16,,0.127,0.081,449.0,28140.0,5.0,0,0.0,9,9,2003-09-30,8333.0,False,False,2026-07-02,,,series BE (trade-to-trade / SME — not normal rolling settlement); 5% circuit band — cannot exit on bad news; illiquid: Rs13 lakh median daily turnover (floor Rs50 lakh),series BE (trade-to-trade / SME — not normal rolling settlement); 5% circuit band — cannot exit on bad news; illiquid: Rs13 lakh median daily turnover (floor Rs50 lakh)
VARDMNPOLY,Vardhman Polytex Limited,EQ,price,6.01,,0.131,0.041,375.0,195660.0,20.0,0,0.0,25,25,2003-05-12,8474.0,False,False,2026-07-24,,,illiquid: Rs13 lakh median daily turnover (floor Rs50 lakh),illiquid: Rs13 lakh median daily turnover (floor Rs50 lakh)
VARROC,Varroc Engineering Limited,EQ,,642.75,10199.0,7.404,2.644,8965.0,119536.0,20.0,0,0.0,25,25,2018-07-06,2940.0,True,False,2026-07-24,,,not penny/nano — price >= Rs100 and mcap >= Rs1000 Cr,
VASWANI,Vaswani Industries Limited,EQ,price,52.52,,0.125,0.032,778.0,23163.0,20.0,0,0.0,25,25,2011-09-20,5421.0,False,False,2026-07-24,,,illiquid: Rs12 lakh median daily turnover (floor Rs50 lakh),illiquid: Rs12 lakh median daily turnover (floor Rs50 lakh)
VBL,Varun Beverages Limited,EQ,,457.2,154663.0,267.02,118.39,77918.0,5338033.0,,0,0.0,25,25,2016-11-08,3545.0,False,False,2026-07-24,,,not penny/nano — price >= Rs100 and mcap >= Rs1000 Cr,
VCL,Vaxtex Cotfab Limited,EQ,price,0.99,,0.043,0.013,269.0,321176.0,5.0,5,0.2,25,25,2022-04-19,1557.0,False,False,2026-07-24,,,"5% circuit band — cannot exit on bad news; price Rs0.99 below the Rs5 floor (tick size ~1% of price; the spread eats the edge); illiquid: Rs4 lakh median daily turnover (floor Rs50 lakh); only 269 trades/day median — one operator's book, not a market","5% circuit band — cannot exit on bad news; price Rs0.99 below the Rs5 floor (tick size ~1% of price; the spread eats the edge); illiquid: Rs4 lakh median daily turnover (floor Rs50 lakh); only 269 trades/day median — one operator's book, not a market"
VEDL,Vedanta Limited,EQ,,264.65,103488.0,360.212,177.309,116765.0,13551008.0,,0,0.0,25,25,1998-05-13,10299.0,False,False,2026-07-24,,,not penny/nano — price >= Rs100 and mcap >= Rs1000 Cr,
VEDPOWER,Vedanta Power Limited,EQ,price,35.01,,146.549,38.302,88858.0,36325807.0,20.0,0,0.0,19,19,2026-06-15,39.0,False,False,2026-07-24,,,"listed 39d ago — under a year of history, no trend to read","listed 39d ago — under a year of history, no trend to read"
VEEDOL,Veedol Corporation Limited,EQ,,1398.8,2437.0,1.272,0.61,975.0,9093.0,20.0,0,0.0,25,25,2007-01-16,7129.0,False,False,2026-07-24,,,not penny/nano — price >= Rs100 and mcap >= Rs1000 Cr,
VELJAN,Veljan Denison Limited,BE,,1889.6,,0.083,0.006,62.0,669.0,5.0,3,0.333,9,9,2026-04-20,95.0,False,False,2026-07-02,,,"series BE (trade-to-trade / SME — not normal rolling settlement); 5% circuit band — cannot exit on bad news; listed 95d ago — under a year of history, no trend to read; illiquid: Rs8 lakh median daily turnover (floor Rs50 lakh); only 62 trades/day median — one operator's book, not a market; closed at circuit on 33% of sessions — a stop cannot fill in a locked market","series BE (trade-to-trade / SME — not normal rolling settlement); 5% circuit band — cannot exit on bad news; listed 95d ago — under a year of history, no trend to read; illiquid: Rs8 lakh median daily turnover (floor Rs50 lakh); only 62 trades/day median — one operator's book, not a market; closed at circuit on 33% of sessions — a stop cannot fill in a locked market"
VENKEYS,Venky's (India) Limited,EQ,,1505.2,2120.0,3.765,1.889,2577.0,25988.0,20.0,0,0.0,25,25,2003-07-28,8397.0,False,False,2026-07-24,,,not penny/nano — price >= Rs100 and mcap >= Rs1000 Cr,
VENTIVE,Ventive Hospitality Limited,EQ,,617.75,14427.0,0.926,0.361,1216.0,14839.0,10.0,0,0.0,25,25,2024-12-30,571.0,False,False,2026-07-24,,,not penny/nano — price >= Rs100 and mcap >= Rs1000 Cr,
VENUSPIPES,Venus Pipes & Tubes Limited,EQ,,1700.1,3522.0,20.193,10.087,9365.0,111162.0,20.0,0,0.0,25,25,2022-05-24,1522.0,False,False,2026-07-24,,,not penny/nano — price >= Rs100 and mcap >= Rs1000 Cr,
VERANDA,Veranda Learning Solutions Limited,EQ,,233.78,2252.0,5.249,1.503,4762.0,217289.0,20.0,0,0.0,25,25,2022-04-11,1565.0,False,False,2026-07-24,,,not penny/nano — price >= Rs100 and mcap >= Rs1000 Cr,
VESUVIUS,Vesuvius India Limited,EQ,,452.3,9180.0,3.353,1.145,3540.0,74479.0,20.0,0,0.0,25,25,2002-10-04,8694.0,False,False,2026-07-24,,,not penny/nano — price >= Rs100 and mcap >= Rs1000 Cr,
VGL,VARVEE GLOBAL LIMITED,EQ,price,61.2,,0.178,0.055,634.0,27730.0,20.0,0,0.0,25,25,2006-11-21,7185.0,False,False,2026-07-24,,,illiquid: Rs18 lakh median daily turnover (floor Rs50 lakh),illiquid: Rs18 lakh median daily turnover (floor Rs50 lakh)
VGUARD,V-Guard Industries Limited,EQ,,290.8,13233.0,4.845,2.197,6078.0,160642.0,20.0,0,0.0,25,25,2008-03-13,6707.0,True,False,2026-07-24,,,not penny/nano — price >= Rs100 and mcap >= Rs1000 Cr,
VHL,Vardhman Holdings Limited,EQ,,3503.3,,0.149,0.07,105.0,417.0,20.0,0,0.0,25,25,2005-06-30,7694.0,False,False,2026-07-24,,,"illiquid: Rs15 lakh median daily turnover (floor Rs50 lakh); only 105 trades/day median — one operator's book, not a market","illiquid: Rs15 lakh median daily turnover (floor Rs50 lakh); only 105 trades/day median — one operator's book, not a market"
VIDHIING,Vidhi Specialty Food Ingredients Limited,EQ,,310.55,,0.441,0.133,732.0,14475.0,20.0,0,0.0,25,25,2016-03-02,3796.0,False,False,2026-07-24,,,illiquid: Rs44 lakh median daily turnover (floor Rs50 lakh),illiquid: Rs44 lakh median daily turnover (floor Rs50 lakh)
VIDYAWIRES,Vidya Wires Limited,EQ,price,88.54,,11.411,4.108,8591.0,1146600.0,5.0,2,0.08,25,25,2025-12-10,226.0,False,False,2026-07-24,,LT Stage I,"ASM LT Stage I — surveillance: 100% margin, no intraday, no pledging; 5% circuit band — cannot exit on bad news; listed 226d ago — under a year of history, no trend to read","ASM LT Stage I — surveillance: 100% margin, no intraday, no pledging; 5% circuit band — cannot exit on bad news; listed 226d ago — under a year of history, no trend to read"
VIJAYA,Vijaya Diagnostic Centre Limited,EQ,,1313.9,13533.0,25.728,6.145,15540.0,186005.0,20.0,0,0.0,25,25,2021-09-14,1774.0,True,False,2026-07-24,,,not penny/nano — price >= Rs100 and mcap >= Rs1000 Cr,
VIKASECO,Vikas EcoTech Limited,EQ,price,1.11,,0.202,0.117,1032.0,1690297.0,10.0,0,0.0,25,25,2011-12-12,5338.0,False,False,2026-07-24,,,price Rs1.11 below the Rs5 floor (tick size ~1% of price; the spread eats the edge); illiquid: Rs20 lakh median daily turnover (floor Rs50 lakh),price Rs1.11 below the Rs5 floor (tick size ~1% of price; the spread eats the edge); illiquid: Rs20 lakh median daily turnover (floor Rs50 lakh)
VIKASLIFE,Vikas Lifecare Limited,EQ,price,1.31,,0.253,0.138,9357.0,1809180.0,10.0,0,0.0,25,25,2019-05-08,2634.0,False,False,2026-07-24,,,price Rs1.31 below the Rs5 floor (tick size ~1% of price; the spread eats the edge); illiquid: Rs25 lakh median daily turnover (floor Rs50 lakh),price Rs1.31 below the Rs5 floor (tick size ~1% of price; the spread eats the edge); illiquid: Rs25 lakh median daily turnover (floor Rs50 lakh)
VIKRAMSOLR,Vikram Solar Limited,EQ,,182.8,6844.0,36.899,16.041,21297.0,1998195.0,20.0,0,0.0,20,20,2025-08-26,332.0,True,False,2026-07-24,,,"listed 332d ago — under a year of history, no trend to read","listed 332d ago — under a year of history, no trend to read"
VIKRAN,Vikran Engineering Limited,EQ,price,71.43,,14.979,4.796,9829.0,2035202.0,20.0,0,0.0,25,25,2025-09-03,324.0,False,False,2026-07-24,,,"listed 324d ago — under a year of history, no trend to read","listed 324d ago — under a year of history, no trend to read"
VIMTALABS,Vimta Labs Limited,EQ,,570.45,2549.0,10.321,5.266,8149.0,180764.0,20.0,0,0.0,25,25,2005-12-15,7526.0,False,False,2026-07-24,,,not penny/nano — price >= Rs100 and mcap >= Rs1000 Cr,
VINATIORGA,Vinati Organics Limited,EQ,,1300.1,13478.0,5.642,2.459,4544.0,43467.0,20.0,0,0.0,25,25,2009-07-28,6205.0,False,False,2026-07-24,,,not penny/nano — price >= Rs100 and mcap >= Rs1000 Cr,
VINCOFE,Vintage Coffee And Beverages Limited,EQ,,156.18,2275.0,34.562,19.197,14389.0,2256266.0,20.0,0,0.0,25,25,2024-10-18,644.0,False,False,2026-07-24,,,not penny/nano — price >= Rs100 and mcap >= Rs1000 Cr,
VINDHYATEL,Vindhya Telelinks Limited,EQ,,1886.0,2235.0,6.36,2.653,4501.0,33000.0,20.0,0,0.0,25,25,1995-02-08,11489.0,False,False,2026-07-24,,LT Stage I,"ASM LT Stage I — surveillance: 100% margin, no intraday, no pledging","ASM LT Stage I — surveillance: 100% margin, no intraday, no pledging"
VINNY,Vinny Overseas Limited,EQ,price,1.07,,0.028,0.01,159.0,262352.0,20.0,0,0.0,25,25,2022-11-28,1334.0,False,False,2026-07-24,,,"price Rs1.07 below the Rs5 floor (tick size ~1% of price; the spread eats the edge); illiquid: Rs3 lakh median daily turnover (floor Rs50 lakh); only 159 trades/day median — one operator's book, not a market","price Rs1.07 below the Rs5 floor (tick size ~1% of price; the spread eats the edge); illiquid: Rs3 lakh median daily turnover (floor Rs50 lakh); only 159 trades/day median — one operator's book, not a market"
VINYLINDIA,Vinyl Chemicals (India) Limited,EQ,,242.65,,0.22,0.09,407.0,8598.0,20.0,0,0.0,25,25,2008-07-21,6577.0,False,False,2026-07-24,,,illiquid: Rs22 lakh median daily turnover (floor Rs50 lakh),illiquid: Rs22 lakh median daily turnover (floor Rs50 lakh)
VIPIND,VIP Industries Limited,EQ,,295.4,4380.0,5.122,1.913,4065.0,167207.0,20.0,0,0.0,25,25,2005-03-02,7814.0,True,False,2026-07-24,,,not penny/nano — price >= Rs100 and mcap >= Rs1000 Cr,
VIPULLTD,Vipul Limited,BE,price,15.42,,3.182,0.35,3487.5,2117600.0,5.0,4,0.333,12,12,2015-04-23,4110.0,False,False,2026-07-07,,,series BE (trade-to-trade / SME — not normal rolling settlement); 5% circuit band — cannot exit on bad news; closed at circuit on 33% of sessions — a stop cannot fill in a locked market,series BE (trade-to-trade / SME — not normal rolling settlement); 5% circuit band — cannot exit on bad news; closed at circuit on 33% of sessions — a stop cannot fill in a locked market
VIRINCHI,Virinchi Limited,EQ,price,15.53,,0.068,0.023,207.0,42590.0,10.0,0,0.0,25,25,2023-05-03,1178.0,False,False,2026-07-24,,,"illiquid: Rs7 lakh median daily turnover (floor Rs50 lakh); only 207 trades/day median — one operator's book, not a market","illiquid: Rs7 lakh median daily turnover (floor Rs50 lakh); only 207 trades/day median — one operator's book, not a market"
VISAKAIND,Visaka Industries Limited,EQ,price+mcap,79.85,690.0,1.049,0.324,1525.0,128705.0,20.0,0,0.0,25,25,1996-08-28,10922.0,False,False,2026-07-24,,,,
VISHNU,Vishnu Chemicals Limited,EQ,,632.4,4257.0,4.835,2.039,3761.0,79370.0,20.0,0,0.0,25,25,2015-03-05,4159.0,False,False,2026-07-24,,,not penny/nano — price >= Rs100 and mcap >= Rs1000 Cr,
VISHWARAJ,Vishwaraj Sugar Industries Limited,EQ,price,5.19,,0.079,0.029,419.0,146318.0,10.0,0,0.0,25,25,2019-10-15,2474.0,False,False,2026-07-24,,,illiquid: Rs8 lakh median daily turnover (floor Rs50 lakh),illiquid: Rs8 lakh median daily turnover (floor Rs50 lakh)
VISL,Vedanta Iron and Steel Limited,EQ,price,30.35,,131.546,16.641,57297.0,38398016.0,5.0,10,0.526,19,19,2026-06-15,39.0,False,False,2026-07-24,,LT Stage I,"ASM LT Stage I — surveillance: 100% margin, no intraday, no pledging; 5% circuit band — cannot exit on bad news; listed 39d ago — under a year of history, no trend to read; closed at circuit on 53% of sessions — a stop cannot fill in a locked market","ASM LT Stage I — surveillance: 100% margin, no intraday, no pledging; 5% circuit band — cannot exit on bad news; listed 39d ago — under a year of history, no trend to read; closed at circuit on 53% of sessions — a stop cannot fill in a locked market"
VIVIDHA,Visagar Polytex Limited,EQ,price,0.53,,0.013,0.004,153.0,241678.0,10.0,0,0.0,25,25,2013-05-21,4812.0,False,False,2026-07-24,0.0,,"GSM stage 0 — exchange surveillance, periodic call auction; price Rs0.53 below the Rs5 floor (tick size ~1% of price; the spread eats the edge); illiquid: Rs1 lakh median daily turnover (floor Rs50 lakh); only 153 trades/day median — one operator's book, not a market","GSM stage 0 — exchange surveillance, periodic call auction; price Rs0.53 below the Rs5 floor (tick size ~1% of price; the spread eats the edge); illiquid: Rs1 lakh median daily turnover (floor Rs50 lakh); only 153 trades/day median — one operator's book, not a market"
VIYASH,Viyash Scientific Limited,EQ,,250.9,10961.0,45.54,21.604,28544.0,1654000.0,20.0,0,0.0,25,25,2016-03-10,3788.0,True,False,2026-07-24,,,not penny/nano — price >= Rs100 and mcap >= Rs1000 Cr,
VLSFINANCE,VLS Finance Limited,EQ,,253.5,,0.309,0.078,678.0,12165.0,20.0,0,0.0,25,25,1995-05-25,11383.0,False,False,2026-07-24,,,illiquid: Rs31 lakh median daily turnover (floor Rs50 lakh),illiquid: Rs31 lakh median daily turnover (floor Rs50 lakh)
VMART,V-Mart Retail Limited,EQ,,724.65,5764.0,8.549,2.763,8409.0,110176.0,20.0,0,0.0,25,25,2013-02-20,4902.0,True,False,2026-07-24,,,not penny/nano — price >= Rs100 and mcap >= Rs1000 Cr,
VMM,Vishal Mega Mart Limited,EQ,,108.04,56383.0,128.305,27.724,41486.0,11004944.0,,0,0.0,25,25,2024-12-18,583.0,True,False,2026-07-24,,,not penny/nano — price >= Rs100 and mcap >= Rs1000 Cr,
VOEPL,Virtuoso Optoelectronics Limited,EQ,,484.05,1576.0,4.855,1.372,3348.0,103149.0,20.0,0,0.0,18,18,2026-07-01,23.0,False,False,2026-07-24,,,"listed 23d ago — under a year of history, no trend to read","listed 23d ago — under a year of history, no trend to read"
VOGL,Vedanta Oil and Gas Limited,EQ,price,34.23,,192.667,90.887,108053.0,54872010.0,20.0,1,0.053,19,19,2026-06-15,39.0,False,False,2026-07-24,,,"listed 39d ago — under a year of history, no trend to read","listed 39d ago — under a year of history, no trend to read"
VOLTAMP,Voltamp Transformers Limited,EQ,,9180.0,9288.0,35.599,9.721,10867.0,34305.0,20.0,0,0.0,25,25,2006-09-20,7247.0,True,False,2026-07-24,,,not penny/nano — price >= Rs100 and mcap >= Rs1000 Cr,
VOLTAS,Voltas Limited,EQ,,1327.3,42360.0,96.336,36.729,26241.0,733013.0,,0,0.0,25,25,1995-04-12,11426.0,True,False,2026-07-24,,,not penny/nano — price >= Rs100 and mcap >= Rs1000 Cr,
VRAJ,Vraj Iron and Steel Limited,EQ,,129.21,,0.257,0.069,531.0,19439.0,20.0,0,0.0,25,25,2024-07-03,751.0,False,False,2026-07-24,,ST Stage I,"ASM ST Stage I — surveillance: 100% margin, no intraday, no pledging; illiquid: Rs26 lakh median daily turnover (floor Rs50 lakh)","ASM ST Stage I — surveillance: 100% margin, no intraday, no pledging; illiquid: Rs26 lakh median daily turnover (floor Rs50 lakh)"
VRLLOG,VRL Logistics Limited,EQ,,243.11,4253.0,2.252,1.185,3189.0,95033.0,20.0,0,0.0,25,25,2015-04-30,4103.0,False,False,2026-07-24,,,not penny/nano — price >= Rs100 and mcap >= Rs1000 Cr,
VSSL,Vardhman Special Steels Limited,EQ,,296.25,2865.0,1.176,0.31,1410.0,40976.0,20.0,0,0.0,25,25,2012-05-17,5181.0,False,False,2026-07-24,,,not penny/nano — price >= Rs100 and mcap >= Rs1000 Cr,
VSTIND,VST Industries Limited,EQ,,230.05,3908.0,7.786,3.506,6493.0,327055.0,20.0,0,0.0,25,25,2003-09-05,8358.0,False,False,2026-07-24,,,not penny/nano — price >= Rs100 and mcap >= Rs1000 Cr,
VSTL,Vibhor Steel Tubes Limited,EQ,,111.14,,0.092,0.044,274.0,8181.0,20.0,0,0.0,25,25,2024-02-20,885.0,False,False,2026-07-24,,,"illiquid: Rs9 lakh median daily turnover (floor Rs50 lakh); only 274 trades/day median — one operator's book, not a market","illiquid: Rs9 lakh median daily turnover (floor Rs50 lakh); only 274 trades/day median — one operator's book, not a market"
VSTTILLERS,V.S.T Tillers Tractors Limited,EQ,,4416.7,3822.0,2.403,0.992,1485.0,5335.0,20.0,0,0.0,25,25,2011-06-20,5513.0,False,False,2026-07-24,,,not penny/nano — price >= Rs100 and mcap >= Rs1000 Cr,
VTL,Vardhman Textiles Limited,EQ,,614.6,17791.0,13.629,5.75,11206.0,215519.0,20.0,0,0.0,25,25,2003-01-14,8592.0,True,False,2026-07-24,,,not penny/nano — price >= Rs100 and mcap >= Rs1000 Cr,
WAAREEENER,Waaree Energies Limited,EQ,,2702.0,82245.0,190.489,103.384,35260.0,675347.0,,0,0.0,25,25,2024-10-28,634.0,True,False,2026-07-24,,,not penny/nano — price >= Rs100 and mcap >= Rs1000 Cr,
WAAREEINDO,Indosolar Limited,EQ,,352.65,,1.332,0.332,1310.0,33004.0,5.0,2,0.08,25,25,2010-09-29,5777.0,False,False,2026-07-24,,,5% circuit band — cannot exit on bad news,5% circuit band — cannot exit on bad news
WAAREERTL,Waaree Renewable Technologies Limited,EQ,,932.0,10646.0,22.473,10.846,11586.0,216616.0,20.0,0,0.0,25,25,2025-04-09,471.0,True,False,2026-07-24,,,not penny/nano — price >= Rs100 and mcap >= Rs1000 Cr,
WABAG,VA Tech Wabag Limited,EQ,,2041.2,12741.0,199.246,64.829,52475.0,973817.0,20.0,0,0.0,25,25,2010-10-13,5763.0,True,False,2026-07-24,,,not penny/nano — price >= Rs100 and mcap >= Rs1000 Cr,
WAKEFIT,Wakefit Innovations Limited,EQ,,129.7,4297.0,7.15,1.869,8369.0,568194.0,20.0,0,0.0,25,25,2025-12-15,221.0,True,False,2026-07-24,,,"listed 221d ago — under a year of history, no trend to read","listed 221d ago — under a year of history, no trend to read"
WALCHANNAG,Walchandnagar Industries Limited,EQ,,237.1,,37.182,10.176,15731.0,1405099.0,20.0,0,0.0,25,25,1996-09-18,10901.0,False,False,2026-07-24,,LT Stage I,"ASM LT Stage I — surveillance: 100% margin, no intraday, no pledging","ASM LT Stage I — surveillance: 100% margin, no intraday, no pledging"
WANBURY,Wanbury Limited,EQ,,331.9,1160.0,6.48,1.52,5502.0,231721.0,20.0,0,0.0,25,25,2007-01-29,7116.0,False,False,2026-07-24,,ST Stage I,"ASM ST Stage I — surveillance: 100% margin, no intraday, no pledging","ASM ST Stage I — surveillance: 100% margin, no intraday, no pledging"
WCIL,Western Carriers (India) Limited,EQ,price,89.98,,0.494,0.255,866.0,50002.0,20.0,0,0.0,25,25,2024-09-24,668.0,False,False,2026-07-24,,,illiquid: Rs49 lakh median daily turnover (floor Rs50 lakh),illiquid: Rs49 lakh median daily turnover (floor Rs50 lakh)
WEALTH,Wealth First Portfolio Managers Limited,EQ,,940.25,,0.185,0.064,257.0,1911.0,20.0,0,0.0,25,25,2021-01-20,2011.0,False,False,2026-07-24,,,"illiquid: Rs18 lakh median daily turnover (floor Rs50 lakh); only 257 trades/day median — one operator's book, not a market","illiquid: Rs18 lakh median daily turnover (floor Rs50 lakh); only 257 trades/day median — one operator's book, not a market"
WEBELSOLAR,Websol Energy System Limited,EQ,price,99.77,4637.0,15.743,8.939,8902.0,1576787.0,5.0,2,0.08,25,25,2007-05-15,7010.0,True,False,2026-07-24,,LT Stage I,"ASM LT Stage I — surveillance: 100% margin, no intraday, no pledging; 5% circuit band — cannot exit on bad news","ASM LT Stage I — surveillance: 100% margin, no intraday, no pledging; 5% circuit band — cannot exit on bad news"
WEIZMANIND,Weizmann Limited,EQ,price,77.19,,0.019,0.004,74.0,2217.0,20.0,0,0.0,25,25,1995-05-10,11398.0,False,False,2026-07-24,,,"illiquid: Rs2 lakh median daily turnover (floor Rs50 lakh); only 74 trades/day median — one operator's book, not a market","illiquid: Rs2 lakh median daily turnover (floor Rs50 lakh); only 74 trades/day median — one operator's book, not a market"
WEL,Wonder Electricals Limited,EQ,,107.24,1437.0,0.619,0.214,721.0,60545.0,10.0,0,0.0,25,25,2022-01-17,1649.0,False,False,2026-07-24,,,not penny/nano — price >= Rs100 and mcap >= Rs1000 Cr,
WELCORP,Welspun Corp Limited,EQ,,1596.9,42125.0,134.355,38.448,40295.0,843386.0,20.0,0,0.0,25,25,2005-05-24,7731.0,True,False,2026-07-24,,,not penny/nano — price >= Rs100 and mcap >= Rs1000 Cr,
WELENT,Welspun Enterprises Limited,EQ,,598.8,8350.0,13.742,4.13,7477.0,223586.0,20.0,0,0.0,25,25,2004-11-04,7932.0,True,False,2026-07-24,,,not penny/nano — price >= Rs100 and mcap >= Rs1000 Cr,
WELSPLSOL,Welspun Specialty Solutions Limited,EQ,price,51.3,,5.238,1.119,4788.0,885314.0,10.0,0,0.0,25,25,2026-04-20,95.0,False,False,2026-07-24,,,"listed 95d ago — under a year of history, no trend to read","listed 95d ago — under a year of history, no trend to read"
WELSPUNLIV,Welspun Living Limited,EQ,,162.0,15538.0,38.015,12.492,25041.0,2328930.0,20.0,0,0.0,25,25,2003-12-04,8268.0,True,False,2026-07-24,,,not penny/nano — price >= Rs100 and mcap >= Rs1000 Cr,
WENDT,Wendt (India) Limited,EQ,,8074.5,1615.0,3.941,2.061,1583.0,5059.0,20.0,0,0.0,25,25,2006-08-07,7291.0,False,False,2026-07-24,,,not penny/nano — price >= Rs100 and mcap >= Rs1000 Cr,
WESTLIFE,WESTLIFE FOODWORLD LIMITED,EQ,,459.15,7918.0,2.849,0.947,4658.0,56337.0,20.0,0,0.0,25,25,2023-06-05,1145.0,True,False,2026-07-24,,,not penny/nano — price >= Rs100 and mcap >= Rs1000 Cr,
WEWORK,WeWork India Management Limited,EQ,,711.95,10251.0,23.809,6.248,20891.0,358672.0,20.0,0,0.0,25,25,2025-10-10,287.0,True,False,2026-07-24,,,"listed 287d ago — under a year of history, no trend to read","listed 287d ago — under a year of history, no trend to read"
WHEELS,Wheels India Limited,EQ,,1441.7,3523.0,16.187,5.68,10185.0,111504.0,20.0,0,0.0,25,25,2000-04-07,9604.0,False,False,2026-07-24,,,not penny/nano — price >= Rs100 and mcap >= Rs1000 Cr,
WHIRLPOOL,Whirlpool of India Limited,EQ,,771.45,10253.0,15.919,5.516,11513.0,202093.0,20.0,0,0.0,25,25,2010-04-06,5953.0,True,False,2026-07-24,,,not penny/nano — price >= Rs100 and mcap >= Rs1000 Cr,
WILLAMAGOR,Williamson Magor & Company Limited,EQ,price,25.27,,0.002,0.0,31.0,903.0,20.0,0,0.0,25,25,1995-02-08,11489.0,False,False,2026-07-24,0.0,,"GSM stage 0 — exchange surveillance, periodic call auction; illiquid: Rs0 lakh median daily turnover (floor Rs50 lakh); only 31 trades/day median — one operator's book, not a market","GSM stage 0 — exchange surveillance, periodic call auction; illiquid: Rs0 lakh median daily turnover (floor Rs50 lakh); only 31 trades/day median — one operator's book, not a market"
WINDLAS,Windlas Biotech Limited,EQ,,857.95,1770.0,4.078,1.485,2939.0,47726.0,20.0,0,0.0,25,25,2021-08-16,1803.0,False,False,2026-07-24,,,not penny/nano — price >= Rs100 and mcap >= Rs1000 Cr,
WINDMACHIN,Windsor Machines Limited,EQ,,292.2,3023.0,1.416,0.533,1253.0,45200.0,20.0,0,0.0,25,25,2011-08-17,5455.0,False,False,2026-07-24,,,not penny/nano — price >= Rs100 and mcap >= Rs1000 Cr,
WIPL,The Western India Plywoods Limited,EQ,,165.06,,0.045,0.001,81.0,2531.0,20.0,0,0.0,25,25,2017-04-17,3385.0,False,False,2026-07-24,,,"illiquid: Rs4 lakh median daily turnover (floor Rs50 lakh); only 81 trades/day median — one operator's book, not a market","illiquid: Rs4 lakh median daily turnover (floor Rs50 lakh); only 81 trades/day median — one operator's book, not a market"
WIPRO,Wipro Limited,EQ,,177.12,175422.0,286.85,88.131,104034.0,16482564.0,,0,0.0,25,25,1995-11-08,11216.0,False,False,2026-07-24,,,not penny/nano — price >= Rs100 and mcap >= Rs1000 Cr,
WOCKPHARMA,Wockhardt Limited,EQ,,1849.2,30048.0,126.092,56.382,32937.0,640010.0,20.0,0,0.0,25,25,2000-02-23,9648.0,True,False,2026-07-24,,LT Stage I,"ASM LT Stage I — surveillance: 100% margin, no intraday, no pledging","ASM LT Stage I — surveillance: 100% margin, no intraday, no pledging"
WONDERLA,Wonderla Holidays Limited,EQ,,468.75,2974.0,1.906,0.801,2441.0,38344.0,20.0,0,0.0,25,25,2014-05-09,4459.0,False,False,2026-07-24,,,not penny/nano — price >= Rs100 and mcap >= Rs1000 Cr,
WORTHPERI,Worth Peripherals Limited,EQ,,142.83,,0.098,0.018,57.0,6872.0,20.0,0,0.0,25,25,2020-08-04,2180.0,False,False,2026-07-24,,,"illiquid: Rs10 lakh median daily turnover (floor Rs50 lakh); only 57 trades/day median — one operator's book, not a market","illiquid: Rs10 lakh median daily turnover (floor Rs50 lakh); only 57 trades/day median — one operator's book, not a market"
WPIL,WPIL Limited,EQ,,450.45,4400.0,1.858,0.496,1774.0,38958.0,20.0,0,0.0,25,25,2026-04-20,95.0,False,False,2026-07-24,,,"listed 95d ago — under a year of history, no trend to read","listed 95d ago — under a year of history, no trend to read"
WSI,W S Industries (I) Limited,EQ,price,62.31,,0.262,0.058,335.0,39051.0,20.0,0,0.0,25,25,2007-08-01,6932.0,False,False,2026-07-24,,,illiquid: Rs26 lakh median daily turnover (floor Rs50 lakh),illiquid: Rs26 lakh median daily turnover (floor Rs50 lakh)
WSTCSTPAPR,West Coast Paper Mills Limited,EQ,,553.55,3656.0,5.633,2.106,4880.0,103690.0,20.0,0,0.0,25,25,2001-01-17,9319.0,False,False,2026-07-24,,,not penny/nano — price >= Rs100 and mcap >= Rs1000 Cr,
XCHANGING,Xchanging Solutions Limited,EQ,price+mcap,64.04,713.0,0.504,0.25,1146.0,78494.0,20.0,0,0.0,25,25,2005-03-09,7807.0,False,False,2026-07-24,,,,
XELPMOC,Xelpmoc Design And Tech Limited,EQ,price,81.19,,0.063,0.02,290.0,7745.0,20.0,0,0.0,25,25,2019-02-04,2727.0,False,False,2026-07-24,,,"illiquid: Rs6 lakh median daily turnover (floor Rs50 lakh); only 290 trades/day median — one operator's book, not a market","illiquid: Rs6 lakh median daily turnover (floor Rs50 lakh); only 290 trades/day median — one operator's book, not a market"
XPROINDIA,Xpro India Limited,EQ,,1386.2,3253.0,4.731,1.583,3523.0,33458.0,20.0,0,0.0,25,25,2004-04-27,8123.0,False,False,2026-07-24,,,not penny/nano — price >= Rs100 and mcap >= Rs1000 Cr,
XTGLOBAL,Xtglobal Infotech Limited,EQ,price,27.99,,0.122,0.053,410.0,42231.0,20.0,0,0.0,25,25,2024-09-16,676.0,False,False,2026-07-24,,,illiquid: Rs12 lakh median daily turnover (floor Rs50 lakh),illiquid: Rs12 lakh median daily turnover (floor Rs50 lakh)
YASHO,Yasho Industries Limited,EQ,,3072.0,3704.0,6.96,2.899,3334.0,21841.0,20.0,0,0.0,25,25,2023-08-21,1068.0,False,False,2026-07-24,,LT Stage I,"ASM LT Stage I — surveillance: 100% margin, no intraday, no pledging","ASM LT Stage I — surveillance: 100% margin, no intraday, no pledging"
YATHARTH,Yatharth Hospital & Trauma Care Services Limited,EQ,,838.8,8340.0,18.614,8.221,10258.0,223327.0,20.0,0,0.0,25,25,2023-08-07,1082.0,True,False,2026-07-24,,,not penny/nano — price >= Rs100 and mcap >= Rs1000 Cr,
YATRA,Yatra Online Limited,EQ,,107.67,1690.0,12.482,4.104,8347.0,1089740.0,20.0,0,0.0,25,25,2023-09-28,1030.0,False,False,2026-07-24,,,not penny/nano — price >= Rs100 and mcap >= Rs1000 Cr,
YESBANK,Yes Bank Limited,EQ,,22.95,72033.0,179.112,106.442,77964.0,76817417.0,,0,0.0,25,25,2005-07-12,7682.0,True,False,2026-07-24,,,"not penny/nano — too big on both arms: a Rs23 share of a Rs72,033 Cr company (the price arm's ceiling is Rs5,000 Cr — a cheap share is not a small company)",
YUKEN,Yuken India Limited,EQ,mcap,708.25,962.0,0.722,0.136,515.0,9536.0,20.0,0,0.0,25,25,2021-09-02,1786.0,False,False,2026-07-24,,,,
ZAGGLE,Zaggle Prepaid Ocean Services Limited,EQ,,199.97,2863.0,11.904,6.195,8125.0,575647.0,20.0,0,0.0,25,25,2023-09-22,1036.0,True,False,2026-07-24,,,not penny/nano — price >= Rs100 and mcap >= Rs1000 Cr,
ZEEL,Zee Entertainment Enterprises Limited,EQ,,105.46,10094.0,259.56,109.526,66183.0,23255860.0,20.0,0,0.0,25,25,1998-09-09,10180.0,True,False,2026-07-24,,,not penny/nano — price >= Rs100 and mcap >= Rs1000 Cr,
ZEEMEDIA,Zee Media Corporation Limited,EQ,price+mcap,7.97,498.0,0.66,0.181,1298.0,797223.0,10.0,0,0.0,25,25,2007-01-10,7135.0,False,False,2026-07-24,,,,
ZENITHEXPO,Zenith Exports Limited,EQ,,200.17,,0.002,0.0,11.0,121.5,5.0,1,0.042,24,24,1996-07-10,10971.0,False,False,2026-07-24,,,"5% circuit band — cannot exit on bad news; illiquid: Rs0 lakh median daily turnover (floor Rs50 lakh); only 11 trades/day median — one operator's book, not a market","5% circuit band — cannot exit on bad news; illiquid: Rs0 lakh median daily turnover (floor Rs50 lakh); only 11 trades/day median — one operator's book, not a market"
ZENITHSTL,Zenith Steel Pipes & Industries Limited,EQ,price,5.83,,0.03,0.011,174.0,53795.0,10.0,0,0.0,25,25,2007-04-30,7025.0,False,False,2026-07-24,,,"illiquid: Rs3 lakh median daily turnover (floor Rs50 lakh); only 174 trades/day median — one operator's book, not a market","illiquid: Rs3 lakh median daily turnover (floor Rs50 lakh); only 174 trades/day median — one operator's book, not a market"
ZENSARTECH,Zensar Technologies Limited,EQ,,505.9,11743.0,93.55,14.339,35275.0,1809260.0,20.0,0,0.0,25,25,2003-07-09,8416.0,True,False,2026-07-24,,,not penny/nano — price >= Rs100 and mcap >= Rs1000 Cr,
ZENTEC,Zen Technologies Limited,EQ,,1768.7,15970.0,95.97,40.392,29978.0,534467.0,20.0,0,0.0,25,25,2015-03-30,4134.0,True,False,2026-07-24,,,not penny/nano — price >= Rs100 and mcap >= Rs1000 Cr,
ZFCVINDIA,ZF Commercial Vehicle Control Systems India Limited,EQ,,2320.6,27500.0,55.385,9.775,29136.0,183621.0,20.0,1,0.04,25,25,2008-10-01,6505.0,True,False,2026-07-24,,,not penny/nano — price >= Rs100 and mcap >= Rs1000 Cr,
ZFSTEERING,ZF Steering Gear (India) Limited,EQ,,694.15,,0.2,0.043,232.0,2896.0,20.0,0,0.0,25,25,2026-04-20,95.0,False,False,2026-07-24,,,"listed 95d ago — under a year of history, no trend to read; illiquid: Rs20 lakh median daily turnover (floor Rs50 lakh); only 232 trades/day median — one operator's book, not a market","listed 95d ago — under a year of history, no trend to read; illiquid: Rs20 lakh median daily turnover (floor Rs50 lakh); only 232 trades/day median — one operator's book, not a market"
ZODIACLOTH,Zodiac Clothing Company Limited,EQ,price,75.84,,0.047,0.011,177.0,5656.0,20.0,0,0.0,25,25,1995-09-27,11258.0,False,False,2026-07-24,,LT Stage I,"ASM LT Stage I — surveillance: 100% margin, no intraday, no pledging; illiquid: Rs5 lakh median daily turnover (floor Rs50 lakh); only 177 trades/day median — one operator's book, not a market","ASM LT Stage I — surveillance: 100% margin, no intraday, no pledging; illiquid: Rs5 lakh median daily turnover (floor Rs50 lakh); only 177 trades/day median — one operator's book, not a market"
ZOTA,Zota Health Care LImited,EQ,,1258.4,4358.0,8.616,2.847,4203.0,60330.0,20.0,0,0.0,25,25,2019-08-19,2531.0,False,False,2026-07-24,,,not penny/nano — price >= Rs100 and mcap >= Rs1000 Cr,
ZSARACOM,Saraswati Commercial India Limited,EQ,,12364.5,,0.051,0.008,24.0,54.0,10.0,2,0.08,25,25,2026-04-20,95.0,False,False,2026-07-24,,,"listed 95d ago — under a year of history, no trend to read; illiquid: Rs5 lakh median daily turnover (floor Rs50 lakh); only 24 trades/day median — one operator's book, not a market","listed 95d ago — under a year of history, no trend to read; illiquid: Rs5 lakh median daily turnover (floor Rs50 lakh); only 24 trades/day median — one operator's book, not a market"
ZUARI,Zuari Agro Chemicals Limited,EQ,mcap,219.86,925.0,2.339,1.086,2277.0,100602.0,20.0,0,0.0,25,25,2012-11-27,4987.0,False,False,2026-07-24,,,,
ZUARIIND,ZUARI INDUSTRIES LIMITED,EQ,mcap,257.0,765.0,0.722,0.237,982.0,27543.0,20.0,0,0.0,25,25,1995-04-12,11426.0,False,False,2026-07-24,,,,
ZYDUSLIFE,Zydus Lifesciences Limited,EQ,,1108.7,110593.0,130.39,64.527,34184.0,1182386.0,,0,0.0,25,25,2000-04-18,9593.0,False,False,2026-07-24,,,not penny/nano — price >= Rs100 and mcap >= Rs1000 Cr,
ZYDUSWELL,Zydus Wellness Limited,EQ,,563.05,17914.0,26.41,7.33,18085.0,513570.0,20.0,0,0.0,25,25,2009-11-13,6097.0,True,False,2026-07-24,,,not penny/nano — price >= Rs100 and mcap >= Rs1000 Cr,
