symbol,market_cap_cr,current_price,pe,roce_pct,roe_pct,book_value,sales_growth_ttm,sales_growth_3y,sales_growth_5y,profit_growth_ttm,profit_growth_3y,profit_growth_5y,np_latest_q,np_yoy_q,loss_to_profit,opm_latest_q,opm_yoy_q,np_yoy_streak,opm_yoy_streak,sales_latest_q,sales_yoy_q,sales_yoy_pct,sales_yoy_streak,debt_cr,debt_3y_ago_cr,debt_to_equity,cfo_last_cr,equity_cap_now,equity_cap_3y_ago,reserves_now,reserves_3y_ago,shares_out_cr,promoter_pct,promoter_pct_4q_ago,fii_pct,fii_pct_4q_ago,dii_pct,dii_pct_4q_ago,pledge_pct,fetched_at,source
CUPID,37650.0,280.0,274.0,33.9,27.6,3.35,122.0,,19.0,188.0,,30.0,44.0,15.0,False,39.0,28.0,5.0,5.0,155.0,60.0,158.3,5.0,56.0,0.0,0.12,46.0,134.0,13.0,316.0,118.0,134.0,46.24,45.56,4.17,2.58,0.34,0.35,,2026-09-13T09:46:48,https://www.screener.in/company/CUPID/consolidated/
HFCL,35769.0,234.0,62.5,10.8,6.98,32.0,59.0,1.0,2.0,1591.0,1.0,5.0,246.0,-29.0,True,22.0,3.3,3.0,4.0,1915.0,871.0,119.9,3.0,1896.0,936.0,0.39,-378.0,153.0,138.0,4738.0,2970.0,153.0,28.29,30.02,15.74,7.48,10.92,13.57,,2026-09-13T09:46:52,https://www.screener.in/company/HFCL/consolidated/
MTARTECH,22493.0,7312.0,165.0,15.1,12.4,267.0,53.0,15.0,29.0,130.0,-2.0,16.0,50.0,11.0,False,24.0,18.0,3.0,3.0,361.0,157.0,129.9,3.0,377.0,143.0,0.46,197.0,31.0,31.0,792.0,589.0,3.1,29.35,31.41,24.8,9.21,22.35,24.81,,2026-09-13T09:46:55,https://www.screener.in/company/MTARTECH/consolidated/
SKYGOLD,12814.0,827.0,38.2,27.0,29.2,77.4,81.0,76.0,,116.0,145.0,,105.0,44.0,False,8.0,6.0,9.0,8.0,2013.0,1131.0,78.0,9.0,869.0,146.0,0.72,-45.0,155.0,11.0,1044.0,87.0,15.5,51.74,51.74,2.79,0.55,14.2,9.02,,2026-09-13T09:46:58,https://www.screener.in/company/SKYGOLD/consolidated/
DIACABS,22072.0,369.0,112.0,26.5,,-11.5,93.0,,,417.0,,,58.0,16.0,False,11.0,10.0,4.0,4.0,690.0,302.0,128.5,9.0,2536.0,1606.0,,-80.0,53.0,270.0,-657.0,385.0,53.0,74.04,84.02,4.56,0.44,10.94,0.1,,2026-09-13T09:47:02,https://www.screener.in/company/DIACABS/consolidated/
CPPLUS,45256.0,3826.0,94.8,28.6,25.4,159.0,52.0,23.0,30.0,215.0,48.0,66.0,142.0,33.0,False,15.0,8.0,3.0,5.0,1402.0,740.0,89.5,5.0,256.0,427.0,0.14,13.0,12.0,2.0,1865.0,310.0,12.0,74.71,77.12,6.35,4.44,13.61,10.06,,2026-09-13T09:47:05,https://www.screener.in/company/CPPLUS/consolidated/
AVALON,15130.0,2264.0,113.0,19.3,16.5,108.0,44.0,19.0,18.0,67.0,28.0,39.0,35.0,14.0,False,12.0,9.0,8.0,1.0,484.0,323.0,49.8,8.0,213.0,342.0,0.3,57.0,13.0,12.0,708.0,525.0,6.5,44.39,44.46,7.81,10.04,24.72,22.84,,2026-09-13T09:47:08,https://www.screener.in/company/AVALON/consolidated/
SBCL,6262.0,1087.0,58.7,26.6,21.8,83.6,19.0,7.0,23.0,30.0,7.0,31.0,33.0,23.0,False,24.0,23.0,5.0,1.0,182.0,137.0,32.8,6.0,71.0,59.0,0.15,55.0,12.0,12.0,470.0,254.0,6.0,33.61,33.18,2.04,3.03,14.54,20.2,,2026-09-13T09:47:12,https://www.screener.in/company/SBCL/consolidated/
SHREEJISPG,11270.0,692.0,70.5,26.4,27.5,47.2,23.0,-5.0,,21.0,10.0,,44.0,37.0,False,30.0,37.0,1.0,0.0,209.0,161.0,29.8,5.0,278.0,175.0,0.36,191.0,163.0,0.1,606.0,256.0,16.3,90.0,90.0,0.46,0.45,1.08,2.08,,2026-09-13T09:47:15,https://www.screener.in/company/SHREEJISPG/consolidated/
BLSE,2842.0,313.0,48.9,16.4,10.7,57.5,71.0,66.0,77.0,5.0,38.0,76.0,19.0,18.0,False,7.0,7.0,9.0,0.0,304.0,244.0,24.6,7.0,6.0,5.0,0.01,51.0,91.0,67.0,432.0,40.0,9.1,71.87,68.89,0.64,0.21,0.02,0.0,,2026-09-13T09:47:18,https://www.screener.in/company/BLSE/consolidated/
PARAS,11569.0,1436.0,125.0,17.2,12.4,90.0,37.0,29.0,27.0,46.0,33.0,40.0,21.0,14.0,False,25.0,23.0,4.0,1.0,128.0,93.0,37.6,9.0,27.0,15.0,0.04,25.0,40.0,39.0,685.0,374.0,8.0,53.2,53.2,8.29,5.7,3.04,1.46,,2026-09-13T09:47:22,https://www.screener.in/company/PARAS/consolidated/
UNIPARTS,4053.0,897.0,22.2,21.6,18.3,193.0,27.0,-5.0,5.0,88.0,-8.0,12.0,57.0,34.0,False,24.0,19.0,5.0,5.0,347.0,274.0,26.6,5.0,155.0,61.0,0.18,174.0,45.0,45.0,825.0,786.0,4.5,65.87,65.89,3.38,1.99,4.94,4.78,,2026-09-13T09:47:25,https://www.screener.in/company/UNIPARTS/consolidated/
AEGISLOG,47511.0,1354.0,38.0,13.3,16.3,173.0,30.0,-1.0,17.0,89.0,24.0,31.0,545.0,175.0,False,30.0,14.0,9.0,1.0,2357.0,1719.0,37.1,5.0,4150.0,1924.0,0.69,2028.0,35.0,35.0,6020.0,3497.0,35.0,58.1,58.1,19.54,16.88,3.6,6.25,,2026-09-12T08:30:42,https://www.screener.in/company/AEGISLOG/consolidated/
SYRMA,30647.0,1589.0,82.5,16.8,14.0,148.0,53.0,33.0,40.0,84.0,39.0,36.0,106.0,50.0,False,10.0,9.0,8.0,1.0,1589.0,944.0,68.3,4.0,400.0,375.0,0.14,290.0,193.0,177.0,2670.0,1364.0,19.3,42.28,42.98,7.51,7.02,15.9,16.38,,2026-09-12T08:31:40,https://www.screener.in/company/SYRMA/consolidated/
SENORES,6757.0,1467.0,53.5,15.1,13.4,203.0,51.0,162.0,,87.0,139.0,,30.0,21.0,False,30.0,25.0,7.0,4.0,180.0,138.0,30.4,7.0,342.0,63.0,0.37,62.0,46.0,10.0,888.0,36.0,4.6,45.82,45.8,6.62,4.28,9.77,8.62,,2026-09-13T09:47:28,https://www.screener.in/company/SENORES/consolidated/
INDOBORAX,1555.0,485.0,31.8,15.4,10.1,120.0,30.0,-1.0,8.0,27.0,-9.0,1.0,16.0,10.0,False,28.0,23.0,2.0,1.0,70.0,54.0,29.6,6.0,1.0,0.0,0.0,87.0,3.0,3.0,383.0,252.0,3.0,38.41,50.79,0.13,0.53,0.04,0.02,100.0,2026-09-13T09:47:32,https://www.screener.in/company/INDOBORAX/consolidated/
APARINDS,73277.0,17500.0,60.8,31.8,20.3,1343.0,24.0,17.0,29.0,37.0,16.0,44.0,467.0,263.0,False,11.0,9.0,6.0,1.0,6591.0,5104.0,29.1,9.0,956.0,376.0,0.18,968.0,40.0,38.0,5353.0,2198.0,4.0,55.42,57.77,11.36,9.35,24.88,23.2,,2026-09-13T09:47:35,https://www.screener.in/company/APARINDS/consolidated/
SPORTKING,2729.0,215.0,16.9,13.2,12.1,81.7,6.0,4.0,14.0,37.0,-8.0,4.0,76.0,34.0,False,19.0,12.0,1.0,2.0,704.0,586.0,20.1,3.0,549.0,552.0,0.53,292.0,13.0,13.0,1026.0,809.0,13.0,74.36,74.36,0.36,0.01,0.0,0.0,,2026-09-13T09:47:40,https://www.screener.in/company/SPORTKING/
BALAMINES,7376.0,2276.0,36.1,11.0,8.74,610.0,11.0,-15.0,2.0,34.0,-20.0,-7.0,78.0,37.0,False,25.0,15.0,2.0,4.0,456.0,358.0,27.4,3.0,133.0,58.0,0.07,184.0,6.0,6.0,1970.0,1548.0,3.0,54.56,54.59,3.17,4.53,1.58,1.52,,2026-09-13T09:47:43,https://www.screener.in/company/BALAMINES/consolidated/
SOTL,4911.0,716.0,11.9,13.4,8.26,265.0,26.0,6.0,17.0,222.0,-13.0,-9.0,288.0,56.0,False,25.0,6.0,5.0,6.0,1480.0,989.0,49.6,6.0,2.0,0.0,0.0,137.0,14.0,14.0,1801.0,1435.0,7.0,68.93,68.91,1.02,0.83,13.18,13.1,,2026-09-13T09:47:47,https://www.screener.in/company/SOTL/consolidated/
EBGNG,7749.0,680.0,54.4,20.3,26.8,66.5,36.0,42.0,41.0,89.0,59.0,78.0,29.0,19.0,False,12.0,10.0,5.0,4.0,412.0,312.0,32.1,5.0,433.0,149.0,0.57,-215.0,23.0,0.04,735.0,111.0,11.5,74.78,78.71,5.27,3.42,6.82,4.62,,2026-09-13T09:47:50,https://www.screener.in/company/EBGNG/consolidated/
INOXINDIA,20391.0,2247.0,79.3,33.5,26.1,123.0,20.0,18.0,22.0,12.0,19.0,22.0,58.0,61.0,False,20.0,22.0,0.0,0.0,371.0,340.0,9.1,8.0,81.0,9.0,0.07,117.0,18.0,18.0,1099.0,531.0,9.0,74.86,75.0,6.86,7.12,7.67,6.7,,2026-09-13T09:47:53,https://www.screener.in/company/INOXINDIA/consolidated/
AETHER,22228.0,1675.0,92.6,11.9,9.66,185.0,34.0,21.0,,30.0,20.0,,63.0,47.0,False,31.0,32.0,7.0,0.0,327.0,257.0,27.2,9.0,458.0,16.0,0.19,142.0,133.0,125.0,2323.0,1120.0,13.3,74.92,74.99,7.42,4.64,10.49,12.97,,2026-09-13T09:47:57,https://www.screener.in/company/AETHER/consolidated/
MARKSANS,14927.0,329.0,28.9,18.8,15.2,66.7,20.0,17.0,16.0,48.0,16.0,12.0,159.0,58.0,False,25.0,16.0,4.0,3.0,841.0,620.0,35.6,9.0,343.0,123.0,0.11,458.0,45.0,45.0,2978.0,1700.0,45.0,43.87,43.87,17.47,16.92,6.19,5.28,,2026-09-13T09:48:00,https://www.screener.in/company/MARKSANS/consolidated/
NITINSPIN,3660.0,651.0,17.3,12.2,12.8,262.0,0.0,10.0,15.0,22.0,3.0,21.0,75.0,41.0,False,18.0,14.0,2.0,2.0,875.0,793.0,10.3,2.0,1124.0,980.0,0.76,411.0,56.0,56.0,1415.0,973.0,5.6,56.71,56.62,1.92,0.89,14.68,15.69,,2026-09-13T09:48:05,https://www.screener.in/company/NITINSPIN/
ACUTAAS,27703.0,3384.0,71.7,31.6,24.0,202.0,41.0,30.0,32.0,104.0,62.0,46.0,75.0,44.0,False,34.0,25.0,8.0,8.0,330.0,207.0,59.4,9.0,36.0,4.0,0.02,292.0,41.0,36.0,1613.0,558.0,8.2,32.66,32.66,21.61,16.84,19.55,22.59,,2026-09-12T08:30:32,https://www.screener.in/company/ACUTAAS/consolidated/
PRECWIRE,8456.0,463.0,499.0,16.9,8.88,11.2,-4.0,,,68.0,,,,,False,,,,,,,,,28.0,,0.14,45.0,12.0,,183.0,,12.0,56.61,57.48,2.47,0.75,0.15,0.01,,2026-09-13T09:48:08,https://www.screener.in/company/PRECWIRE/consolidated/
BHEL,150077.0,431.0,61.7,9.14,6.23,75.1,27.0,13.0,14.0,739.0,36.0,21.0,377.0,-456.0,True,7.0,-10.0,4.0,4.0,7698.0,5487.0,40.3,9.0,8187.0,5454.0,0.31,5837.0,696.0,696.0,25450.0,23682.0,348.0,58.17,63.17,9.52,6.23,22.35,18.62,,2026-09-13T09:48:12,https://www.screener.in/company/BHEL/consolidated/
ARVIND,15645.0,575.0,35.7,14.7,10.8,154.0,15.0,4.0,13.0,19.0,6.0,134.0,58.0,55.0,False,10.0,9.0,2.0,2.0,2501.0,2006.0,24.7,8.0,1660.0,1517.0,0.41,867.0,262.0,262.0,3782.0,3084.0,26.2,38.09,39.53,15.88,16.51,22.78,19.3,,2026-09-13T09:48:15,https://www.screener.in/company/ARVIND/consolidated/
IDEA,162190.0,15.0,,-1.72,,-3.3,3.0,2.0,1.0,17.0,6.0,0.0,-3754.0,-6608.0,False,43.0,42.0,4.0,3.0,11689.0,11022.0,6.1,8.0,192528.0,237766.0,,19411.0,108343.0,48680.0,-144101.0,-123039.0,10834.3,25.64,25.57,6.17,5.99,6.05,4.74,,2026-09-13T09:48:19,https://www.screener.in/company/IDEA/consolidated/
MBAPL,7048.0,161.0,45.5,19.3,31.3,12.6,48.0,24.0,59.0,109.0,6.0,49.0,33.0,28.0,False,16.0,14.0,7.0,1.0,416.0,410.0,1.5,7.0,856.0,323.0,1.56,-127.0,88.0,44.0,462.0,285.0,44.0,74.76,74.63,0.67,0.43,0.01,0.0,,2026-09-13T09:48:24,https://www.screener.in/company/MBAPL/
ICIL,8779.0,443.0,58.2,8.19,5.52,119.0,5.0,11.0,10.0,-29.0,-23.0,-13.0,63.0,39.0,False,12.0,12.0,2.0,0.0,1207.0,959.0,25.9,2.0,1342.0,876.0,0.57,573.0,40.0,40.0,2316.0,1753.0,20.0,58.74,58.74,10.14,9.98,5.82,5.31,,2026-09-13T09:48:27,https://www.screener.in/company/ICIL/consolidated/
AZAD,18400.0,2849.0,132.0,11.9,9.09,237.0,29.0,34.0,37.0,39.0,150.0,63.0,35.0,29.0,False,37.0,36.0,9.0,3.0,173.0,137.0,26.3,9.0,474.0,301.0,0.31,-119.0,13.0,2.0,1516.0,202.0,6.5,55.84,55.42,13.3,15.76,10.32,9.84,,2026-09-13T09:48:31,https://www.screener.in/company/AZAD/consolidated/
NEULANDLAB,30195.0,23535.0,60.7,26.5,21.2,1461.0,78.0,19.0,17.0,278.0,30.0,39.0,148.0,14.0,False,35.0,12.0,2.0,2.0,642.0,293.0,119.1,4.0,301.0,128.0,0.16,347.0,13.0,13.0,1862.0,981.0,1.3,32.62,32.64,21.08,20.6,16.52,13.55,,2026-09-13T09:48:34,https://www.screener.in/company/NEULANDLAB/consolidated/
WABAG,14235.0,2278.0,35.7,21.3,15.9,412.0,20.0,10.0,7.0,30.0,93.0,28.0,90.0,66.0,False,9.0,13.0,9.0,0.0,887.0,734.0,20.8,9.0,228.0,219.0,0.09,207.0,12.0,12.0,2556.0,1562.0,6.0,19.08,19.1,18.25,18.4,6.33,4.47,,2026-09-13T09:48:37,https://www.screener.in/company/WABAG/consolidated/
KRN,10431.0,1594.0,108.0,16.1,14.3,92.4,64.0,,,82.0,,,33.0,12.0,False,19.0,15.0,4.0,3.0,252.0,115.0,119.1,8.0,187.0,,0.33,-114.0,62.0,,512.0,,6.2,65.69,70.79,8.86,5.46,8.33,6.21,,2026-09-13T09:48:41,https://www.screener.in/company/KRN/consolidated/
JINDALSAW,19949.0,312.0,30.5,10.4,8.2,197.0,-9.0,0.0,11.0,-62.0,14.0,25.0,91.0,415.0,False,9.0,16.0,0.0,0.0,4452.0,4085.0,9.0,1.0,4691.0,4961.0,0.37,1771.0,64.0,64.0,12510.0,7857.0,64.0,63.25,63.25,13.08,15.35,8.36,4.35,,2026-09-13T09:48:44,https://www.screener.in/company/JINDALSAW/consolidated/
GHCLTEXTIL,1250.0,131.0,13.0,5.75,4.34,157.0,28.0,,,67.0,1755.0,477.0,39.0,14.0,False,17.0,11.0,3.0,1.0,409.0,268.0,52.6,4.0,134.0,0.0,0.09,5.0,19.0,0.01,1483.0,-0.0,9.5,19.2,19.16,13.24,15.68,1.09,5.87,,2026-09-13T09:48:49,https://www.screener.in/company/GHCLTEXTIL/
PGIL,10972.0,1188.0,35.0,19.9,21.0,158.0,14.0,17.0,28.0,24.0,25.0,101.0,99.0,66.0,False,11.0,9.0,9.0,1.0,1528.0,1228.0,24.4,9.0,943.0,558.0,0.65,398.0,23.0,22.0,1437.0,701.0,4.6,61.11,62.75,6.82,6.5,19.16,14.02,,2026-09-13T09:48:52,https://www.screener.in/company/PGIL/consolidated/
TMB,14424.0,911.0,9.99,7.51,14.0,667.0,13.0,13.0,10.0,20.0,9.0,17.0,412.0,305.0,False,19.0,12.0,9.0,4.0,,,,,,,,-101.0,158.0,158.0,9952.0,6770.0,15.8,,,6.73,4.65,1.96,2.41,,2026-09-13T09:48:57,https://www.screener.in/company/TMB/
RAIN,7264.0,216.0,13.5,8.26,0.6,238.0,17.0,-7.0,10.0,229.0,-69.0,-40.0,341.0,83.0,False,19.0,14.0,7.0,7.0,5167.0,4401.0,17.4,6.0,10795.0,8690.0,1.35,897.0,67.0,67.0,7927.0,7275.0,33.5,41.35,41.19,8.02,10.4,2.67,4.62,,2026-09-13T09:49:00,https://www.screener.in/company/RAIN/consolidated/
EMIL,7248.0,188.0,37.0,8.17,6.24,42.3,20.0,10.0,18.0,78.0,-7.0,11.0,121.0,22.0,False,10.0,6.0,2.0,2.0,2419.0,1739.0,39.1,4.0,1997.0,1432.0,1.23,444.0,385.0,385.0,1241.0,800.0,38.5,65.17,65.17,4.77,6.86,20.89,17.9,,2026-09-13T09:49:04,https://www.screener.in/company/EMIL/consolidated/
KRISHANA,5554.0,180.0,28.2,27.2,38.2,18.1,73.0,96.0,67.0,95.0,89.0,56.0,47.0,31.0,False,17.0,17.0,7.0,0.0,532.0,396.0,34.3,9.0,733.0,276.0,1.31,-191.0,62.0,31.0,499.0,231.0,31.0,72.93,71.96,0.37,0.6,0.03,0.0,,2026-09-13T09:49:09,https://www.screener.in/company/KRISHANA/
APOLLO,15024.0,404.0,124.0,14.5,11.8,36.8,69.0,45.0,35.0,83.0,76.0,62.0,25.0,18.0,False,21.0,31.0,9.0,0.0,251.0,134.0,87.3,9.0,543.0,144.0,0.41,-130.0,36.0,21.0,1277.0,363.0,36.0,49.98,50.33,7.59,8.94,1.71,1.45,30.5,2026-09-07T15:59:10,https://www.screener.in/company/APOLLO/consolidated/
QPOWER,11047.0,1426.0,82.9,31.5,25.1,70.0,122.0,55.0,,90.0,81.0,,47.0,37.0,False,18.0,18.0,7.0,0.0,233.0,177.0,31.6,6.0,40.0,11.0,0.07,80.0,77.0,0.15,465.0,112.0,7.7,73.91,73.91,3.37,2.13,6.45,5.92,,2026-09-13T09:49:12,https://www.screener.in/company/QPOWER/consolidated/
PANAMAPET,2923.0,483.0,6.1,19.2,15.6,243.0,46.0,11.0,16.0,167.0,-3.0,9.0,309.0,43.0,False,22.0,8.0,2.0,2.0,1735.0,693.0,150.4,5.0,111.0,0.0,0.08,-69.0,12.0,12.0,1457.0,940.0,6.0,63.16,62.51,11.72,12.02,0.67,0.47,,2026-09-13T09:49:15,https://www.screener.in/company/PANAMAPET/consolidated/
SAILIFE,33664.0,1585.0,91.6,19.6,15.4,117.0,18.0,22.0,24.0,51.0,227.0,42.0,73.0,60.0,False,27.0,24.0,7.0,5.0,554.0,496.0,11.7,7.0,288.0,933.0,0.12,509.0,21.0,18.0,2463.0,870.0,21.0,34.53,34.95,19.65,22.5,32.71,29.92,,2026-09-13T09:49:19,https://www.screener.in/company/SAILIFE/consolidated/
BLUESTONE,13603.0,890.0,242.0,6.78,1.11,118.0,40.0,,,129.0,,,5.96,-34.75,True,14.5,11.11,5.0,5.0,736.85,492.68,49.6,5.0,1984.0,,1.1,-199.0,15.0,,1785.0,,15.0,16.25,16.36,34.69,35.24,32.48,32.49,37.2,2026-09-13T09:49:22,https://www.screener.in/company/BLUESTONE/consolidated/
ROSSTECH,4577.0,1214.0,173.0,11.5,15.7,41.1,83.0,,,74.0,,,7.14,3.3,False,14.36,12.59,7.0,1.0,154.46,87.22,77.1,7.0,409.0,,2.64,-83.0,8.0,,147.0,,4.0,74.8,74.8,1.68,1.5,0.78,2.42,,2026-09-13T09:49:25,https://www.screener.in/company/ROSSTECH/consolidated/
KOPRAN,1136.0,235.0,45.5,6.65,4.91,110.0,12.0,7.0,7.0,-28.0,-2.0,-16.0,6.7,7.45,False,10.27,10.45,0.0,0.0,153.99,135.22,13.9,3.0,153.0,75.0,0.29,67.0,48.0,48.0,482.0,391.0,4.8,44.43,44.43,0.51,0.6,0.0,0.0,,2026-09-13T09:49:29,https://www.screener.in/company/KOPRAN/consolidated/
VARROC,13323.0,872.0,46.7,19.0,15.1,117.0,15.0,9.0,15.0,51.0,32.0,19.0,78.0,107.0,False,8.0,10.0,0.0,0.0,2634.0,2028.0,29.9,9.0,925.0,1806.0,0.52,537.0,15.0,15.0,1765.0,961.0,15.0,75.0,75.0,4.29,4.3,11.18,12.75,,2026-09-13T09:49:32,https://www.screener.in/company/VARROC/consolidated/
NETWEB,29884.0,5027.0,115.0,37.5,32.8,127.0,108.0,70.0,73.0,102.0,64.0,90.0,85.0,30.0,False,15.0,15.0,9.0,0.0,820.0,301.0,172.4,9.0,282.0,36.0,0.39,790.0,11.0,10.0,712.0,83.0,5.5,66.98,71.0,9.27,10.82,5.91,3.57,,2026-09-13T09:49:37,https://www.screener.in/company/NETWEB/
HIRECT,4416.0,1245.0,113.0,18.8,25.2,60.7,42.0,,,-9.0,,,6.5,12.77,False,5.12,11.28,0.0,0.0,258.45,214.77,20.3,7.0,245.0,,1.17,86.0,7.0,,202.0,,3.5,42.58,43.93,6.84,6.21,3.22,0.13,,2026-09-13T09:49:40,https://www.screener.in/company/HIRECT/consolidated/
TALBROAUTO,2616.0,424.0,23.4,18.4,14.9,120.0,9.0,10.0,14.0,17.0,23.0,33.0,30.0,22.0,False,16.0,15.0,3.0,1.0,238.0,207.0,15.0,3.0,84.0,87.0,0.11,85.0,12.0,12.0,731.0,355.0,6.0,58.43,58.43,1.27,0.72,0.18,0.02,,2026-09-13T09:49:44,https://www.screener.in/company/TALBROAUTO/consolidated/
GLAND,48208.0,2922.0,42.1,15.1,10.7,629.0,18.0,21.0,13.0,49.0,8.0,1.0,317.0,215.0,False,27.0,24.0,5.0,2.0,1800.0,1506.0,19.5,5.0,284.0,4.0,0.03,1031.0,16.0,16.0,10341.0,7942.0,16.0,51.77,51.83,8.74,7.9,30.44,32.63,,2026-09-12T08:30:52,https://www.screener.in/company/GLAND/consolidated/
KDDL,4774.0,3882.0,48.7,11.7,8.9,878.0,32.0,24.0,31.0,0.0,18.0,74.0,45.0,30.0,False,15.0,15.0,2.0,0.0,634.0,465.0,36.3,9.0,512.0,246.0,0.47,144.0,12.0,13.0,1068.0,444.0,1.2,50.15,50.44,7.98,8.3,2.16,1.71,,2026-09-13T09:49:47,https://www.screener.in/company/KDDL/consolidated/
DIVGIITTS,3634.0,1188.0,57.5,10.2,7.59,208.0,77.0,9.0,14.0,131.0,-3.0,4.0,25.0,9.0,False,27.0,20.0,5.0,3.0,137.0,72.0,90.3,5.0,2.0,3.0,0.0,41.0,15.0,15.0,620.0,536.0,3.0,60.56,60.56,1.86,1.81,26.16,25.93,,2026-09-13T09:49:52,https://www.screener.in/company/DIVGIITTS/
INDNIPPON,3074.0,1359.0,33.7,17.0,11.9,363.0,26.0,18.0,17.0,11.0,24.0,18.0,40.0,27.0,False,12.0,12.0,9.0,0.0,299.0,234.0,27.8,9.0,2.0,4.0,0.0,40.0,11.0,11.0,810.0,549.0,2.2,70.37,70.37,0.33,0.37,0.22,0.0,,2026-09-13T09:49:55,https://www.screener.in/company/INDNIPPON/consolidated/
GRANULES,22532.0,909.0,34.7,15.5,13.8,205.0,25.0,6.0,11.0,36.0,5.0,2.0,180.0,113.0,False,23.0,20.0,4.0,3.0,1477.0,1210.0,22.1,6.0,1512.0,1136.0,0.3,793.0,25.0,24.0,5060.0,2811.0,25.0,38.01,38.81,17.5,14.09,16.11,17.91,,2026-09-13T09:49:59,https://www.screener.in/company/GRANULES/consolidated/
MMFL,3050.0,632.0,27.1,8.97,10.5,202.0,10.0,3.0,16.0,1.0,-8.0,17.0,90.0,19.0,False,18.0,18.0,2.0,0.0,420.0,362.0,16.0,3.0,1235.0,756.0,1.27,228.0,48.0,24.0,927.0,649.0,4.8,56.33,56.33,2.44,1.76,7.49,8.31,,2026-09-13T09:50:02,https://www.screener.in/company/MMFL/consolidated/
SONACOMS,49181.0,788.0,67.6,14.2,11.3,96.2,40.0,19.0,23.0,20.0,18.0,24.0,179.0,122.0,False,23.0,24.0,2.0,0.0,1301.0,854.0,52.3,4.0,442.0,295.0,0.07,659.0,622.0,585.0,5361.0,1705.0,62.2,28.01,28.02,23.61,23.47,41.6,40.13,,2026-09-13T09:50:06,https://www.screener.in/company/SONACOMS/consolidated/
SHAILY,15084.0,3280.0,85.3,29.3,26.9,156.0,20.0,18.0,,51.0,69.0,,48.0,41.0,False,30.0,28.0,9.0,9.0,281.0,247.0,13.8,9.0,177.0,188.0,0.25,226.0,9.0,9.0,707.0,392.0,4.5,41.09,43.72,18.18,11.3,14.84,13.71,,2026-09-13T09:50:09,https://www.screener.in/company/SHAILY/consolidated/
MSTCLTD,5199.0,739.0,22.2,30.3,26.6,128.0,21.0,-20.0,-14.0,8.0,-3.0,14.0,58.0,42.0,False,61.0,56.0,2.0,2.0,94.0,77.0,22.1,5.0,145.0,145.0,0.16,-28.0,70.0,70.0,834.0,716.0,7.0,64.75,64.75,4.91,4.06,1.29,1.22,,2026-09-13T09:50:13,https://www.screener.in/company/MSTCLTD/consolidated/
DATAPATTNS,27036.0,4829.0,100.0,21.9,15.2,310.0,34.0,27.0,33.0,26.0,26.0,35.0,22.0,26.0,False,27.0,32.0,0.0,0.0,116.0,99.0,17.2,1.0,5.0,2.0,0.0,80.0,11.0,11.0,1725.0,1156.0,5.5,42.41,42.41,12.5,11.4,11.98,9.79,,2026-09-13T09:50:17,https://www.screener.in/company/DATAPATTNS/
ADOR,2791.0,1604.0,24.1,22.8,15.8,319.0,8.0,,21.0,168.0,,40.0,28.0,-4.0,True,12.0,-1.8,4.0,4.0,309.0,252.0,22.6,4.0,3.0,2.0,0.01,116.0,17.0,14.0,537.0,268.0,1.7,53.76,53.73,1.05,0.09,10.47,12.44,,2026-09-13T09:50:21,https://www.screener.in/company/ADOR/consolidated/
RML,3759.0,1360.0,31.1,14.0,15.4,272.0,16.0,18.0,25.0,188.0,47.0,30.0,30.0,19.0,False,8.0,8.0,5.0,0.0,1042.0,881.0,18.3,9.0,752.0,668.0,1.0,219.0,28.0,16.0,723.0,225.0,2.8,70.45,70.45,0.33,0.04,0.79,1.04,,2026-09-13T09:50:24,https://www.screener.in/company/RML/consolidated/
CRAFTSMAN,30520.0,11669.0,65.2,13.9,12.5,1368.0,38.0,36.0,39.0,103.0,16.0,32.0,151.0,70.0,False,16.0,15.0,5.0,3.0,2432.0,1784.0,36.3,9.0,3623.0,1240.0,1.11,522.0,12.0,11.0,3252.0,1366.0,2.4,42.41,48.7,17.28,15.44,32.9,24.37,,2026-09-12T08:30:47,https://www.screener.in/company/CRAFTSMAN/consolidated/
KTKBANK,12311.0,325.0,8.56,6.06,10.4,350.0,0.0,7.0,7.0,23.0,4.0,22.0,419.0,292.0,False,8.0,-0.0,3.0,2.0,,,,,,,,1100.0,378.0,312.0,12846.0,7900.0,37.8,,,13.1,14.6,15.75,16.11,,2026-09-13T09:50:28,https://www.screener.in/company/KTKBANK/consolidated/
MCX,83535.0,3276.0,54.2,71.4,56.3,112.0,110.0,65.0,43.0,136.0,108.0,49.0,413.0,203.0,False,70.0,65.0,9.0,5.0,702.0,373.0,88.2,9.0,5.0,2.0,0.0,3035.0,51.0,51.0,2797.0,1428.0,25.5,,,29.85,19.0,50.8,60.5,,2026-09-13T09:50:31,https://www.screener.in/company/MCX/consolidated/
ACMESOLAR,28438.0,402.0,47.8,8.89,10.4,83.5,48.0,16.0,4.0,45.0,149.0,51.0,235.0,131.0,False,86.0,90.0,5.0,0.0,858.0,511.0,67.9,7.0,19896.0,9014.0,3.93,1249.0,121.0,104.0,4940.0,1796.0,60.5,71.4,83.41,4.39,5.57,19.1,6.39,,2026-09-13T09:50:35,https://www.screener.in/company/ACMESOLAR/consolidated/
QUESS,5199.0,348.0,20.1,24.0,21.3,78.1,5.0,-4.0,7.0,22.0,9.0,39.0,82.0,51.0,False,2.0,1.9,5.0,6.0,4182.0,3651.0,14.5,2.0,124.0,1011.0,0.11,230.0,149.0,148.0,1017.0,2421.0,14.9,56.82,56.92,8.58,14.11,11.86,9.77,,2026-09-13T09:50:38,https://www.screener.in/company/QUESS/consolidated/
HONASA,15361.0,471.0,60.8,19.2,15.7,43.4,21.0,17.0,39.0,242.0,118.0,17.0,90.0,41.0,False,15.0,8.0,5.0,4.0,756.0,595.0,27.1,7.0,135.0,1885.0,0.1,141.0,325.0,136.0,1086.0,-1323.0,32.5,35.47,34.97,13.64,15.5,21.58,19.15,,2026-09-13T09:50:42,https://www.screener.in/company/HONASA/consolidated/
NEOGEN,6498.0,2373.0,183.0,6.46,3.58,309.0,18.0,8.0,21.0,-12.0,-17.0,-2.0,17.0,10.0,False,19.0,17.0,2.0,1.0,250.0,187.0,33.7,9.0,1395.0,370.0,1.71,-231.0,26.0,25.0,790.0,458.0,2.6,53.0,51.22,4.11,5.15,19.6,25.22,,2026-09-13T09:50:45,https://www.screener.in/company/NEOGEN/consolidated/
OFSS,102436.0,11763.0,30.0,45.3,32.6,899.0,29.0,10.0,9.0,42.0,13.0,8.0,1416.0,642.0,False,60.0,46.0,3.0,2.0,3125.0,1852.0,68.7,6.0,32.0,69.0,0.0,2638.0,44.0,43.0,7783.0,7416.0,8.8,72.41,72.53,9.7,8.66,8.79,8.45,,2026-09-13T09:50:48,https://www.screener.in/company/OFSS/consolidated/
AKUMS,12219.0,776.0,40.0,14.9,8.45,211.0,9.0,6.0,10.0,-7.0,29.0,16.0,101.0,65.0,False,15.0,13.0,1.0,3.0,1167.0,1024.0,14.0,3.0,157.0,619.0,0.05,1181.0,31.0,29.0,3283.0,689.0,15.5,75.26,75.26,1.91,2.27,13.44,9.28,,2026-09-13T09:50:52,https://www.screener.in/company/AKUMS/consolidated/
APCOTEXIND,3117.0,601.0,83.1,19.8,24.4,38.2,-17.0,,,62.0,,,3.56,5.33,False,5.0,14.05,0.0,0.0,92.46,67.84,36.3,3.0,32.0,,0.16,-18.0,10.0,,187.0,,5.0,58.23,58.23,0.69,0.59,1.91,2.19,,2026-09-13T09:50:55,https://www.screener.in/company/APCOTEXIND/consolidated/
WOCKPHARMA,35414.0,2179.0,88.8,7.55,6.11,304.0,18.0,8.0,4.0,983.0,43.0,-19.0,107.0,-108.0,True,21.0,10.0,4.0,4.0,929.0,738.0,25.9,3.0,2233.0,2184.0,0.45,390.0,81.0,72.0,4859.0,3282.0,16.2,49.09,49.09,7.23,7.1,9.24,11.0,,2026-09-13T09:50:58,https://www.screener.in/company/WOCKPHARMA/consolidated/
GOCLCORP,2189.0,442.0,8.19,6.98,56.0,634.0,-26.0,-78.0,-53.0,136.0,221.0,76.0,40.0,1223.0,False,-122.0,-177.0,0.0,1.0,4.0,3.0,33.3,1.0,1.0,1767.0,0.0,-34.0,10.0,10.0,3133.0,1400.0,5.0,67.82,67.82,5.34,5.12,1.34,1.27,,2026-09-13T09:51:02,https://www.screener.in/company/GOCLCORP/consolidated/
IFCI,22172.0,82.3,124.0,4.9,1.97,33.2,5.0,7.0,0.0,-44.0,41.0,16.0,60.0,62.0,False,26.0,22.0,0.0,1.0,,,,,,,,280.0,2694.0,2196.0,6250.0,1571.0,269.4,72.57,72.57,3.5,2.6,1.66,1.62,,2026-09-12T08:31:04,https://www.screener.in/company/IFCI/consolidated/
LUMAXTECH,13589.0,1994.0,41.0,21.2,26.4,178.0,33.0,38.0,34.0,77.0,43.0,44.0,99.0,54.0,False,14.0,12.0,9.0,1.0,1364.0,1026.0,32.9,9.0,1231.0,664.0,1.02,460.0,14.0,14.0,1197.0,648.0,7.0,55.98,55.98,8.7,7.33,16.53,16.59,,2026-09-13T09:51:05,https://www.screener.in/company/LUMAXTECH/consolidated/
CGCL,25593.0,266.0,22.7,11.7,16.5,74.9,50.0,48.0,45.0,95.0,67.0,40.0,353.0,175.0,False,31.0,25.0,9.0,7.0,,,,,,,,-8728.0,96.0,41.0,7107.0,3524.0,96.0,59.92,59.95,8.21,4.83,18.42,20.29,,2026-09-13T09:51:09,https://www.screener.in/company/CGCL/consolidated/
PFOCUS,24208.0,311.0,136.0,11.3,15.7,26.9,29.0,0.0,13.0,19.0,8.0,53.0,-46.0,110.0,False,24.0,24.0,0.0,0.0,1267.0,1023.0,23.9,7.0,5717.0,4892.0,2.74,1024.0,78.0,30.0,2011.0,-5.0,78.0,60.73,60.81,3.41,4.01,1.07,1.08,,2026-09-13T09:51:12,https://www.screener.in/company/PFOCUS/consolidated/
ARTEMISMED,5460.0,345.0,47.1,14.6,12.0,59.0,15.0,14.0,22.0,33.0,41.0,77.0,31.0,21.0,False,20.0,16.0,9.0,2.0,287.0,255.0,12.5,9.0,262.0,286.0,0.28,132.0,16.0,13.0,919.0,390.0,16.0,58.39,66.53,12.28,0.37,2.4,4.27,,2026-09-13T09:51:16,https://www.screener.in/company/ARTEMISMED/consolidated/
VIJAYA,15470.0,1502.0,82.5,20.5,18.3,93.0,20.0,21.0,17.0,24.0,24.0,14.0,53.0,39.0,False,43.0,39.0,9.0,3.0,231.0,188.0,22.9,9.0,423.0,248.0,0.44,271.0,10.0,10.0,947.0,535.0,10.0,52.51,52.6,11.65,18.27,31.61,25.34,,2026-09-13T09:51:19,https://www.screener.in/company/VIJAYA/consolidated/
NAVINFLUOR,43841.0,8544.0,55.1,21.0,19.6,775.0,42.0,17.0,23.0,124.0,21.0,21.0,243.0,117.0,False,34.0,29.0,7.0,7.0,1045.0,725.0,44.1,9.0,1272.0,861.0,0.32,894.0,10.0,10.0,3964.0,2175.0,5.0,27.08,27.11,23.73,22.15,28.46,29.57,,2026-09-13T09:51:23,https://www.screener.in/company/NAVINFLUOR/consolidated/
CAPLIPOINT,20940.0,2755.0,31.5,24.2,20.9,443.0,15.0,14.0,16.0,18.0,19.0,21.0,179.0,151.0,False,35.0,35.0,9.0,0.0,610.0,510.0,19.6,9.0,221.0,222.0,0.07,523.0,15.0,15.0,3355.0,1649.0,7.5,70.57,70.57,5.76,6.51,2.49,2.1,,2026-09-13T09:51:26,https://www.screener.in/company/CAPLIPOINT/consolidated/
PNBHOUSING,30746.0,1179.0,13.3,9.4,12.7,738.0,10.0,9.0,2.0,14.0,30.0,20.0,557.0,534.0,False,32.0,34.0,9.0,0.0,,,,,,,,-8984.0,261.0,169.0,18959.0,10845.0,26.1,28.03,28.04,16.81,18.61,45.71,40.68,,2026-09-13T09:51:29,https://www.screener.in/company/PNBHOUSING/consolidated/
DIFFNKG,1682.0,450.0,30.4,15.8,12.4,108.0,26.0,17.0,21.0,35.0,31.0,33.0,17.0,12.0,False,13.0,13.0,6.0,0.0,110.0,81.0,35.8,6.0,29.0,48.0,0.07,23.0,37.0,4.0,368.0,138.0,3.7,69.76,69.7,0.72,0.57,8.42,7.5,,2026-09-13T09:51:33,https://www.screener.in/company/DIFFNKG/consolidated/
JGCHEM,2320.0,592.0,30.9,18.1,13.3,135.0,24.0,8.0,18.0,16.0,7.0,24.0,26.0,16.0,False,11.0,9.0,2.0,1.0,316.0,218.0,45.0,9.0,6.0,70.0,0.01,44.0,39.0,32.0,489.0,176.0,3.9,70.99,70.99,3.21,4.33,3.0,3.15,,2026-09-13T09:51:36,https://www.screener.in/company/JGCHEM/consolidated/
RAMRAT,4970.0,532.0,38.4,23.6,20.6,62.1,61.0,25.0,28.0,94.0,35.0,49.0,35.0,16.0,False,4.8,4.4,4.0,7.0,1853.0,982.0,88.7,9.0,675.0,267.0,1.16,-93.0,47.0,22.0,533.0,290.0,9.4,69.3,68.84,0.47,0.11,0.62,0.33,,2026-09-13T09:51:39,https://www.screener.in/company/RAMRAT/consolidated/
STOVEKRAFT,2698.0,815.0,33.1,31.8,67.5,92.5,28.0,18.0,11.0,2492.0,104.0,31.0,,,False,,,,,,,,,52.0,396.0,0.17,110.0,33.0,19.0,269.0,-198.0,3.3,55.79,55.8,1.22,0.95,7.09,7.9,,2026-09-13T09:51:42,https://www.screener.in/company/STOVEKRAFT/consolidated/
SHREEPUSHK,1575.0,487.0,21.8,13.0,12.2,189.0,16.0,13.0,22.0,8.0,24.0,20.0,23.0,21.0,False,11.0,11.0,1.0,0.0,280.0,255.0,9.8,1.0,130.0,70.0,0.21,102.0,32.0,32.0,578.0,406.0,3.2,69.36,69.36,0.5,1.47,0.0,0.0,,2026-09-13T09:51:46,https://www.screener.in/company/SHREEPUSHK/consolidated/
ALIVUS,17026.0,1387.0,48.4,,,,23.0,,,12.0,,,,,False,,,,,,,,,,,,,,,,,,74.87,74.91,5.54,6.84,7.18,5.47,,2026-09-13T09:51:49,https://www.screener.in/company/ALIVUS/consolidated/
CENTUM,6188.0,4192.0,70.8,25.5,-12.5,233.0,8.0,1.0,3.0,67.0,,,106.0,5.0,False,12.0,16.0,1.0,0.0,204.0,179.0,14.0,2.0,123.0,308.0,0.36,60.0,15.0,13.0,328.0,198.0,1.5,46.82,46.99,3.31,2.85,19.67,19.29,,2026-09-13T09:51:53,https://www.screener.in/company/CENTUM/consolidated/
INNOVACAP,6565.0,1147.0,42.6,15.0,13.7,191.0,34.0,21.0,32.0,19.0,28.0,32.0,44.0,31.0,False,16.0,15.0,3.0,1.0,471.0,352.0,33.8,9.0,344.0,237.0,0.32,117.0,57.0,48.0,1034.0,229.0,5.7,50.9,50.9,0.34,0.08,19.92,20.17,,2026-09-13T09:51:56,https://www.screener.in/company/INNOVACAP/consolidated/
VISHNU,4806.0,714.0,32.1,16.4,14.3,159.0,17.0,5.0,19.0,17.0,2.0,33.0,40.0,32.0,False,15.0,16.0,2.0,0.0,433.0,347.0,24.8,9.0,527.0,379.0,0.49,127.0,13.0,12.0,1056.0,402.0,6.5,69.21,69.21,2.51,2.23,5.94,5.59,,2026-09-13T09:51:59,https://www.screener.in/company/VISHNU/consolidated/
IGPL,1685.0,547.0,20.6,3.11,0.16,433.0,-1.0,-6.0,11.0,35.0,-78.0,-59.0,66.0,-13.0,True,18.0,-0.1,2.0,2.0,618.0,470.0,31.5,2.0,362.0,254.0,0.27,102.0,31.0,31.0,1302.0,1204.0,3.1,68.74,68.74,2.67,2.96,1.61,0.96,,2026-09-13T09:52:03,https://www.screener.in/company/IGPL/consolidated/
AYMSYNTEX,1656.0,282.0,88.2,5.35,1.12,100.0,-5.0,-2.0,,224.0,-6.0,,8.66,-3.56,True,8.95,5.11,2.0,2.0,351.03,326.48,7.5,2.0,188.0,276.0,0.32,151.0,59.0,50.0,530.0,370.0,5.9,65.73,65.9,3.62,3.28,0.48,0.41,,2026-09-13T09:52:06,https://www.screener.in/company/AYMSYNTEX/consolidated/
THEMISMED,1181.0,128.0,,2.74,0.41,43.3,-13.0,-1.0,8.0,-321.0,-69.0,-46.0,25.0,-14.0,True,-60.0,-10.0,3.0,0.0,87.0,98.0,-11.2,0.0,100.0,92.0,0.25,-3.0,9.0,9.0,389.0,330.0,9.0,67.1,67.15,0.01,0.06,0.01,0.01,43.4,2026-09-13T09:52:10,https://www.screener.in/company/THEMISMED/consolidated/
ARMANFIN,2115.0,2011.0,18.2,11.7,6.26,888.0,0.0,15.0,27.0,1780.0,-16.0,40.0,45.0,-15.0,True,29.0,-7.0,3.0,3.0,,,,,,,,-476.0,11.0,8.0,923.0,355.0,1.1,22.0,22.0,3.08,1.8,4.85,4.83,,2026-09-13T09:52:13,https://www.screener.in/company/ARMANFIN/consolidated/
TIIL,7369.0,3250.0,21.7,16.3,15.3,892.0,12.0,12.0,16.0,33.0,3.0,19.0,138.0,82.0,False,22.0,18.0,4.0,2.0,805.0,633.0,27.2,9.0,819.0,656.0,0.4,243.0,23.0,23.0,2000.0,1393.0,2.3,74.74,74.74,0.4,0.51,7.18,6.97,,2026-09-13T09:52:17,https://www.screener.in/company/TIIL/consolidated/
SUPRIYA,7297.0,909.0,36.7,25.1,19.1,149.0,28.0,22.0,16.0,12.0,33.0,11.0,24.0,35.0,False,25.0,36.0,0.0,0.0,190.0,145.0,31.0,4.0,5.0,22.0,0.0,165.0,16.0,16.0,1182.0,683.0,8.0,68.3,68.3,6.18,5.46,5.3,5.22,,2026-09-07T15:59:25,https://www.screener.in/company/SUPRIYA/
NAZARA,14193.0,370.0,,27.1,30.6,93.8,-6.0,19.0,32.0,-267.0,194.0,155.0,-82.0,51.0,False,-9.0,4.7,0.0,0.0,429.0,499.0,-14.0,0.0,215.0,38.0,0.06,149.0,74.0,26.0,3399.0,1078.0,37.0,33.98,35.45,15.51,11.98,2.47,3.62,87.0,2026-09-07T15:59:18,https://www.screener.in/company/NAZARA/consolidated/
ANANDRATHI,36712.0,2211.0,79.0,59.2,47.3,60.1,23.0,31.0,36.0,45.0,33.0,55.0,163.0,94.0,False,34.0,47.0,9.0,0.0,322.0,274.0,17.5,9.0,83.0,37.0,0.08,281.0,42.0,21.0,957.0,447.0,8.4,41.37,42.71,6.37,5.56,10.4,8.73,,2026-09-13T09:52:20,https://www.screener.in/company/ANANDRATHI/consolidated/
AUROPHARMA,96652.0,1680.0,25.6,12.9,10.1,652.0,9.0,11.0,6.0,11.0,23.0,1.0,1032.0,824.0,False,21.0,20.0,4.0,1.0,9150.0,7868.0,16.3,9.0,8073.0,5286.0,0.21,5526.0,58.0,59.0,37833.0,26781.0,58.0,51.88,51.82,16.38,14.21,25.05,27.6,,2026-09-13T09:52:23,https://www.screener.in/company/AUROPHARMA/consolidated/
BEPL,3187.0,128.0,16.0,23.8,17.3,43.5,5.0,-2.0,0.0,16.0,10.0,-12.0,66.0,46.0,False,17.0,17.0,3.0,0.0,472.0,308.0,53.2,1.0,0.0,0.0,0.0,168.0,25.0,17.0,1058.0,1051.0,25.0,57.48,57.48,1.39,1.42,0.0,0.0,,2026-09-13T09:52:27,https://www.screener.in/company/BEPL/consolidated/
FLUOROCHEM,52434.0,4773.0,84.9,9.64,7.82,716.0,10.0,-4.0,14.0,0.0,-24.0,36.0,219.0,182.0,False,27.0,27.0,1.0,0.0,1588.0,1281.0,24.0,2.0,2721.0,1515.0,0.35,961.0,11.0,11.0,7855.0,5510.0,11.0,61.39,61.39,4.41,4.36,13.33,12.73,,2026-09-13T09:52:30,https://www.screener.in/company/FLUOROCHEM/consolidated/
GUJALKALI,5178.0,705.0,78.0,1.42,-0.05,707.0,7.0,-1.0,12.0,293.0,,,55.0,-14.0,True,18.0,9.0,2.0,9.0,1245.0,1105.0,12.7,9.0,575.0,597.0,0.11,406.0,73.0,73.0,5117.0,6066.0,7.3,47.28,46.28,3.26,1.02,3.02,4.52,,2026-09-13T09:52:34,https://www.screener.in/company/GUJALKALI/consolidated/
ASKAUTOLTD,12313.0,625.0,38.9,25.4,25.1,66.5,28.0,18.0,22.0,23.0,34.0,25.0,85.0,66.0,False,12.0,13.0,9.0,0.0,1358.0,891.0,52.4,9.0,679.0,328.0,0.52,301.0,39.0,39.0,1272.0,604.0,19.5,74.95,78.95,9.5,10.34,10.97,4.82,,2026-09-13T09:52:37,https://www.screener.in/company/ASKAUTOLTD/consolidated/
RBA,6982.0,98.0,,-0.47,-22.7,12.4,13.0,11.0,23.0,18.0,5.0,4.0,-33.0,-45.0,False,12.0,10.0,6.0,3.0,823.0,698.0,17.9,9.0,1967.0,1168.0,2.73,303.0,583.0,495.0,138.0,331.0,58.3,9.22,11.27,9.25,20.64,39.62,40.07,,2026-09-13T09:52:40,https://www.screener.in/company/RBA/consolidated/
SOMANYCERA,2318.0,565.0,21.1,12.8,10.4,205.0,9.0,4.0,11.0,85.0,6.0,4.0,34.0,7.0,False,12.0,8.0,3.0,3.0,750.0,604.0,24.2,8.0,374.0,534.0,0.44,247.0,8.0,8.0,834.0,778.0,4.0,55.19,55.0,1.38,0.98,19.42,23.17,,2026-09-13T09:52:44,https://www.screener.in/company/SOMANYCERA/consolidated/
RBLBANK,63984.0,413.0,71.2,5.81,5.43,271.0,5.0,14.0,11.0,55.0,-2.0,11.0,234.0,214.0,False,-16.0,-23.0,3.0,3.0,,,,,,,,7578.0,618.0,600.0,16106.0,12926.0,61.8,60.0,0.0,8.77,15.49,16.92,35.28,,2026-09-12T08:31:29,https://www.screener.in/company/RBLBANK/consolidated/
APOLLOPIPE,2444.0,555.0,,1.23,-0.88,186.0,-2.0,,,-133.0,,,-11.0,8.0,False,1.0,8.0,0.0,0.0,295.0,275.0,7.3,2.0,124.0,20.0,0.15,35.0,44.0,5.0,775.0,32.0,4.4,51.72,46.84,2.53,3.71,7.2,14.59,,2026-09-13T09:52:47,https://www.screener.in/company/APOLLOPIPE/consolidated/
PRICOLLTD,9280.0,761.0,34.6,24.5,21.8,103.0,43.0,27.0,23.0,56.0,28.0,40.0,67.0,50.0,False,11.0,11.0,5.0,0.0,1105.0,895.0,23.5,9.0,379.0,110.0,0.3,281.0,12.0,12.0,1243.0,692.0,12.0,38.51,38.51,13.95,16.53,11.79,14.55,,2026-09-13T09:52:50,https://www.screener.in/company/PRICOLLTD/consolidated/
DYNAMATECH,8216.0,12097.0,140.0,10.2,6.67,1251.0,17.0,7.0,8.0,38.0,6.0,34.0,21.0,11.0,False,13.0,10.0,1.0,2.0,425.0,371.0,14.6,6.0,638.0,754.0,0.8,95.0,7.0,7.0,787.0,535.0,0.7,41.5,41.87,10.26,12.23,15.86,13.85,,2026-09-13T09:52:54,https://www.screener.in/company/DYNAMATECH/consolidated/
NELCO,2162.0,947.0,362.0,7.21,0.46,56.5,2.0,-1.0,6.0,-12.0,-69.0,-45.0,2.34,1.8,False,10.4,10.35,2.0,1.0,80.03,74.79,7.0,2.0,73.0,63.0,0.57,15.0,23.0,23.0,106.0,82.0,2.3,50.09,50.09,5.62,4.57,0.05,0.16,,2026-09-13T09:52:57,https://www.screener.in/company/NELCO/consolidated/
PRUDENT,14016.0,3385.0,57.2,37.5,28.6,213.0,19.0,30.0,35.0,21.0,24.0,37.0,75.0,52.0,False,26.0,23.0,9.0,2.0,348.0,294.0,18.4,9.0,34.0,17.0,0.04,217.0,21.0,21.0,862.0,329.0,4.2,55.31,55.31,14.28,16.85,23.95,21.47,,2026-09-13T09:53:01,https://www.screener.in/company/PRUDENT/consolidated/
NAM-INDIA,76712.0,1195.0,46.9,43.8,34.5,73.0,23.0,25.0,16.0,21.0,28.0,18.0,504.0,396.0,False,66.0,64.0,3.0,3.0,767.0,607.0,26.4,9.0,75.0,0.0,0.02,1466.0,638.0,623.0,4021.0,2892.0,63.8,71.8,72.1,7.04,7.65,15.49,12.95,,2026-09-07T15:59:04,https://www.screener.in/company/NAM-INDIA/consolidated/
CEIGALL,6627.0,380.0,20.6,17.3,15.7,123.0,20.0,25.0,36.0,20.0,24.0,23.0,64.0,51.0,False,15.0,13.0,3.0,2.0,970.0,838.0,15.8,9.0,1311.0,703.0,0.61,-91.0,87.0,39.0,2051.0,554.0,17.4,82.05,82.05,3.88,2.48,3.65,5.67,,2026-09-13T09:53:04,https://www.screener.in/company/CEIGALL/consolidated/
TCPLPACK,3523.0,3871.0,28.3,17.7,15.7,790.0,5.0,7.0,15.0,-7.0,3.0,26.0,40.0,22.0,False,17.0,17.0,1.0,0.0,493.0,425.0,16.0,2.0,634.0,501.0,0.88,271.0,9.0,9.0,710.0,433.0,0.9,55.73,55.74,1.01,0.92,13.69,12.15,,2026-09-13T09:53:07,https://www.screener.in/company/TCPLPACK/consolidated/
MINDACORP,16866.0,705.0,41.8,12.7,14.7,110.0,27.0,13.0,21.0,57.0,8.0,31.0,206.0,65.0,False,11.0,11.0,5.0,0.0,1846.0,1386.0,33.2,9.0,1476.0,718.0,0.56,676.0,48.0,48.0,2591.0,1538.0,24.0,64.84,64.84,9.3,8.72,17.87,18.52,,2026-09-12T08:31:14,https://www.screener.in/company/MINDACORP/consolidated/
GOODLUCK,5154.0,517.0,25.2,14.4,12.9,150.0,10.0,10.0,21.0,29.0,27.0,43.0,67.0,40.0,False,10.0,9.0,3.0,7.0,1287.0,983.0,30.9,1.0,1119.0,598.0,0.75,200.0,7.0,5.0,1484.0,615.0,3.5,54.0,56.44,1.92,1.48,6.14,4.42,,2026-09-13T09:53:11,https://www.screener.in/company/GOODLUCK/consolidated/
MUFIN,2670.0,135.0,70.5,10.7,6.69,29.0,28.0,,,103.0,,,14.0,3.0,False,25.0,9.0,3.0,3.0,,,,,,,,-695.0,20.0,,555.0,,20.0,47.3,54.2,2.26,0.84,10.05,11.9,,2026-09-13T09:53:14,https://www.screener.in/company/MUFIN/consolidated/
MAHABANK,64763.0,84.2,8.59,6.03,22.6,46.4,16.0,23.0,20.0,31.0,39.0,65.0,2023.0,1504.0,False,16.0,12.0,9.0,8.0,,,,,,,,-11336.0,7692.0,6730.0,25533.0,9060.0,769.2,73.6,79.6,5.82,2.35,14.28,10.06,,2026-09-13T09:53:17,https://www.screener.in/company/MAHABANK/consolidated/
NYKAA,98675.0,344.0,371.0,17.2,15.3,5.02,27.0,25.0,33.0,234.0,122.0,28.0,80.0,24.0,False,8.0,7.0,9.0,5.0,2782.0,2155.0,29.1,9.0,1238.0,798.0,0.86,644.0,286.0,285.0,1152.0,1093.0,286.0,52.07,52.12,13.73,12.54,24.08,24.99,,2026-09-13T09:53:21,https://www.screener.in/company/NYKAA/consolidated/
GVT&D,116454.0,4548.0,624.0,,18.6,41.9,,,,,,,,,False,,,,,,,,,896.0,,0.89,108.0,48.0,,955.0,,24.0,51.0,51.0,22.89,16.15,18.46,25.2,,2026-09-13T09:53:24,https://www.screener.in/company/GVT%26D/consolidated/
GOKULAGRO,6691.0,227.0,15.9,36.7,30.0,48.2,21.0,31.0,24.0,59.0,41.0,53.0,123.0,72.0,False,3.9,2.7,9.0,2.0,5282.0,4924.0,7.3,9.0,589.0,484.0,0.41,325.0,30.0,30.0,1393.0,621.0,30.0,74.24,73.67,1.87,1.87,0.11,0.01,,2026-09-13T09:53:28,https://www.screener.in/company/GOKULAGRO/consolidated/
IPCALAB,49942.0,1968.0,36.4,17.0,15.7,318.0,11.0,16.0,12.0,54.0,37.0,1.0,424.0,233.0,False,24.0,18.0,9.0,4.0,2788.0,2309.0,20.7,9.0,809.0,1481.0,0.1,1142.0,25.0,25.0,8038.0,5817.0,25.0,44.72,44.72,10.72,10.42,37.04,36.45,,2026-09-13T09:53:31,https://www.screener.in/company/IPCALAB/consolidated/
QUADFUTURE,1914.0,478.0,,-15.5,-15.4,64.5,7.0,0.0,16.0,-61.0,,,-9.13,-13.5,False,-8.25,-35.19,1.0,1.0,40.59,28.73,41.3,1.0,24.0,74.0,0.09,-86.0,40.0,10.0,218.0,19.0,4.0,70.0,70.0,1.85,1.55,2.08,4.72,,2026-09-13T09:53:36,https://www.screener.in/company/QUADFUTURE/
SKIPPER,6229.0,552.0,26.8,23.6,16.6,132.0,17.0,41.0,29.0,43.0,85.0,61.0,57.0,45.0,False,11.0,10.0,9.0,1.0,1310.0,1254.0,4.5,9.0,931.0,494.0,0.62,277.0,11.0,10.0,1480.0,757.0,11.0,61.48,66.48,10.64,6.37,2.24,0.8,,2026-09-13T09:53:39,https://www.screener.in/company/SKIPPER/consolidated/
PRIVISCL,13891.0,3556.0,39.7,22.3,26.0,361.0,22.0,17.0,15.0,61.0,144.0,27.0,83.0,58.0,False,23.0,24.0,9.0,0.0,666.0,559.0,19.1,9.0,1021.0,1079.0,0.72,550.0,39.0,39.0,1373.0,790.0,3.9,60.6,69.89,1.94,1.33,10.07,4.55,,2026-09-13T09:53:42,https://www.screener.in/company/PRIVISCL/consolidated/
YATHARTH,9311.0,966.0,51.4,12.4,10.4,185.0,44.0,36.0,41.0,27.0,39.0,57.0,45.0,42.0,False,23.0,25.0,9.0,0.0,393.0,258.0,52.3,9.0,264.0,267.0,0.15,205.0,96.0,66.0,1684.0,117.0,9.6,55.8,61.64,5.62,6.51,10.84,8.71,,2026-09-13T09:53:46,https://www.screener.in/company/YATHARTH/consolidated/
STAR,10908.0,1183.0,18.8,18.3,20.0,337.0,8.0,10.0,8.0,55.0,71.0,20.0,165.0,106.0,False,18.0,19.0,4.0,0.0,1265.0,1120.0,12.9,9.0,1758.0,3030.0,0.57,703.0,92.0,90.0,3015.0,2122.0,9.2,27.91,27.86,28.4,28.51,15.42,12.98,38.1,2026-09-13T09:53:49,https://www.screener.in/company/STAR/consolidated/
ENGINERSIN,15571.0,277.0,19.9,30.4,23.4,56.0,16.0,6.0,5.0,42.0,26.0,15.0,158.0,65.0,False,15.0,8.0,1.0,1.0,820.0,870.0,-5.7,0.0,17.0,19.0,0.01,319.0,281.0,281.0,2865.0,1680.0,56.2,51.32,51.32,9.17,7.0,14.22,13.74,,2026-09-07T15:58:42,https://www.screener.in/company/ENGINERSIN/consolidated/
PITTIENG,4398.0,1168.0,35.3,14.8,12.5,262.0,12.0,20.0,30.0,-1.0,26.0,32.0,30.0,23.0,False,16.0,16.0,1.0,0.0,529.0,457.0,15.8,9.0,811.0,356.0,0.82,205.0,19.0,16.0,968.0,318.0,3.8,54.17,54.17,1.54,0.87,20.1,20.53,,2026-09-13T09:53:53,https://www.screener.in/company/PITTIENG/consolidated/
GUFICBIO,4263.0,425.0,58.0,12.3,10.1,66.3,17.0,,,19.0,,,22.0,13.0,False,18.0,15.0,2.0,2.0,261.0,224.0,16.5,7.0,405.0,,0.61,45.0,10.0,,655.0,,10.0,72.5,72.5,0.47,0.33,3.67,3.66,,2026-09-13T09:53:56,https://www.screener.in/company/GUFICBIO/consolidated/
SOUTHBANK,12096.0,46.2,8.0,6.42,13.5,45.1,7.0,11.0,6.0,14.0,23.0,88.0,378.0,322.0,False,5.0,-8.0,9.0,2.0,,,,,,,,3907.0,262.0,209.0,11155.0,6465.0,262.0,,,25.39,17.91,14.24,11.92,,2026-09-13T09:54:00,https://www.screener.in/company/SOUTHBANK/consolidated/
VOLTAMP,11348.0,11217.0,35.8,23.5,17.4,1771.0,18.0,16.0,25.0,-3.0,14.0,26.0,91.0,80.0,False,15.0,17.0,1.0,0.0,544.0,424.0,28.3,1.0,1.0,0.0,0.0,140.0,10.0,10.0,1782.0,1097.0,1.0,30.0,30.0,21.53,22.85,33.85,29.69,,2026-09-13T09:54:04,https://www.screener.in/company/VOLTAMP/
SAREGAMA,9747.0,506.0,42.7,17.3,12.7,87.8,-11.0,10.0,17.0,14.0,4.0,13.0,52.0,37.0,False,35.0,27.0,2.0,6.0,264.0,207.0,27.5,2.0,73.0,1.0,0.04,100.0,19.0,19.0,1673.0,1323.0,19.0,60.84,59.65,11.5,16.82,8.6,5.16,,2026-09-12T08:31:35,https://www.screener.in/company/SAREGAMA/consolidated/
EMCURE,37540.0,1979.0,36.4,24.0,20.1,261.0,18.0,15.0,13.0,37.0,21.0,18.0,292.0,215.0,False,21.0,20.0,9.0,1.0,2580.0,2101.0,22.8,9.0,1521.0,2334.0,0.31,944.0,190.0,181.0,4760.0,2320.0,19.0,77.83,77.88,4.87,3.29,8.46,4.36,,2026-09-13T09:54:08,https://www.screener.in/company/EMCURE/consolidated/
ROLEXRINGS,4496.0,171.0,23.2,21.1,15.6,44.6,2.0,-1.0,13.0,5.0,-3.0,16.0,60.0,49.0,False,23.0,21.0,1.0,1.0,304.0,292.0,4.1,3.0,0.0,82.0,0.0,190.0,27.0,27.0,1186.0,716.0,27.0,52.24,53.35,5.4,6.97,28.76,30.95,,2026-09-13T09:54:12,https://www.screener.in/company/ROLEXRINGS/
ORIENTHOT,2524.0,141.0,37.6,12.1,9.49,42.7,7.0,8.0,34.0,42.0,8.0,24.0,5.3,6.63,False,21.03,23.81,0.0,0.0,111.48,107.65,3.6,8.0,131.0,215.0,0.17,128.0,18.0,18.0,744.0,521.0,18.0,68.53,67.56,0.36,0.63,1.14,2.42,,2026-09-13T09:54:16,https://www.screener.in/company/ORIENTHOT/consolidated/
MOTILALOFS,61828.0,1026.0,31.2,12.7,15.5,214.0,15.0,31.0,21.0,-29.0,26.0,7.0,1274.0,1163.0,False,57.0,63.0,1.0,0.0,3426.0,2737.0,25.2,3.0,21255.0,10278.0,1.65,-6071.0,60.0,15.0,12828.0,6237.0,60.0,67.2,67.69,6.86,7.52,6.78,5.84,,2026-09-13T09:54:19,https://www.screener.in/company/MOTILALOFS/consolidated/
ZYDUSWELL,17731.0,555.0,80.0,4.91,3.98,183.0,66.0,21.0,16.0,-31.0,-10.0,-2.0,119.0,128.0,False,17.0,18.0,0.0,0.0,1437.0,861.0,66.9,9.0,3203.0,297.0,0.55,226.0,64.0,64.0,5762.0,5059.0,32.0,69.63,69.64,3.32,3.43,19.13,18.76,,2026-09-07T15:58:49,https://www.screener.in/company/ZYDUSWELL/consolidated/
KARURVYSYA,32264.0,334.0,11.8,7.62,19.1,146.0,16.0,19.0,15.0,37.0,31.0,47.0,756.0,521.0,False,18.0,9.0,9.0,4.0,,,,,,,,-554.0,193.0,160.0,13915.0,8424.0,96.5,2.07,2.1,17.92,15.81,41.22,39.97,,2026-09-13T09:54:24,https://www.screener.in/company/KARURVYSYA/
BALRAMCHIN,14630.0,691.0,39.4,9.28,9.54,205.0,15.0,10.0,5.0,-11.0,10.0,-4.0,44.0,52.0,False,7.0,9.0,0.0,0.0,1637.0,1542.0,6.2,6.0,3170.0,1880.0,0.77,599.0,20.0,20.0,4118.0,2875.0,20.0,42.86,42.86,9.33,11.2,29.09,27.59,,2026-09-13T09:54:28,https://www.screener.in/company/BALRAMCHIN/consolidated/
XPROINDIA,3039.0,1295.0,93.0,3.78,2.8,324.0,-1.0,0.0,6.0,77.0,-25.0,18.0,7.62,-5.48,True,9.09,-1.74,2.0,2.0,174.42,144.9,20.4,1.0,325.0,39.0,0.43,20.0,23.0,18.0,736.0,215.0,2.3,40.32,40.32,13.81,14.44,2.94,3.4,,2026-09-13T09:54:31,https://www.screener.in/company/XPROINDIA/consolidated/
GIPCL,3100.0,200.0,8.81,16.2,14.2,170.0,4.0,1.0,0.0,112.0,23.0,14.0,,,False,,,,,,,,,573.0,475.0,0.22,582.0,151.0,151.0,2419.0,1882.0,15.1,56.57,56.57,2.88,3.69,4.99,5.16,,2026-09-13T09:54:34,https://www.screener.in/company/GIPCL/consolidated/
KSL,4229.0,969.0,15.6,14.8,13.2,482.0,-5.0,,9.0,2.0,,7.0,68.0,62.0,False,20.0,19.0,1.0,1.0,465.0,443.0,5.0,1.0,475.0,340.0,0.23,141.0,22.0,22.0,2083.0,1346.0,4.4,64.7,64.7,1.77,1.86,11.48,10.74,,2026-09-13T09:54:37,https://www.screener.in/company/KSL/consolidated/
LALPATHLAB,32042.0,1909.0,57.0,28.0,22.3,150.0,14.0,11.0,12.0,10.0,30.0,12.0,170.0,134.0,False,31.0,29.0,1.0,1.0,798.0,670.0,19.1,9.0,199.0,420.0,0.08,636.0,168.0,83.0,2341.0,1583.0,16.8,53.19,53.21,17.35,21.86,21.59,18.22,,2026-09-13T09:54:41,https://www.screener.in/company/LALPATHLAB/consolidated/
THELEELA,18111.0,542.0,40.4,8.73,8.21,192.0,19.0,21.0,,241.0,106.0,,49.0,9.0,False,36.0,37.0,5.0,0.0,352.0,275.0,28.0,5.0,1811.0,3883.0,0.28,777.0,334.0,20.0,6070.0,-2532.0,33.4,75.91,75.91,7.87,8.5,11.51,11.08,73.6,2026-09-13T09:54:44,https://www.screener.in/company/THELEELA/consolidated/
ANTHEM,52585.0,934.0,88.6,30.4,22.3,54.2,-2.0,26.0,14.0,18.0,21.0,17.0,120.0,136.0,False,36.0,35.0,0.0,4.0,418.0,540.0,-22.6,0.0,54.0,126.0,0.02,844.0,112.0,114.0,2930.0,1627.0,56.0,71.42,74.69,2.57,1.66,13.48,7.21,,2026-09-07T15:58:59,https://www.screener.in/company/ANTHEM/consolidated/
ANDHRSUGAR,1344.0,99.2,11.4,8.44,6.14,123.0,17.0,1.0,10.0,118.0,-20.0,-6.0,47.0,25.0,False,12.0,9.0,1.0,1.0,627.0,600.0,4.5,8.0,1.0,24.0,0.0,278.0,27.0,27.0,1644.0,1514.0,13.5,50.49,49.94,2.86,2.54,0.0,0.0,,2026-09-07T09:59:49,https://www.screener.in/company/ANDHRSUGAR/consolidated/
POLYPLEX,3561.0,1134.0,22.9,0.89,0.54,1351.0,10.0,-3.0,8.0,14.0,-60.0,-47.0,171.0,-60.0,True,13.0,-0.0,2.0,2.0,2254.0,1739.0,29.6,2.0,935.0,799.0,0.22,537.0,32.0,32.0,4208.0,3451.0,3.2,26.72,26.72,10.22,9.31,2.85,2.78,,2026-09-13T09:54:48,https://www.screener.in/company/POLYPLEX/consolidated/
SAIL,73936.0,179.0,15.3,7.92,6.57,146.0,6.0,2.0,10.0,59.0,26.0,-1.0,1644.0,745.0,False,16.0,11.0,3.0,2.0,26246.0,25922.0,1.2,7.0,31928.0,30773.0,0.53,19039.0,4131.0,4131.0,56225.0,50616.0,413.1,65.0,65.0,7.09,3.76,16.87,18.1,,2026-09-13T09:54:51,https://www.screener.in/company/SAIL/consolidated/
SHYAMMETL,30001.0,1075.0,26.7,13.0,9.7,413.0,23.0,14.0,24.0,22.0,9.0,5.0,351.0,291.0,False,14.0,13.0,5.0,2.0,5455.0,4419.0,23.4,9.0,1005.0,1172.0,0.09,2024.0,278.0,255.0,11245.0,7021.0,27.8,74.59,74.59,2.97,3.65,13.75,8.64,,2026-09-13T09:54:55,https://www.screener.in/company/SHYAMMETL/consolidated/
TASTYBITE,2636.0,10273.0,72.6,14.0,10.9,1333.0,-1.0,5.0,7.0,-3.0,5.0,-2.0,8.84,8.19,False,9.49,12.95,1.0,0.0,155.75,121.11,28.6,1.0,42.0,134.0,0.12,59.0,3.0,3.0,339.0,241.0,0.3,74.23,74.23,3.73,3.68,0.0,0.46,,2026-09-13T09:54:59,https://www.screener.in/company/TASTYBITE/
SAMBHV,3863.0,131.0,23.1,19.4,18.7,35.8,49.0,37.0,,152.0,34.0,,57.0,34.0,False,13.0,13.0,4.0,0.0,732.0,559.0,30.9,4.0,373.0,,0.35,212.0,295.0,,759.0,,29.5,56.11,56.15,1.53,2.32,3.17,3.01,,2026-09-13T09:55:02,https://www.screener.in/company/SAMBHV/consolidated/
MANGLMCEM,2827.0,1028.0,21.7,11.0,16.3,355.0,1.0,-1.0,6.0,116.0,81.0,10.0,18.0,32.0,False,12.0,17.0,0.0,0.0,455.0,452.0,0.7,1.0,888.0,621.0,0.91,94.0,28.0,28.0,950.0,729.0,2.8,40.01,40.01,5.53,6.07,6.17,6.94,,2026-09-13T09:55:07,https://www.screener.in/company/MANGLMCEM/
RKFORGE,12956.0,711.0,113.0,5.6,2.51,181.0,9.0,10.0,27.0,-60.0,-32.0,30.0,47.0,12.0,False,18.0,14.0,1.0,3.0,1217.0,1015.0,19.9,3.0,2449.0,1333.0,0.74,840.0,36.0,32.0,3254.0,1290.0,18.0,43.39,43.12,20.43,22.71,5.09,3.5,,2026-09-13T09:55:11,https://www.screener.in/company/RKFORGE/consolidated/
NIACL,32695.0,198.0,42.5,4.29,4.92,173.0,11.0,7.0,9.0,-36.0,99.0,-3.0,-239.0,402.0,False,-1.7,1.6,0.0,0.0,11900.0,11719.0,1.5,5.0,0.0,0.0,0.0,-4532.0,824.0,824.0,27707.0,25040.0,164.8,85.44,85.44,1.02,1.01,11.17,11.18,,2026-09-13T09:55:14,https://www.screener.in/company/NIACL/consolidated/
THEJO,2379.0,2193.0,41.1,19.4,15.7,327.0,21.0,10.0,14.0,16.0,16.0,14.0,15.0,10.0,False,14.0,12.0,1.0,1.0,178.0,136.0,30.9,6.0,41.0,45.0,0.12,39.0,11.0,11.0,344.0,186.0,1.1,53.61,53.62,0.85,0.66,3.38,3.34,,2026-09-13T09:55:17,https://www.screener.in/company/THEJO/consolidated/
MIDHANI,8382.0,447.0,62.1,11.3,8.92,81.8,18.0,12.0,8.0,14.0,-6.0,-5.0,16.0,13.0,False,15.0,20.0,3.0,0.0,239.0,170.0,40.6,3.0,407.0,489.0,0.27,155.0,187.0,187.0,1345.0,1098.0,18.7,74.0,74.0,2.57,1.37,7.37,8.83,,2026-09-13T09:55:21,https://www.screener.in/company/MIDHANI/consolidated/
UTTAMSUGAR,1067.0,280.0,12.1,11.4,12.0,230.0,8.0,,,-9.0,,,1.3,14.53,False,4.32,8.02,0.0,0.0,606.37,628.77,-3.6,0.0,722.0,,0.82,270.0,38.0,,838.0,,3.8,74.71,74.39,0.04,0.07,0.0,0.0,,2026-09-13T09:55:24,https://www.screener.in/company/UTTAMSUGAR/consolidated/
JASH,3248.0,514.0,37.7,17.7,16.0,82.1,1.0,22.0,20.0,5.0,14.0,20.0,5.09,-5.17,True,5.39,-3.21,2.0,2.0,149.88,127.61,17.5,1.0,103.0,82.0,0.2,56.0,13.0,12.0,506.0,227.0,6.5,43.24,43.4,1.54,2.06,0.32,0.53,,2026-09-13T09:55:28,https://www.screener.in/company/JASH/consolidated/
AJANTPHARM,43910.0,3514.0,38.7,34.5,27.1,362.0,20.0,13.0,14.0,22.0,24.0,12.0,334.0,255.0,False,26.0,27.0,9.0,0.0,1626.0,1303.0,24.8,9.0,260.0,36.0,0.06,529.0,25.0,25.0,4502.0,3363.0,12.5,63.49,66.25,7.68,8.53,21.8,17.9,,2026-09-07T15:58:54,https://www.screener.in/company/AJANTPHARM/consolidated/
NORTHARC,4932.0,305.0,11.2,9.74,11.1,241.0,21.0,27.0,32.0,50.0,21.0,43.0,114.0,78.0,False,20.0,18.0,3.0,3.0,,,,,,,,-1541.0,162.0,89.0,3734.0,1784.0,16.2,,,8.64,7.58,5.63,7.44,,2026-09-13T09:55:31,https://www.screener.in/company/NORTHARC/consolidated/
LUMAXIND,5497.0,5880.0,27.4,17.7,22.0,982.0,27.0,22.0,24.0,42.0,21.0,62.0,51.0,36.0,False,9.0,9.0,9.0,0.0,1223.0,923.0,32.5,9.0,973.0,431.0,1.06,373.0,9.0,9.0,908.0,574.0,0.9,75.0,75.0,1.36,1.13,6.7,5.98,,2026-09-13T09:55:34,https://www.screener.in/company/LUMAXIND/consolidated/
PPLPHARMA,28138.0,211.0,,2.52,-3.83,61.4,1.0,8.0,7.0,-296.0,-31.0,,-69.0,-82.0,False,9.0,6.0,1.0,1.0,2270.0,1934.0,17.4,1.0,5675.0,5637.0,0.7,1653.0,1327.0,1193.0,6835.0,5580.0,132.7,34.8,34.85,12.51,30.27,14.57,14.89,,2026-09-12T08:31:24,https://www.screener.in/company/PPLPHARMA/consolidated/
TEXINFRA,1472.0,116.0,162.0,1.35,0.91,83.7,5.0,2.0,3.0,316.0,52.0,11.0,1.62,3.4,False,-48.75,-10.86,0.0,0.0,3.61,4.05,-10.9,0.0,28.05,29.77,0.03,15.7,12.74,12.74,1053.98,623.43,12.74,66.55,65.79,1.71,0.5,2.26,2.42,,2026-09-13T09:55:38,https://www.screener.in/company/TEXINFRA/consolidated/
JSWINFRA,79954.0,343.0,51.6,13.6,15.3,51.8,19.0,19.0,27.0,-3.0,29.0,40.0,358.0,390.0,False,47.0,47.0,0.0,0.0,1445.0,1224.0,18.1,9.0,6899.0,4568.0,0.63,2022.0,417.0,360.0,10460.0,3635.0,208.5,73.93,83.61,11.21,7.3,9.19,2.54,,2026-09-13T09:55:41,https://www.screener.in/company/JSWINFRA/consolidated/
HNDFDS,7496.0,619.0,46.3,14.1,14.6,97.5,18.0,18.0,25.0,40.0,29.0,35.0,43.0,32.0,False,8.0,8.0,7.0,0.0,1201.0,1019.0,17.9,9.0,1088.0,516.0,0.93,100.0,24.0,23.0,1141.0,352.0,12.0,61.84,61.31,5.86,5.79,14.65,14.41,,2026-09-13T09:55:45,https://www.screener.in/company/HNDFDS/consolidated/
SUDARSCHEM,9938.0,1248.0,97.8,5.46,0.54,439.0,90.0,62.0,39.0,-19.0,-25.0,-33.0,103.0,55.0,False,10.0,8.0,2.0,1.0,2642.0,2507.0,5.4,9.0,2473.0,829.0,0.72,344.0,16.0,14.0,3434.0,814.0,8.0,8.19,8.2,8.48,8.54,26.41,24.17,,2026-09-13T09:55:48,https://www.screener.in/company/SUDARSCHEM/consolidated/
LMW,18938.0,17727.0,104.0,5.58,4.05,2683.0,11.0,-12.0,13.0,76.0,-32.0,16.0,56.0,11.0,False,7.0,2.0,2.0,1.0,861.0,694.0,24.1,2.0,0.0,0.0,0.0,177.0,11.0,11.0,2856.0,2328.0,1.1,30.8,30.8,5.45,5.53,9.5,9.78,,2026-09-13T09:55:51,https://www.screener.in/company/LMW/consolidated/
ELGIEQUIP,19575.0,618.0,42.2,22.1,19.0,70.4,16.0,9.0,15.0,28.0,11.0,31.0,103.0,86.0,False,15.0,14.0,6.0,2.0,1062.0,867.0,22.5,9.0,533.0,577.0,0.24,454.0,32.0,32.0,2200.0,1339.0,32.0,31.19,31.19,21.9,26.12,10.12,6.24,,2026-09-13T09:55:55,https://www.screener.in/company/ELGIEQUIP/consolidated/
KPIL,24518.0,1436.0,22.1,18.3,13.7,455.0,15.0,18.0,16.0,57.0,36.0,13.0,312.0,214.0,False,9.0,9.0,6.0,0.0,6408.0,6171.0,3.8,9.0,3543.0,3786.0,0.46,1534.0,34.0,32.0,7742.0,4688.0,17.0,33.58,33.57,10.77,11.97,44.84,44.1,,2026-09-13T09:55:58,https://www.screener.in/company/KPIL/consolidated/
ABSLAMC,32116.0,1110.0,31.8,32.2,25.2,140.0,7.0,15.0,11.0,4.0,18.0,13.0,309.0,277.0,False,56.0,59.0,1.0,0.0,463.0,447.0,3.6,9.0,64.0,48.0,0.02,812.0,144.0,144.0,3897.0,2373.0,28.8,74.72,74.85,4.41,6.18,14.26,10.3,,2026-09-12T08:30:37,https://www.screener.in/company/ABSLAMC/consolidated/
SHANTIGOLD,1981.0,258.0,12.7,,,,,,,,,,,,False,,,,,,,,,,,,,,,,,,70.35,74.89,4.63,2.21,1.8,2.29,,2026-09-13T09:56:01,https://www.screener.in/company/SHANTIGOLD/consolidated/
GNFC,8264.0,562.0,7.97,12.0,9.14,620.0,13.0,-9.0,9.0,85.0,-18.0,3.0,312.0,83.0,False,18.0,1.9,2.0,4.0,2238.0,1601.0,39.8,4.0,5.0,2.0,0.0,654.0,147.0,155.0,8968.0,8950.0,14.7,41.3,41.3,13.11,12.08,11.02,10.69,,2026-09-13T09:56:05,https://www.screener.in/company/GNFC/consolidated/
ACE,13444.0,1129.0,30.8,31.6,22.8,169.0,5.0,15.0,22.0,3.0,38.0,40.0,119.0,98.0,False,15.0,14.0,1.0,1.0,786.0,652.0,20.6,2.0,8.0,7.0,0.0,417.0,24.0,24.0,1987.0,895.0,12.0,65.42,65.42,7.82,10.36,2.59,1.83,,2026-09-13T09:56:09,https://www.screener.in/company/ACE/consolidated/
RATNAMANI,19706.0,2811.0,44.9,17.9,12.6,586.0,-16.0,0.0,14.0,-23.0,-1.0,12.0,107.0,127.0,False,17.0,16.0,0.0,1.0,972.0,1152.0,-15.6,0.0,318.0,237.0,0.08,936.0,14.0,14.0,4097.0,2590.0,7.0,59.77,59.77,10.72,11.15,19.13,18.79,,2026-09-13T09:56:12,https://www.screener.in/company/RATNAMANI/consolidated/
KIRLOSIND,4023.0,3828.0,13.1,7.01,3.77,5947.0,4.0,2.0,27.0,-13.0,3.0,8.0,82.0,238.0,False,12.0,13.0,0.0,0.0,1772.0,1698.0,4.4,9.0,1113.0,979.0,0.18,871.0,11.0,10.0,6239.0,3243.0,1.1,71.87,72.52,0.49,0.53,1.87,1.94,,2026-09-13T09:56:15,https://www.screener.in/company/KIRLOSIND/consolidated/
IONEXCHANG,6537.0,446.0,59.4,14.2,12.0,91.3,10.0,14.0,15.0,-48.0,-8.0,1.0,3.06,48.44,False,4.53,10.72,0.0,0.0,700.46,583.19,20.1,9.0,482.0,59.0,0.36,-28.0,14.0,14.0,1325.0,819.0,14.0,25.43,25.67,4.86,4.85,15.32,14.29,,2026-09-13T09:56:19,https://www.screener.in/company/IONEXCHANG/consolidated/
EDELWEISS,12535.0,132.0,19.9,14.1,14.2,48.8,14.0,8.0,0.0,55.0,23.0,19.0,134.0,103.0,False,25.0,35.0,1.0,0.0,2328.0,2246.0,3.7,1.0,18595.0,21791.0,4.02,897.0,95.0,90.0,4528.0,6654.0,95.0,32.26,32.7,19.47,19.55,7.25,5.24,,2026-09-13T09:56:22,https://www.screener.in/company/EDELWEISS/consolidated/
INDGN,13934.0,578.0,33.5,18.8,14.4,130.0,30.0,15.0,29.0,-4.0,16.0,23.0,116.0,116.0,False,16.0,20.0,0.0,0.0,1063.0,761.0,39.7,9.0,144.0,502.0,0.05,651.0,48.0,44.0,3091.0,1020.0,24.0,,,9.92,11.3,8.74,6.95,,2026-09-13T09:56:26,https://www.screener.in/company/INDGN/consolidated/
MEDANTA,38911.0,1447.0,68.0,17.4,15.2,147.0,21.0,18.0,25.0,0.0,19.0,81.0,157.0,159.0,False,22.0,24.0,0.0,0.0,1304.0,1031.0,26.5,9.0,1190.0,1122.0,0.3,714.0,54.0,54.0,3908.0,2375.0,27.0,33.0,33.01,9.46,11.41,16.89,12.97,,2026-09-13T09:56:29,https://www.screener.in/company/MEDANTA/consolidated/
METROPOLIS,12146.0,586.0,58.4,17.8,13.6,73.0,22.0,13.0,11.0,37.0,11.0,1.0,57.0,45.0,False,25.0,23.0,5.0,3.0,450.0,386.0,16.6,9.0,232.0,266.0,0.15,351.0,41.0,10.0,1472.0,978.0,20.5,48.86,48.89,11.03,12.52,35.12,33.1,,2026-09-13T09:56:33,https://www.screener.in/company/METROPOLIS/consolidated/
HARSHA,4051.0,445.0,26.2,13.0,10.5,154.0,20.0,6.0,13.0,42.0,4.0,25.0,37.0,38.0,False,15.0,15.0,0.0,0.0,457.0,365.0,25.2,5.0,372.0,182.0,0.27,68.0,91.0,91.0,1311.0,981.0,9.1,75.0,75.0,1.79,0.39,13.02,12.48,,2026-09-13T09:56:36,https://www.screener.in/company/HARSHA/consolidated/
GPTHEALTH,1308.0,159.0,31.4,23.7,28.5,,39.0,,,102.0,,,,,False,,,,,,,,,96.0,,0.61,66.0,80.0,,78.0,,8.0,65.57,65.57,3.03,3.2,6.94,6.45,,2026-09-13T09:56:39,https://www.screener.in/company/GPTHEALTH/consolidated/
GARFIBRES,7770.0,796.0,35.3,22.0,16.1,136.0,5.0,5.0,8.0,-7.0,7.0,6.0,65.0,53.0,False,19.0,19.0,1.0,0.0,482.0,367.0,31.3,1.0,43.0,134.0,0.03,162.0,99.0,20.0,1255.0,996.0,9.9,54.25,53.0,8.67,10.05,10.11,10.98,,2026-09-13T09:56:43,https://www.screener.in/company/GARFIBRES/consolidated/
SURAKSHA,1686.0,324.0,47.1,17.3,14.2,47.0,23.0,18.0,17.0,8.0,62.0,32.0,13.0,9.0,False,35.0,33.0,1.0,2.0,88.0,73.0,20.5,8.0,130.0,99.0,0.53,82.0,10.0,7.0,234.0,147.0,5.0,49.1,48.98,13.47,13.73,23.22,21.98,,2026-09-13T09:56:46,https://www.screener.in/company/SURAKSHA/consolidated/
HINDOILEXP,2449.0,185.0,97.5,3.49,2.13,105.0,-18.0,-22.0,18.0,-79.0,-48.0,-3.0,6.24,43.87,False,4.83,40.92,0.0,0.0,114.18,78.65,45.2,1.0,50.0,364.0,0.04,178.0,132.0,132.0,1252.0,815.0,13.2,,,1.88,1.71,0.13,0.49,,2026-09-13T09:56:49,https://www.screener.in/company/HINDOILEXP/consolidated/
INGERRAND,14436.0,4573.0,52.6,57.1,43.0,195.0,9.0,7.0,18.0,4.0,13.0,30.0,70.0,59.0,False,24.0,24.0,1.0,0.0,379.0,315.0,20.3,1.0,9.0,5.0,0.01,274.0,32.0,32.0,584.0,546.0,3.2,75.0,75.0,1.28,1.31,8.96,8.19,,2026-09-13T09:56:54,https://www.screener.in/company/INGERRAND/
KOLTEPATIL,3874.0,437.0,31.2,-0.32,-4.36,136.0,8.0,-21.0,1.0,49.0,,,147.0,-17.0,True,21.0,-32.0,1.0,1.0,920.0,82.0,1022.0,1.0,1183.0,561.0,0.98,217.0,89.0,76.0,1118.0,791.0,8.9,73.81,73.81,10.61,8.77,3.3,3.7,,2026-09-13T09:56:57,https://www.screener.in/company/KOLTEPATIL/consolidated/
JAGSNPHARM,1536.0,233.0,32.7,22.7,17.3,41.2,4.0,7.0,9.0,10.0,16.0,21.0,13.0,11.0,False,21.0,19.0,2.0,3.0,82.0,76.0,7.9,2.0,8.0,6.0,0.03,47.0,13.0,13.0,263.0,146.0,6.5,69.06,67.54,2.3,2.12,0.62,0.08,,2026-09-13T09:57:02,https://www.screener.in/company/JAGSNPHARM/
KAJARIACER,19272.0,1226.0,33.4,23.4,17.9,192.0,9.0,3.0,12.0,64.0,14.0,11.0,171.0,110.0,False,20.0,17.0,5.0,5.0,1328.0,1103.0,20.4,9.0,229.0,250.0,0.07,664.0,16.0,16.0,3050.0,2311.0,16.0,47.69,47.61,11.58,11.57,26.24,26.0,,2026-09-13T09:57:06,https://www.screener.in/company/KAJARIACER/consolidated/
CCAVENUE,5683.0,16.3,19.2,7.72,6.64,13.6,110.0,61.0,64.0,39.0,30.0,31.0,85.0,58.0,False,3.7,6.0,4.0,0.0,2680.0,1280.0,109.4,9.0,430.0,8.0,0.09,537.0,349.0,268.0,4397.0,2898.0,349.0,27.29,27.28,5.93,5.91,0.17,0.22,,2026-09-13T09:57:09,https://www.screener.in/company/CCAVENUE/consolidated/
JSL,62334.0,756.0,18.9,19.3,17.7,240.0,10.0,6.0,29.0,28.0,15.0,55.0,769.0,715.0,False,12.0,13.0,6.0,0.0,11279.0,10207.0,10.5,7.0,7460.0,3958.0,0.38,3395.0,165.0,165.0,19626.0,11766.0,82.5,62.04,61.23,20.45,21.42,7.35,7.08,,2026-09-13T09:57:13,https://www.screener.in/company/JSL/consolidated/
GPPL,7799.0,161.0,14.3,28.1,20.8,49.4,25.0,8.0,10.0,39.0,13.0,17.0,148.0,104.0,False,64.0,59.0,4.0,4.0,332.0,250.0,32.8,6.0,37.0,79.0,0.02,510.0,483.0,483.0,1905.0,1827.0,48.3,44.01,44.01,22.05,19.82,13.82,15.73,,2026-09-13T09:57:16,https://www.screener.in/company/GPPL/consolidated/
ANURAS,13883.0,1219.0,79.5,7.38,5.55,290.0,52.0,14.0,24.0,42.0,-2.0,19.0,51.0,48.0,False,25.0,26.0,1.0,0.0,655.0,486.0,34.8,7.0,1867.0,822.0,0.57,334.0,114.0,107.0,3188.0,2265.0,11.4,59.07,59.07,7.72,7.63,0.38,1.37,,2026-09-13T09:57:20,https://www.screener.in/company/ANURAS/consolidated/
3MINDIA,36864.0,32710.0,60.3,40.5,30.5,1906.0,3.0,17.0,7.0,23.0,53.0,10.0,157.0,129.0,False,20.0,16.0,9.0,9.0,1047.0,1050.0,-0.3,0.0,18.0,23.0,0.01,643.0,11.0,11.0,2136.0,1899.0,1.1,75.0,75.0,3.5,3.43,8.16,8.12,,2026-09-13T09:57:23,https://www.screener.in/company/3MINDIA/consolidated/
MAHLIFE,7533.0,353.0,24.2,7.64,9.91,170.0,876.0,25.0,48.0,211.0,107.0,42.0,86.0,51.0,False,10.0,-172.0,6.0,4.0,962.0,32.0,2906.2,4.0,662.0,268.0,0.18,-545.0,213.0,155.0,3414.0,1651.0,21.3,52.41,52.42,7.38,8.12,22.77,22.45,,2026-09-13T09:57:27,https://www.screener.in/company/MAHLIFE/consolidated/
SCHAEFFLER,61748.0,3950.0,49.3,27.3,20.2,393.0,20.0,12.0,,24.0,10.0,,326.0,287.0,False,18.0,18.0,9.0,0.0,2761.0,2353.0,17.3,9.0,48.0,51.0,0.01,1290.0,31.0,31.0,6116.0,4774.0,15.5,74.13,74.13,4.36,4.46,16.21,16.13,,2026-09-13T09:57:30,https://www.screener.in/company/SCHAEFFLER/consolidated/
LUPIN,95797.0,2095.0,16.1,29.9,28.7,491.0,28.0,19.0,13.0,61.0,140.0,37.0,1417.0,1221.0,False,30.0,28.0,9.0,9.0,8277.0,6268.0,32.1,9.0,6616.0,4542.0,0.29,7334.0,91.0,91.0,22357.0,12374.0,45.5,46.85,46.89,22.42,20.5,24.65,26.56,,2026-09-13T09:57:33,https://www.screener.in/company/LUPIN/consolidated/
VGUARD,14143.0,324.0,37.2,18.4,14.4,54.3,13.0,13.0,17.0,32.0,20.0,10.0,130.0,74.0,False,11.0,8.0,2.0,3.0,1811.0,1466.0,23.5,4.0,165.0,503.0,0.07,459.0,44.0,43.0,2329.0,1564.0,44.0,53.22,53.33,12.01,12.45,23.24,22.86,,2026-09-13T09:57:37,https://www.screener.in/company/VGUARD/consolidated/
SIRCA,2427.0,427.0,36.2,20.3,15.8,83.7,24.0,23.0,28.0,26.0,12.0,32.0,16.0,14.0,False,19.0,20.0,6.0,0.0,130.0,114.0,14.0,9.0,32.0,0.0,0.07,44.0,57.0,27.0,418.0,238.0,5.7,65.19,65.19,6.08,6.47,3.53,0.32,,2026-09-13T09:57:40,https://www.screener.in/company/SIRCA/consolidated/
GULFOILLUB,5256.0,1061.0,13.5,25.9,24.1,311.0,16.0,11.0,,6.0,16.0,,121.0,95.0,False,12.0,13.0,1.0,0.0,1327.0,1016.0,30.6,9.0,567.0,373.0,0.37,350.0,10.0,10.0,1526.0,1169.0,5.0,66.85,67.11,7.78,9.53,8.7,7.45,,2026-09-13T09:57:44,https://www.screener.in/company/GULFOILLUB/consolidated/
SARDAEN,18470.0,524.0,16.5,16.9,15.1,209.0,6.0,11.0,21.0,20.0,20.0,22.0,478.0,437.0,False,41.0,38.0,2.0,2.0,1608.0,1633.0,-1.5,0.0,2632.0,1407.0,0.36,1735.0,35.0,35.0,7335.0,3375.0,35.0,73.16,73.16,3.51,4.14,3.47,2.87,,2026-09-13T09:57:47,https://www.screener.in/company/SARDAEN/consolidated/
HEROMOTOCO,104504.0,5222.0,18.9,35.2,28.1,1080.0,26.0,12.0,9.0,10.0,28.0,16.0,1418.0,1706.0,False,13.0,15.0,0.0,0.0,13126.0,9728.0,34.9,4.0,779.0,568.0,0.04,8315.0,40.0,40.0,21571.0,16616.0,20.0,34.73,34.73,31.09,28.76,24.26,26.32,,2026-09-13T09:57:51,https://www.screener.in/company/HEROMOTOCO/consolidated/
SUNDARMFIN,52338.0,4711.0,23.0,9.44,15.0,1341.0,14.0,21.0,13.0,19.0,17.0,13.0,636.0,475.0,False,31.0,27.0,6.0,1.0,,,,,,,,-5892.0,110.0,110.0,14783.0,9810.0,11.0,37.21,37.22,18.58,19.06,8.0,7.37,,2026-09-13T09:57:54,https://www.screener.in/company/SUNDARMFIN/consolidated/
BHARTIHEXA,77250.0,1545.0,41.8,21.4,26.0,143.0,8.0,12.0,15.0,29.0,46.0,35.0,482.0,392.0,False,53.0,51.0,1.0,7.0,2510.0,2263.0,10.9,9.0,6137.0,9204.0,0.86,4464.0,250.0,250.0,6915.0,3960.0,50.0,70.0,70.0,3.58,3.94,10.64,10.24,,2026-09-13T09:57:59,https://www.screener.in/company/BHARTIHEXA/
ALKEM,60829.0,5088.0,26.8,21.2,18.9,1156.0,13.0,8.0,11.0,0.0,32.0,9.0,521.0,668.0,False,20.0,22.0,0.0,0.0,3740.0,3371.0,10.9,7.0,2047.0,1397.0,0.15,1963.0,24.0,24.0,13796.0,9021.0,12.0,49.7,51.2,10.42,9.47,22.64,21.93,,2026-09-13T09:58:02,https://www.screener.in/company/ALKEM/consolidated/
ICEMAKE,1152.0,730.0,96.2,11.6,9.49,84.3,45.0,29.0,38.0,-33.0,-16.0,28.0,-1.66,-1.47,False,1.67,3.95,0.0,0.0,178.88,111.5,60.4,9.0,158.0,5.0,1.19,-11.0,16.0,16.0,117.0,65.0,1.6,64.52,74.26,0.01,0.11,0.88,1.99,,2026-09-13T09:58:06,https://www.screener.in/company/ICEMAKE/consolidated/
WONDERLA,3306.0,521.0,31.3,6.2,4.6,283.0,31.0,7.0,68.0,7.0,-17.0,29.0,73.0,53.0,False,46.0,46.0,2.0,0.0,243.0,168.0,44.6,4.0,6.0,7.0,0.0,135.0,63.0,57.0,1733.0,893.0,6.3,62.22,62.26,4.2,6.69,11.27,12.1,,2026-09-13T09:58:11,https://www.screener.in/company/WONDERLA/
ASTRAL,37917.0,1411.0,64.0,19.2,13.8,151.0,17.0,8.0,16.0,22.0,6.0,6.0,120.0,79.0,False,15.0,14.0,2.0,1.0,1578.0,1361.0,15.9,4.0,250.0,87.0,0.06,1117.0,27.0,27.0,4031.0,2684.0,27.0,54.22,54.21,13.89,16.61,20.93,17.49,,2026-09-13T09:58:15,https://www.screener.in/company/ASTRAL/consolidated/
ABBOTINDIA,54294.0,25550.0,33.6,44.8,34.4,2247.0,6.0,9.0,10.0,11.0,18.0,17.0,429.0,366.0,False,29.0,26.0,9.0,2.0,1814.0,1738.0,4.4,9.0,172.0,113.0,0.04,1319.0,21.0,21.0,4753.0,3167.0,2.1,74.99,74.99,0.38,0.16,8.77,9.11,,2026-09-13T09:58:19,https://www.screener.in/company/ABBOTINDIA/
CARBORUNIV,20483.0,1075.0,81.7,10.5,6.92,205.0,10.0,4.0,15.0,-14.0,-14.0,-3.0,80.0,60.0,False,9.0,10.0,1.0,0.0,1427.0,1219.0,17.1,8.0,413.0,277.0,0.11,367.0,19.0,19.0,3881.0,2802.0,19.0,38.9,38.96,11.13,10.87,29.05,29.82,,2026-09-13T09:58:23,https://www.screener.in/company/CARBORUNIV/consolidated/
EPL,7665.0,239.0,18.7,17.8,15.7,89.2,17.0,9.0,9.0,3.0,22.0,10.0,101.0,101.0,False,19.0,20.0,0.0,0.0,1388.0,1108.0,25.3,9.0,962.0,890.0,0.34,723.0,64.0,64.0,2794.0,1926.0,32.0,26.38,26.4,14.07,17.43,13.8,9.97,,2026-09-13T09:58:26,https://www.screener.in/company/EPL/consolidated/
VIYASH,11348.0,258.0,51.2,13.4,7.39,66.6,53.0,34.0,20.0,148.0,73.0,15.0,79.0,37.0,False,19.0,15.0,9.0,9.0,946.0,792.0,19.4,9.0,490.0,444.0,0.17,323.0,87.0,50.0,2824.0,649.0,43.5,61.31,52.33,4.5,5.9,3.76,12.91,,2026-09-13T09:58:30,https://www.screener.in/company/VIYASH/consolidated/
WELSPUNLIV,19621.0,208.0,70.5,6.26,4.48,51.3,-3.0,5.0,5.0,-49.0,4.0,-17.0,163.0,89.0,False,11.0,10.0,1.0,1.0,2795.0,2261.0,23.6,1.0,2315.0,2462.0,0.47,1175.0,96.0,99.0,4821.0,3989.0,96.0,66.36,66.24,5.21,4.97,11.38,8.58,,2026-09-13T09:58:33,https://www.screener.in/company/WELSPUNLIV/consolidated/
ABCAPITAL,108133.0,395.0,26.9,8.72,12.0,131.0,16.0,15.0,19.0,18.0,-7.0,28.0,1224.0,854.0,False,13.0,12.0,3.0,2.0,,,,,,,,-36544.0,2620.0,2418.0,31804.0,17893.0,262.0,68.81,68.7,7.94,6.1,13.36,12.82,,2026-09-13T09:58:37,https://www.screener.in/company/ABCAPITAL/consolidated/
DCBBANK,7293.0,226.0,9.26,7.4,12.0,203.0,11.0,21.0,16.0,23.0,16.0,17.0,213.0,157.0,False,5.0,-1.0,9.0,2.0,,,,,,,,6640.0,322.0,312.0,6213.0,4255.0,32.2,16.22,14.66,13.48,10.49,32.28,31.93,,2026-09-13T09:58:42,https://www.screener.in/company/DCBBANK/
STARHEALTH,33122.0,563.0,39.2,9.69,7.61,129.0,11.0,14.0,29.0,10.0,-3.0,20.0,550.0,438.0,False,14.0,12.0,2.0,2.0,5522.0,4880.0,13.2,9.0,470.0,470.0,0.06,1873.0,588.0,582.0,6987.0,4862.0,58.8,58.01,58.03,16.04,13.51,19.41,21.09,,2026-09-13T09:58:47,https://www.screener.in/company/STARHEALTH/
ENTERO,7901.0,1815.0,61.2,10.5,6.94,388.0,32.0,26.0,30.0,26.0,130.0,57.0,52.0,30.0,False,5.0,3.6,9.0,8.0,1940.0,1404.0,38.2,9.0,677.0,1101.0,0.4,96.0,44.0,4.0,1645.0,-73.0,4.4,52.4,52.42,4.36,14.68,15.48,9.64,,2026-09-13T09:58:50,https://www.screener.in/company/ENTERO/consolidated/
EQUITASBNK,8369.0,73.2,16.4,6.43,1.68,53.7,10.0,18.0,16.0,598.0,-44.0,-23.0,184.0,-224.0,True,-1.0,-36.0,4.0,2.0,,,,,,,,-3316.0,1141.0,1111.0,4984.0,4047.0,114.1,,,15.7,15.67,51.25,48.2,,2026-09-13T09:58:55,https://www.screener.in/company/EQUITASBNK/
STLTECH,46132.0,897.0,195.0,7.65,1.24,46.5,36.0,-12.0,0.0,1490.0,-43.0,-37.0,197.0,10.0,False,20.0,13.0,7.0,2.0,1910.0,1019.0,87.4,3.0,1942.0,3834.0,0.86,520.0,98.0,80.0,2170.0,2011.0,49.0,42.29,44.45,19.71,10.93,13.27,11.04,,2026-09-13T09:58:58,https://www.screener.in/company/STLTECH/consolidated/
ASTRAMICRO,15956.0,1681.0,84.4,20.3,16.0,138.0,4.0,13.0,13.0,16.0,40.0,46.0,12.0,16.0,False,19.0,20.0,0.0,0.0,177.0,200.0,-11.5,0.0,288.0,186.0,0.22,387.0,19.0,17.0,1296.0,625.0,9.5,6.54,6.54,10.74,6.47,16.09,14.55,,2026-09-13T09:59:02,https://www.screener.in/company/ASTRAMICRO/consolidated/
WELCORP,70606.0,2677.0,30.6,22.9,19.4,347.0,20.0,20.0,19.0,42.0,119.0,21.0,1048.0,349.0,False,17.0,15.0,1.0,1.0,4081.0,3551.0,14.9,5.0,2355.0,3381.0,0.26,3204.0,132.0,131.0,9024.0,4582.0,26.4,49.73,49.77,14.61,11.79,19.96,20.89,,2026-09-13T09:59:06,https://www.screener.in/company/WELCORP/consolidated/
KIMS,32296.0,769.0,155.0,9.5,11.3,56.2,31.0,21.0,24.0,-43.0,-9.0,4.0,37.0,85.0,False,19.0,22.0,0.0,0.0,1180.0,872.0,35.3,9.0,4253.0,678.0,1.89,511.0,80.0,80.0,2167.0,1590.0,40.0,32.49,34.11,14.75,15.03,34.42,32.12,,2026-09-13T09:59:09,https://www.screener.in/company/KIMS/consolidated/
USHAMART,15069.0,494.0,27.6,19.5,15.1,108.0,9.0,4.0,12.0,35.0,9.0,25.0,142.0,101.0,False,20.0,16.0,4.0,4.0,1033.0,887.0,16.5,9.0,229.0,417.0,0.07,655.0,31.0,31.0,3271.0,2000.0,31.0,40.28,41.75,15.1,14.14,15.26,12.29,,2026-09-13T09:59:13,https://www.screener.in/company/USHAMART/consolidated/
ATHERENERG,65678.0,1656.0,,,,,,,,,,,,,False,,,,,,,,,,,,,,,,,,39.58,40.86,16.77,17.45,29.82,28.1,,2026-09-13T09:59:16,https://www.screener.in/company/ATHERENERG/consolidated/
LLOYDSENT,10637.0,69.8,93.3,3.67,0.33,27.7,33.0,67.0,366.0,-59.0,-40.0,162.0,110.0,249.0,False,16.0,7.0,0.0,2.0,563.0,331.0,70.1,6.0,798.0,70.0,0.19,-361.0,151.0,127.0,3992.0,891.0,151.0,62.72,62.72,0.65,0.59,0.11,0.12,,2026-09-13T09:59:19,https://www.screener.in/company/LLOYDSENT/consolidated/
THYROCARE,8749.0,550.0,48.4,35.4,28.4,36.8,21.0,16.0,11.0,70.0,36.0,8.0,51.0,38.0,False,32.0,30.0,9.0,9.0,240.0,193.0,24.4,9.0,51.0,23.0,0.09,213.0,159.0,53.0,426.0,481.0,15.9,60.92,71.06,5.43,4.85,20.92,13.47,100.0,2026-09-13T09:59:22,https://www.screener.in/company/THYROCARE/consolidated/
BELRISE,22051.0,228.0,43.2,14.5,12.6,58.7,12.0,13.0,,29.0,17.0,,122.0,112.0,False,12.0,12.0,6.0,0.0,2546.0,2262.0,12.6,6.0,1521.0,2353.0,0.29,876.0,445.0,20.0,4781.0,2024.0,89.0,61.14,66.46,12.09,8.9,13.12,9.27,,2026-09-13T09:59:26,https://www.screener.in/company/BELRISE/consolidated/
RATEGAIN,10410.0,878.0,39.8,13.9,11.9,170.0,114.0,48.0,49.0,24.0,48.0,55.0,95.0,47.0,False,22.0,18.0,2.0,1.0,785.0,273.0,187.5,9.0,949.0,18.0,0.47,234.0,12.0,11.0,1994.0,699.0,12.0,48.78,48.16,5.75,5.49,20.86,21.58,,2026-09-13T09:59:29,https://www.screener.in/company/RATEGAIN/consolidated/
SENCO,5678.0,346.0,9.95,21.2,25.6,153.0,43.0,27.0,26.0,168.0,54.0,56.0,101.0,105.0,False,7.0,10.0,0.0,0.0,3056.0,1826.0,67.4,9.0,2699.0,1402.0,1.07,-789.0,82.0,56.0,2432.0,876.0,16.4,64.48,64.39,6.88,8.81,13.54,11.58,,2026-09-13T09:59:33,https://www.screener.in/company/SENCO/consolidated/
TVSSCS,5758.0,130.0,81.2,10.1,9.7,46.1,17.0,3.0,10.0,-37.0,71.0,29.0,22.0,71.0,False,7.0,7.0,0.0,0.0,3335.0,2592.0,28.7,9.0,2755.0,3324.0,1.36,746.0,44.0,36.0,1989.0,687.0,44.0,43.03,43.03,2.38,3.48,2.17,2.31,31.9,2026-09-13T09:59:36,https://www.screener.in/company/TVSSCS/consolidated/
AVL,7961.0,616.0,56.8,17.1,18.7,53.3,27.0,26.0,29.0,30.0,23.0,42.0,77.0,55.0,False,10.0,10.0,9.0,0.0,1193.0,940.0,26.9,9.0,573.0,418.0,0.83,75.0,13.0,12.0,676.0,124.0,13.0,47.14,47.32,15.05,18.76,21.67,16.46,,2026-09-13T09:59:41,https://www.screener.in/company/AVL/
SCI,13070.0,281.0,8.08,13.9,15.0,195.0,17.0,0.0,9.0,79.0,15.0,14.0,619.0,354.0,False,45.0,37.0,3.0,3.0,1847.0,1316.0,40.3,3.0,2679.0,2605.0,0.29,1343.0,466.0,466.0,8630.0,6437.0,46.6,63.75,63.75,8.98,6.49,2.09,2.58,,2026-09-13T09:59:44,https://www.screener.in/company/SCI/consolidated/
KEI,43766.0,4578.0,43.9,20.0,14.7,697.0,20.0,19.0,23.0,34.0,24.0,27.0,274.0,196.0,False,12.0,10.0,9.0,3.0,3185.0,2590.0,23.0,9.0,253.0,162.0,0.04,840.0,19.0,18.0,6646.0,2571.0,9.5,35.0,35.0,27.32,25.82,25.9,26.71,,2026-09-13T09:59:48,https://www.screener.in/company/KEI/consolidated/
UJJIVANSFB,12771.0,65.5,14.1,7.73,10.8,35.1,15.0,19.0,20.0,72.0,-14.0,194.0,317.0,103.0,False,8.0,-7.0,3.0,2.0,,,,,,,,1843.0,1943.0,1955.0,4873.0,2054.0,194.3,0.0,0.0,16.81,17.05,33.45,20.13,,2026-09-13T09:59:53,https://www.screener.in/company/UJJIVANSFB/
JAYNECOIND,8736.0,90.0,,2.93,-0.87,33.2,-13.0,1.0,3.0,4.0,,,,,False,,,,,,,,,4114.0,2422.0,1.94,521.0,639.0,497.0,1482.0,1308.0,63.9,55.15,55.15,1.32,1.07,0.78,0.51,99.9,2026-09-13T09:59:56,https://www.screener.in/company/JAYNECOIND/consolidated/
TDPOWERSYS,25150.0,805.0,91.5,34.0,24.7,34.3,54.0,29.0,26.0,45.0,36.0,43.0,86.0,50.0,False,19.0,19.0,9.0,0.0,640.0,372.0,72.0,9.0,18.0,0.0,0.02,129.0,31.0,31.0,1041.0,573.0,31.0,26.87,26.87,26.18,23.55,23.88,25.39,,2026-09-13T09:59:59,https://www.screener.in/company/TDPOWERSYS/consolidated/
FINCABLES,21779.0,1424.0,27.2,16.0,12.3,398.0,27.0,12.0,18.0,29.0,12.0,9.0,249.0,163.0,False,12.0,10.0,4.0,1.0,2013.0,1396.0,44.2,6.0,19.0,14.0,0.0,49.0,31.0,31.0,6055.0,4340.0,15.5,35.86,35.86,9.65,9.9,16.71,15.88,,2026-09-13T10:00:03,https://www.screener.in/company/FINCABLES/consolidated/
RRKABEL,27421.0,2424.0,44.8,28.1,21.3,228.0,38.0,20.0,29.0,81.0,39.0,31.0,205.0,90.0,False,9.0,7.0,6.0,1.0,3168.0,2059.0,53.9,9.0,337.0,996.0,0.13,295.0,57.0,48.0,2518.0,957.0,11.4,61.38,61.76,10.68,8.18,11.87,13.87,,2026-09-13T10:00:06,https://www.screener.in/company/RRKABEL/consolidated/
POWERINDIA,140113.0,31435.0,118.0,29.4,21.9,1161.0,40.0,22.0,19.0,136.0,122.0,54.0,294.0,132.0,False,15.0,10.0,9.0,9.0,2494.0,1479.0,68.6,9.0,86.0,334.0,0.02,1245.0,9.0,8.0,5167.0,1207.0,4.5,71.31,71.31,12.44,9.67,6.32,7.92,,2026-09-13T10:00:11,https://www.screener.in/company/POWERINDIA/
ZENTEC,15553.0,1723.0,85.6,16.2,10.7,209.0,-24.0,46.0,66.0,-28.0,67.0,128.0,32.0,53.0,False,27.0,41.0,0.0,0.0,142.0,158.0,-10.1,0.0,19.0,7.0,0.01,245.0,9.0,8.0,1880.0,308.0,9.0,48.51,48.51,6.47,5.94,10.42,7.93,,2026-09-13T10:00:14,https://www.screener.in/company/ZENTEC/consolidated/
PICCADIL,5936.0,602.0,42.2,18.0,17.4,91.4,29.0,19.0,15.0,30.0,83.0,50.0,21.0,18.0,False,17.0,18.0,5.0,0.0,251.0,214.0,17.3,5.0,531.0,154.0,0.59,118.0,99.0,95.0,802.0,137.0,9.9,68.56,68.62,0.81,0.95,0.88,0.97,,2026-09-13T10:00:18,https://www.screener.in/company/PICCADIL/consolidated/
GABRIEL,23862.0,1346.0,66.2,25.6,20.2,95.3,19.0,,,23.0,,,108.0,105.0,False,9.0,10.0,2.0,0.0,1426.0,1234.0,15.6,9.0,148.0,,0.11,345.0,14.0,,1354.0,,14.0,63.55,55.0,6.35,6.5,12.92,15.74,,2026-09-13T10:00:21,https://www.screener.in/company/GABRIEL/consolidated/
AARTIIND,17872.0,493.0,34.2,6.86,7.13,164.0,27.0,8.0,13.0,122.0,-9.0,-5.0,155.0,43.0,False,16.0,13.0,4.0,4.0,2387.0,1675.0,42.5,4.0,4966.0,2907.0,0.83,781.0,181.0,181.0,5774.0,4739.0,36.2,41.82,42.18,7.0,6.4,21.11,18.21,,2026-09-12T08:30:27,https://www.screener.in/company/AARTIIND/consolidated/
IMFA,6709.0,1244.0,12.8,18.4,16.8,504.0,24.0,2.0,9.0,46.0,22.0,22.0,193.0,93.0,False,29.0,20.0,3.0,3.0,960.0,642.0,49.5,4.0,958.0,341.0,0.35,318.0,54.0,54.0,2664.0,1819.0,5.4,58.69,58.69,3.59,3.69,0.88,0.21,,2026-09-13T10:00:25,https://www.screener.in/company/IMFA/consolidated/
MANORAMA,12976.0,2056.0,50.2,34.9,39.3,114.0,60.0,,,80.0,,,79.0,47.0,False,26.0,26.0,4.0,0.0,404.0,290.0,39.3,4.0,356.0,,0.52,250.0,12.0,,670.0,,6.0,54.32,54.32,3.22,2.52,2.63,4.45,,2026-09-13T10:00:28,https://www.screener.in/company/MANORAMA/consolidated/
JSFB,5466.0,517.0,14.4,7.45,7.63,421.0,18.0,20.0,16.0,-12.0,8.0,29.0,155.0,102.0,False,-5.0,-13.0,2.0,2.0,,,,,,,,594.0,105.0,55.0,4328.0,1472.0,10.5,16.94,21.87,4.01,1.21,15.31,14.81,,2026-09-13T10:00:33,https://www.screener.in/company/JSFB/
SANSERA,25772.0,4130.0,69.2,14.5,11.8,495.0,23.0,14.0,18.0,64.0,33.0,26.0,87.0,63.0,False,19.0,17.0,9.0,3.0,1021.0,766.0,33.3,9.0,591.0,804.0,0.19,387.0,12.0,11.0,3075.0,1157.0,6.0,29.21,30.24,21.52,19.58,31.04,36.99,,2026-09-13T10:00:36,https://www.screener.in/company/SANSERA/consolidated/
GLENMARK,68276.0,2419.0,21.9,39.8,23.6,372.0,33.0,14.0,9.0,134.0,61.0,19.0,483.0,47.0,False,20.0,18.0,4.0,4.0,4018.0,3264.0,23.1,9.0,594.0,4608.0,0.06,3445.0,28.0,28.0,10484.0,9446.0,28.0,46.65,46.64,20.89,20.73,18.6,18.61,,2026-09-13T10:00:40,https://www.screener.in/company/GLENMARK/consolidated/
TATATECH,30947.0,762.0,47.6,20.9,16.3,96.6,15.0,8.0,18.0,-5.0,-1.0,21.0,181.0,170.0,False,16.0,16.0,2.0,0.0,1665.0,1244.0,33.8,4.0,938.0,255.0,0.24,776.0,81.0,81.0,3842.0,2908.0,40.5,55.17,55.22,6.3,5.25,4.48,2.88,,2026-09-13T10:00:43,https://www.screener.in/company/TATATECH/consolidated/
EXIDEIND,35075.0,413.0,37.4,8.54,5.97,164.0,8.0,6.0,12.0,11.0,2.0,1.0,351.0,275.0,False,11.0,11.0,3.0,0.0,5528.0,4695.0,17.7,3.0,1575.0,588.0,0.11,2413.0,85.0,85.0,13820.0,11047.0,85.0,45.99,45.99,10.62,10.88,19.3,18.46,,2026-09-13T10:00:47,https://www.screener.in/company/EXIDEIND/consolidated/
WELENT,10882.0,786.0,30.7,16.7,13.6,220.0,-2.0,9.0,19.0,2.0,12.0,24.0,56.0,101.0,False,19.0,21.0,0.0,0.0,774.0,845.0,-8.4,0.0,1987.0,764.0,0.65,112.0,136.0,150.0,2908.0,2206.0,13.6,56.13,55.48,3.92,3.98,9.25,9.46,,2026-09-13T10:00:50,https://www.screener.in/company/WELENT/consolidated/
KPRMILL,37911.0,1109.0,41.6,19.6,15.7,167.0,4.0,2.0,14.0,11.0,2.0,10.0,259.0,213.0,False,19.0,18.0,5.0,2.0,1936.0,1766.0,9.6,2.0,596.0,1348.0,0.1,1108.0,34.0,34.0,5663.0,3673.0,34.0,67.52,67.52,7.02,6.45,19.25,19.38,,2026-09-13T10:00:53,https://www.screener.in/company/KPRMILL/consolidated/
ALKYLAMINE,9552.0,1868.0,50.4,41.3,41.4,105.0,17.0,26.0,16.0,120.0,54.0,33.0,49.0,19.0,False,29.0,16.0,4.0,4.0,235.0,237.0,-0.8,0.0,87.0,120.0,0.16,188.0,10.0,10.0,526.0,246.0,5.0,72.04,72.03,3.5,3.44,3.1,2.88,,2026-09-13T10:00:57,https://www.screener.in/company/ALKYLAMINE/consolidated/
LTFOODS,15213.0,438.0,23.8,17.7,14.9,130.0,28.0,16.0,19.0,3.0,16.0,18.0,183.0,168.0,False,11.0,11.0,1.0,0.0,3152.0,2464.0,27.9,9.0,1610.0,1221.0,0.36,910.0,35.0,35.0,4486.0,2722.0,35.0,51.0,51.0,8.21,10.12,10.84,8.34,,2026-09-13T10:01:01,https://www.screener.in/company/LTFOODS/consolidated/
SUMICHEM,23779.0,476.0,41.6,22.1,16.2,67.9,-4.0,-3.0,4.0,3.0,2.0,8.0,215.0,178.0,False,22.0,21.0,2.0,3.0,1063.0,1057.0,0.6,2.0,63.0,34.0,0.02,446.0,499.0,499.0,2891.0,1883.0,49.9,75.0,75.0,3.02,3.65,9.33,8.47,,2026-09-13T10:01:04,https://www.screener.in/company/SUMICHEM/consolidated/
NUVAMA,32042.0,1737.0,29.6,17.5,27.4,226.0,13.0,28.0,27.0,5.0,51.0,59.0,306.0,264.0,False,53.0,54.0,3.0,0.0,1376.0,1123.0,22.5,9.0,11544.0,5413.0,2.8,-3014.0,36.0,35.0,4085.0,2219.0,18.0,53.98,54.64,19.0,16.3,8.49,7.59,62.8,2026-09-13T10:01:07,https://www.screener.in/company/NUVAMA/consolidated/
INDUSINDBK,76216.0,978.0,57.6,5.68,1.36,844.0,-6.0,8.0,10.0,31.0,-51.0,-21.0,1037.0,604.0,False,-4.0,-11.0,2.0,2.0,,,,,,,,993.0,779.0,776.0,64961.0,54229.0,77.9,15.82,15.82,29.17,34.32,41.86,31.57,42.8,2026-09-13T10:01:11,https://www.screener.in/company/INDUSINDBK/consolidated/
OBEROIRLTY,63307.0,1741.0,23.9,17.3,14.6,493.0,30.0,13.0,24.0,28.0,9.0,27.0,544.0,421.0,False,56.0,53.0,4.0,1.0,1301.0,988.0,31.7,4.0,2825.0,3944.0,0.16,1380.0,364.0,364.0,17558.0,11847.0,36.4,67.71,67.71,15.11,16.06,14.83,13.85,,2026-09-13T10:01:14,https://www.screener.in/company/OBEROIRLTY/consolidated/
MAHSEAMLES,9767.0,729.0,13.2,14.3,10.7,513.0,-12.0,-6.0,15.0,-16.0,-3.0,29.0,266.0,230.0,False,16.0,14.0,1.0,1.0,1091.0,1145.0,-4.7,0.0,13.0,244.0,0.0,933.0,67.0,67.0,6809.0,4707.0,13.4,70.28,69.05,9.72,9.86,3.84,3.64,,2026-09-13T10:01:18,https://www.screener.in/company/MAHSEAMLES/consolidated/
HEG,4577.0,237.0,12.9,8.35,7.42,247.0,20.0,1.0,15.0,80.0,-14.0,46.0,122.0,105.0,False,22.0,17.0,1.0,1.0,681.0,613.0,11.1,5.0,796.0,743.0,0.17,213.0,39.0,39.0,4719.0,4242.0,19.5,56.27,55.77,8.47,7.97,9.27,11.99,,2026-09-13T10:01:21,https://www.screener.in/company/HEG/consolidated/
GLAXO,47915.0,2828.0,45.5,61.4,45.6,134.0,6.0,6.0,5.0,11.0,18.0,15.0,237.0,205.0,False,31.0,31.0,9.0,0.0,938.0,805.0,16.5,3.0,33.0,16.0,0.01,903.0,169.0,169.0,2098.0,1572.0,16.9,75.0,75.0,4.79,4.79,7.81,7.75,,2026-09-13T10:01:25,https://www.screener.in/company/GLAXO/consolidated/
LAURUSLABS,106387.0,1969.0,97.3,17.8,18.3,98.2,23.0,4.0,7.0,115.0,4.0,-2.0,362.0,162.0,False,32.0,24.0,7.0,7.0,2026.0,1570.0,29.0,7.0,2518.0,2015.0,0.48,1624.0,108.0,108.0,5192.0,3930.0,54.0,27.47,27.6,28.0,26.17,13.73,11.72,,2026-09-13T10:01:28,https://www.screener.in/company/LAURUSLABS/consolidated/
RADICO,58525.0,4368.0,82.4,24.2,20.3,248.0,19.0,24.0,21.0,76.0,41.0,17.0,230.0,131.0,False,21.0,15.0,9.0,8.0,1684.0,1506.0,11.8,9.0,498.0,754.0,0.15,743.0,27.0,27.0,3289.0,2181.0,13.5,40.19,40.21,18.2,18.0,28.08,25.48,,2026-09-13T10:01:32,https://www.screener.in/company/RADICO/consolidated/
TI,12930.0,522.0,57.2,11.8,13.1,121.0,100.0,26.0,34.0,-19.0,53.0,54.0,32.0,89.0,False,16.0,23.0,0.0,0.0,1046.0,409.0,155.7,6.0,2301.0,256.0,0.77,-445.0,247.0,185.0,2735.0,298.0,24.7,31.67,37.2,16.88,19.45,6.28,3.82,,2026-09-13T10:01:35,https://www.screener.in/company/TI/consolidated/
KIRLOSENG,31557.0,2169.0,55.4,14.6,17.5,249.0,23.0,15.0,19.0,28.0,22.0,25.0,111.0,139.0,False,15.0,19.0,0.0,0.0,2000.0,1762.0,13.5,9.0,5374.0,3244.0,1.48,932.0,29.0,29.0,3591.0,2275.0,14.5,41.06,41.12,11.33,8.34,26.0,28.0,,2026-09-12T08:31:09,https://www.screener.in/company/KIRLOSENG/consolidated/
JKPAPER,7511.0,414.0,23.0,7.39,4.77,304.0,10.0,3.0,21.0,-4.0,-40.0,3.0,136.0,84.0,False,15.0,15.0,2.0,0.0,1887.0,1661.0,13.6,4.0,2578.0,2803.0,0.47,773.0,181.0,169.0,5339.0,3865.0,18.1,52.94,49.63,11.39,11.5,6.27,5.58,,2026-09-13T10:01:39,https://www.screener.in/company/JKPAPER/consolidated/
PVRINOX,12148.0,1237.0,38.3,6.79,4.92,751.0,14.0,21.0,88.0,321.0,45.0,20.0,56.0,-54.0,True,33.0,28.0,7.0,6.0,1622.0,1450.0,11.9,5.0,6779.0,8052.0,0.92,2160.0,98.0,98.0,7280.0,7232.0,9.8,27.53,27.53,18.08,21.8,35.72,35.35,,2026-09-12T08:31:19,https://www.screener.in/company/PVRINOX/consolidated/
SPLPETRO,15388.0,818.0,31.3,,13.7,126.0,,,,,,,238.0,82.0,False,19.0,8.0,1.0,1.0,1715.0,1402.0,22.3,1.0,133.0,140.0,0.06,247.0,38.0,98.0,2339.0,91.0,19.0,64.24,64.24,3.8,3.69,4.14,3.87,,2026-09-13T10:01:42,https://www.screener.in/company/SPLPETRO/consolidated/
TEJASNET,9841.0,553.0,,-14.6,-26.8,165.0,-83.0,6.0,16.0,-624.0,,,-202.0,-194.0,False,-25.0,-67.0,0.0,1.0,402.0,202.0,99.0,1.0,4177.0,50.0,1.43,135.0,181.0,172.0,2750.0,2801.0,18.1,53.33,53.66,5.82,6.24,4.04,4.79,,2026-09-13T10:01:46,https://www.screener.in/company/TEJASNET/consolidated/
HOMEFIRST,12385.0,1184.0,21.3,11.1,15.7,418.0,21.0,34.0,31.0,41.0,33.0,40.0,160.0,119.0,False,39.0,35.0,9.0,5.0,,,,,,,,-1940.0,21.0,18.0,4336.0,1800.0,10.5,6.98,12.39,43.9,39.99,29.83,28.84,,2026-09-12T08:30:59,https://www.screener.in/company/HOMEFIRST/
GODREJAGRO,13004.0,676.0,27.7,19.2,20.9,106.0,9.0,3.0,10.0,3.0,23.0,8.0,128.0,149.0,False,8.0,10.0,0.0,0.0,2855.0,2614.0,9.2,5.0,1574.0,1433.0,0.77,1281.0,192.0,192.0,1840.0,2145.0,19.2,67.75,67.54,6.48,7.21,5.28,5.18,,2026-09-13T10:01:49,https://www.screener.in/company/GODREJAGRO/consolidated/
BAJAJHIND,5006.0,20.9,38.6,3.11,24.4,4.21,-2.0,-5.0,-4.0,198.0,45.0,20.0,-185.0,-174.0,False,-11.0,-2.1,0.0,0.0,1126.0,1248.0,-9.8,0.0,6356.0,4303.0,6.36,230.0,237.0,124.0,763.0,4300.0,237.0,13.33,24.96,1.14,1.89,50.67,7.84,100.0,2026-09-13T10:01:53,https://www.screener.in/company/BAJAJHIND/consolidated/
RPGLIFE,4463.0,2699.0,38.2,25.7,19.3,366.0,8.0,,,-5.0,,,31.0,26.0,False,22.0,21.0,1.0,2.0,196.0,169.0,16.0,3.0,20.0,,0.03,56.0,13.0,,592.0,,1.62,72.95,72.95,0.95,1.11,8.68,6.7,,2026-09-13T10:01:56,https://www.screener.in/company/RPGLIFE/consolidated/
CARYSIL,3305.0,1162.0,30.7,18.0,17.4,214.0,14.0,16.0,24.0,52.0,24.0,20.0,32.0,23.0,False,20.0,19.0,6.0,5.0,262.0,227.0,15.4,9.0,283.0,235.0,0.46,109.0,6.0,5.0,603.0,298.0,3.0,41.34,41.34,1.63,1.44,11.91,11.33,,2026-09-13T10:02:00,https://www.screener.in/company/CARYSIL/consolidated/
AEROFLEX,6093.0,460.0,90.7,18.9,14.1,33.8,36.0,18.0,25.0,42.0,20.0,50.0,19.0,7.0,False,23.0,18.0,3.0,4.0,145.0,84.0,72.6,4.0,9.0,45.0,0.02,66.0,26.0,23.0,421.0,91.0,13.0,65.47,66.99,3.61,0.23,1.48,3.43,,2026-08-17T06:02:40,https://www.screener.in/company/AEROFLEX/consolidated/
WHEELS,3484.0,1426.0,21.3,18.8,15.8,426.0,17.0,6.0,18.0,40.0,41.0,143.0,39.0,31.0,False,8.0,7.0,9.0,1.0,1491.0,1266.0,17.8,6.0,768.0,819.0,0.74,477.0,24.0,24.0,1017.0,731.0,2.4,58.31,58.31,1.98,1.08,6.39,10.68,,2026-08-17T06:09:46,https://www.screener.in/company/WHEELS/consolidated/
SHILPAMED,15939.0,815.0,56.0,10.9,8.99,132.0,28.0,14.0,11.0,117.0,107.0,17.0,101.0,47.0,False,29.0,28.0,5.0,5.0,466.0,321.0,45.2,9.0,660.0,798.0,0.25,342.0,20.0,9.0,2572.0,1775.0,20.0,40.13,44.23,11.39,10.92,8.05,7.67,,2026-08-23T05:08:34,https://www.screener.in/company/SHILPAMED/consolidated/
PAISALO,6382.0,70.2,26.8,12.3,14.3,19.7,23.0,26.0,22.0,19.0,35.0,33.0,72.0,46.0,False,39.0,33.0,9.0,1.0,,,,,,,,-783.0,91.0,45.0,1702.0,1118.0,91.0,46.71,41.16,6.79,20.89,6.83,7.68,,2026-07-26T07:26:34,https://www.screener.in/company/PAISALO/consolidated/
RAYMOND,4094.0,615.0,24.4,3.14,168.0,427.0,13.0,-35.0,-8.0,229.0,109.0,85.0,31.0,5328.0,False,13.0,10.0,0.0,6.0,606.0,524.0,15.6,6.0,1055.0,2529.0,0.37,42.0,67.0,67.0,2777.0,2832.0,6.7,48.87,48.87,7.89,13.61,3.81,3.53,,2026-08-09T05:53:50,https://www.screener.in/company/RAYMOND/consolidated/
MANINDS,4628.0,617.0,22.7,16.2,9.23,278.0,11.0,17.0,11.0,26.0,43.0,11.0,61.0,28.0,False,14.0,7.0,1.0,8.0,1053.0,742.0,41.9,1.0,628.0,301.0,0.3,515.0,38.0,30.0,2049.0,1102.0,7.6,43.21,43.21,2.87,2.32,1.43,1.68,,2026-08-17T06:10:04,https://www.screener.in/company/MANINDS/consolidated/
TFCILTD,4040.0,87.3,47.3,10.4,9.87,21.5,-8.0,,,5.0,,,18.0,20.0,False,49.0,42.0,0.0,1.0,,,,,,,,139.0,90.0,81.0,883.0,673.0,45.0,3.85,3.85,5.46,4.61,0.0,0.08,,2026-07-26T07:27:05,https://www.screener.in/company/TFCILTD/consolidated/
CEMPRO,21927.0,1276.0,36.4,32.8,27.8,140.0,9.0,25.0,30.0,47.0,68.0,112.0,141.0,137.0,False,10.0,9.0,9.0,3.0,2721.0,2576.0,5.6,9.0,1001.0,766.0,0.42,500.0,17.0,17.0,2382.0,1220.0,17.0,67.46,67.46,7.26,8.36,2.86,0.72,,2026-08-23T05:10:02,https://www.screener.in/company/CEMPRO/consolidated/
ANTELOPUS,2809.0,799.0,20.0,21.2,15.9,186.0,47.0,33.0,42.0,119.0,43.0,93.0,54.0,11.0,False,70.0,53.0,3.0,3.0,131.0,51.0,156.9,3.0,4.0,4.0,0.01,121.0,35.0,15.0,620.0,345.0,3.5,69.94,69.94,0.41,1.7,0.76,0.01,,2026-08-17T06:08:59,https://www.screener.in/company/ANTELOPUS/
GRWRHITECH,16784.0,7224.0,43.3,18.0,13.4,1143.0,6.0,14.0,16.0,19.0,27.0,22.0,133.0,83.0,False,27.0,22.0,2.0,2.0,633.0,495.0,27.9,2.0,16.0,141.0,0.01,275.0,23.0,23.0,2633.0,1833.0,2.3,60.73,60.73,4.22,3.58,6.35,4.96,,2026-08-30T10:05:55,https://www.screener.in/company/GRWRHITECH/consolidated/
RISHABH,2620.0,677.0,32.4,14.5,12.0,193.0,6.0,11.0,15.0,110.0,20.0,19.0,19.0,20.0,False,17.0,15.0,0.0,5.0,198.0,190.0,4.2,8.0,81.0,106.0,0.11,108.0,39.0,29.0,706.0,372.0,3.9,69.4,69.81,1.17,0.35,11.21,12.01,,2026-08-19T05:34:31,https://www.screener.in/company/RISHABH/consolidated/
CHENNPETRO,19971.0,1341.0,4.78,34.9,31.8,746.0,34.0,-6.0,23.0,2380.0,-5.0,64.0,1031.0,-40.0,True,6.0,0.7,4.0,4.0,27369.0,14812.0,84.8,1.0,1964.0,4260.0,0.18,2945.0,149.0,149.0,10960.0,6326.0,14.9,67.29,67.29,14.98,8.8,1.01,2.6,,2026-08-30T10:06:19,https://www.screener.in/company/CHENNPETRO/consolidated/
NRBBEARING,4567.0,471.0,30.6,18.4,15.6,99.3,14.0,8.0,12.0,11.0,13.0,22.0,38.0,33.0,False,17.0,17.0,5.0,0.0,370.0,310.0,19.4,9.0,154.0,329.0,0.16,241.0,19.0,19.0,943.0,648.0,9.5,44.73,51.2,18.92,14.29,13.85,12.27,,2026-08-17T06:06:26,https://www.screener.in/company/NRBBEARING/consolidated/
VENUSPIPES,3244.0,1566.0,31.2,22.5,17.0,323.0,22.0,28.0,30.0,15.0,32.0,34.0,26.0,25.0,False,16.0,16.0,4.0,0.0,321.0,276.0,16.3,9.0,197.0,90.0,0.29,112.0,21.0,20.0,648.0,302.0,2.1,48.41,48.44,2.63,4.25,17.81,15.13,,2026-08-17T06:09:42,https://www.screener.in/company/VENUSPIPES/
SSWL,4921.0,313.0,23.2,14.8,11.1,115.0,20.0,9.0,,5.0,-1.0,,69.0,47.0,False,11.0,10.0,1.0,1.0,1510.0,1187.0,27.2,6.0,828.0,639.0,0.46,332.0,16.0,16.0,1789.0,1119.0,16.0,61.15,61.15,8.6,8.73,3.15,4.62,,2026-08-16T05:18:26,https://www.screener.in/company/SSWL/consolidated/
THANGAMAYL,16910.0,5440.0,43.1,25.5,28.1,456.0,83.0,39.0,36.0,264.0,64.0,32.0,85.0,46.0,False,5.0,6.0,4.0,0.0,2666.0,1558.0,71.1,9.0,913.0,571.0,0.64,322.0,31.0,14.0,1385.0,375.0,3.1,61.61,61.56,5.54,4.61,16.43,15.25,,2026-08-30T10:11:28,https://www.screener.in/company/THANGAMAYL/
ASIANENE,1895.0,390.0,29.3,16.5,12.9,110.0,82.0,93.0,28.0,42.0,52.0,11.0,13.0,6.0,False,8.0,10.0,3.0,0.0,271.0,115.0,135.7,6.0,159.0,21.0,0.32,53.0,45.0,38.0,449.0,162.0,4.5,56.14,60.97,1.39,0.94,0.27,0.39,,2026-08-17T06:07:04,https://www.screener.in/company/ASIANENE/consolidated/
STYLAMIND,6111.0,3606.0,36.0,26.6,19.9,476.0,10.0,6.0,19.0,39.0,15.0,22.0,48.0,28.0,False,21.0,19.0,4.0,3.0,326.0,283.0,15.2,9.0,29.0,47.0,0.04,177.0,8.0,8.0,798.0,404.0,1.6,56.86,52.19,2.62,2.77,12.14,13.63,,2026-08-17T06:05:13,https://www.screener.in/company/STYLAMIND/consolidated/
BAJAJCON,6306.0,483.0,28.3,30.0,24.7,57.8,25.0,7.0,5.0,76.0,10.0,-4.0,71.0,38.0,False,24.0,15.0,5.0,4.0,342.0,273.0,25.3,6.0,16.0,9.0,0.02,197.0,13.0,14.0,742.0,775.0,13.0,42.97,40.95,16.11,10.12,14.91,15.27,,2026-08-17T06:02:43,https://www.screener.in/company/BAJAJCON/consolidated/
UNIMECH,7712.0,1515.0,107.0,11.2,7.96,145.0,16.0,37.0,,-12.0,35.0,,28.0,19.0,False,36.0,31.0,1.0,2.0,108.0,63.0,71.4,2.0,127.0,24.0,0.17,61.0,25.0,1.0,712.0,48.0,5.0,79.82,79.82,0.43,0.21,5.6,6.52,,2026-08-17T06:04:08,https://www.screener.in/company/UNIMECH/consolidated/
SGFIN,4576.0,694.0,29.2,9.32,10.3,224.0,106.0,100.0,169.0,82.0,91.0,141.0,54.0,25.0,False,53.0,50.0,5.0,1.0,,,,,,,,-1571.0,65.0,41.0,1395.0,532.0,6.5,56.95,48.38,0.54,0.17,2.18,4.03,,2026-08-09T05:54:58,https://www.screener.in/company/SGFIN/
BBOX,13768.0,775.0,48.2,21.6,25.7,72.5,12.0,0.0,6.0,4.0,80.0,13.0,56.0,47.0,False,9.0,8.0,2.0,2.0,1718.0,1387.0,23.9,4.0,1153.0,628.0,0.9,84.0,36.0,34.0,1251.0,262.0,18.0,69.95,70.24,4.69,4.22,3.41,0.04,,2026-09-07T10:00:40,https://www.screener.in/company/BBOX/consolidated/
WSTCSTPAPR,4084.0,618.0,17.8,6.17,4.25,546.0,8.0,-5.0,14.0,-9.0,-46.0,115.0,142.0,60.0,False,19.0,12.0,2.0,2.0,1051.0,955.0,10.1,3.0,345.0,231.0,0.1,400.0,13.0,13.0,3595.0,2568.0,6.5,56.58,56.55,2.59,3.31,13.62,12.61,,2026-08-19T05:34:52,https://www.screener.in/company/WSTCSTPAPR/consolidated/
SMLMAH,7505.0,5186.0,48.0,30.9,35.4,359.0,18.0,16.0,37.0,10.0,100.0,26.0,64.0,67.0,False,10.0,12.0,0.0,0.0,958.0,846.0,13.2,6.0,289.0,265.0,0.56,156.0,14.0,14.0,505.0,163.0,1.4,58.97,58.97,1.24,1.8,2.43,0.63,,2026-08-30T10:10:16,https://www.screener.in/company/SMLMAH/
LLOYDSENGG,13940.0,90.0,62.3,16.1,15.1,12.0,54.0,,,70.0,,,68.0,30.0,False,13.0,12.0,5.0,1.0,527.0,217.0,142.9,5.0,109.0,,0.07,-253.0,144.0,,1527.0,,144.0,41.92,49.26,2.02,1.93,0.29,0.16,,2026-08-23T05:04:53,https://www.screener.in/company/LLOYDSENGG/consolidated/
PAYTM,86044.0,1343.0,106.0,5.01,4.7,250.0,23.0,2.0,25.0,263.0,34.0,20.0,220.0,123.0,False,8.0,3.8,3.0,6.0,2448.0,1918.0,27.6,5.0,194.0,223.0,0.01,-743.0,64.0,63.0,15962.0,12952.0,64.0,,,48.09,51.71,24.87,19.95,,2026-08-02T07:20:35,https://www.screener.in/company/PAYTM/consolidated/
VSSL,3372.0,349.0,36.6,16.5,12.1,97.6,6.0,,,2.0,,,20.0,33.0,False,7.0,11.0,0.0,0.0,428.0,439.0,-2.5,0.0,120.0,,0.15,127.0,82.0,,716.0,,8.2,51.06,51.13,0.55,0.54,3.27,3.63,,2026-08-22T05:31:44,https://www.screener.in/company/VSSL/consolidated/
SEAMECLTD,4016.0,1580.0,15.6,20.0,21.8,512.0,60.0,30.0,30.0,122.0,106.0,47.0,81.0,76.0,False,42.0,46.0,3.0,0.0,297.0,211.0,40.8,4.0,353.0,139.0,0.27,321.0,25.0,25.0,1276.0,765.0,2.5,72.72,72.72,5.93,3.62,4.39,3.75,,2026-08-19T05:36:04,https://www.screener.in/company/SEAMECLTD/consolidated/
SANGHVIMOV,4200.0,485.0,20.5,15.6,13.9,151.0,30.0,33.0,37.0,23.0,20.0,57.0,65.0,50.0,False,33.0,36.0,2.0,0.0,380.0,273.0,39.2,9.0,674.0,167.0,0.51,278.0,9.0,9.0,1302.0,725.0,9.0,47.25,47.25,1.81,1.71,1.4,1.39,,2026-08-17T06:04:01,https://www.screener.in/company/SANGHVIMOV/consolidated/
REDINGTON,27741.0,355.0,15.4,18.4,16.9,130.0,23.0,15.0,16.0,42.0,5.0,16.0,453.0,233.0,False,2.0,1.5,1.0,1.0,34922.0,25952.0,34.6,9.0,2842.0,3321.0,0.28,231.0,156.0,156.0,10004.0,6771.0,78.0,,,61.96,61.81,16.37,16.97,,2026-08-09T05:48:31,https://www.screener.in/company/REDINGTON/consolidated/
SHRIPISTON,21209.0,4572.0,36.4,20.8,21.4,659.0,35.0,20.0,23.0,11.0,25.0,45.0,148.0,135.0,False,18.0,20.0,9.0,0.0,1474.0,963.0,53.1,9.0,1968.0,333.0,0.68,625.0,44.0,22.0,2857.0,1505.0,4.4,41.55,43.75,8.39,6.62,16.0,13.14,,2026-08-30T10:06:47,https://www.screener.in/company/SHRIPISTON/consolidated/
CARTRADE,13143.0,2720.0,55.2,11.8,9.69,519.0,20.0,29.0,26.0,53.0,89.0,20.0,57.0,47.0,False,31.0,25.0,9.0,9.0,201.0,173.0,16.2,9.0,140.0,86.0,0.06,257.0,48.0,47.0,2436.0,1997.0,4.8,,,54.37,68.51,15.63,9.95,,2026-08-02T07:26:19,https://www.screener.in/company/CARTRADE/consolidated/
SJS,8111.0,2532.0,42.6,28.6,22.0,271.0,29.0,30.0,,53.0,38.0,,74.0,35.0,False,29.0,27.0,9.0,5.0,261.0,210.0,24.3,9.0,23.0,30.0,0.03,224.0,32.0,30.0,836.0,399.0,3.2,20.15,21.56,14.67,16.06,34.04,30.13,,2026-08-16T05:17:28,https://www.screener.in/company/SJS/consolidated/
RACLGEAR,1782.0,1512.0,35.8,17.0,17.0,299.0,28.0,11.0,19.0,79.0,10.0,16.0,8.9,8.26,False,24.13,18.7,5.0,5.0,132.35,100.65,31.5,4.0,236.0,203.0,0.67,92.0,12.0,11.0,340.0,157.0,1.2,42.7,42.67,9.27,8.68,3.22,2.86,,2026-08-22T05:34:59,https://www.screener.in/company/RACLGEAR/consolidated/
PTCIL,28561.0,19050.0,227.0,8.43,7.02,1005.0,95.0,40.0,30.0,103.0,58.0,101.0,29.0,5.0,False,25.0,9.0,4.0,2.0,192.0,97.0,97.9,8.0,261.0,177.0,0.17,-69.0,15.0,13.0,1492.0,293.0,1.5,59.72,59.75,3.95,3.41,9.35,8.51,,2026-08-16T05:19:53,https://www.screener.in/company/PTCIL/consolidated/
SPARC,6919.0,213.0,4.42,164.0,279.0,41.3,2518.0,99.0,,557.0,108.0,,1761.0,-60.0,True,96.0,-196.0,1.0,1.0,1853.0,27.0,6763.0,1.0,559.0,16.0,0.42,-239.0,32.0,32.0,1306.0,480.0,32.0,65.68,65.67,3.9,1.76,0.09,1.05,,2026-08-09T05:38:32,https://www.screener.in/company/SPARC/consolidated/
FEDERALBNK,85096.0,344.0,18.2,6.39,11.6,162.0,7.0,19.0,16.0,16.0,11.0,21.0,1302.0,951.0,False,8.0,1.0,3.0,2.0,,,,,,,,4349.0,493.0,423.0,39550.0,21699.0,246.5,,,27.71,25.54,49.27,49.71,,2026-08-30T10:07:58,https://www.screener.in/company/FEDERALBNK/consolidated/
LLOYDSME,101897.0,1810.0,21.4,27.3,36.6,246.0,230.0,72.0,133.0,211.0,60.0,679.0,1734.0,642.0,False,38.0,33.0,5.0,3.0,7354.0,2384.0,208.5,4.0,20716.0,4.0,1.49,2921.0,56.0,50.0,13815.0,1478.0,56.0,61.63,63.05,1.85,2.3,2.18,2.1,,2026-08-30T10:11:20,https://www.screener.in/company/LLOYDSME/consolidated/
SATIN,2519.0,228.0,6.15,13.8,12.3,259.0,21.0,27.0,18.0,225.0,313.0,91.0,123.0,45.0,False,22.0,8.0,4.0,3.0,,,,,,,,-974.0,110.0,85.0,2753.0,1543.0,11.0,36.17,36.17,4.88,3.9,6.32,5.18,,2026-08-19T05:33:49,https://www.screener.in/company/SATIN/consolidated/
HSCL,33019.0,654.0,41.3,22.1,17.8,93.3,10.0,4.0,23.0,30.0,47.0,74.0,228.0,179.0,False,20.0,22.0,9.0,0.0,1432.0,1118.0,28.1,3.0,770.0,842.0,0.16,382.0,50.0,43.0,4656.0,2237.0,50.0,52.49,51.57,6.8,5.74,3.33,3.21,,2026-08-23T05:10:15,https://www.screener.in/company/HSCL/consolidated/
NILKAMAL,2775.0,1860.0,20.6,10.6,8.22,1057.0,8.0,6.0,13.0,30.0,-2.0,2.0,24.0,15.0,False,9.0,7.0,4.0,1.0,820.0,883.0,-7.1,0.0,418.0,351.0,0.27,306.0,15.0,15.0,1562.0,1299.0,1.5,64.54,64.54,0.97,1.02,12.9,14.34,,2026-08-16T05:19:47,https://www.screener.in/company/NILKAMAL/consolidated/
KINGFA,7878.0,5814.0,34.9,23.2,17.4,1033.0,24.0,12.0,26.0,47.0,32.0,103.0,80.0,40.0,False,16.0,13.0,9.0,3.0,689.0,462.0,49.1,9.0,15.0,42.0,0.01,66.0,14.0,12.0,1386.0,454.0,1.4,67.02,67.02,7.74,7.78,8.79,8.75,,2026-08-22T05:30:09,https://www.screener.in/company/KINGFA/
SMSPHARMA,3370.0,360.0,32.9,13.3,14.3,83.9,10.0,19.0,10.0,40.0,155.0,10.0,21.0,20.0,False,20.0,20.0,9.0,0.0,207.0,196.0,5.6,1.0,365.0,254.0,0.46,59.0,9.0,8.0,776.0,452.0,9.0,68.07,68.07,0.65,0.28,2.83,2.88,,2026-08-19T05:40:35,https://www.screener.in/company/SMSPHARMA/consolidated/
STEELCAS,3603.0,356.0,39.7,32.3,24.0,39.0,9.0,-4.0,22.0,15.0,7.0,49.0,24.0,20.0,False,26.0,26.0,1.0,0.0,125.0,107.0,16.8,1.0,0.0,24.0,0.0,86.0,10.0,10.0,385.0,205.0,10.0,45.0,45.0,0.29,0.19,2.55,1.11,,2026-08-22T05:36:36,https://www.screener.in/company/STEELCAS/
SPAL,2404.0,956.0,22.9,14.0,11.2,376.0,1.0,13.0,19.0,7.0,7.0,18.0,25.0,21.0,False,15.0,13.0,1.0,1.0,401.0,403.0,-0.5,0.0,419.0,245.0,0.44,209.0,25.0,25.0,921.0,649.0,2.5,61.81,61.93,1.49,1.49,16.15,19.79,,2026-08-17T06:10:21,https://www.screener.in/company/SPAL/consolidated/
RGL,1409.0,131.0,12.9,8.0,6.88,141.0,41.0,8.0,7.0,44.0,4.0,19.0,26.0,7.0,False,5.0,7.0,4.0,0.0,780.0,530.0,47.2,5.0,641.0,611.0,0.43,54.0,21.0,19.0,1487.0,1007.0,10.5,61.95,61.9,4.15,1.25,0.14,0.43,,2026-08-22T05:30:13,https://www.screener.in/company/RGL/consolidated/
SOLARA,2622.0,549.0,614.0,4.86,-0.13,346.0,15.0,-2.0,-3.0,-83.0,25.0,,16.0,11.0,False,16.0,18.0,2.0,0.0,382.0,319.0,19.7,3.0,687.0,1013.0,0.55,153.0,45.0,36.0,1208.0,1464.0,4.5,41.93,42.01,11.52,13.58,3.74,2.69,37.1,2026-08-19T05:38:29,https://www.screener.in/company/SOLARA/consolidated/
TINNARUBR,1881.0,1044.0,30.5,22.3,22.1,167.0,14.0,23.0,33.0,38.0,36.0,238.0,21.0,12.0,False,22.0,16.0,3.0,4.0,156.0,130.0,20.0,4.0,129.0,60.0,0.43,57.0,18.0,9.0,282.0,87.0,1.8,67.21,67.58,0.49,0.59,4.18,5.84,,2026-08-19T05:33:10,https://www.screener.in/company/TINNARUBR/consolidated/
UNICHEMLAB,3704.0,526.0,30.3,4.13,3.17,386.0,7.0,18.0,12.0,-2.0,35.0,25.0,41.0,-10.0,True,11.0,4.3,1.0,1.0,633.0,527.0,20.1,1.0,500.0,314.0,0.18,4.0,14.0,14.0,2703.0,2421.0,7.0,70.22,70.22,0.9,0.99,10.46,10.74,,2026-08-22T05:32:29,https://www.screener.in/company/UNICHEMLAB/consolidated/
IKIO,1506.0,195.0,32.4,9.49,7.13,77.9,35.0,18.0,23.0,125.0,-6.0,7.0,11.0,2.0,False,13.0,9.0,3.0,3.0,169.0,120.0,40.8,4.0,70.0,123.0,0.12,16.0,77.0,65.0,525.0,77.0,7.7,72.55,72.5,0.69,0.6,0.88,1.69,,2026-08-19T05:40:07,https://www.screener.in/company/IKIO/consolidated/
SANGAMIND,2859.0,569.0,22.6,10.4,8.38,239.0,12.0,6.0,19.0,423.0,-15.0,62.0,41.0,2.0,False,12.0,7.0,4.0,4.0,860.0,790.0,8.9,9.0,1278.0,826.0,1.19,269.0,50.0,45.0,1026.0,838.0,5.0,70.52,70.17,2.5,2.65,0.09,0.57,,2026-08-25T05:39:19,https://www.screener.in/company/SANGAMIND/consolidated/
GRAPHITE,13886.0,711.0,63.4,4.58,3.11,300.0,21.0,-4.0,8.0,-39.0,-8.0,51.0,171.0,133.0,False,17.0,6.0,1.0,1.0,842.0,665.0,26.6,4.0,368.0,432.0,0.06,83.0,39.0,39.0,5820.0,4925.0,19.5,65.34,65.34,6.04,6.6,10.23,9.58,,2026-08-23T05:10:05,https://www.screener.in/company/GRAPHITE/consolidated/
HINDCOPPER,47539.0,492.0,48.1,42.5,32.9,34.6,49.0,22.0,11.0,115.0,50.0,55.0,444.0,187.0,False,54.0,36.0,5.0,4.0,1156.0,731.0,58.1,5.0,111.0,156.0,0.03,1474.0,484.0,484.0,2859.0,1599.0,96.8,66.14,66.14,5.96,5.05,4.84,6.0,,2026-08-02T07:26:06,https://www.screener.in/company/HINDCOPPER/consolidated/
SHAREINDIA,3841.0,176.0,10.5,18.4,13.0,120.0,15.0,11.0,27.0,18.0,0.0,32.0,124.0,84.0,False,45.0,40.0,3.0,5.0,448.0,341.0,31.4,3.0,695.0,202.0,0.26,-182.0,44.0,33.0,2591.0,973.0,22.0,48.62,48.61,1.87,0.72,0.48,0.4,57.8,2026-08-17T06:08:00,https://www.screener.in/company/SHAREINDIA/consolidated/
COFORGE,76227.0,1721.0,39.8,23.5,20.6,284.0,36.0,27.0,29.0,98.0,31.0,28.0,532.0,356.0,False,19.0,16.0,8.0,5.0,5528.0,3704.0,49.2,9.0,728.0,562.0,0.08,1792.0,67.0,61.0,9470.0,3021.0,33.5,,,24.31,34.09,42.62,54.87,,2026-08-02T07:20:07,https://www.screener.in/company/COFORGE/consolidated/
AEGISVOPAK,31611.0,285.0,117.0,7.56,11.0,38.7,26.0,38.0,,43.0,1472.0,,69.0,79.0,False,77.0,75.0,0.0,3.0,234.0,208.0,12.5,5.0,3731.0,2374.0,0.87,702.0,1108.0,1.0,3183.0,952.0,110.8,86.94,86.94,5.35,6.07,5.3,5.03,,2026-08-09T05:49:32,https://www.screener.in/company/AEGISVOPAK/consolidated/
MAYURUNIQ,3270.0,752.0,15.8,24.7,18.4,261.0,16.0,8.0,14.0,36.0,23.0,17.0,56.0,41.0,False,22.0,20.0,9.0,3.0,269.0,216.0,24.5,9.0,8.0,25.0,0.01,133.0,22.0,22.0,1111.0,732.0,4.4,58.77,58.59,4.78,3.31,3.13,3.47,,2026-08-19T05:40:17,https://www.screener.in/company/MAYURUNIQ/consolidated/
TNPETRO,1090.0,121.0,7.99,10.9,9.55,113.0,-2.0,-12.0,5.0,91.0,0.0,-4.0,80.0,35.0,False,15.0,10.0,1.0,6.0,780.0,463.0,68.5,1.0,465.0,76.0,0.46,-100.0,90.0,90.0,928.0,731.0,9.0,34.54,34.54,11.11,8.76,0.0,0.0,,2026-08-31T11:27:58,https://www.screener.in/company/TNPETRO/consolidated/
ITDC,6019.0,702.0,72.4,29.9,21.1,49.3,-7.0,5.0,25.0,3.0,12.0,34.0,28.0,25.0,False,21.0,16.0,2.0,1.0,142.0,200.0,-29.0,0.0,1.0,1.0,0.0,70.0,86.0,86.0,337.0,256.0,8.6,87.03,87.03,0.03,0.01,1.78,1.78,,2026-08-09T05:54:34,https://www.screener.in/company/ITDC/consolidated/
RAJRATAN,2584.0,509.0,32.4,13.2,11.5,128.0,28.0,9.0,16.0,40.0,-11.0,6.0,23.0,14.0,False,13.0,13.0,1.0,0.0,318.0,247.0,28.7,6.0,324.0,171.0,0.5,75.0,10.0,10.0,640.0,429.0,5.0,65.2,65.13,0.83,0.57,8.35,8.29,,2026-08-19T05:37:56,https://www.screener.in/company/RAJRATAN/consolidated/
KALYANKJIL,62817.0,608.0,42.9,20.5,24.8,61.1,46.0,36.0,33.0,83.0,44.0,195.0,349.0,264.0,False,6.0,7.0,7.0,0.0,10589.0,7268.0,45.7,9.0,6117.0,4295.0,0.97,1318.0,1033.0,1030.0,5276.0,2605.0,103.3,62.86,62.77,10.82,14.12,15.83,14.56,,2026-08-16T05:17:19,https://www.screener.in/company/KALYANKJIL/consolidated/
SUNFLAG,6380.0,354.0,30.0,4.06,2.36,492.0,9.0,4.0,16.0,8.0,-2.0,8.0,66.0,63.0,False,11.0,12.0,1.0,0.0,1079.0,1023.0,5.5,5.0,524.0,609.0,0.06,390.0,180.0,180.0,8692.0,3162.0,18.0,51.16,51.16,0.86,0.64,0.21,0.18,,2026-08-19T05:38:46,https://www.screener.in/company/SUNFLAG/consolidated/
VADILALIND,5270.0,7330.0,24.1,22.2,20.1,1183.0,31.0,12.0,27.0,57.0,16.0,103.0,131.0,67.0,False,24.0,20.0,2.0,2.0,680.0,507.0,34.1,9.0,230.0,291.0,0.27,143.0,7.0,7.0,843.0,390.0,0.7,64.72,64.72,1.02,0.57,1.26,0.47,,2026-08-17T06:09:57,https://www.screener.in/company/VADILALIND/consolidated/
SCHNEIDER,28737.0,1202.0,148.0,29.6,38.2,28.8,10.0,18.0,17.0,-22.0,27.0,80.0,12.0,41.0,False,5.0,11.0,0.0,0.0,651.0,622.0,4.7,9.0,633.0,618.0,0.92,224.0,48.0,48.0,642.0,19.0,24.0,75.0,75.0,3.42,3.08,4.65,3.28,,2026-08-30T10:12:19,https://www.screener.in/company/SCHNEIDER/
HESTERBIO,2012.0,2365.0,37.9,15.2,15.9,423.0,4.0,8.0,9.0,41.0,26.0,8.0,97.0,17.0,False,29.0,27.0,2.0,3.0,77.0,84.0,-8.3,0.0,195.0,274.0,0.54,64.0,9.0,9.0,352.0,271.0,0.9,53.73,53.73,0.31,0.53,0.0,0.0,,2026-08-25T05:39:02,https://www.screener.in/company/HESTERBIO/consolidated/
EIMCOELECO,1260.0,2183.0,32.9,13.2,10.4,669.0,32.0,22.0,4.0,96.0,50.0,11.0,15.0,10.0,False,20.0,21.0,7.0,0.0,84.0,64.0,31.2,8.0,0.0,2.0,0.0,12.0,6.0,6.0,380.0,322.0,0.6,48.96,48.96,3.25,0.6,0.98,0.23,,2026-08-22T05:34:07,https://www.screener.in/company/EIMCOELECO/consolidated/
VMART,6429.0,808.0,46.4,13.2,14.2,120.0,19.0,15.0,29.0,161.0,144.0,83.0,47.0,34.0,False,15.0,14.0,1.0,9.0,1089.0,885.0,23.1,9.0,958.0,1332.0,1.01,501.0,79.0,20.0,872.0,829.0,7.9,44.15,44.18,16.47,17.46,30.9,32.11,,2026-08-19T05:35:12,https://www.screener.in/company/VMART/
GAEL,7659.0,167.0,18.3,12.5,9.72,71.8,25.0,5.0,4.0,76.0,-3.0,-2.0,177.0,65.0,False,15.0,7.0,2.0,2.0,1594.0,1291.0,23.5,5.0,441.0,229.0,0.13,228.0,46.0,23.0,3249.0,2411.0,46.0,63.84,63.84,3.02,2.04,0.65,0.6,,2026-08-30T10:08:52,https://www.screener.in/company/GAEL/consolidated/
WINDLAS,2050.0,994.0,30.8,15.9,12.2,275.0,19.0,21.0,16.0,9.0,17.0,16.0,16.0,16.0,False,11.0,13.0,0.0,0.0,238.0,203.0,17.2,9.0,35.0,5.0,0.06,105.0,11.0,10.0,570.0,392.0,2.2,63.31,61.98,2.04,1.11,9.84,11.44,,2026-08-22T05:34:41,https://www.screener.in/company/WINDLAS/consolidated/
ANGELONE,26680.0,292.0,25.8,14.8,15.6,67.2,9.0,20.0,32.0,4.0,1.0,25.0,231.0,114.0,False,34.0,24.0,2.0,3.0,1430.0,1141.0,25.3,3.0,7951.0,788.0,1.3,-4142.0,91.0,83.0,6027.0,2078.0,91.0,28.59,28.92,13.76,13.11,20.34,14.87,,2026-08-09T05:39:09,https://www.screener.in/company/ANGELONE/consolidated/
CUB,21005.0,212.0,15.0,6.74,13.2,107.0,20.0,13.0,11.0,20.0,12.0,17.0,383.0,306.0,False,13.0,9.0,9.0,3.0,,,,,,,,802.0,74.0,74.0,10491.0,7383.0,74.0,,,18.65,25.96,44.84,36.75,,2026-08-09T05:49:18,https://www.screener.in/company/CUB/
GMMPFAUDLR,4612.0,1026.0,36.7,13.6,6.69,268.0,14.0,4.0,29.0,49.0,-23.0,-4.0,22.0,10.0,False,10.0,13.0,2.0,0.0,925.0,795.0,16.4,6.0,1041.0,973.0,0.86,389.0,9.0,9.0,1196.0,795.0,4.5,25.18,25.18,14.39,20.77,18.42,16.2,,2026-08-19T05:33:42,https://www.screener.in/company/GMMPFAUDLR/consolidated/
PCJEWELLER,9011.0,9.28,12.6,9.58,9.96,9.45,49.0,11.0,3.0,24.0,77.0,63.0,153.0,95.0,False,18.0,21.0,9.0,0.0,927.0,699.0,32.6,8.0,1167.0,3736.0,0.14,-77.0,865.0,465.0,7309.0,3225.0,865.0,38.5,37.61,12.15,6.46,4.31,8.23,,2026-07-26T07:26:03,https://www.screener.in/company/PCJEWELLER/consolidated/
TARSONS,1835.0,345.0,155.0,4.56,2.38,119.0,11.0,,13.0,-57.0,,-26.0,-1.44,1.78,False,23.58,27.04,0.0,0.0,110.24,91.36,20.7,9.0,393.0,22.0,0.62,118.0,11.0,11.0,624.0,479.0,5.5,47.3,47.31,0.15,5.82,0.1,0.08,,2026-08-22T05:30:37,https://www.screener.in/company/TARSONS/consolidated/
MONARCH,3057.0,385.0,16.9,27.7,20.5,123.0,7.0,32.0,29.0,17.0,62.0,46.0,45.0,45.0,False,66.0,64.0,0.0,2.0,91.0,98.0,-7.1,0.0,37.0,3.0,0.04,114.0,79.0,34.0,892.0,188.0,7.9,53.83,52.86,2.77,1.78,0.15,0.26,,2026-08-22T05:32:39,https://www.screener.in/company/MONARCH/consolidated/
GALAPREC,1396.0,1089.0,36.7,15.6,13.2,229.0,32.0,24.0,24.0,39.0,33.0,73.0,8.19,6.53,False,16.26,15.27,6.0,3.0,75.38,63.08,19.5,9.0,38.0,60.0,0.13,10.0,13.0,3.0,280.0,81.0,1.3,54.34,55.2,1.3,1.13,5.78,4.8,,2026-08-22T05:32:52,https://www.screener.in/company/GALAPREC/consolidated/
PRABHA,2822.0,206.0,2565.0,-0.09,-0.15,23.4,61.0,-43.0,,177.0,,,0.29,-0.22,True,18.93,-23.89,3.0,3.0,1.69,1.13,49.6,5.0,163.48,10.82,0.38,-2.66,13.69,13.69,420.8,431.51,13.69,74.94,80.22,1.82,0.45,0.07,0.0,,2026-08-31T11:31:26,https://www.screener.in/company/PRABHA/consolidated/
MUNJALAU,1205.0,121.0,23.5,9.77,3.73,44.8,22.0,5.0,2.0,48.0,-15.0,-5.0,29.0,19.0,False,6.0,6.0,1.0,0.0,699.0,491.0,42.4,4.0,423.0,282.0,0.94,45.0,20.0,20.0,428.0,364.0,10.0,74.81,74.81,0.06,0.01,0.03,0.03,,2026-08-16T05:13:55,https://www.screener.in/company/MUNJALAU/consolidated/
NAHARSPING,1075.0,298.0,14.1,3.2,1.5,419.0,2.0,5.0,9.0,208.0,-41.0,-11.0,70.0,16.0,False,13.0,7.0,2.0,1.0,966.0,819.0,17.9,2.0,983.0,730.0,0.65,190.0,18.0,18.0,1494.0,1536.0,3.6,68.02,67.42,0.0,0.09,0.02,0.59,,2026-08-25T05:40:18,https://www.screener.in/company/NAHARSPING/
BHARATFORG,102866.0,2152.0,91.1,12.6,12.0,200.0,11.0,9.0,22.0,19.0,33.0,39.0,233.0,283.0,False,17.0,18.0,0.0,0.0,4528.0,3853.0,17.5,3.0,7309.0,7313.0,0.76,1487.0,96.0,93.0,9484.0,6612.0,48.0,44.07,44.07,15.04,13.62,32.18,32.11,,2026-07-26T07:16:49,https://www.screener.in/company/BHARATFORG/consolidated/
HATSUN,21934.0,985.0,63.0,12.9,16.7,82.1,13.0,,,21.0,,,61.0,41.0,False,11.0,11.0,3.0,0.0,2364.0,2010.0,17.6,7.0,2011.0,314.0,1.1,1450.0,22.0,7.0,1807.0,47.0,22.0,73.17,73.17,3.13,3.26,10.25,10.36,,2026-08-22T05:31:16,https://www.screener.in/company/HATSUN/consolidated/
OPTIEMUS,5012.0,556.0,69.0,10.9,9.16,87.6,21.0,15.0,58.0,11.0,16.0,9.0,21.0,15.0,False,3.4,6.0,1.0,0.0,883.0,435.0,103.0,2.0,373.0,118.0,0.48,-12.0,89.0,86.0,688.0,297.0,8.9,71.53,72.42,3.21,2.61,2.27,1.72,,2026-08-17T06:07:26,https://www.screener.in/company/OPTIEMUS/consolidated/
BSE,148509.0,3646.0,58.1,60.0,46.0,164.0,60.0,77.0,52.0,84.0,126.0,69.0,795.0,494.0,False,67.0,57.0,7.0,5.0,1564.0,847.0,84.7,9.0,0.0,0.0,0.0,3104.0,82.0,27.0,6591.0,2674.0,41.0,,,21.32,16.25,24.15,19.91,,2026-08-02T07:19:33,https://www.screener.in/company/BSE/consolidated/
SIS,5990.0,424.0,14.9,13.7,13.9,180.0,25.0,12.0,12.0,27.0,0.0,-10.0,102.0,93.0,False,4.5,4.3,2.0,1.0,4604.0,3548.0,29.8,9.0,1789.0,1647.0,0.7,770.0,71.0,73.0,2475.0,2260.0,14.2,71.86,72.09,13.27,13.17,6.25,5.88,,2026-08-19T05:40:58,https://www.screener.in/company/SIS/consolidated/
HUHTAMAKI,1983.0,263.0,23.4,17.6,13.0,93.1,7.0,31.0,,10.0,20.0,,16.0,20.0,False,10.0,12.0,0.0,0.0,523.0,528.0,-0.9,0.0,408.0,46.0,0.6,94.0,15.0,13.0,662.0,378.0,7.5,67.73,67.73,0.66,0.9,1.03,0.39,,2026-08-28T17:12:19,https://www.screener.in/company/HUHTAMAKI/consolidated/
ADFFOODS,2940.0,268.0,30.4,21.8,17.7,52.1,19.0,15.0,13.0,38.0,20.0,14.0,17.0,15.0,False,18.0,18.0,5.0,0.0,167.0,133.0,25.6,9.0,55.0,55.0,0.1,58.0,22.0,22.0,550.0,397.0,11.0,36.14,36.14,11.59,11.3,21.3,23.1,,2026-08-22T05:36:39,https://www.screener.in/company/ADFFOODS/consolidated/
AURUM,1643.0,228.0,1748.0,1.84,-2.68,70.4,65.0,44.0,109.0,103.0,18.0,,45.0,-10.0,True,26.0,17.0,5.0,5.0,112.0,65.0,72.3,4.0,225.0,99.0,0.44,63.0,38.0,20.0,468.0,203.0,7.6,47.89,47.04,0.42,0.36,,,,2026-08-22T05:33:56,https://www.screener.in/company/AURUM/consolidated/
ELLEN,4703.0,334.0,39.0,15.2,14.2,69.3,8.0,19.0,14.0,41.0,69.0,34.0,35.0,19.0,False,38.0,37.0,9.0,2.0,99.0,84.0,17.9,3.0,184.0,102.0,0.19,133.0,28.0,7.0,949.0,357.0,14.0,77.15,77.16,1.08,1.2,11.63,14.37,,2026-08-17T06:10:47,https://www.screener.in/company/ELLEN/
ABDL,16767.0,599.0,75.2,18.4,14.3,59.4,8.0,8.0,11.0,-7.0,422.0,147.0,45.0,56.0,False,12.0,12.0,0.0,0.0,979.0,923.0,6.1,8.0,1151.0,793.0,0.69,362.0,56.0,49.0,1607.0,357.0,28.0,80.91,80.91,3.24,2.96,5.07,4.56,,2026-08-16T05:18:49,https://www.screener.in/company/ABDL/consolidated/
J&KBANK,17535.0,159.0,7.61,5.84,15.4,154.0,5.0,12.0,10.0,7.0,26.0,41.0,429.0,485.0,False,11.0,12.0,0.0,0.0,,,,,,,,-1126.0,110.0,103.0,16390.0,9793.0,110.0,59.4,59.4,9.38,7.85,7.85,5.76,,2026-08-09T05:37:31,https://www.screener.in/company/J%26KBANK/consolidated/
VENKEYS,2131.0,1512.0,12.3,11.9,9.07,1133.0,18.0,-4.0,4.0,203.0,25.0,-12.0,50.0,16.0,False,6.0,2.7,3.0,3.0,1118.0,866.0,29.1,5.0,167.0,191.0,0.1,191.0,14.0,14.0,1582.0,1285.0,1.4,56.11,56.11,1.27,1.3,0.13,0.15,,2026-08-19T05:39:14,https://www.screener.in/company/VENKEYS/
NPST,3337.0,1599.0,74.7,19.7,15.0,211.0,47.0,68.0,66.0,25.0,84.0,107.0,11.0,7.0,False,25.0,29.0,3.0,0.0,56.0,34.0,64.7,3.0,14.0,0.0,0.03,-45.0,21.0,6.0,420.0,22.0,2.1,60.48,60.29,0.08,0.11,10.02,9.96,,2026-08-19T05:40:00,https://www.screener.in/company/NPST/consolidated/
APEX,1249.0,400.0,25.2,10.4,7.6,169.0,5.0,-5.0,3.0,440.0,3.0,-3.0,22.0,9.0,False,12.0,6.0,6.0,4.0,257.0,258.0,-0.4,0.0,6.0,91.0,0.01,96.0,31.0,31.0,497.0,459.0,3.1,72.62,72.62,5.83,4.84,0.61,0.55,,2026-08-22T05:35:15,https://www.screener.in/company/APEX/
DREDGECORP,3264.0,1166.0,83.0,4.28,0.39,444.0,7.0,1.0,10.0,206.0,27.0,15.0,11.0,-23.0,True,17.0,19.0,2.0,0.0,355.0,242.0,46.7,2.0,1087.0,281.0,0.88,142.0,28.0,28.0,1202.0,1201.0,2.8,73.47,73.47,1.03,0.14,6.68,6.63,,2026-08-17T06:09:50,https://www.screener.in/company/DREDGECORP/
SANSTAR,2119.0,106.0,48.2,,,,,-13.0,,,-6.0,,9.21,14.11,False,7.46,7.56,0.0,0.0,206.16,304.36,-32.3,0.0,128.0,85.0,0.5,29.0,28.0,30.0,226.0,56.0,14.0,64.18,70.38,0.29,0.14,0.27,0.86,,2026-08-25T05:36:10,https://www.screener.in/company/SANSTAR/consolidated/
IIFL,26023.0,612.0,12.4,10.9,12.6,327.0,36.0,17.0,18.0,169.0,3.0,17.0,713.0,274.0,False,25.0,13.0,4.0,3.0,,,,,,,,-13976.0,85.0,76.0,13835.0,8916.0,42.5,24.84,24.86,23.86,26.77,7.5,9.13,,2026-08-09T05:47:12,https://www.screener.in/company/IIFL/consolidated/
GREENPLY,3583.0,287.0,32.1,14.3,11.8,71.6,14.0,18.0,19.0,34.0,6.0,10.0,38.0,28.0,False,10.0,9.0,2.0,2.0,725.0,601.0,20.6,9.0,515.0,695.0,0.58,247.0,12.0,12.0,882.0,632.0,12.0,51.93,51.69,4.44,4.49,31.42,32.41,,2026-08-19T05:40:41,https://www.screener.in/company/GREENPLY/consolidated/
AUBANK,80845.0,1077.0,237.0,12.4,22.3,,19.0,29.0,,38.0,49.0,,,,False,,,,,,,,,,,,884.0,284.0,43.0,1703.0,606.0,28.4,22.74,22.82,35.98,34.5,32.81,31.91,,2026-08-30T10:10:01,https://www.screener.in/company/AUBANK/consolidated/
63MOONS,3623.0,786.0,,-3.71,-1.6,771.0,385.0,-10.0,6.0,-77.0,-9.0,,-48.0,-3.0,False,-52.0,-180.0,0.0,6.0,137.0,30.0,356.7,6.0,3.0,4.0,0.0,-293.0,9.0,9.0,3543.0,3106.0,4.5,45.63,45.63,1.61,1.17,0.0,0.0,,2026-08-16T05:18:02,https://www.screener.in/company/63MOONS/consolidated/
RANEHOLDIN,2291.0,1604.0,29.1,9.52,7.0,808.0,26.0,19.0,24.0,6.0,4.0,26.0,48.0,57.0,False,7.0,8.0,0.0,0.0,1587.0,1341.0,18.3,7.0,1021.0,866.0,0.88,280.0,14.0,14.0,1140.0,794.0,1.4,46.64,46.55,0.93,1.05,3.39,4.03,,2026-08-25T05:35:30,https://www.screener.in/company/RANEHOLDIN/consolidated/
GUJTHEM,4478.0,411.0,92.0,,,,,,,,,,,,False,,,,,,,,,,,,,,,,,,70.87,70.87,1.76,2.95,1.17,1.17,,2026-08-25T05:39:16,https://www.screener.in/company/GUJTHEM/consolidated/
AXISCADES,6656.0,1565.0,203.0,3.57,4.06,171.0,4.0,-14.0,0.0,-47.0,42.0,-1.0,-15.0,21.0,False,4.7,7.0,0.0,0.0,183.0,94.0,94.7,1.0,388.0,346.0,0.53,-1.0,21.0,19.0,706.0,319.0,4.2,58.03,58.08,1.45,2.17,1.96,1.16,,2026-08-17T06:02:54,https://www.screener.in/company/AXISCADES/consolidated/
CENTENKA,1244.0,569.0,8.37,8.23,6.14,685.0,-1.0,-6.0,,158.0,2.0,,62.0,15.0,False,15.0,5.0,4.0,4.0,554.0,402.0,37.8,2.0,22.0,68.0,0.01,125.0,22.0,22.0,1474.0,1300.0,2.2,24.87,24.87,1.96,2.1,10.91,10.98,,2026-08-22T05:33:06,https://www.screener.in/company/CENTENKA/consolidated/
BHARATSE,1444.0,230.0,30.6,20.2,20.4,36.6,48.0,23.0,29.0,34.0,26.0,57.0,13.0,9.0,False,4.9,5.0,7.0,0.0,578.0,427.0,35.4,9.0,110.0,66.0,0.48,107.0,13.0,6.0,217.0,140.0,6.5,74.66,74.66,0.15,0.27,0.22,0.12,,2026-08-19T05:35:16,https://www.screener.in/company/BHARATSE/
MANYAVAR,13222.0,544.0,32.8,30.7,26.7,62.9,2.0,34.0,11.0,1.0,46.0,18.0,67.0,49.0,False,46.0,43.0,1.0,1.0,268.0,218.0,22.9,1.0,463.0,279.0,0.3,483.0,24.0,24.0,1503.0,1058.0,24.0,74.94,74.94,7.95,9.76,13.19,10.95,,2026-08-22T05:29:45,https://www.screener.in/company/MANYAVAR/consolidated/
SANDHAR,3803.0,632.0,18.2,14.4,16.2,221.0,27.0,19.0,21.0,51.0,41.0,29.0,37.0,28.0,False,8.0,8.0,4.0,0.0,1382.0,1090.0,26.8,9.0,1148.0,666.0,0.86,210.0,60.0,60.0,1273.0,860.0,6.0,70.38,70.38,2.09,0.66,14.82,15.85,,2026-08-17T06:05:58,https://www.screener.in/company/SANDHAR/consolidated/
RAYMONDREL,3847.0,578.0,12.8,29.6,36.3,235.0,284.0,,,1024.0,,,13.0,16.0,False,12.0,8.0,0.0,2.0,527.0,380.0,38.7,5.0,1014.0,,0.65,-910.0,67.0,,1501.0,,6.7,50.93,48.87,5.85,11.19,2.9,4.51,,2026-08-16T05:18:13,https://www.screener.in/company/RAYMONDREL/consolidated/
VERANDA,2272.0,236.0,35.2,12.8,3.84,99.6,32.0,44.0,185.0,129.0,30.0,37.0,34.0,6.0,False,35.0,30.0,6.0,5.0,150.0,106.0,41.5,4.0,382.0,306.0,0.4,106.0,96.0,62.0,862.0,244.0,9.6,33.75,33.96,2.83,2.92,0.56,1.49,30.4,2026-08-19T05:39:41,https://www.screener.in/company/VERANDA/consolidated/
FIVESTAR,16036.0,543.0,102.0,17.0,16.0,,104.0,105.0,,193.0,125.0,,,,False,,,,,,,,,,,,-951.0,24.0,11.0,1341.0,81.0,24.0,18.61,18.57,43.97,55.8,22.35,12.16,,2026-08-09T05:54:50,https://www.screener.in/company/FIVESTAR/consolidated/
TBOTEK,17736.0,1633.0,65.9,18.3,17.4,143.0,69.0,36.0,80.0,25.0,19.0,90.0,83.0,63.0,False,15.0,14.0,6.0,1.0,926.0,511.0,81.2,9.0,756.0,71.0,0.49,-21.0,11.0,10.0,1540.0,330.0,11.0,44.4,44.4,28.93,30.73,21.09,18.9,,2026-08-16T05:19:37,https://www.screener.in/company/TBOTEK/consolidated/
NATIONALUM,64291.0,350.0,9.52,39.6,29.4,118.0,9.0,8.0,15.0,18.0,59.0,35.0,2003.0,1049.0,False,51.0,39.0,1.0,1.0,5302.0,3807.0,39.3,1.0,60.0,105.0,0.0,6438.0,918.0,918.0,20685.0,12208.0,183.6,51.28,51.28,21.99,16.22,11.22,15.45,,2026-08-02T07:22:46,https://www.screener.in/company/NATIONALUM/consolidated/
RICOAUTO,1786.0,132.0,49.9,9.15,7.69,57.6,21.0,2.0,11.0,9.0,6.0,50.0,-3.38,16.72,False,4.61,9.91,0.0,0.0,755.08,543.46,38.9,5.0,728.0,754.0,0.93,326.0,14.0,14.0,766.0,676.0,14.0,50.33,50.33,3.58,3.03,0.24,0.03,,2026-08-16T05:17:41,https://www.screener.in/company/RICOAUTO/consolidated/
NOCIL,2704.0,162.0,38.8,3.93,2.6,106.0,1.0,-7.0,7.0,-25.0,-32.0,-12.0,28.0,17.0,False,11.0,9.0,1.0,1.0,403.0,336.0,19.9,1.0,8.0,10.0,0.0,252.0,167.0,167.0,1606.0,1385.0,16.7,33.76,33.76,4.78,5.16,7.48,6.57,,2026-08-19T05:40:20,https://www.screener.in/company/NOCIL/consolidated/
VINCOFE,2160.0,148.0,27.4,18.2,16.6,39.1,67.0,106.0,,58.0,165.0,,21.0,14.0,False,20.0,18.0,9.0,1.0,161.0,102.0,57.8,9.0,124.0,102.0,0.22,15.0,146.0,70.0,424.0,39.0,14.6,34.65,34.08,5.39,5.28,9.59,6.26,26.0,2026-08-09T05:54:07,https://www.screener.in/company/VINCOFE/consolidated/
AGI,4594.0,710.0,12.6,19.6,15.8,372.0,4.0,,,5.0,,,99.0,89.0,False,22.0,21.0,2.0,1.0,785.0,688.0,14.1,2.0,241.0,1230.0,0.1,571.0,13.0,14.0,2394.0,1473.0,6.5,60.39,60.23,6.26,7.49,1.06,2.22,,2026-08-19T05:40:28,https://www.screener.in/company/AGI/consolidated/
GOLDIAM,5614.0,373.0,26.6,23.9,18.5,73.4,27.0,22.0,19.0,64.0,26.0,27.0,74.0,34.0,False,20.0,18.0,7.0,3.0,326.0,230.0,41.7,9.0,77.0,3.0,0.07,24.0,23.0,22.0,1083.0,564.0,11.5,58.51,58.51,2.18,0.74,0.06,1.1,,2026-08-09T05:53:13,https://www.screener.in/company/GOLDIAM/consolidated/
IDFCFIRSTB,69616.0,80.8,30.2,5.98,3.78,56.2,12.0,21.0,20.0,77.0,-13.0,28.0,1148.0,453.0,False,-7.0,-17.0,4.0,2.0,,,,,,,,6817.0,8602.0,6618.0,38514.0,19229.0,860.2,0.0,0.0,36.1,24.64,24.35,24.33,,2026-07-26T07:26:20,https://www.screener.in/company/IDFCFIRSTB/consolidated/
PARAGMILK,2652.0,211.0,19.7,13.5,12.3,101.0,11.0,10.0,16.0,13.0,38.0,45.0,22.0,28.0,False,7.0,7.0,0.0,0.0,945.0,852.0,10.9,9.0,607.0,606.0,0.48,149.0,125.0,117.0,1134.0,691.0,12.5,40.49,42.61,7.46,9.92,5.8,6.62,,2026-08-19T05:37:15,https://www.screener.in/company/PARAGMILK/consolidated/
IZMO,1406.0,939.0,26.2,12.6,12.4,273.0,26.0,23.0,20.0,6.0,33.0,12.0,12.0,6.0,False,25.0,17.0,3.0,1.0,65.0,57.0,14.0,2.0,5.0,11.0,0.01,20.0,15.0,13.0,394.0,260.0,1.5,34.79,34.95,3.35,3.31,0.52,0.81,,2026-08-17T06:10:36,https://www.screener.in/company/IZMO/consolidated/
TIPSMUSIC,8284.0,648.0,38.6,118.0,87.6,20.3,21.0,26.0,33.0,27.0,39.0,37.0,44.0,46.0,False,50.0,64.0,0.0,0.0,107.0,88.0,21.6,9.0,5.0,4.0,0.02,197.0,13.0,13.0,247.0,123.0,13.0,64.15,64.15,7.99,8.16,5.36,5.03,,2026-08-30T10:12:40,https://www.screener.in/company/TIPSMUSIC/
BLUEJET,11241.0,594.0,79.8,57.3,52.1,,-7.0,,,-3.0,,,,,False,,,,,,,,,53.0,,0.16,129.0,10.0,,330.0,,5.0,73.15,79.81,0.63,1.14,9.11,4.65,,2026-08-09T05:51:41,https://www.screener.in/company/BLUEJET/consolidated/
MUTHOOTMF,3541.0,208.0,14.4,9.31,6.22,167.0,1.0,18.0,28.0,174.0,1.0,89.0,81.0,6.0,False,17.0,3.0,3.0,3.0,,,,,,,,-580.0,168.0,117.0,2687.0,1486.0,16.8,55.47,55.47,23.11,23.25,3.38,2.84,,2026-08-17T06:05:34,https://www.screener.in/company/MUTHOOTMF/
KIRLPNU,9354.0,1440.0,35.6,29.6,22.6,192.0,9.0,,,24.0,,,33.0,25.0,False,15.0,12.0,9.0,4.0,303.0,282.0,7.4,9.0,3.0,0.0,0.0,233.0,13.0,13.0,1236.0,290.0,6.5,38.81,38.84,10.39,6.81,25.97,28.24,,2026-08-09T05:39:55,https://www.screener.in/company/KIRLPNU/consolidated/
FEDFINA,5609.0,150.0,14.6,9.06,12.6,78.2,13.0,24.0,26.0,67.0,22.0,41.0,114.0,75.0,False,25.0,22.0,6.0,6.0,,,,,,,,-1664.0,374.0,322.0,2552.0,1034.0,37.4,60.67,60.88,9.3,1.17,10.89,19.36,,2026-08-09T05:39:28,https://www.screener.in/company/FEDFINA/
LTF,78001.0,311.0,24.4,8.4,11.2,112.0,15.0,12.0,6.0,20.0,256.0,32.0,916.0,701.0,False,24.0,23.0,6.0,3.0,,,,,,,,-14189.0,2504.0,2480.0,25479.0,19049.0,250.4,65.96,66.1,7.71,6.4,14.9,14.33,,2026-08-02T07:23:32,https://www.screener.in/company/LTF/consolidated/
MANAPPURAM,32773.0,349.0,22.6,8.25,6.97,171.0,5.0,12.0,8.0,81.0,-13.0,-10.0,585.0,132.0,False,28.0,8.0,2.0,2.0,,,,,,,,-20238.0,188.0,169.0,15863.0,9476.0,94.0,41.66,35.25,22.3,30.16,14.85,9.17,,2026-08-30T10:09:58,https://www.screener.in/company/MANAPPURAM/consolidated/
SIMPLEXINF,1999.0,253.0,44.2,2.4,5.26,123.0,5.0,-18.0,-14.0,195.0,28.0,16.0,11.0,5.0,False,7.0,3.1,1.0,6.0,291.0,243.0,19.8,3.0,1642.0,5984.0,1.68,74.0,16.0,11.0,960.0,289.0,8.0,35.99,35.99,0.39,0.44,6.59,5.65,33.1,2026-08-25T05:40:00,https://www.screener.in/company/SIMPLEXINF/consolidated/
IRMENERGY,1146.0,279.0,15.7,8.63,5.49,243.0,12.0,3.0,41.0,81.0,-6.0,9.0,34.0,14.0,False,19.0,10.0,4.0,3.0,326.0,262.0,24.4,8.0,73.0,341.0,0.07,143.0,41.0,30.0,956.0,295.0,4.1,50.74,50.07,1.59,1.57,1.7,4.98,,2026-08-25T05:37:51,https://www.screener.in/company/IRMENERGY/consolidated/
KIRIINDUS,2742.0,421.0,3.4,-1.69,-2.05,1072.0,25.0,-4.0,-3.0,340.0,,,291.0,10.0,False,5.0,-8.0,3.0,1.0,312.0,202.0,54.5,2.0,42.0,49.0,0.01,4555.0,60.0,52.0,6376.0,2627.0,6.0,41.71,36.72,16.75,22.25,1.29,0.85,,2026-08-19T05:36:53,https://www.screener.in/company/KIRIINDUS/consolidated/
EIEL,3742.0,213.0,19.8,20.4,17.0,70.2,7.0,50.0,56.0,7.0,51.0,85.0,54.0,74.0,False,19.0,25.0,0.0,0.0,427.0,393.0,8.7,7.0,422.0,65.0,0.34,-63.0,176.0,26.0,1057.0,101.0,17.6,70.19,70.11,0.67,0.42,0.7,1.26,,2026-08-09T05:52:40,https://www.screener.in/company/EIEL/consolidated/
GRINDWELL,22806.0,2060.0,52.3,21.2,16.2,229.0,13.0,7.0,13.0,18.0,3.0,12.0,115.0,94.0,False,20.0,18.0,5.0,2.0,803.0,703.0,14.2,4.0,61.0,51.0,0.02,542.0,55.0,55.0,2479.0,1750.0,11.0,58.04,58.04,5.21,6.38,19.59,18.37,,2026-08-23T05:10:19,https://www.screener.in/company/GRINDWELL/consolidated/
PHOENIXLTD,68564.0,1917.0,52.9,12.8,11.6,307.0,18.0,19.0,34.0,32.0,14.0,83.0,394.0,321.0,False,60.0,59.0,5.0,4.0,1075.0,953.0,12.8,5.0,5323.0,4259.0,0.48,2426.0,72.0,36.0,10917.0,8344.0,36.0,47.25,47.25,31.73,33.45,17.38,15.47,,2026-08-30T10:12:14,https://www.screener.in/company/PHOENIXLTD/consolidated/
PSPPROJECT,3668.0,925.0,49.9,7.88,4.55,319.0,45.0,18.0,20.0,232.0,-25.0,-7.0,18.0,0.0,False,6.0,4.8,4.0,4.0,853.0,518.0,64.7,4.0,330.0,145.0,0.26,323.0,40.0,36.0,1224.0,765.0,4.0,68.82,68.82,2.1,2.58,2.91,2.1,,2026-08-19T05:37:31,https://www.screener.in/company/PSPPROJECT/consolidated/
JYOTICNC,17837.0,784.0,55.4,21.3,18.2,88.0,17.0,31.0,32.0,-4.0,157.0,45.0,57.0,71.0,False,21.0,24.0,0.0,0.0,508.0,410.0,23.9,9.0,853.0,835.0,0.43,54.0,45.0,33.0,1956.0,49.0,22.5,62.55,62.55,6.29,9.91,12.59,12.9,,2026-08-09T05:50:23,https://www.screener.in/company/JYOTICNC/consolidated/
INOXGREEN,7511.0,187.0,61.3,8.42,5.62,42.5,16.0,3.0,10.0,204.0,69.0,21.0,41.0,22.0,False,-2.2,11.0,5.0,0.0,43.0,56.0,-23.2,0.0,88.0,595.0,0.05,67.0,401.0,292.0,1306.0,835.0,40.1,56.12,55.97,7.86,7.88,1.87,1.08,,2026-08-16T05:17:54,https://www.screener.in/company/INOXGREEN/consolidated/
KROSS,1305.0,202.0,22.6,16.4,12.0,75.9,17.0,11.0,30.0,13.0,21.0,63.0,13.0,11.0,False,12.0,12.0,2.0,0.0,184.0,139.0,32.4,3.0,54.0,88.0,0.11,28.0,32.0,14.0,458.0,89.0,6.4,68.57,68.38,2.51,2.31,6.05,7.41,,2026-08-19T05:34:59,https://www.screener.in/company/KROSS/
GESHIP,19125.0,1340.0,5.1,15.8,15.9,1188.0,24.0,-2.0,10.0,126.0,0.0,24.0,1309.0,504.0,False,67.0,54.0,4.0,4.0,2005.0,1201.0,66.9,3.0,1087.0,3649.0,0.06,2854.0,143.0,143.0,16820.0,10133.0,14.3,30.08,30.08,31.03,24.88,12.81,15.84,,2026-08-30T10:13:27,https://www.screener.in/company/GESHIP/consolidated/
V2RETAIL,7931.0,218.0,50.0,19.3,22.9,24.8,63.0,54.0,42.0,97.0,135.0,67.0,42.0,25.0,False,14.0,14.0,9.0,0.0,997.0,632.0,57.8,9.0,995.0,424.0,1.1,-103.0,36.0,34.0,866.0,213.0,36.0,51.43,54.22,3.11,2.1,10.65,7.12,,2026-08-17T06:04:35,https://www.screener.in/company/V2RETAIL/consolidated/
IKS,29830.0,1738.0,39.1,36.9,40.3,131.0,21.0,46.0,42.0,41.0,30.0,34.0,194.0,152.0,False,32.0,32.0,7.0,0.0,894.0,740.0,20.8,7.0,766.0,52.0,0.34,674.0,17.0,17.0,2224.0,812.0,17.0,63.72,63.72,8.01,7.02,7.5,4.89,,2026-08-09T05:37:51,https://www.screener.in/company/IKS/consolidated/
PIXTRANS,2407.0,1766.0,18.3,21.7,16.4,511.0,4.0,6.0,9.0,16.0,18.0,10.0,53.0,28.0,False,31.0,23.0,1.0,1.0,149.0,122.0,22.1,3.0,24.0,72.0,0.03,171.0,14.0,14.0,683.0,404.0,1.4,62.06,61.82,0.61,0.94,2.7,0.67,,2026-08-25T05:36:38,https://www.screener.in/company/PIXTRANS/consolidated/
ANANTRAJ,22474.0,624.0,40.5,12.1,11.2,161.0,22.0,38.0,59.0,30.0,54.0,120.0,149.0,119.0,False,26.0,26.0,9.0,0.0,647.0,541.0,19.6,9.0,681.0,1079.0,0.12,-435.0,72.0,65.0,5717.0,2760.0,36.0,57.43,60.12,10.74,10.72,4.6,5.82,,2026-08-02T07:24:21,https://www.screener.in/company/ANANTRAJ/consolidated/
INDOCO,2013.0,218.0,,0.93,-9.42,102.0,12.0,3.0,8.0,33.0,,,65.0,-36.0,True,9.0,4.0,2.0,3.0,468.0,440.0,6.4,5.0,1090.0,333.0,1.16,192.0,18.0,18.0,921.0,1010.0,9.0,58.86,58.9,1.27,1.25,17.68,18.16,,2026-08-25T05:37:30,https://www.screener.in/company/INDOCO/consolidated/
RPSGVENT,2862.0,865.0,,10.6,-5.35,757.0,19.0,16.0,15.0,-73.0,3.0,-20.0,253.0,251.0,False,21.0,20.0,1.0,1.0,3576.0,2971.0,20.4,9.0,8243.0,3414.0,3.29,1233.0,33.0,30.0,2473.0,2376.0,3.3,63.51,63.51,4.01,3.44,1.98,1.88,,2026-08-25T05:36:46,https://www.screener.in/company/RPSGVENT/consolidated/
LXCHEM,4869.0,176.0,38.7,4.72,4.11,71.6,5.0,1.0,10.0,25.0,-14.0,-9.0,68.0,21.0,False,12.0,4.4,1.0,1.0,968.0,693.0,39.7,2.0,543.0,406.0,0.27,175.0,55.0,53.0,1930.0,1359.0,27.5,69.34,69.36,0.69,1.6,3.83,3.19,,2026-08-09T05:53:20,https://www.screener.in/company/LXCHEM/consolidated/
SFL,7446.0,682.0,36.6,6.11,4.8,298.0,17.0,10.0,9.0,262.0,-7.0,-8.0,62.0,7.0,False,11.0,9.0,3.0,5.0,1032.0,821.0,25.7,9.0,908.0,571.0,0.28,409.0,55.0,49.0,3197.0,1549.0,11.0,65.39,65.69,4.17,4.07,18.52,21.11,,2026-08-17T06:05:51,https://www.screener.in/company/SFL/consolidated/
AIAENG,39514.0,4234.0,31.1,21.1,17.0,860.0,6.0,-3.0,9.0,15.0,7.0,19.0,301.0,305.0,False,26.0,29.0,0.0,0.0,1168.0,1039.0,12.4,6.0,10.0,503.0,0.0,592.0,19.0,19.0,8007.0,5672.0,9.5,58.5,58.5,16.87,16.66,22.1,22.18,,2026-08-30T10:13:16,https://www.screener.in/company/AIAENG/consolidated/
VTL,17159.0,593.0,20.2,8.55,6.86,363.0,3.0,-1.0,10.0,0.0,-4.0,11.0,315.0,208.0,False,18.0,14.0,1.0,2.0,2703.0,2386.0,13.3,1.0,1855.0,1678.0,0.18,1108.0,57.0,57.0,10457.0,8507.0,28.5,65.08,64.21,6.07,5.75,14.69,16.43,,2026-08-30T10:12:56,https://www.screener.in/company/VTL/consolidated/
SMARTWORKS,5741.0,502.0,206.0,8.3,3.3,46.4,36.0,36.0,45.0,163.0,28.0,17.0,13.0,-4.0,True,63.0,64.0,5.0,0.0,546.0,379.0,44.1,5.0,4778.0,3913.0,9.02,1197.0,114.0,78.0,416.0,-46.0,11.4,58.33,58.18,0.28,0.93,8.92,9.03,,2026-08-19T05:38:26,https://www.screener.in/company/SMARTWORKS/consolidated/
TTKHLTCARE,1558.0,1102.0,20.3,8.04,6.3,789.0,8.0,6.0,12.0,14.0,-52.0,11.0,21.0,13.0,False,6.0,1.2,2.0,1.0,258.0,226.0,14.2,9.0,24.0,27.0,0.02,-21.0,14.0,14.0,1101.0,939.0,1.4,74.57,74.57,1.86,1.9,2.19,1.18,,2026-08-22T05:35:24,https://www.screener.in/company/TTKHLTCARE/
HCC,5614.0,21.4,40.8,22.8,9.06,8.12,-29.0,-22.0,-14.0,5428.0,32.0,19.0,59.0,90.0,False,17.0,21.0,0.0,0.0,992.0,1374.0,-27.8,0.0,1019.0,5512.0,0.48,892.0,262.0,151.0,1865.0,-866.0,262.0,16.18,16.72,11.38,9.58,3.7,6.79,82.4,2026-07-26T07:26:59,https://www.screener.in/company/HCC/consolidated/
KRBL,8799.0,384.0,11.6,15.2,11.7,254.0,1.0,4.0,9.0,40.0,-3.0,3.0,261.0,151.0,False,21.0,12.0,6.0,1.0,1496.0,1584.0,-5.6,0.0,170.0,250.0,0.03,933.0,23.0,24.0,5784.0,4669.0,23.0,60.17,60.17,7.29,6.54,0.7,0.68,,2026-08-17T06:10:51,https://www.screener.in/company/KRBL/consolidated/
AGARWALEYE,15953.0,503.0,108.0,11.1,6.81,63.9,23.0,27.0,35.0,43.0,13.0,34.0,55.0,38.0,False,28.0,26.0,7.0,2.0,614.0,487.0,26.1,7.0,1066.0,857.0,0.53,519.0,32.0,8.0,1994.0,622.0,32.0,32.34,32.43,57.97,58.13,7.72,7.92,,2026-08-19T05:39:35,https://www.screener.in/company/AGARWALEYE/consolidated/
TRITURBINE,20232.0,636.0,56.0,35.9,27.1,45.5,9.0,20.0,25.0,9.0,28.0,27.0,102.0,95.0,False,19.0,22.0,1.0,0.0,680.0,538.0,26.4,3.0,36.0,4.0,0.02,111.0,32.0,32.0,1414.0,729.0,32.0,55.84,55.84,20.58,23.6,15.99,13.88,,2026-08-09T05:51:31,https://www.screener.in/company/TRITURBINE/consolidated/
DEEPAKFERT,19413.0,1538.0,19.7,11.6,11.3,542.0,14.0,1.0,15.0,0.0,-15.0,13.0,490.0,244.0,False,26.0,19.0,1.0,1.0,3256.0,2659.0,22.5,8.0,5670.0,3699.0,0.83,206.0,126.0,126.0,6718.0,4941.0,12.6,45.63,45.63,10.02,10.94,14.69,12.61,,2026-08-09T05:51:04,https://www.screener.in/company/DEEPAKFERT/consolidated/
YESBANK,72033.0,23.0,19.1,5.98,7.1,16.7,0.0,10.0,9.0,38.0,69.0,25.0,1072.0,809.0,False,-7.0,-10.0,9.0,3.0,,,,,,,,21217.0,6276.0,5751.0,44882.0,34967.0,3138.0,,,46.12,44.95,24.04,20.79,,2026-07-26T07:26:13,https://www.screener.in/company/YESBANK/consolidated/
EMSLIMITED,2177.0,392.0,32.0,12.5,8.91,190.0,-34.0,11.0,17.0,-63.0,-6.0,5.0,15.0,38.0,False,17.0,23.0,0.0,0.0,157.0,239.0,-34.3,0.0,154.0,45.0,0.15,-15.0,56.0,47.0,1000.0,444.0,5.6,69.7,69.7,0.14,0.15,0.05,0.35,,2026-08-19T05:33:59,https://www.screener.in/company/EMSLIMITED/consolidated/
TATACOMM,50026.0,1755.0,48.1,14.6,32.6,121.0,8.0,12.0,8.0,0.0,-15.0,-4.0,130.0,190.0,False,19.0,19.0,0.0,0.0,6583.0,5960.0,10.5,9.0,12249.0,8577.0,3.55,4479.0,285.0,285.0,3162.0,1233.0,28.5,58.86,58.86,13.75,13.61,19.85,19.03,,2026-08-09T05:52:26,https://www.screener.in/company/TATACOMM/consolidated/
ASTERDM,75809.0,870.0,210.0,11.4,10.7,88.3,16.0,16.0,-12.0,2.0,-1.0,23.0,29.0,94.0,False,20.0,19.0,0.0,2.0,1311.0,1078.0,21.6,9.0,2220.0,6075.0,0.49,656.0,518.0,500.0,4058.0,3574.0,51.8,53.72,40.39,10.32,18.46,16.48,26.12,,2026-08-09T05:33:58,https://www.screener.in/company/ASTERDM/consolidated/
ECLERX,17841.0,1897.0,24.5,34.8,29.0,272.0,23.0,16.0,21.0,28.0,14.0,22.0,164.0,142.0,False,23.0,24.0,6.0,0.0,1152.0,935.0,23.2,9.0,385.0,194.0,0.15,873.0,92.0,48.0,2469.0,1667.0,9.2,54.53,53.81,11.01,10.95,23.84,25.72,,2026-08-16T05:17:22,https://www.screener.in/company/ECLERX/consolidated/
SHARDAMOTR,5242.0,913.0,15.6,36.0,27.9,229.0,26.0,8.0,14.0,4.0,18.0,39.0,87.0,100.0,False,10.0,13.0,0.0,0.0,1011.0,756.0,33.7,7.0,49.0,25.0,0.04,363.0,11.0,6.0,1302.0,752.0,5.5,64.31,64.31,1.73,2.46,11.99,11.44,,2026-08-22T05:32:46,https://www.screener.in/company/SHARDAMOTR/consolidated/
MANAKCOAT,1337.0,125.0,32.8,17.8,11.0,33.0,7.0,11.0,15.0,60.0,77.0,40.0,14.0,14.0,False,11.0,10.0,0.0,1.0,262.0,250.0,4.8,2.0,130.0,190.0,0.37,-14.0,11.0,7.0,338.0,113.0,11.0,57.78,55.55,0.22,1.77,0.59,0.02,,2026-08-19T05:37:45,https://www.screener.in/company/MANAKCOAT/consolidated/
ALICON,1165.0,710.0,31.4,10.0,6.42,385.0,14.0,8.0,16.0,-2.0,-9.0,86.0,11.0,9.0,False,9.0,12.0,1.0,0.0,578.0,418.0,38.3,3.0,354.0,301.0,0.56,239.0,8.0,8.0,620.0,480.0,1.6,53.79,54.01,0.2,0.21,10.62,11.92,,2026-08-25T05:38:20,https://www.screener.in/company/ALICON/consolidated/
POKARNA,2783.0,898.0,29.3,11.5,9.85,276.0,-35.0,-8.0,14.0,-48.0,7.0,23.0,43.0,28.0,False,36.0,32.0,1.0,1.0,189.0,171.0,10.5,1.0,458.0,459.0,0.53,183.0,6.0,6.0,851.0,501.0,3.0,56.66,56.66,6.91,6.09,15.64,14.75,,2026-08-22T05:32:42,https://www.screener.in/company/POKARNA/consolidated/
BAJAJHCARE,1081.0,321.0,19.2,11.5,9.4,158.0,12.0,-2.0,-1.0,20.0,3.0,-11.0,14.0,12.0,False,17.0,16.0,1.0,3.0,166.0,149.0,11.4,1.0,249.0,415.0,0.47,58.0,17.0,14.0,516.0,354.0,3.4,58.59,59.19,2.19,1.12,1.92,2.99,,2026-08-19T05:39:18,https://www.screener.in/company/BAJAJHCARE/
JUNIPER,4674.0,210.0,25.2,8.04,6.19,129.0,12.0,16.0,44.0,140.0,99.0,23.0,33.0,9.0,False,35.0,36.0,1.0,0.0,250.0,221.0,13.1,9.0,1194.0,2444.0,0.42,394.0,222.0,144.0,2646.0,211.0,22.2,77.53,77.53,4.47,7.29,12.18,10.76,,2026-08-22T05:37:49,https://www.screener.in/company/JUNIPER/consolidated/
TORNTPOWER,68067.0,1351.0,29.3,13.7,12.5,379.0,4.0,4.0,19.0,-15.0,4.0,12.0,662.0,742.0,False,19.0,19.0,0.0,0.0,8124.0,7906.0,2.8,1.0,13971.0,10541.0,0.73,5464.0,504.0,481.0,18571.0,10529.0,50.4,51.09,51.09,8.53,8.82,22.69,22.16,,2026-08-09T05:50:43,https://www.screener.in/company/TORNTPOWER/consolidated/
DOLLAR,1549.0,273.0,13.8,13.6,11.8,167.0,6.0,11.0,13.0,16.0,27.0,5.0,26.0,22.0,False,12.0,11.0,2.0,1.0,405.0,399.0,1.5,9.0,291.0,175.0,0.31,139.0,11.0,11.0,937.0,696.0,5.5,72.58,72.21,2.55,4.29,0.62,0.99,,2026-08-22T05:35:59,https://www.screener.in/company/DOLLAR/consolidated/
YATRA,1793.0,114.0,52.1,7.24,6.23,52.9,9.0,38.0,52.0,-29.0,89.0,22.0,0.34,16.0,False,6.6,11.0,0.0,0.0,187.9,209.81,-10.4,0.0,103.0,178.0,0.12,76.0,16.0,11.0,815.0,158.0,16.0,62.66,64.46,4.95,4.2,11.28,13.27,,2026-08-19T05:34:20,https://www.screener.in/company/YATRA/consolidated/
MAHSCOOTER,15007.0,13131.0,53.9,1.06,1.06,24180.0,41.0,13.0,59.0,44.0,17.0,104.0,3.32,35.36,False,84.1,96.31,0.0,0.0,5.41,29.27,-81.5,0.0,0.0,0.0,0.0,267.0,11.0,11.0,27623.0,19031.0,1.1,51.0,51.0,6.18,6.21,3.85,3.85,,2026-08-22T05:34:00,https://www.screener.in/company/MAHSCOOTER/
RENUKA,5334.0,25.0,,-3.12,,-12.6,-5.0,1.0,10.0,-96.0,,,-252.0,-264.0,False,-3.6,-4.3,1.0,1.0,2120.0,2010.0,5.5,1.0,7174.0,5569.0,,-122.0,213.0,213.0,-2890.0,-1094.0,213.0,62.48,62.48,2.16,3.49,9.14,10.11,,2026-08-31T11:25:54,https://www.screener.in/company/RENUKA/consolidated/
BOROLTD,3053.0,255.0,41.8,11.5,9.16,74.2,9.0,18.0,16.0,-11.0,34.0,14.0,13.0,17.0,False,14.0,16.0,0.0,0.0,254.0,233.0,9.0,8.0,148.0,95.0,0.17,119.0,12.0,11.0,875.0,499.0,12.0,64.68,64.61,0.35,0.43,6.2,6.07,,2026-08-25T05:38:13,https://www.screener.in/company/BOROLTD/consolidated/
TARC,3569.0,121.0,,2.26,1.81,36.0,365.0,-4.0,12.0,91.0,-5.0,25.0,23.0,54.0,False,19.0,-159.0,0.0,5.0,217.0,76.0,185.5,6.0,1895.0,1386.0,1.78,191.0,59.0,59.0,1003.0,1293.0,29.5,65.12,65.12,0.99,2.0,6.44,5.81,,2026-08-19T05:38:49,https://www.screener.in/company/TARC/consolidated/
AVANTIFEED,12351.0,907.0,22.2,24.4,18.3,241.0,8.0,6.0,8.0,14.0,28.0,12.0,139.0,157.0,False,11.0,13.0,0.0,0.0,1468.0,1382.0,6.2,7.0,13.0,3.0,0.0,505.0,14.0,14.0,3272.0,2082.0,14.0,43.23,43.23,7.19,6.98,7.35,4.19,,2026-08-09T05:52:37,https://www.screener.in/company/AVANTIFEED/consolidated/
MARATHON,2376.0,352.0,12.2,12.5,11.8,337.0,-1.0,-12.0,19.0,-7.0,18.0,68.0,52.0,62.0,False,24.0,22.0,0.0,1.0,198.0,141.0,40.4,1.0,99.0,869.0,0.04,-54.0,34.0,23.0,2241.0,762.0,6.8,56.42,55.93,4.68,6.89,14.71,15.59,,2026-08-22T05:37:45,https://www.screener.in/company/MARATHON/consolidated/
JUBLFOOD,32362.0,490.0,84.9,14.8,21.0,34.7,16.0,23.0,23.0,42.0,8.0,14.0,100.0,94.0,False,20.0,19.0,5.0,1.0,2570.0,2261.0,13.7,9.0,4902.0,2554.0,2.14,1894.0,132.0,132.0,2160.0,1906.0,66.0,40.27,40.27,13.32,20.11,39.59,33.06,,2026-08-30T10:10:59,https://www.screener.in/company/JUBLFOOD/consolidated/
IDBI,91320.0,84.9,9.8,5.92,14.1,63.8,1.0,12.0,8.0,18.0,35.0,43.0,2131.0,2024.0,False,23.0,15.0,1.0,2.0,,,,,,,,16762.0,10752.0,10752.0,57812.0,35567.0,1075.2,94.72,94.72,0.45,0.47,0.1,0.11,,2026-07-26T07:26:23,https://www.screener.in/company/IDBI/consolidated/
NATCOPHARM,16418.0,917.0,11.6,17.1,16.9,515.0,-8.0,15.0,15.0,-25.0,26.0,28.0,269.0,406.0,False,17.0,45.0,0.0,0.0,739.0,1221.0,-39.5,0.0,714.0,167.0,0.08,1768.0,36.0,36.0,9185.0,4837.0,18.0,49.41,49.48,16.99,14.09,5.63,5.87,,2026-08-09T05:53:43,https://www.screener.in/company/NATCOPHARM/consolidated/
SWIGGY,78630.0,285.0,,-24.1,-29.1,66.4,47.0,41.0,55.0,-1.0,0.0,,-791.0,-1197.0,False,-10.0,-19.0,2.0,4.0,6812.0,4961.0,37.3,9.0,2551.0,16162.0,0.14,-2898.0,261.0,3.0,18053.0,-6509.0,261.0,,,13.96,12.23,27.38,15.95,,2026-08-02T07:20:10,https://www.screener.in/company/SWIGGY/consolidated/
PFIZER,21088.0,4610.0,138.0,27.2,19.8,302.0,0.0,,,6.0,,,,,False,,,,,,,,,0.0,,0.0,238.0,30.0,,871.0,,3.0,63.92,63.92,1.65,2.6,17.8,17.11,,2026-09-06T08:50:58,https://www.screener.in/company/PFIZER/consolidated/
ISGEC,5552.0,755.0,21.2,10.8,4.19,372.0,20.0,2.0,5.0,13.0,-16.0,-14.0,18.0,13.0,False,6.0,9.0,1.0,0.0,1980.0,1356.0,46.0,4.0,951.0,1235.0,0.35,765.0,7.0,7.0,2729.0,2297.0,7.0,62.43,62.43,3.76,3.48,10.24,10.39,,2026-08-22T05:37:59,https://www.screener.in/company/ISGEC/consolidated/
SUPREMEIND,46198.0,3637.0,44.8,20.7,15.8,486.0,9.0,7.0,12.0,16.0,3.0,-1.0,281.0,202.0,False,15.0,12.0,2.0,2.0,2718.0,2609.0,4.2,4.0,91.0,51.0,0.01,1225.0,25.0,25.0,6144.0,4377.0,12.5,48.96,48.9,17.08,20.66,18.98,15.96,,2026-08-30T10:11:06,https://www.screener.in/company/SUPREMEIND/consolidated/
DCXINDIA,1950.0,175.0,,0.87,-0.53,136.0,-47.0,-16.0,3.0,-151.0,,,-8.66,4.06,False,-10.42,0.5,0.0,0.0,103.13,222.16,-53.6,0.0,3.0,509.0,0.0,2.0,22.0,19.0,1491.0,547.0,11.0,52.17,52.17,1.72,1.48,2.69,3.22,,2026-08-19T05:35:47,https://www.screener.in/company/DCXINDIA/consolidated/
KAYNES,25504.0,3805.0,69.7,13.2,9.64,708.0,33.0,48.0,54.0,28.0,57.0,108.0,91.0,116.0,False,16.0,17.0,0.0,0.0,1243.0,984.0,26.3,9.0,913.0,155.0,0.19,-600.0,67.0,58.0,4681.0,901.0,6.7,53.46,53.46,5.82,10.71,11.78,23.66,,2026-08-02T07:22:03,https://www.screener.in/company/KAYNES/consolidated/
AADHARHFC,21386.0,489.0,18.5,11.4,15.9,173.0,18.0,22.0,19.0,22.0,25.0,27.0,282.0,237.0,False,37.0,36.0,9.0,3.0,,,,,,,,-2808.0,436.0,395.0,7105.0,3303.0,43.6,64.66,75.32,5.8,6.11,9.92,8.25,,2026-08-17T06:07:50,https://www.screener.in/company/AADHARHFC/consolidated/
AAVAS,10944.0,1380.0,22.3,9.91,13.9,477.0,25.0,22.0,23.0,14.0,19.0,23.0,142.0,127.0,False,34.0,37.0,9.0,0.0,,,,,,,,-1987.0,79.0,78.0,3694.0,2322.0,7.9,48.88,48.96,16.28,25.88,22.15,14.13,,2026-08-19T05:35:44,https://www.screener.in/company/AAVAS/consolidated/
ABFRL,6865.0,56.2,,-3.07,-11.7,47.8,11.0,-13.0,9.0,-25.0,,-2.0,-164.0,-24.0,False,9.0,12.0,0.0,0.0,1990.0,1719.0,15.8,5.0,6189.0,6573.0,1.06,161.0,1221.0,949.0,4619.0,2394.0,122.1,46.61,46.61,12.87,18.62,5.69,8.07,,2026-07-26T07:27:47,https://www.screener.in/company/ABFRL/consolidated/
ABLBL,11474.0,94.0,54.9,14.7,15.6,11.6,7.0,,,68.0,,,55.0,38.0,False,16.0,16.0,4.0,0.0,2174.0,1942.0,11.9,4.0,3018.0,,2.14,1219.0,1221.0,,192.0,,122.1,46.6,46.6,12.7,21.59,20.8,11.48,,2026-07-26T07:29:41,https://www.screener.in/company/ABLBL/consolidated/
ABREL,15615.0,1398.0,,-4.48,-2.64,331.0,-55.0,-53.0,-31.0,-250.0,,,-35.0,-27.0,False,-30.0,-29.0,0.0,0.0,189.0,146.0,29.5,1.0,5636.0,1059.0,1.52,747.0,112.0,112.0,3589.0,3775.0,11.2,50.21,50.21,9.26,9.11,16.63,16.43,,2026-08-17T06:05:55,https://www.screener.in/company/ABREL/consolidated/
AFCONS,9886.0,269.0,48.2,13.9,5.61,148.0,-12.0,-2.0,5.0,-62.0,-11.0,12.0,30.0,137.0,False,9.0,13.0,0.0,0.0,2671.0,3370.0,-20.7,0.0,3627.0,2062.0,0.67,-127.0,368.0,72.0,5082.0,2654.0,36.8,50.17,50.17,12.15,12.81,20.07,17.94,100.0,2026-08-16T05:19:05,https://www.screener.in/company/AFCONS/consolidated/
AFFLE,23183.0,1646.0,48.5,16.8,13.8,259.0,20.0,24.0,39.0,19.0,23.0,28.0,128.0,106.0,False,22.0,23.0,9.0,0.0,747.0,621.0,20.3,9.0,15.0,106.0,0.0,502.0,28.0,27.0,3624.0,1438.0,14.0,54.91,54.97,15.37,19.02,18.77,14.68,,2026-08-09T05:52:43,https://www.screener.in/company/AFFLE/consolidated/
ARE&M,17052.0,932.0,30.7,12.2,7.18,442.0,8.0,10.0,14.0,-28.0,-10.0,-3.0,314.0,162.0,False,11.0,11.0,1.0,0.0,3536.0,3060.0,15.6,9.0,406.0,201.0,0.05,1118.0,18.0,17.0,8081.0,5990.0,18.0,32.86,32.86,17.34,17.97,15.31,16.24,,2026-08-09T05:49:02,https://www.screener.in/company/ARE%26M/consolidated/
AMBER,26241.0,7440.0,133.0,10.2,5.95,1242.0,22.0,21.0,32.0,-19.0,7.0,18.0,162.0,118.0,False,7.0,8.0,1.0,0.0,4148.0,3754.0,10.5,2.0,2702.0,1455.0,0.62,240.0,35.0,34.0,4337.0,1875.0,3.5,38.09,38.22,20.47,30.61,30.54,20.2,,2026-08-02T07:24:32,https://www.screener.in/company/AMBER/consolidated/
APTUS,12545.0,250.0,12.7,15.4,20.1,101.0,21.0,26.0,28.0,23.0,23.0,29.0,261.0,219.0,False,54.0,54.0,9.0,0.0,,,,,,,,-489.0,100.0,100.0,4960.0,3240.0,50.0,23.86,23.87,29.96,35.36,29.9,25.87,,2026-08-16T05:18:19,https://www.screener.in/company/APTUS/consolidated/
ASAHIINDIA,22910.0,899.0,51.3,11.8,10.7,154.0,10.0,7.0,16.0,37.0,-1.0,23.0,149.0,55.0,False,23.0,16.0,2.0,3.0,1413.0,1229.0,15.0,3.0,2198.0,1401.0,0.56,502.0,25.0,24.0,3907.0,2050.0,25.0,51.58,51.58,4.85,4.87,5.26,5.16,,2026-08-09T05:37:06,https://www.screener.in/company/ASAHIINDIA/consolidated/
ATUL,19944.0,6774.0,25.1,14.9,11.5,2113.0,16.0,5.0,11.0,59.0,9.0,1.0,254.0,132.0,False,21.0,16.0,9.0,2.0,1848.0,1478.0,25.0,9.0,183.0,52.0,0.03,1023.0,29.0,30.0,6192.0,4642.0,2.9,45.33,45.21,7.44,8.31,25.93,24.95,,2026-08-09T05:53:24,https://www.screener.in/company/ATUL/consolidated/
BEML,14890.0,1788.0,83.4,7.71,4.86,352.0,13.0,4.0,4.0,-40.0,-2.0,16.0,-27.0,-64.0,False,0.2,-8.0,1.0,1.0,820.0,634.0,29.3,3.0,309.0,381.0,0.11,118.0,42.0,42.0,2892.0,2380.0,8.4,54.03,54.03,5.48,5.82,19.4,18.54,,2026-08-09T05:53:17,https://www.screener.in/company/BEML/consolidated/
BLS,11451.0,278.0,16.2,29.3,32.7,59.8,32.0,26.0,44.0,25.0,50.0,69.0,202.0,181.0,False,28.0,29.0,9.0,0.0,891.0,711.0,25.3,9.0,431.0,7.0,0.17,903.0,41.0,41.0,2422.0,762.0,41.0,70.39,70.39,4.14,6.82,3.1,2.9,,2026-08-16T05:17:45,https://www.screener.in/company/BLS/consolidated/
BANDHANBNK,28359.0,176.0,21.0,6.41,4.88,159.0,0.0,11.0,12.0,-34.0,-18.0,-11.0,502.0,372.0,False,1.0,-4.0,2.0,3.0,,,,,,,,1143.0,1611.0,1611.0,23964.0,17973.0,161.1,37.54,40.29,18.64,23.44,27.47,17.82,,2026-08-09T05:37:28,https://www.screener.in/company/BANDHANBNK/
BATAINDIA,9620.0,748.0,55.3,12.7,10.6,124.0,2.0,1.0,16.0,-21.0,-19.0,32.0,64.0,52.0,False,21.0,21.0,1.0,0.0,979.0,942.0,3.9,3.0,1387.0,1246.0,0.87,595.0,64.0,64.0,1531.0,1374.0,12.8,50.16,50.16,6.38,6.89,27.22,29.39,,2026-08-17T06:06:05,https://www.screener.in/company/BATAINDIA/consolidated/
BAYERCROP,18290.0,4070.0,372.0,20.1,15.8,84.5,9.0,,,15.0,,,,,False,,,,,,,,,112.0,,0.34,38.0,40.0,,294.0,,4.0,71.44,71.44,3.97,3.8,11.64,11.22,,2026-08-19T05:33:07,https://www.screener.in/company/BAYERCROP/consolidated/
BIKAJI,15188.0,606.0,58.1,19.8,17.5,64.1,14.0,15.0,18.0,29.0,24.0,24.0,59.0,59.0,False,13.0,15.0,0.0,0.0,734.0,653.0,12.4,5.0,299.0,170.0,0.19,304.0,25.0,25.0,1582.0,931.0,25.0,73.88,73.92,4.61,6.34,17.51,14.77,,2026-08-22T05:34:24,https://www.screener.in/company/BIKAJI/consolidated/
BSOFT,8905.0,318.0,14.9,21.2,14.1,147.0,1.0,3.0,8.0,26.0,18.0,11.0,161.0,106.0,False,16.0,12.0,3.0,4.0,1379.0,1285.0,7.3,2.0,141.0,102.0,0.03,481.0,56.0,55.0,4057.0,2393.0,28.0,40.38,40.53,12.78,11.25,21.98,21.92,,2026-08-09T05:50:37,https://www.screener.in/company/BSOFT/consolidated/
BLUEDART,12062.0,5083.0,37.2,16.6,16.8,749.0,9.0,6.0,13.0,31.0,-8.0,19.0,88.0,49.0,False,16.0,14.0,1.0,1.0,1658.0,1442.0,15.0,9.0,1142.0,1120.0,0.64,810.0,24.0,24.0,1753.0,1156.0,2.4,75.0,75.0,3.35,5.04,14.47,13.13,,2026-08-22T05:32:19,https://www.screener.in/company/BLUEDART/consolidated/
BBTC,9959.0,1427.0,8.04,33.0,18.7,1009.0,7.0,6.0,8.0,10.0,31.0,26.0,583.0,498.0,False,16.0,15.0,6.0,1.0,5089.0,4712.0,8.0,9.0,1590.0,6542.0,0.23,2419.0,14.0,14.0,7028.0,4018.0,7.0,74.04,74.05,9.46,9.3,1.04,1.43,,2026-08-22T05:33:09,https://www.screener.in/company/BBTC/consolidated/
FIRSTCRY,10841.0,208.0,,0.57,-2.37,92.5,12.0,15.0,40.0,25.0,21.0,,-44.0,-67.0,False,2.8,1.8,2.0,2.0,2106.0,1863.0,13.0,9.0,1594.0,906.0,0.33,365.0,97.0,81.0,4730.0,3368.0,48.5,,,3.61,5.22,22.71,21.04,,2026-08-17T06:11:01,https://www.screener.in/company/FIRSTCRY/consolidated/
BRIGADE,19300.0,592.0,28.3,10.5,10.5,209.0,5.0,18.0,24.0,-9.0,35.0,89.0,217.0,158.0,False,32.0,25.0,1.0,1.0,1116.0,1281.0,-12.9,0.0,6344.0,4634.0,0.93,-137.0,245.0,231.0,6576.0,3014.0,24.5,41.1,41.13,15.63,18.67,25.46,23.28,,2026-08-16T05:19:44,https://www.screener.in/company/BRIGADE/consolidated/
MAPMYINDIA,5554.0,1014.0,40.3,19.1,12.0,165.0,2.0,19.0,25.0,-12.0,2.0,16.0,50.0,46.0,False,40.0,45.0,2.0,0.0,140.0,122.0,14.8,2.0,7.0,29.0,0.01,93.0,11.0,11.0,894.0,531.0,5.5,51.41,51.36,1.52,4.63,12.74,13.07,,2026-08-09T05:51:21,https://www.screener.in/company/MAPMYINDIA/consolidated/
CCL,15804.0,1184.0,40.7,15.8,18.0,176.0,44.0,29.0,29.0,25.0,11.0,16.0,115.0,102.0,False,16.0,20.0,5.0,0.0,1224.0,836.0,46.4,9.0,1324.0,920.0,0.56,858.0,27.0,27.0,2318.0,1471.0,13.5,46.14,46.11,12.07,10.52,21.1,21.83,,2026-07-26T07:18:45,https://www.screener.in/company/CCL/consolidated/
CESC,22376.0,169.0,14.4,10.6,12.6,94.5,9.0,9.0,10.0,13.0,6.0,3.0,419.0,404.0,False,16.0,17.0,5.0,0.0,5485.0,5202.0,5.4,9.0,21671.0,14263.0,1.73,4057.0,133.0,133.0,12397.0,10777.0,133.0,52.11,52.11,11.46,11.09,26.14,25.65,,2026-08-17T06:04:15,https://www.screener.in/company/CESC/consolidated/
CIEINDIA,15465.0,408.0,17.2,14.7,11.8,204.0,13.0,2.0,9.0,15.0,127.0,54.0,236.0,204.0,False,15.0,14.0,4.0,1.0,2621.0,2369.0,10.6,5.0,513.0,855.0,0.07,1258.0,379.0,379.0,7364.0,5609.0,37.9,65.7,65.7,4.95,4.23,20.65,21.52,,2026-08-17T06:07:07,https://www.screener.in/company/CIEINDIA/consolidated/
CANFINHOME,10801.0,811.0,9.53,9.14,19.7,449.0,8.0,15.0,16.0,28.0,20.0,19.0,268.0,224.0,False,31.0,28.0,9.0,4.0,,,,,,,,-2910.0,27.0,27.0,5954.0,3621.0,13.5,29.99,29.99,13.23,12.52,24.53,23.88,,2026-08-17T06:03:54,https://www.screener.in/company/CANFINHOME/
CASTROLIND,18479.0,187.0,17.1,60.3,45.9,19.3,12.0,6.0,14.0,13.0,6.0,10.0,348.0,244.0,False,26.0,23.0,2.0,1.0,1871.0,1497.0,25.0,9.0,53.0,77.0,0.03,1090.0,495.0,495.0,1414.0,1627.0,99.0,51.0,51.0,8.17,10.27,13.63,14.95,,2026-08-16T05:18:06,https://www.screener.in/company/CASTROLIND/
CEATLTD,14414.0,3563.0,22.6,19.2,16.1,1247.0,21.0,11.0,16.0,39.0,54.0,10.0,4.0,112.0,False,8.45,10.97,0.0,0.0,4318.0,3529.0,22.4,9.0,3272.0,2295.0,0.65,1786.0,40.0,40.0,5006.0,3399.0,4.0,47.29,47.21,13.82,16.21,22.19,21.05,,2026-08-23T05:07:41,https://www.screener.in/company/CEATLTD/consolidated/
CENTRALBK,28086.0,31.0,6.15,5.64,11.9,45.2,9.0,12.0,10.0,8.0,39.0,46.0,1325.0,1284.0,False,8.0,0.0,1.0,2.0,,,,,,,,2804.0,9051.0,8681.0,29950.0,20536.0,905.1,81.19,89.27,0.93,0.88,10.95,4.86,,2026-07-26T07:27:20,https://www.screener.in/company/CENTRALBK/consolidated/
CDSL,29028.0,1389.0,61.6,32.0,24.5,93.8,9.0,27.0,27.0,-5.0,18.0,18.0,118.0,102.0,False,47.0,50.0,1.0,0.0,293.0,259.0,13.1,3.0,2.0,2.0,0.0,467.0,209.0,104.0,1751.0,1109.0,20.9,15.0,15.0,8.24,11.54,15.19,14.18,,2026-08-23T05:07:52,https://www.screener.in/company/CDSL/consolidated/
CHALET,18876.0,862.0,35.3,17.1,19.2,169.0,6.0,35.0,58.0,88.0,60.0,47.0,86.0,203.0,False,46.0,40.0,0.0,7.0,512.0,895.0,-42.8,0.0,2368.0,2853.0,0.64,1067.0,219.0,205.0,3479.0,1337.0,21.9,67.29,67.34,4.26,5.73,24.99,23.4,31.9,2026-08-23T05:07:45,https://www.screener.in/company/CHALET/consolidated/
CHAMBLFERT,17563.0,438.0,9.12,25.2,20.0,260.0,16.0,-9.0,10.0,10.0,24.0,6.0,524.0,549.0,False,16.0,13.0,0.0,2.0,5027.0,5698.0,-11.8,0.0,1068.0,3358.0,0.1,138.0,401.0,416.0,10007.0,6652.0,40.1,61.34,60.58,14.92,18.34,5.34,4.01,,2026-08-17T06:04:18,https://www.screener.in/company/CHAMBLFERT/consolidated/
CHOICEIN,18739.0,841.0,86.1,18.0,16.1,75.0,22.0,42.0,45.0,34.0,54.0,67.0,68.0,54.0,False,38.0,38.0,5.0,0.0,307.0,253.0,21.3,9.0,908.0,206.0,0.54,-267.0,223.0,100.0,1449.0,378.0,22.3,53.66,56.61,10.1,12.97,0.28,0.28,,2026-08-09T05:49:38,https://www.screener.in/company/CHOICEIN/consolidated/
CHOLAHLDNG,30570.0,1628.0,12.5,9.75,17.5,823.0,18.0,29.0,23.0,12.0,24.0,24.0,1626.0,1362.0,False,20.0,21.0,9.0,0.0,,,,,,,,-30033.0,19.0,19.0,15435.0,7642.0,19.0,46.44,46.42,13.0,17.39,26.89,22.52,,2026-08-09T05:53:30,https://www.screener.in/company/CHOLAHLDNG/consolidated/
CLEAN,8731.0,822.0,37.5,20.6,15.3,149.0,0.0,1.0,13.0,-13.0,-8.0,3.0,73.0,70.0,False,36.0,41.0,1.0,0.0,268.0,243.0,10.3,1.0,2.0,2.0,0.0,275.0,11.0,11.0,1573.0,999.0,11.0,51.29,50.96,13.37,11.14,16.23,18.97,,2026-08-16T05:18:22,https://www.screener.in/company/CLEAN/consolidated/
COHANCE,16920.0,442.0,157.0,8.35,7.04,102.0,-20.0,19.0,18.0,-77.0,-21.0,-11.0,-45.0,46.0,False,0.3,20.0,0.0,0.0,422.0,549.0,-23.1,0.0,400.0,70.0,0.1,368.0,38.0,25.0,3873.0,1710.0,38.0,57.49,57.49,6.5,6.51,20.09,20.81,94.6,2026-08-17T06:03:19,https://www.screener.in/company/COHANCE/consolidated/
CAMS,19553.0,788.0,39.5,47.0,36.3,53.3,8.0,16.0,17.0,5.0,17.0,21.0,127.0,108.0,False,46.0,43.0,3.0,2.0,395.0,354.0,11.6,9.0,64.0,93.0,0.05,584.0,50.0,49.0,1271.0,733.0,25.0,0.0,0.0,44.88,46.9,23.54,20.76,,2026-08-09T05:48:14,https://www.screener.in/company/CAMS/consolidated/
CONCORDBIO,15752.0,1506.0,56.7,17.1,12.5,193.0,-7.0,7.0,11.0,-22.0,0.0,1.0,58.0,44.0,False,32.0,30.0,1.0,1.0,257.0,204.0,26.0,1.0,2.0,32.0,0.0,267.0,10.0,10.0,2007.0,1280.0,10.0,44.08,44.08,7.53,8.03,9.37,9.55,,2026-08-17T06:05:38,https://www.screener.in/company/CONCORDBIO/consolidated/
CREDITACC,22330.0,1392.0,18.4,9.98,10.5,490.0,12.0,20.0,20.0,524.0,-2.0,42.0,493.0,60.0,False,38.0,7.0,3.0,3.0,,,,,,,,-2770.0,160.0,159.0,7682.0,4948.0,16.0,66.21,66.37,13.48,12.29,12.67,13.33,,2026-08-30T10:13:44,https://www.screener.in/company/CREDITACC/consolidated/
CROMPTON,16095.0,250.0,35.5,18.1,10.6,46.1,8.0,6.0,11.0,-14.0,-10.0,-11.0,143.0,124.0,False,10.0,10.0,1.0,0.0,2235.0,1998.0,11.9,4.0,199.0,1005.0,0.07,723.0,129.0,127.0,2838.0,2533.0,64.5,,,19.89,25.56,66.46,61.24,,2026-08-09T05:49:45,https://www.screener.in/company/CROMPTON/consolidated/
CYIENT,9530.0,858.0,23.4,12.3,8.61,511.0,3.0,7.0,12.0,-35.0,-5.0,5.0,109.0,157.0,False,13.0,13.0,0.0,0.0,2076.0,1712.0,21.3,2.0,431.0,1218.0,0.08,787.0,56.0,55.0,5626.0,3411.0,11.2,24.7,23.28,14.53,15.28,37.49,39.51,,2026-08-09T05:54:21,https://www.screener.in/company/CYIENT/consolidated/
DCMSHRIRAM,16436.0,1054.0,12.0,11.5,11.5,495.0,11.0,5.0,10.0,122.0,-1.0,5.0,693.0,114.0,False,9.0,9.0,2.0,0.0,3564.0,3262.0,9.3,9.0,2923.0,1707.0,0.38,1234.0,31.0,31.0,7681.0,6162.0,15.5,66.53,66.53,3.89,3.97,8.45,8.24,,2026-08-19T05:36:46,https://www.screener.in/company/DCMSHRIRAM/consolidated/
DOMS,13383.0,2205.0,61.6,24.3,20.7,201.0,20.0,24.0,42.0,5.0,34.0,91.0,45.0,59.0,False,12.0,18.0,0.0,0.0,671.0,562.0,19.4,9.0,141.0,140.0,0.12,254.0,61.0,0.37,1159.0,337.0,6.1,63.38,70.38,7.5,8.5,25.91,17.71,,2026-08-17T06:10:58,https://www.screener.in/company/DOMS/consolidated/
DEEPAKNTR,24503.0,1796.0,30.9,11.4,9.82,428.0,7.0,0.0,13.0,31.0,-13.0,-7.0,345.0,112.0,False,21.0,10.0,3.0,3.0,2578.0,1890.0,36.4,1.0,1638.0,73.0,0.28,539.0,27.0,27.0,5810.0,4063.0,13.5,49.34,49.28,6.24,6.21,23.76,22.7,,2026-08-09T05:54:44,https://www.screener.in/company/DEEPAKNTR/consolidated/
DELHIVERY,36101.0,482.0,202.0,2.82,1.87,129.0,18.0,13.0,24.0,27.0,30.0,20.0,72.0,73.0,False,8.0,5.0,0.0,5.0,2850.0,2192.0,30.0,9.0,1463.0,923.0,0.15,911.0,75.0,73.0,9612.0,9104.0,75.0,,,41.93,51.65,43.07,32.05,,2026-08-02T07:23:06,https://www.screener.in/company/DELHIVERY/consolidated/
DEVYANI,16611.0,135.0,,4.75,-1.56,12.5,15.0,23.0,38.0,31.0,,12.0,17.0,2.0,False,16.0,15.0,2.0,1.0,1581.0,1357.0,16.5,9.0,3833.0,1565.0,2.49,927.0,123.0,120.0,1419.0,850.0,123.0,61.37,61.41,6.81,6.55,18.84,19.76,,2026-08-09T05:54:37,https://www.screener.in/company/DEVYANI/consolidated/
EIDPARRY,13795.0,775.0,17.0,17.0,7.85,493.0,16.0,3.0,16.0,-10.0,-11.0,7.0,312.0,464.0,False,8.0,9.0,0.0,0.0,9018.0,8720.0,3.4,8.0,3528.0,1618.0,0.4,1542.0,18.0,18.0,8748.0,6067.0,18.0,41.28,41.49,11.21,12.77,16.67,15.57,,2026-08-16T05:19:15,https://www.screener.in/company/EIDPARRY/consolidated/
EIHOTEL,18933.0,303.0,26.1,20.7,14.5,84.2,8.0,13.0,43.0,-8.0,25.0,32.0,120.0,37.0,False,25.0,28.0,1.0,0.0,657.0,574.0,14.5,9.0,252.0,238.0,0.05,993.0,125.0,125.0,5137.0,3250.0,62.5,32.85,32.85,6.65,5.93,13.78,14.17,,2026-08-22T05:32:56,https://www.screener.in/company/EIHOTEL/consolidated/
ELECON,9710.0,433.0,32.1,20.9,16.4,103.0,3.0,16.0,18.0,-33.0,14.0,44.0,70.0,175.0,False,21.0,27.0,0.0,0.0,521.0,491.0,6.1,1.0,273.0,52.0,0.12,314.0,22.0,22.0,2283.0,1257.0,22.0,59.28,59.28,6.99,8.31,7.18,4.13,,2026-08-17T06:03:05,https://www.screener.in/company/ELECON/consolidated/
EMAMILTD,17547.0,402.0,23.2,28.1,26.2,67.0,3.0,4.0,6.0,-7.0,5.0,11.0,139.0,164.0,False,22.0,23.0,0.0,0.0,1039.0,904.0,14.9,1.0,162.0,91.0,0.06,801.0,44.0,44.0,2880.0,2259.0,44.0,54.84,54.84,7.87,10.93,27.0,25.0,,2026-08-17T06:02:47,https://www.screener.in/company/EMAMILTD/consolidated/
ERIS,18579.0,1341.0,28.3,14.1,18.7,282.0,10.0,23.0,21.0,69.0,19.0,12.0,143.0,125.0,False,34.0,36.0,6.0,0.0,873.0,773.0,12.9,9.0,2359.0,877.0,0.6,538.0,14.0,14.0,3889.0,2182.0,14.0,54.14,54.85,5.76,7.21,20.71,19.36,,2026-08-17T06:09:02,https://www.screener.in/company/ERIS/consolidated/
FACT,51882.0,802.0,3503.0,8.65,1.61,21.2,30.0,-3.0,8.0,-82.0,-63.0,45.0,-68.0,8.0,False,-2.7,3.3,0.0,0.0,1568.0,949.0,65.2,3.0,3837.0,1842.0,2.79,140.0,647.0,647.0,728.0,627.0,64.7,90.0,90.0,0.16,0.21,0.07,0.05,,2026-08-19T05:38:11,https://www.screener.in/company/FACT/consolidated/
FSL,19786.0,280.0,24.8,16.8,17.6,62.0,20.0,17.0,13.0,28.0,14.0,10.0,166.0,169.0,False,17.0,16.0,0.0,5.0,2725.0,2218.0,22.9,9.0,2922.0,1393.0,0.67,1214.0,697.0,697.0,3688.0,2670.0,69.7,53.66,53.66,8.38,9.25,25.41,24.63,,2026-08-09T05:49:25,https://www.screener.in/company/FSL/consolidated/
FORCEMOT,23588.0,17902.0,21.4,36.1,29.2,3183.0,8.0,22.0,35.0,82.0,221.0,66.0,217.0,176.0,False,13.0,14.0,1.0,0.0,2440.0,2297.0,6.2,9.0,0.0,955.0,0.0,1297.0,13.0,13.0,4181.0,1862.0,1.3,61.63,61.63,9.51,10.27,1.46,1.48,,2026-08-02T07:25:26,https://www.screener.in/company/FORCEMOT/consolidated/
GALLANTT,13860.0,574.0,31.8,18.2,15.7,137.0,4.0,3.0,34.0,-4.0,51.0,43.0,124.0,174.0,False,16.0,22.0,0.0,0.0,1146.0,1128.0,1.6,2.0,548.0,538.0,0.17,602.0,241.0,241.0,3075.0,1984.0,24.1,70.03,68.93,0.02,0.19,0.08,0.06,,2026-08-19T05:38:56,https://www.screener.in/company/GALLANTT/consolidated/
GRSE,29772.0,2599.0,37.2,43.0,31.8,229.0,40.0,40.0,44.0,43.0,50.0,36.0,173.0,120.0,False,8.0,9.0,9.0,0.0,1815.0,1310.0,38.5,9.0,37.0,312.0,0.01,-290.0,115.0,115.0,2512.0,1299.0,11.5,74.5,74.5,3.21,3.26,1.93,1.99,,2026-08-09T05:48:03,https://www.screener.in/company/GRSE/
GILLETTE,24452.0,7503.0,36.6,90.7,66.5,290.0,8.0,11.0,13.0,19.0,31.0,23.0,159.0,146.0,False,29.0,30.0,9.0,0.0,783.0,707.0,10.7,9.0,0.0,0.0,0.0,607.0,33.0,33.0,914.0,956.0,3.3,75.0,75.0,4.33,5.01,8.76,9.15,,2026-08-19T05:33:38,https://www.screener.in/company/GILLETTE/
GODIGIT,23702.0,256.0,48.1,13.1,12.2,50.4,7.0,19.0,35.0,7.0,148.0,45.0,86.0,138.0,False,4.7,7.0,0.0,0.0,2427.0,2236.0,8.5,9.0,350.0,0.0,0.08,2026.0,924.0,874.0,3738.0,1565.0,92.4,73.0,73.09,8.23,8.48,15.01,14.12,,2026-08-17T06:09:19,https://www.screener.in/company/GODIGIT/
GPIL,15847.0,235.0,19.3,20.4,15.2,86.5,8.0,-2.0,6.0,11.0,0.0,5.0,222.0,216.0,False,19.0,24.0,2.0,0.0,1750.0,1323.0,32.3,2.0,443.0,317.0,0.08,1157.0,62.0,65.0,5747.0,3841.0,62.0,63.18,63.51,6.0,6.63,3.1,2.43,,2026-08-16T05:17:35,https://www.screener.in/company/GPIL/consolidated/
GRAVITA,12784.0,1732.0,32.6,17.0,16.8,332.0,17.0,15.0,25.0,16.0,23.0,46.0,106.0,93.0,False,7.0,10.0,1.0,0.0,1475.0,1040.0,41.8,9.0,736.0,348.0,0.3,169.0,15.0,14.0,2437.0,575.0,7.5,55.88,55.88,12.86,14.65,5.52,4.87,,2026-08-09T05:50:57,https://www.screener.in/company/GRAVITA/consolidated/
GMDCLTD,18533.0,583.0,32.5,10.8,8.34,222.0,2.0,-9.0,15.0,-14.0,-22.0,8.0,163.0,164.0,False,21.0,23.0,0.0,0.0,907.0,733.0,23.7,2.0,317.0,2.0,0.04,744.0,64.0,64.0,7009.0,5722.0,32.0,74.0,74.0,3.66,3.32,0.81,0.76,,2026-08-09T05:50:47,https://www.screener.in/company/GMDCLTD/consolidated/
HBLENGINE,20155.0,727.0,25.2,58.4,45.3,79.9,63.0,34.0,29.0,134.0,105.0,118.0,109.0,143.0,False,23.0,32.0,0.0,0.0,638.0,602.0,6.0,5.0,67.0,86.0,0.03,738.0,28.0,28.0,2187.0,924.0,28.0,59.11,59.11,5.62,7.1,0.97,0.64,,2026-08-09T05:49:59,https://www.screener.in/company/HBLENGINE/consolidated/
IRB,23685.0,19.6,26.9,7.48,4.31,17.3,0.0,6.0,8.0,-11.0,8.0,50.0,296.0,215.0,False,56.0,46.0,1.0,7.0,1927.0,2149.0,-10.3,0.0,20027.0,16748.0,0.96,2098.0,604.0,604.0,20345.0,12775.0,604.0,30.81,30.42,43.87,43.4,10.14,9.58,,2026-07-26T07:27:57,https://www.screener.in/company/IRB/consolidated/
IRCON,11620.0,124.0,22.2,9.69,9.19,70.6,-10.0,-4.0,11.0,-22.0,-8.0,9.0,92.0,164.0,False,10.0,11.0,0.0,0.0,1956.0,1786.0,9.5,1.0,5726.0,1505.0,0.86,-618.0,188.0,188.0,6451.0,5023.0,94.0,65.17,65.17,4.61,4.61,1.79,1.64,,2026-08-17T06:07:18,https://www.screener.in/company/IRCON/consolidated/
ITI,26968.0,280.0,,1.41,-8.86,19.8,-41.0,16.0,-2.0,48.0,16.0,,-32.0,-64.0,False,0.4,-1.5,9.0,9.0,425.0,498.0,-14.7,0.0,765.0,1877.0,0.4,-135.0,963.0,950.0,943.0,1425.0,96.3,90.02,90.02,0.08,0.0,0.06,0.05,,2026-08-19T05:37:25,https://www.screener.in/company/ITI/consolidated/
INDIACEM,12613.0,407.0,93.4,1.24,0.37,327.0,7.0,-7.0,0.0,133.0,28.0,-29.0,27.0,-133.0,True,15.0,8.0,2.0,5.0,1019.0,1025.0,-0.6,0.0,1305.0,2945.0,0.13,-27.0,310.0,310.0,9814.0,5466.0,31.0,75.0,75.6,3.4,3.11,12.6,12.25,,2026-07-26T07:20:15,https://www.screener.in/company/INDIACEM/consolidated/
INDIAMART,10765.0,1790.0,21.8,28.0,20.7,399.0,13.0,17.0,19.0,-16.0,19.0,11.0,172.0,154.0,False,32.0,32.0,1.0,0.0,414.0,372.0,11.3,9.0,23.0,46.0,0.01,694.0,60.0,31.0,2340.0,2028.0,6.0,49.07,49.17,19.92,21.53,12.11,12.99,,2026-08-16T05:18:37,https://www.screener.in/company/INDIAMART/consolidated/
IEX,11333.0,127.0,22.4,51.4,39.4,15.3,14.0,15.0,14.0,12.0,19.0,20.0,135.0,121.0,False,83.0,81.0,9.0,2.0,158.0,142.0,11.3,9.0,11.0,14.0,0.01,433.0,89.0,89.0,1275.0,710.0,89.0,,,12.63,13.2,31.47,36.43,,2026-08-09T05:48:55,https://www.screener.in/company/IEX/consolidated/
IOB,63181.0,32.8,10.6,6.12,15.6,20.2,15.0,18.0,13.0,52.0,37.0,48.0,1716.0,1178.0,False,-3.0,0.0,9.0,0.0,,,,,,,,4780.0,19257.0,18902.0,17734.0,5974.0,1925.7,92.44,94.61,0.47,0.31,4.29,2.3,,2026-08-30T10:11:03,https://www.screener.in/company/IOB/consolidated/
IGL,20867.0,149.0,15.3,17.9,14.0,82.2,10.0,5.0,27.0,-18.0,-1.0,6.0,238.0,428.0,False,6.0,13.0,0.0,0.0,4587.0,3914.0,17.2,9.0,98.0,83.0,0.01,1936.0,280.0,140.0,11224.0,7791.0,140.0,45.0,45.0,10.16,17.21,30.02,24.08,,2026-08-17T06:05:03,https://www.screener.in/company/IGL/consolidated/
INOXWIND,13302.0,77.0,32.8,10.5,7.09,36.9,24.0,81.0,44.0,-12.0,38.0,27.0,106.0,190.0,False,16.0,20.0,0.0,0.0,1244.0,1275.0,-2.4,0.0,1587.0,2416.0,0.25,-598.0,1728.0,326.0,4654.0,1410.0,172.8,44.18,44.18,14.53,13.37,10.02,9.87,,2026-07-26T07:26:44,https://www.screener.in/company/INOXWIND/consolidated/
INTELLECT,10118.0,721.0,27.4,16.0,12.4,227.0,23.0,11.0,15.0,5.0,11.0,7.0,102.0,94.0,False,20.0,20.0,1.0,0.0,845.0,702.0,20.4,6.0,159.0,27.0,0.05,510.0,70.0,68.0,3100.0,1990.0,14.0,29.63,29.84,23.51,27.53,7.34,7.19,,2026-08-09T05:52:33,https://www.screener.in/company/INTELLECT/consolidated/
IGIL,14948.0,346.0,24.5,69.2,55.8,34.4,22.0,48.0,,24.0,43.0,,166.0,127.0,False,60.0,58.0,7.0,1.0,371.0,301.0,23.3,7.0,143.0,27.0,0.1,624.0,86.0,0.4,1402.0,339.0,43.0,76.55,76.55,9.49,10.55,5.51,5.15,,2026-08-16T05:19:56,https://www.screener.in/company/IGIL/consolidated/
JBMA,14734.0,623.0,64.0,14.8,15.6,65.0,12.0,16.0,25.0,12.0,22.0,35.0,44.0,39.0,False,11.0,10.0,9.0,2.0,1442.0,1254.0,15.0,9.0,3029.0,1703.0,1.97,-60.0,24.0,24.0,1515.0,1006.0,24.0,67.53,67.53,2.03,1.9,0.16,0.08,,2026-08-17T06:07:43,https://www.screener.in/company/JBMA/consolidated/
JKTYRE,11385.0,395.0,15.8,15.5,16.0,210.0,10.0,4.0,12.0,56.0,44.0,24.0,44.0,163.0,False,7.0,10.0,0.0,0.0,3946.0,3869.0,2.0,6.0,4882.0,4882.0,0.81,1444.0,58.0,49.0,6003.0,3347.0,29.0,51.72,50.55,15.75,16.09,7.26,7.2,,2026-08-09T05:51:38,https://www.screener.in/company/JKTYRE/consolidated/
JMFINANCIL,12099.0,126.0,11.5,11.6,11.9,111.0,-5.0,9.0,6.0,-4.0,27.0,16.0,369.0,459.0,False,58.0,76.0,0.0,0.0,1201.0,1111.0,8.1,1.0,11635.0,15939.0,1.09,581.0,96.0,95.0,10562.0,8041.0,96.0,57.03,56.61,16.95,18.38,5.5,5.61,,2026-08-16T05:18:43,https://www.screener.in/company/JMFINANCIL/consolidated/
JSWCEMENT,17431.0,128.0,22.1,11.1,14.7,48.0,16.0,4.0,11.0,1332.0,68.0,19.0,153.0,-1366.0,True,16.0,21.0,4.0,0.0,1896.0,1560.0,21.5,5.0,4464.0,5641.0,0.68,1170.0,1341.0,986.0,5209.0,1306.0,134.1,72.02,72.34,3.7,4.13,11.49,7.87,,2026-08-17T06:03:30,https://www.screener.in/company/JSWCEMENT/consolidated/
JSWDULUX,14203.0,3119.0,37.0,22.7,19.1,538.0,-12.0,-2.0,8.0,-5.0,2.0,12.0,80.0,91.0,False,12.0,14.0,0.0,0.0,965.0,995.0,-3.0,0.0,79.0,70.0,0.03,93.0,46.0,46.0,2406.0,1271.0,4.6,61.2,69.76,8.49,7.97,21.96,13.77,,2026-08-22T05:31:51,https://www.screener.in/company/JSWDULUX/consolidated/
JPPOWER,11617.0,17.0,13.9,6.97,3.6,18.6,9.0,-1.0,11.0,12.0,97.0,24.0,469.0,278.0,False,43.0,38.0,1.0,1.0,1776.0,1583.0,12.2,4.0,3391.0,4761.0,0.27,1301.0,6853.0,6853.0,5879.0,3592.0,685.3,24.0,24.0,6.75,6.34,11.15,17.19,73.0,2026-07-26T07:26:41,https://www.screener.in/company/JPPOWER/consolidated/
JUBLINGREA,11791.0,740.0,37.1,11.4,9.52,196.0,11.0,-3.0,45.0,15.0,-2.0,35.0,106.0,75.0,False,15.0,14.0,2.0,1.0,1300.0,1038.0,25.2,2.0,792.0,407.0,0.25,524.0,16.0,16.0,3110.0,2650.0,16.0,45.22,45.22,6.49,5.96,24.98,23.04,,2026-08-09T05:52:57,https://www.screener.in/company/JUBLINGREA/consolidated/
JUBLPHARMA,15378.0,965.0,35.2,8.99,6.55,445.0,14.0,10.0,6.0,-22.0,47.0,-13.0,119.0,151.0,False,15.0,18.0,0.0,0.0,2290.0,1929.0,18.7,9.0,3615.0,3677.0,0.51,1227.0,16.0,16.0,7077.0,5383.0,16.0,47.67,47.67,15.87,16.56,12.4,10.53,,2026-07-26T07:20:29,https://www.screener.in/company/JUBLPHARMA/consolidated/
JWL,10671.0,250.0,60.0,9.16,6.39,69.7,-12.0,12.0,24.0,-45.0,15.0,28.0,26.0,31.0,False,10.0,13.0,0.0,0.0,671.0,459.0,46.2,1.0,996.0,288.0,0.33,9.0,427.0,387.0,2551.0,416.0,42.7,68.31,68.09,3.47,4.42,0.79,1.03,,2026-08-17T06:06:46,https://www.screener.in/company/JWL/consolidated/
KEC,12747.0,479.0,19.5,16.5,11.4,231.0,8.0,11.0,12.0,16.0,55.0,4.0,193.0,268.0,False,7.0,8.0,0.0,0.0,6390.0,6872.0,-7.0,0.0,5378.0,3383.0,0.87,-414.0,53.0,51.0,6106.0,3720.0,26.5,50.1,50.1,9.92,15.92,23.34,22.54,,2026-08-09T05:52:20,https://www.screener.in/company/KEC/consolidated/
KFINTECH,16422.0,950.0,46.9,29.2,21.6,97.0,23.0,22.0,22.0,3.0,19.0,48.0,75.0,77.0,False,34.0,41.0,0.0,0.0,357.0,274.0,30.3,9.0,55.0,160.0,0.03,370.0,173.0,169.0,1501.0,701.0,17.3,22.82,22.89,20.73,25.53,27.31,24.81,,2026-08-30T10:10:52,https://www.screener.in/company/KFINTECH/consolidated/
LATENTVIEW,5890.0,285.0,30.2,15.8,11.9,84.8,23.0,25.0,28.0,5.0,8.0,17.0,47.0,51.0,False,20.0,21.0,0.0,0.0,287.0,236.0,21.6,9.0,33.0,21.0,0.02,165.0,21.0,20.0,1735.0,1187.0,21.0,65.1,65.2,2.12,2.17,3.6,3.4,,2026-08-17T06:05:23,https://www.screener.in/company/LATENTVIEW/consolidated/
LEMONTREE,8795.0,111.0,34.4,14.0,19.4,17.6,10.0,18.0,42.0,19.0,29.0,32.0,57.0,48.0,False,43.0,44.0,8.0,0.0,345.0,316.0,9.2,9.0,2004.0,2177.0,1.44,542.0,792.0,792.0,600.0,62.0,79.2,22.32,22.28,19.44,21.45,14.35,19.71,,2026-08-09T05:54:00,https://www.screener.in/company/LEMONTREE/consolidated/
MMTC,9228.0,61.5,92.2,8.66,5.23,14.1,21.0,-93.0,-86.0,3.0,-31.0,3.0,126.0,2.0,False,-18605.0,-12971.0,4.0,0.0,1.0,0.0,,1.0,0.0,203.0,0.0,-605.0,150.0,150.0,1971.0,1262.0,150.0,89.93,89.93,0.16,0.09,1.78,1.84,,2026-07-26T07:28:24,https://www.screener.in/company/MMTC/consolidated/
MGL,10832.0,1097.0,15.1,17.0,12.2,651.0,11.0,9.0,,-33.0,-2.0,,193.0,319.0,False,14.0,24.0,0.0,0.0,2373.0,2083.0,13.9,9.0,223.0,115.0,0.03,1162.0,99.0,99.0,6329.0,4035.0,9.9,32.5,32.5,23.21,23.59,22.53,22.89,,2026-09-06T08:51:02,https://www.screener.in/company/MGL/consolidated/
MRPL,29784.0,170.0,10.7,18.0,14.5,81.0,23.0,-7.0,23.0,1067.0,-10.0,36.0,946.0,-271.0,True,3.4,1.0,1.0,4.0,38254.0,17356.0,120.4,1.0,15341.0,16939.0,1.08,2531.0,1753.0,1753.0,12444.0,8112.0,175.3,88.58,88.58,2.17,1.22,0.39,1.45,,2026-08-02T07:26:03,https://www.screener.in/company/MRPL/consolidated/
MSUMI,26600.0,40.1,42.6,38.9,32.4,3.26,23.0,18.0,24.0,3.0,9.0,10.0,167.0,165.0,False,8.0,11.0,3.0,0.0,3335.0,2510.0,32.9,9.0,233.0,373.0,0.11,761.0,663.0,442.0,1498.0,888.0,663.0,61.72,61.72,8.91,10.27,17.85,16.59,,2026-07-26T07:27:10,https://www.screener.in/company/MSUMI/
NBCC,25337.0,93.8,38.3,31.0,24.1,11.2,7.0,13.0,13.0,10.0,20.0,24.0,254.0,183.0,False,6.0,6.0,9.0,0.0,4560.0,4644.0,-1.8,0.0,0.0,0.0,0.0,439.0,270.0,180.0,2747.0,1764.0,270.0,61.75,61.75,4.77,5.34,11.28,10.97,,2026-07-26T07:26:38,https://www.screener.in/company/NBCC/consolidated/
NCC,8831.0,141.0,12.2,16.8,9.19,125.0,-2.0,10.0,21.0,-10.0,6.0,22.0,229.0,205.0,False,9.0,9.0,1.0,0.0,5812.0,5179.0,12.2,2.0,3457.0,974.0,0.44,-459.0,126.0,126.0,7743.0,6041.0,63.0,23.09,22.11,11.29,12.87,17.88,16.65,,2026-08-16T05:20:00,https://www.screener.in/company/NCC/consolidated/
NSLNISP,12136.0,41.4,207.0,3.06,0.45,45.0,60.0,,,102.0,,467.0,392.0,-473.0,True,21.0,-10.0,5.0,6.0,3879.0,2838.0,36.7,9.0,4613.0,3842.0,0.35,1796.0,2931.0,2931.0,10243.0,14118.0,293.1,60.79,60.79,5.48,5.13,15.78,15.34,,2026-07-26T07:28:14,https://www.screener.in/company/NSLNISP/
NH,38524.0,1885.0,44.7,15.5,20.5,222.0,60.0,20.0,25.0,9.0,12.0,155.0,207.0,197.0,False,17.0,22.0,2.0,0.0,2684.0,1507.0,78.1,9.0,5858.0,884.0,1.29,1621.0,204.0,204.0,4333.0,1927.0,20.4,63.27,63.85,9.4,10.49,9.05,7.76,,2026-08-09T05:51:56,https://www.screener.in/company/NH/consolidated/
NAVA,15835.0,559.0,20.9,12.8,9.33,309.0,9.0,7.0,11.0,-28.0,-14.0,13.0,333.0,399.0,False,43.0,49.0,0.0,0.0,1212.0,1193.0,1.6,4.0,2226.0,3074.0,0.25,2312.0,28.0,29.0,8717.0,5996.0,28.0,50.03,50.13,10.22,10.38,0.56,0.46,,2026-08-17T06:07:57,https://www.screener.in/company/NAVA/consolidated/
NEWGEN,7852.0,551.0,22.9,25.0,19.6,125.0,8.0,17.0,19.0,8.0,22.0,21.0,63.0,50.0,False,16.0,14.0,1.0,2.0,357.0,321.0,11.2,9.0,39.0,43.0,0.02,232.0,141.0,70.0,1636.0,913.0,14.1,53.45,53.76,13.78,17.62,8.15,9.58,,2026-08-09T05:48:52,https://www.screener.in/company/NEWGEN/consolidated/
NIVABUPA,15939.0,86.2,91.5,3.15,3.46,20.5,28.0,33.0,36.0,-43.0,127.0,36.0,138.0,71.0,False,7.0,5.0,1.0,1.0,2471.0,1932.0,27.9,8.0,250.0,250.0,0.07,905.0,1847.0,1511.0,1939.0,-683.0,184.7,55.3,55.41,12.09,10.72,16.17,15.31,,2026-08-09T05:39:13,https://www.screener.in/company/NIVABUPA/
NUVOCO,11731.0,328.0,28.3,6.99,4.17,262.0,9.0,2.0,9.0,173.0,-3.0,101.0,160.0,133.0,False,18.0,18.0,1.0,0.0,3129.0,2873.0,8.9,6.0,4916.0,4785.0,0.53,1485.0,357.0,357.0,8985.0,8482.0,35.7,72.02,72.02,4.71,5.19,18.0,18.09,,2026-08-17T06:07:46,https://www.screener.in/company/NUVOCO/consolidated/
OLECTRA,11368.0,1385.0,64.0,21.0,15.6,150.0,28.0,28.0,52.0,27.0,39.0,85.0,57.0,21.0,False,15.0,12.0,1.0,1.0,645.0,449.0,43.7,8.0,380.0,134.0,0.31,104.0,33.0,33.0,1195.0,807.0,8.25,50.02,50.02,7.95,7.04,0.58,0.69,,2026-08-09T05:51:59,https://www.screener.in/company/OLECTRA/consolidated/
ONESOURCE,18072.0,1576.0,,0.57,-1.09,509.0,4.0,232.0,131.0,-142.0,24.0,8.0,25.0,-0.0,False,27.0,27.0,1.0,0.0,449.0,327.0,37.3,2.0,1504.0,864.0,0.26,9.0,11.0,4.0,5820.0,781.0,11.0,30.48,29.77,19.19,19.39,23.37,18.48,37.2,2026-08-09T05:51:49,https://www.screener.in/company/ONESOURCE/consolidated/
PCBL,12666.0,322.0,47.9,7.75,5.58,102.0,2.0,12.0,25.0,-36.0,-21.0,-7.0,155.0,94.0,False,16.0,15.0,1.0,1.0,2473.0,2114.0,17.0,1.0,4989.0,1029.0,1.25,1576.0,39.0,38.0,3967.0,2792.0,39.0,53.38,51.41,5.79,6.08,11.26,10.77,,2026-08-09T05:52:50,https://www.screener.in/company/PCBL/consolidated/
PGEL,18084.0,631.0,87.9,10.3,6.69,107.0,15.0,35.0,50.0,-24.0,36.0,75.0,76.0,67.0,False,7.0,8.0,1.0,0.0,2034.0,1504.0,35.2,1.0,597.0,577.0,0.2,66.0,29.0,23.0,3020.0,373.0,29.0,43.37,43.6,9.95,11.45,23.88,18.83,,2026-08-09T05:47:09,https://www.screener.in/company/PGEL/consolidated/
PARADEEP,15515.0,149.0,14.3,17.1,18.9,65.3,28.0,18.0,33.0,14.0,48.0,35.0,393.0,317.0,False,12.0,13.0,1.0,0.0,6124.0,4504.0,36.0,8.0,6906.0,4648.0,1.02,-1012.0,1038.0,814.0,5745.0,2690.0,103.8,57.86,57.2,5.1,15.01,18.07,14.56,,2026-08-09T05:50:30,https://www.screener.in/company/PARADEEP/consolidated/
POLYMED,17893.0,1765.0,55.9,14.0,11.2,306.0,18.0,19.0,19.0,-11.0,24.0,19.0,85.0,93.0,False,24.0,26.0,0.0,0.0,525.0,403.0,30.3,9.0,354.0,149.0,0.11,246.0,51.0,48.0,3055.0,1194.0,10.2,62.42,62.42,5.56,9.77,16.08,13.53,,2026-08-17T06:03:34,https://www.screener.in/company/POLYMED/consolidated/
POONAWALLA,40477.0,460.0,51.4,7.51,5.86,127.0,72.0,46.0,24.0,340.0,5.0,24.0,308.0,63.0,False,19.0,8.0,4.0,4.0,,,,,,,,-21786.0,162.0,154.0,10187.0,6708.0,81.0,59.02,63.96,10.96,10.56,16.74,12.28,,2026-07-26T07:20:08,https://www.screener.in/company/POONAWALLA/consolidated/
RHIM,7844.0,380.0,41.9,6.52,2.91,172.0,8.0,14.0,24.0,14.0,-26.0,-4.0,65.0,35.0,False,14.0,11.0,1.0,1.0,1014.0,960.0,5.6,5.0,448.0,1589.0,0.13,409.0,21.0,19.0,3540.0,2872.0,21.0,56.07,56.07,3.98,5.01,14.34,12.39,,2026-08-16T05:18:46,https://www.screener.in/company/RHIM/consolidated/
RITES,10542.0,219.0,25.2,22.0,15.4,55.8,11.0,-3.0,5.0,8.0,-9.0,-1.0,98.0,91.0,False,22.0,23.0,1.0,0.0,532.0,490.0,8.6,5.0,7.0,5.0,0.0,327.0,481.0,240.0,2201.0,2363.0,48.1,72.2,72.2,3.43,3.51,8.74,8.66,,2026-08-17T06:08:43,https://www.screener.in/company/RITES/consolidated/
RAILTEL,8933.0,278.0,47.6,16.2,12.0,53.7,32.0,20.0,15.0,-2.0,3.0,4.0,68.0,55.0,False,19.0,23.0,3.0,0.0,599.0,429.0,39.6,9.0,48.0,0.0,0.03,230.0,321.0,321.0,1402.0,1092.0,32.1,72.84,72.84,3.98,3.54,0.99,0.78,,2026-08-17T06:08:03,https://www.screener.in/company/RAILTEL/consolidated/
RAINBOW,14775.0,1455.0,51.6,17.4,15.9,162.0,18.0,13.0,21.0,11.0,6.0,44.0,63.0,54.0,False,29.0,29.0,3.0,0.0,470.0,353.0,33.1,9.0,891.0,570.0,0.54,420.0,102.0,102.0,1547.0,958.0,10.2,49.84,49.85,16.03,21.85,22.56,17.46,,2026-08-17T06:09:26,https://www.screener.in/company/RAINBOW/consolidated/
RPOWER,9951.0,24.1,,6.1,-0.91,38.8,0.0,0.0,-1.0,3.0,24.0,,-494.0,126.0,False,31.0,30.0,0.0,3.0,1887.0,1978.0,-4.6,0.0,14812.0,21236.0,0.92,2824.0,4136.0,3735.0,11904.0,7860.0,413.6,24.98,24.98,13.64,13.09,2.79,3.75,,2026-07-26T07:27:02,https://www.screener.in/company/RPOWER/consolidated/
SBFC,10207.0,92.2,29.5,11.6,11.6,29.4,28.0,35.0,,46.0,75.0,,94.0,74.0,False,36.0,36.0,4.0,0.0,,,,,,,,-1415.0,1085.0,807.0,2105.0,480.0,108.5,52.31,52.98,7.22,7.01,20.72,18.21,,2026-07-26T07:29:01,https://www.screener.in/company/SBFC/consolidated/
SAGILITY,20443.0,43.7,19.9,13.4,10.6,20.6,29.0,19.0,,54.0,86.0,,217.0,149.0,False,22.0,22.0,8.0,0.0,1963.0,1539.0,27.6,9.0,1111.0,2896.0,0.12,1203.0,4679.0,1919.0,4980.0,4288.0,467.9,50.95,67.38,9.99,5.59,21.42,14.87,,2026-08-09T05:37:16,https://www.screener.in/company/SAGILITY/consolidated/
SAMMAANCAP,18867.0,162.0,,4.92,-3.18,164.0,-6.0,-2.0,-4.0,64.0,,,-8101.0,324.0,False,-263.0,22.0,0.0,0.0,,,,,,,,-7466.0,229.0,90.0,18763.0,17272.0,114.5,28.34,0.0,19.6,19.05,7.94,16.83,,2026-08-02T07:25:39,https://www.screener.in/company/SAMMAANCAP/consolidated/
SAPPHIRE,7544.0,235.0,3065.0,3.98,-1.03,43.3,10.0,11.0,25.0,-86.0,,13.0,14.0,-2.0,True,16.0,15.0,1.0,2.0,891.0,777.0,14.7,9.0,1417.0,963.0,1.02,507.0,64.0,64.0,1326.0,1192.0,32.0,26.06,26.06,25.25,31.31,41.92,37.25,,2026-08-16T05:17:32,https://www.screener.in/company/SAPPHIRE/consolidated/
SIGNATURE,11385.0,809.0,,2.6,2.79,132.0,-23.0,19.0,100.0,-108.0,37.0,20.0,-17.0,34.0,False,-8.0,3.8,0.0,0.0,552.0,866.0,-36.3,0.0,2979.0,1724.0,1.61,126.0,14.0,12.0,1836.0,35.0,14.0,69.54,69.63,9.45,10.58,5.46,5.52,,2026-08-16T05:19:50,https://www.screener.in/company/SIGNATURE/consolidated/
SOBHA,13955.0,1305.0,60.5,6.86,4.16,441.0,32.0,16.0,20.0,126.0,23.0,25.0,51.0,14.0,False,6.0,2.8,2.0,1.0,1278.0,852.0,50.0,2.0,1057.0,2027.0,0.22,430.0,107.0,95.0,4613.0,2400.0,10.7,52.88,52.88,6.12,6.41,25.99,26.04,,2026-08-17T06:05:16,https://www.screener.in/company/SOBHA/consolidated/
SONATSOFTW,8919.0,318.0,17.6,30.7,28.2,67.9,4.0,13.0,20.0,18.0,4.0,16.0,108.0,109.0,False,5.0,5.0,0.0,0.0,3279.0,2965.0,10.6,1.0,723.0,590.0,0.38,538.0,28.0,14.0,1877.0,1287.0,28.0,28.17,28.17,9.17,8.85,24.68,26.33,,2026-08-09T05:51:14,https://www.screener.in/company/SONATSOFTW/consolidated/
SUNTV,19202.0,487.0,12.2,16.5,12.3,321.0,13.0,5.0,6.0,-8.0,-4.0,0.0,619.0,529.0,False,50.0,48.0,1.0,1.0,1458.0,1290.0,13.0,1.0,106.0,63.0,0.01,1802.0,197.0,197.0,12446.0,9075.0,39.4,75.0,75.0,5.8,6.71,11.3,10.19,,2026-08-17T06:10:54,https://www.screener.in/company/SUNTV/consolidated/
SWANCORP,9548.0,305.0,42.7,3.87,3.68,240.0,-17.0,45.0,69.0,-65.0,86.0,43.0,-36.0,27.0,False,-0.4,2.2,0.0,0.0,1014.0,1213.0,-16.4,0.0,2103.0,4985.0,0.28,-14.0,31.0,26.0,7505.0,2257.0,31.0,53.96,53.96,10.35,8.89,12.9,12.9,39.6,2026-08-16T05:18:40,https://www.screener.in/company/SWANCORP/consolidated/
SYNGENE,16296.0,404.0,55.0,9.99,7.78,120.0,-3.0,5.0,11.0,-42.0,-8.0,0.0,-9.0,86.7,False,12.34,23.6,0.0,0.0,736.0,874.5,-15.8,0.0,458.0,815.0,0.09,915.0,403.0,401.0,4436.0,3217.0,40.3,52.59,52.68,11.82,16.31,28.01,24.62,,2026-08-09T05:52:06,https://www.screener.in/company/SYNGENE/consolidated/
TATACHEM,17085.0,671.0,,3.42,1.27,832.0,2.0,-5.0,7.0,-193.0,-51.0,3.0,60.0,316.0,False,13.0,17.0,0.0,0.0,4255.0,3719.0,14.4,1.0,8001.0,6296.0,0.38,1269.0,255.0,255.0,20951.0,19466.0,25.5,37.98,37.98,12.06,13.73,21.11,22.17,,2026-08-16T05:19:28,https://www.screener.in/company/TATACHEM/consolidated/
TTML,7699.0,39.4,,-12.7,,-2.87,8.0,,,-132.0,,,-64.0,-39.0,False,26.0,25.0,0.0,1.0,621.0,514.0,20.8,4.0,4653.0,,,246.0,1897.0,,-2514.0,,189.7,74.36,74.36,2.52,2.64,0.18,0.13,,2026-07-26T07:29:31,https://www.screener.in/company/TTML/consolidated/
TECHNOE,10951.0,942.0,25.4,14.8,11.4,357.0,39.0,58.0,30.0,-1.0,34.0,25.0,93.0,136.0,False,16.0,18.0,0.0,0.0,630.0,526.0,19.8,7.0,72.0,0.0,0.02,-590.0,23.0,22.0,4134.0,1909.0,11.5,56.93,56.93,8.08,9.22,21.61,22.62,,2026-08-17T06:05:20,https://www.screener.in/company/TECHNOE/consolidated/
TEGA,12800.0,1704.0,,8.09,5.94,454.0,85.0,12.0,16.0,-100.0,-8.0,0.0,-108.0,35.0,False,3.2,16.0,0.0,0.0,1723.0,356.0,384.0,1.0,398.0,361.0,0.12,350.0,75.0,66.0,3332.0,983.0,7.5,67.51,74.8,2.8,1.87,18.68,10.74,,2026-08-16T05:03:16,https://www.screener.in/company/TEGA/consolidated/
RAMCOCEM,21294.0,901.0,112.0,6.13,0.38,343.0,9.0,3.0,11.0,38.0,-54.0,-48.0,31.0,85.0,False,13.0,19.0,0.0,0.0,2273.0,2074.0,9.6,4.0,3871.0,4507.0,0.48,1611.0,24.0,24.0,8070.0,6837.0,24.0,42.55,42.55,7.52,8.15,29.5,28.48,,2026-08-19T05:32:52,https://www.screener.in/company/RAMCOCEM/consolidated/
TIMKEN,24510.0,3258.0,57.5,19.0,14.3,387.0,9.0,,,-10.0,,,120.0,108.0,False,19.0,18.0,1.0,1.0,943.0,822.0,14.7,3.0,15.0,,0.01,446.0,75.0,,2839.0,,7.5,51.05,51.05,7.32,7.39,30.26,29.72,,2026-08-17T06:10:39,https://www.screener.in/company/TIMKEN/consolidated/
TITAGARH,11413.0,847.0,71.4,10.6,6.47,182.0,-18.0,5.0,16.0,-42.0,7.0,65.0,54.0,-124.0,True,11.0,1.8,1.0,2.0,875.0,1006.0,-13.0,0.0,623.0,353.0,0.25,322.0,27.0,24.0,2429.0,940.0,13.5,40.46,40.46,10.87,9.56,15.38,12.77,,2026-08-09T05:53:54,https://www.screener.in/company/TITAGARH/consolidated/
TARIL,8939.0,298.0,34.6,23.3,19.1,50.5,15.0,22.0,28.0,0.0,87.0,106.0,64.0,67.0,False,16.0,17.0,0.0,0.0,572.0,529.0,8.1,3.0,457.0,330.0,0.3,-105.0,30.0,13.0,1485.0,381.0,30.0,64.36,64.36,7.8,11.21,1.54,5.95,,2026-08-09T05:50:27,https://www.screener.in/company/TARIL/consolidated/
TRAVELFOOD,17213.0,1307.0,36.2,42.4,35.3,110.0,4.0,16.0,59.0,19.0,23.0,54.0,129.0,95.0,False,36.0,39.0,3.0,0.0,452.0,375.0,20.5,3.0,245.0,383.0,0.17,393.0,13.0,4.0,1430.0,652.0,13.0,86.19,86.19,1.65,2.77,10.02,8.03,,2026-08-22T05:31:09,https://www.screener.in/company/TRAVELFOOD/consolidated/
TRIDENT,12801.0,25.1,32.4,9.79,7.91,9.36,-2.0,2.0,8.0,-9.0,-6.0,3.0,158.0,140.0,False,17.0,17.0,1.0,0.0,1787.0,1707.0,4.7,1.0,1829.0,1442.0,0.38,760.0,510.0,510.0,4262.0,3683.0,510.0,73.68,73.68,3.18,3.05,0.25,0.15,,2026-07-26T07:28:28,https://www.screener.in/company/TRIDENT/consolidated/
UCOBANK,32452.0,25.9,13.2,5.76,8.5,24.6,15.0,19.0,,48.0,37.0,,666.0,538.0,False,-5.0,-5.0,4.0,0.0,,,,,,,,1913.0,12540.0,11956.0,18345.0,11513.0,1254.0,90.95,90.95,0.06,0.13,4.3,4.52,,2026-07-26T07:28:04,https://www.screener.in/company/UCOBANK/consolidated/
UTIAMC,11639.0,906.0,21.8,15.6,10.3,350.0,2.0,10.0,8.0,-25.0,2.0,-1.0,294.0,254.0,False,66.0,62.0,1.0,1.0,584.0,547.0,6.8,3.0,141.0,0.0,0.03,407.0,129.0,127.0,4376.0,3741.0,12.9,,,6.89,7.62,59.62,59.71,,2026-08-17T06:03:49,https://www.screener.in/company/UTIAMC/consolidated/
WHIRLPOOL,9882.0,779.0,36.2,11.1,7.75,328.0,6.0,6.0,6.0,-23.0,13.0,-2.0,103.0,146.0,False,5.0,9.0,0.0,0.0,2727.0,2432.0,12.1,3.0,71.0,112.0,0.02,298.0,127.0,127.0,4034.0,3393.0,12.7,39.76,51.0,12.48,11.12,34.18,28.49,,2026-08-16T05:19:02,https://www.screener.in/company/WHIRLPOOL/consolidated/
ZFCVINDIA,30013.0,2637.0,59.4,19.4,14.6,324.0,9.0,6.0,,4.0,17.0,,104.0,122.0,False,13.0,13.0,0.0,0.0,1066.0,976.0,9.2,7.0,55.0,0.0,0.01,810.0,9.0,9.0,3681.0,2400.0,1.8,60.0,60.0,5.93,5.79,25.45,26.25,,2026-08-09T05:53:00,https://www.screener.in/company/ZFCVINDIA/consolidated/
ZEEL,11003.0,115.0,39.4,2.75,2.4,122.0,-2.0,0.0,1.0,-63.0,95.0,-21.0,-104.0,188.0,False,-13.0,14.0,0.0,0.0,2025.0,2184.0,-7.3,0.0,265.0,282.0,0.02,708.0,96.0,96.0,11634.0,10626.0,96.0,3.99,3.99,20.11,25.43,7.81,13.92,,2026-08-02T07:23:22,https://www.screener.in/company/ZEEL/consolidated/
ZENSARTECH,11558.0,508.0,14.5,22.8,17.3,207.0,8.0,5.0,9.0,18.0,34.0,18.0,184.0,182.0,False,15.0,15.0,6.0,0.0,1508.0,1385.0,8.9,9.0,79.0,273.0,0.02,771.0,45.0,45.0,4674.0,2931.0,22.5,49.0,49.03,10.73,13.3,21.98,22.24,,2026-08-02T07:24:28,https://www.screener.in/company/ZENSARTECH/consolidated/
360ONE,46194.0,1135.0,36.6,12.1,14.4,242.0,37.0,28.0,21.0,19.0,23.0,27.0,331.0,285.0,False,63.0,62.0,9.0,3.0,1226.0,911.0,34.6,9.0,15931.0,6784.0,1.62,-2921.0,41.0,36.0,9795.0,3086.0,41.0,6.2,6.26,58.55,65.87,18.7,10.68,,2026-08-02T07:25:36,https://www.screener.in/company/360ONE/consolidated/
ACC,24814.0,1321.0,13.1,11.2,10.9,1094.0,12.0,5.0,14.0,-19.0,31.0,7.0,147.0,375.0,False,8.0,13.0,0.0,0.0,5808.0,6087.0,-4.6,0.0,429.0,153.0,0.02,-1364.0,188.0,188.0,20363.0,13950.0,18.8,56.69,56.69,5.83,5.04,21.12,22.55,,2026-08-16T05:18:56,https://www.screener.in/company/ACC/consolidated/
APLAPOLLO,50520.0,1820.0,41.1,31.6,25.3,191.0,10.0,13.0,22.0,53.0,23.0,27.0,263.0,237.0,False,7.0,7.0,7.0,0.0,5607.0,5170.0,8.5,9.0,498.0,873.0,0.09,2103.0,56.0,55.0,5241.0,2950.0,28.0,28.25,28.3,35.12,33.72,18.58,18.92,,2026-08-02T07:13:39,https://www.screener.in/company/APLAPOLLO/consolidated/
AWL,25669.0,198.0,21.9,18.3,10.7,80.3,17.0,9.0,15.0,2.0,22.0,8.0,351.0,238.0,False,3.5,2.1,2.0,1.0,20048.0,17059.0,17.5,9.0,1109.0,2396.0,0.11,3928.0,129.0,130.0,10311.0,8036.0,129.0,56.94,63.94,21.1,14.11,8.46,8.82,,2026-08-09T05:51:24,https://www.screener.in/company/AWL/consolidated/
ATGL,72318.0,658.0,114.0,15.3,14.4,44.2,20.0,10.0,28.0,-2.0,6.0,7.0,142.0,165.0,False,15.0,21.0,0.0,0.0,1754.0,1379.0,27.2,9.0,2255.0,1422.0,0.46,1149.0,110.0,110.0,4755.0,2831.0,110.0,74.8,74.8,12.77,12.88,6.34,6.23,,2026-08-09T05:48:07,https://www.screener.in/company/ATGL/consolidated/
APOLLOTYRE,28167.0,444.0,13.2,13.9,13.1,263.0,11.0,5.0,10.0,73.0,26.0,24.0,349.0,13.0,False,12.0,13.0,3.0,0.0,7398.0,6561.0,12.8,9.0,3675.0,6421.0,0.22,3667.0,64.0,64.0,16652.0,12515.0,64.0,36.93,36.95,10.09,11.9,29.05,27.93,,2026-08-30T10:10:39,https://www.screener.in/company/APOLLOTYRE/consolidated/
ASHOKLEY,99268.0,169.0,26.7,13.6,27.4,24.2,17.0,5.0,20.0,17.0,45.0,84.0,668.0,658.0,False,18.0,19.0,8.0,0.0,13070.0,11709.0,11.6,7.0,63936.0,31161.0,4.49,-4895.0,587.0,294.0,13654.0,8260.0,587.0,51.51,51.51,20.67,24.32,15.75,13.59,40.1,2026-09-06T08:50:38,https://www.screener.in/company/ASHOKLEY/consolidated/
AIIL,47123.0,555.0,22.4,13.7,13.1,173.0,-35.0,69.0,,-49.0,217.0,,1108.0,943.0,False,85.0,94.0,1.0,0.0,,,,,,,,1524.0,85.0,17.0,14643.0,3399.0,85.0,68.81,68.79,14.28,14.11,0.2,0.24,,2026-08-17T06:04:45,https://www.screener.in/company/AIIL/consolidated/
BAJAJHFL,70150.0,84.2,27.3,8.85,12.1,27.0,17.0,25.0,29.0,19.0,27.0,41.0,669.0,587.0,False,30.0,29.0,9.0,3.0,,,,,,,,-19895.0,8329.0,6712.0,14194.0,3791.0,832.9,86.7,88.7,0.9,0.91,1.0,0.54,,2026-07-26T07:27:31,https://www.screener.in/company/BAJAJHFL/
BALKRISIND,45238.0,2340.0,32.2,11.2,9.66,567.0,10.0,4.0,13.0,-3.0,1.0,-2.0,451.0,288.0,False,22.0,18.0,1.0,1.0,3455.0,2760.0,25.2,3.0,4111.0,3347.0,0.38,2249.0,39.0,39.0,10917.0,7518.0,19.5,58.3,58.3,10.33,10.7,24.6,24.55,,2026-08-30T10:10:46,https://www.screener.in/company/BALKRISIND/consolidated/
BANKINDIA,65558.0,144.0,5.57,5.93,12.4,200.0,6.0,16.0,13.0,19.0,42.0,39.0,3304.0,1831.0,False,8.0,4.0,4.0,2.0,,,,,,,,4753.0,4553.0,4104.0,85405.0,56329.0,455.3,73.38,73.38,6.87,4.24,13.96,15.63,,2026-08-30T10:10:33,https://www.screener.in/company/BANKINDIA/consolidated/
BERGEPAINT,64153.0,550.0,52.2,21.6,17.3,59.3,5.0,4.0,12.0,5.0,10.0,10.0,405.0,315.0,False,17.0,17.0,2.0,0.0,3584.0,3201.0,12.0,9.0,635.0,1189.0,0.09,1540.0,117.0,97.0,6800.0,4397.0,117.0,74.98,74.99,4.82,5.35,11.78,10.71,,2026-08-17T06:04:56,https://www.screener.in/company/BERGEPAINT/consolidated/
BDL,47433.0,1294.0,113.0,13.8,10.2,116.0,-27.0,-1.0,5.0,-24.0,6.0,10.0,113.0,273.0,False,12.0,17.0,0.0,0.0,480.0,1777.0,-73.0,0.0,0.0,9.0,0.0,604.0,183.0,183.0,4058.0,3028.0,36.6,74.93,74.93,1.69,2.43,11.53,11.3,,2026-08-09T05:47:17,https://www.screener.in/company/BDL/
BIOCON,66997.0,411.0,92.1,3.61,1.4,210.0,10.0,15.0,19.0,100.0,-15.0,-12.0,137.0,89.0,False,20.0,19.0,1.0,1.0,4336.0,3942.0,10.0,6.0,15434.0,18019.0,0.45,1994.0,810.0,600.0,33221.0,17267.0,162.0,44.68,54.45,8.14,6.61,23.33,22.06,,2026-08-30T10:11:43,https://www.screener.in/company/BIOCON/consolidated/
BLUESTARCO,31130.0,1514.0,58.8,21.2,17.2,167.0,6.0,16.0,24.0,-1.0,26.0,50.0,103.0,121.0,False,5.0,7.0,0.0,0.0,3378.0,2982.0,13.3,9.0,810.0,662.0,0.24,154.0,41.0,19.0,3390.0,1311.0,20.5,36.49,36.48,12.75,16.05,28.24,25.32,,2026-08-09T05:51:00,https://www.screener.in/company/BLUESTARCO/consolidated/
CRISIL,33015.0,4514.0,37.3,32.6,24.5,447.0,22.0,10.0,13.0,22.0,7.0,14.0,216.0,172.0,False,29.0,28.0,8.0,2.0,1075.0,843.0,27.5,6.0,335.0,47.0,0.1,756.0,7.0,7.0,3264.0,2182.0,7.0,66.64,66.64,6.38,7.81,12.95,12.17,,2026-08-23T05:08:05,https://www.screener.in/company/CRISIL/consolidated/
COCHINSHIP,37436.0,1423.0,52.2,16.0,12.5,223.0,4.0,29.0,12.0,-13.0,40.0,4.0,276.0,287.0,False,21.0,15.0,0.0,1.0,1484.0,1758.0,-15.6,0.0,1672.0,587.0,0.28,-1234.0,132.0,132.0,5741.0,4296.0,26.4,67.91,67.91,2.83,3.22,6.96,6.48,,2026-08-02T07:25:53,https://www.screener.in/company/COCHINSHIP/consolidated/
COLPAL,55213.0,2030.0,128.0,179.0,158.0,12.1,15.0,15.0,,50.0,33.0,,,,False,,,,,,,,,5.0,4.0,0.02,404.0,14.0,136.0,317.0,142.0,14.0,51.0,51.0,13.6,17.16,15.54,11.95,,2026-08-09T05:50:02,https://www.screener.in/company/COLPAL/consolidated/
CONCOR,38477.0,505.0,31.0,12.4,9.81,170.0,2.0,4.0,7.0,-6.0,2.0,17.0,269.0,267.0,False,21.0,20.0,1.0,1.0,2160.0,2154.0,0.3,1.0,965.0,779.0,0.07,1482.0,381.0,305.0,12562.0,10921.0,76.2,54.8,54.8,7.85,12.38,29.85,25.82,,2026-08-09T05:48:10,https://www.screener.in/company/CONCOR/consolidated/
COROMANDEL,61815.0,2095.0,33.1,22.0,16.4,426.0,24.0,2.0,17.0,-6.0,-1.0,8.0,382.0,502.0,False,9.0,11.0,0.0,0.0,8165.0,7042.0,15.9,8.0,1506.0,393.0,0.12,1558.0,30.0,29.0,12528.0,7878.0,30.0,56.35,56.88,11.5,14.51,19.92,15.78,,2026-08-16T05:03:43,https://www.screener.in/company/COROMANDEL/consolidated/
DABUR,72732.0,410.0,36.7,20.3,17.0,64.4,7.0,5.0,7.0,11.0,4.0,2.0,586.0,508.0,False,20.0,20.0,5.0,0.0,3764.0,3405.0,10.5,7.0,1287.0,1174.0,0.11,2579.0,177.0,177.0,11242.0,8796.0,177.0,66.24,66.22,9.66,10.88,18.6,17.29,,2026-08-09T05:48:28,https://www.screener.in/company/DABUR/consolidated/
DALBHARAT,35262.0,1880.0,32.1,7.59,6.11,959.0,8.0,3.0,8.0,19.0,-1.0,-2.0,192.0,395.0,False,21.0,24.0,0.0,0.0,3890.0,3636.0,7.0,5.0,7406.0,3855.0,0.41,2278.0,38.0,37.0,17941.0,15591.0,19.0,55.84,55.84,6.81,8.75,19.95,17.81,,2026-08-23T05:08:27,https://www.screener.in/company/DALBHARAT/consolidated/
DIXON,85899.0,14049.0,45.8,42.0,37.4,769.0,14.0,59.0,50.0,119.0,77.0,55.0,718.0,280.0,False,3.0,3.8,1.0,0.0,15548.0,12836.0,21.1,9.0,994.0,453.0,0.21,1782.0,12.0,12.0,4665.0,1273.0,6.0,28.55,28.92,17.87,20.69,28.38,28.93,,2026-08-02T07:19:54,https://www.screener.in/company/DIXON/consolidated/
ENDURANCE,40856.0,2904.0,43.8,17.8,14.9,486.0,26.0,18.0,17.0,25.0,26.0,12.0,276.0,245.0,False,14.0,14.0,9.0,0.0,4086.0,2963.0,37.9,9.0,1327.0,515.0,0.19,1851.0,141.0,141.0,6700.0,4271.0,14.1,75.0,75.0,12.69,13.84,10.06,9.05,,2026-08-09T05:53:03,https://www.screener.in/company/ENDURANCE/consolidated/
ESCORTS,34458.0,3080.0,24.2,13.9,18.7,1106.0,20.0,11.0,10.0,21.0,47.0,20.0,386.0,1397.0,False,11.0,13.0,0.0,0.0,3208.0,2500.0,28.3,4.0,162.0,57.0,0.01,1381.0,112.0,132.0,12261.0,8055.0,11.2,68.04,68.04,6.36,5.27,10.65,11.8,,2026-08-09T05:55:08,https://www.screener.in/company/ESCORTS/consolidated/
FORTIS,71344.0,945.0,67.5,13.4,11.2,131.0,17.0,13.0,18.0,26.0,27.0,64.0,271.0,188.0,False,23.0,22.0,1.0,9.0,2365.0,2007.0,17.8,9.0,3473.0,926.0,0.35,1601.0,755.0,755.0,9141.0,6487.0,75.5,31.17,31.17,25.2,27.9,32.23,29.14,,2026-08-02T07:26:46,https://www.screener.in/company/FORTIS/consolidated/
GMRAIRPORT,113192.0,107.0,544.0,11.6,,-2.35,42.0,30.0,33.0,131.0,43.0,16.0,400.0,-253.0,True,37.0,35.0,1.0,3.0,3938.0,2863.0,37.5,9.0,43283.0,32157.0,,4884.0,1056.0,604.0,-3536.0,-1396.0,1056.0,67.16,66.24,21.74,17.08,5.14,4.8,,2026-08-09T05:37:55,https://www.screener.in/company/GMRAIRPORT/consolidated/
GICRE,61904.0,353.0,6.97,17.4,14.6,422.0,3.0,4.0,2.0,4.0,12.0,37.0,1744.0,2531.0,False,14.0,18.0,0.0,0.0,14401.0,14623.0,-1.5,0.0,0.0,0.0,0.0,466.0,877.0,877.0,69604.0,44308.0,175.4,77.4,82.4,2.43,2.12,17.73,13.1,,2026-08-17T06:05:41,https://www.screener.in/company/GICRE/consolidated/
GODFRYPHLP,35657.0,2286.0,26.1,30.2,23.4,398.0,2.0,22.0,20.0,12.0,32.0,34.0,198.0,356.0,False,15.0,23.0,0.0,0.0,1206.0,1486.0,-18.8,0.0,234.0,355.0,0.04,518.0,31.0,10.0,6181.0,3538.0,15.5,72.58,72.58,7.8,7.94,3.66,4.12,,2026-08-09T05:50:20,https://www.screener.in/company/GODFRYPHLP/consolidated/
GODREJIND,39327.0,1168.0,32.7,8.17,9.26,332.0,17.0,10.0,19.0,19.0,5.0,26.0,523.0,725.0,False,11.0,9.0,0.0,2.0,5448.0,4460.0,22.2,8.0,51564.0,19642.0,4.61,-8855.0,34.0,34.0,11143.0,7951.0,34.0,74.64,71.31,4.56,5.12,3.47,2.77,,2026-08-30T10:13:30,https://www.screener.in/company/GODREJIND/consolidated/
GODREJPROP,63429.0,2106.0,39.4,7.63,8.82,636.0,4.0,32.0,46.0,41.0,49.0,56.0,645.0,378.0,False,15.0,3.5,4.0,1.0,3458.0,2122.0,63.0,1.0,15894.0,6431.0,0.83,-2003.0,151.0,139.0,19005.0,9125.0,30.2,51.66,47.05,25.32,28.31,9.03,10.42,,2026-08-02T07:24:42,https://www.screener.in/company/GODREJPROP/consolidated/
HDBFS,55292.0,666.0,25.4,9.79,14.7,,15.0,,,-12.0,,,,,False,,,,,,,,,,,,-13626.0,796.0,786.0,15024.0,6393.0,79.6,74.12,74.19,3.55,3.17,12.1,10.93,,2026-08-09T05:53:27,https://www.screener.in/company/HDBFS/consolidated/
HAVELLS,79575.0,1268.0,47.8,24.9,19.0,151.0,10.0,10.0,17.0,18.0,16.0,11.0,290.0,348.0,False,7.0,9.0,0.0,0.0,6518.0,5455.0,19.5,4.0,265.0,223.0,0.03,1572.0,63.0,63.0,9393.0,6563.0,63.0,59.35,59.38,15.91,19.28,18.04,15.35,,2026-08-23T05:08:24,https://www.screener.in/company/HAVELLS/consolidated/
HEXT,34498.0,565.0,24.4,30.1,24.9,110.0,13.0,13.0,16.0,7.0,18.0,18.0,330.0,380.0,False,16.0,12.0,0.0,1.0,3845.0,3261.0,17.9,9.0,683.0,394.0,0.1,1739.0,61.0,61.0,6651.0,4574.0,61.0,74.3,74.55,3.19,8.31,16.06,11.13,,2026-08-09T05:55:05,https://www.screener.in/company/HEXT/consolidated/
HINDPETRO,82932.0,390.0,49.6,22.2,30.9,308.0,9.0,0.0,14.0,-84.0,66.0,11.0,-12265.0,4111.0,False,-11.0,7.0,0.0,0.0,140584.0,110825.0,26.9,4.0,55964.0,70671.0,0.85,36111.0,2128.0,1419.0,63428.0,30844.0,212.8,54.9,54.9,13.58,14.48,22.85,22.24,,2026-08-02T07:23:02,https://www.screener.in/company/HINDPETRO/consolidated/
HONAUT,32310.0,36550.0,57.8,17.0,12.6,5047.0,7.0,11.0,9.0,9.0,7.0,3.0,151.0,125.0,False,14.0,12.0,2.0,2.0,1204.0,1183.0,1.8,7.0,110.0,36.0,0.02,493.0,9.0,9.0,4454.0,3180.0,0.9,75.0,75.0,3.94,3.0,11.31,11.99,,2026-08-17T06:03:39,https://www.screener.in/company/HONAUT/
HUDCO,40246.0,201.0,9.46,8.41,20.0,110.0,26.0,23.0,13.0,53.0,33.0,20.0,851.0,630.0,False,28.0,29.0,2.0,0.0,,,,,,,,-33912.0,2002.0,2002.0,19974.0,13442.0,200.2,75.0,75.0,2.4,1.94,10.09,10.92,,2026-08-09T05:51:18,https://www.screener.in/company/HUDCO/consolidated/
ICICIGI,81870.0,1639.0,33.7,21.9,16.6,341.0,12.0,15.0,17.0,-9.0,14.0,12.0,403.0,747.0,False,7.0,15.0,0.0,0.0,7088.0,6396.0,10.8,9.0,0.0,35.0,0.0,2622.0,498.0,491.0,16135.0,9953.0,49.8,51.22,51.37,21.45,24.04,20.64,17.41,,2026-08-09T05:47:06,https://www.screener.in/company/ICICIGI/
ICICIPRULI,72693.0,501.0,45.2,10.1,12.6,94.0,-10.0,8.0,-5.0,36.0,26.0,11.0,624.0,385.0,False,-24.0,2.6,8.0,0.0,3185.0,15687.0,-79.7,0.0,2595.0,1200.0,0.19,-5355.0,1449.0,1439.0,12182.0,8651.0,144.9,72.73,72.93,10.22,13.15,11.81,8.65,,2026-08-09T05:48:45,https://www.screener.in/company/ICICIPRULI/consolidated/
ITCHOTELS,35546.0,171.0,38.6,11.2,7.89,56.0,16.0,,,35.0,,,182.0,134.0,False,31.0,30.0,5.0,1.0,936.0,816.0,14.7,5.0,74.0,,0.01,1110.0,208.0,,11450.0,,208.0,39.85,39.85,11.61,25.49,23.98,20.21,,2026-08-09T05:51:35,https://www.screener.in/company/ITCHOTELS/consolidated/
INDIANB,112674.0,836.0,8.81,6.32,15.4,623.0,10.0,14.0,12.0,11.0,28.0,30.0,3357.0,2277.0,False,8.0,9.0,4.0,0.0,,,,,,,,18815.0,1347.0,1245.0,78696.0,48261.0,134.7,73.84,73.84,6.16,4.68,17.03,18.62,,2026-08-02T07:24:48,https://www.screener.in/company/INDIANB/consolidated/
IRCTC,41596.0,520.0,30.1,46.1,34.6,53.9,12.0,14.0,,8.0,12.0,,326.0,358.0,False,27.0,30.0,0.0,0.0,1460.0,1269.0,15.1,9.0,81.0,84.0,0.02,1273.0,160.0,160.0,4149.0,2318.0,80.0,62.4,62.4,3.91,7.27,14.86,14.18,,2026-08-09T05:51:11,https://www.screener.in/company/IRCTC/consolidated/
IREDA,33655.0,120.0,17.1,8.69,15.6,49.1,20.0,,26.0,26.0,,40.0,339.0,247.0,False,19.0,16.0,1.0,1.0,,,,,,,,-14477.0,2809.0,785.0,10976.0,2211.0,280.9,71.76,71.76,2.48,1.92,2.39,2.57,,2026-08-09T05:50:40,https://www.screener.in/company/IREDA/consolidated/
INDUSTOWER,101833.0,386.0,14.2,19.5,18.6,150.0,7.0,5.0,18.0,-27.0,47.0,13.0,1746.0,1737.0,False,53.0,54.0,2.0,0.0,8431.0,8058.0,4.6,9.0,21127.0,19185.0,0.53,15684.0,2638.0,2695.0,37008.0,18415.0,263.8,51.26,51.03,23.2,26.21,21.42,18.24,,2026-08-09T05:37:20,https://www.screener.in/company/INDUSTOWER/consolidated/
NAUKRI,75573.0,1166.0,53.1,5.43,3.91,585.0,15.0,12.0,24.0,276.0,91.0,62.0,756.0,678.0,False,38.0,31.0,6.0,1.0,869.0,750.0,15.9,9.0,259.0,108.0,0.01,1076.0,130.0,129.0,37784.0,13269.0,65.0,37.48,37.59,23.72,30.33,27.83,21.01,,2026-07-26T07:20:36,https://www.screener.in/company/NAUKRI/consolidated/
JKCEMENT,41002.0,5306.0,42.0,15.1,15.6,911.0,16.0,12.0,16.0,6.0,33.0,7.0,275.0,324.0,False,16.0,21.0,0.0,0.0,4032.0,3353.0,20.3,6.0,6183.0,5292.0,0.88,1873.0,77.0,77.0,6960.0,4607.0,7.7,45.66,45.66,16.85,18.57,23.72,21.74,,2026-08-16T05:18:29,https://www.screener.in/company/JKCEMENT/consolidated/
JSWENERGY,98146.0,535.0,48.9,8.16,7.51,175.0,35.0,22.0,22.0,-8.0,19.0,23.0,533.0,836.0,False,55.0,54.0,0.0,5.0,5207.0,5143.0,1.2,6.0,76946.0,25051.0,2.5,9898.0,1756.0,1641.0,28995.0,16988.0,175.6,66.53,69.26,11.41,12.12,16.16,11.56,,2026-08-30T10:12:22,https://www.screener.in/company/JSWENERGY/consolidated/
KPITTECH,16405.0,598.0,26.3,26.3,21.0,129.0,10.0,24.0,26.0,-23.0,21.0,37.0,116.0,172.0,False,15.0,19.0,0.0,0.0,1675.0,1539.0,8.8,9.0,838.0,287.0,0.24,1195.0,272.0,270.0,3269.0,1381.0,27.2,38.59,39.44,13.22,14.31,23.6,23.89,,2026-08-02T07:22:49,https://www.screener.in/company/KPITTECH/consolidated/
LTTS,37715.0,3555.0,28.1,26.7,21.5,611.0,10.0,11.0,15.0,10.0,6.0,16.0,357.0,316.0,False,19.0,17.0,2.0,2.0,2940.0,2638.0,11.4,9.0,578.0,454.0,0.09,1455.0,21.0,21.0,6452.0,4930.0,10.5,73.52,73.58,4.13,4.67,14.05,14.13,,2026-08-02T07:13:50,https://www.screener.in/company/LTTS/consolidated/
LICHSGFIN,27737.0,504.0,4.83,8.59,14.4,753.0,0.0,8.0,8.0,4.0,25.0,15.0,1499.0,1364.0,False,27.0,24.0,2.0,2.0,,,,,,,,-8504.0,110.0,110.0,41319.0,27075.0,55.0,45.24,45.24,21.47,20.17,21.02,22.14,,2026-08-09T05:48:38,https://www.screener.in/company/LICHSGFIN/consolidated/
LICI,498410.0,394.0,8.3,35.1,37.8,0.0,10.0,8.0,7.0,23.0,17.0,81.0,13584.0,10955.0,False,6.0,4.7,7.0,1.0,239866.0,224671.0,6.8,6.0,-0.0,-0.0,-0.0,-26211.0,6325.0,6325.0,170280.0,39908.0,632.5,96.5,96.5,0.44,0.13,0.99,1.35,,2026-08-09T05:47:51,https://www.screener.in/company/LICI/consolidated/
LINDEINDIA,56455.0,6620.0,103.0,18.2,13.6,500.0,10.0,-7.0,11.0,22.0,1.0,30.0,105.0,107.0,False,29.0,34.0,0.0,0.0,694.0,571.0,21.5,4.0,79.0,22.0,0.02,786.0,85.0,85.0,4181.0,3055.0,8.5,75.0,75.0,2.03,2.35,6.79,6.75,,2026-08-17T06:05:09,https://www.screener.in/company/LINDEINDIA/consolidated/
MRF,56017.0,132080.0,22.7,15.7,12.5,49455.0,11.0,11.0,14.0,37.0,52.0,14.0,495.0,502.0,False,12.0,14.0,0.0,0.0,8416.0,7676.0,9.6,9.0,3207.0,3014.0,0.15,4590.0,4.0,4.0,20970.0,14703.0,0.4,27.76,27.75,17.43,18.27,12.11,12.38,,2026-08-30T10:10:49,https://www.screener.in/company/MRF/consolidated/
M&MFIN,53618.0,386.0,16.0,8.72,12.3,192.0,14.0,18.0,11.0,46.0,12.0,35.0,927.0,529.0,False,23.0,15.0,2.0,2.0,,,,,,,,-12772.0,278.0,247.0,26361.0,18313.0,139.0,52.49,52.49,9.53,9.59,31.48,32.29,,2026-08-02T07:25:29,https://www.screener.in/company/M%26MFIN/consolidated/
MANKIND,101432.0,2456.0,47.6,13.5,13.1,395.0,14.0,18.0,18.0,13.0,17.0,11.0,574.0,445.0,False,26.0,24.0,3.0,2.0,4031.0,3570.0,12.9,9.0,6312.0,170.0,0.39,3121.0,41.0,40.0,16259.0,7395.0,41.0,72.63,72.67,9.45,12.83,15.39,11.91,,2026-08-09T05:48:24,https://www.screener.in/company/MANKIND/consolidated/
MARICO,113044.0,871.0,64.5,47.0,42.8,32.4,26.0,12.0,11.0,9.0,11.0,9.0,408.0,345.0,False,16.0,17.0,2.0,0.0,3333.0,2730.0,22.1,9.0,557.0,608.0,0.13,2084.0,130.0,129.0,4080.0,3670.0,130.0,58.92,58.94,23.4,24.21,12.87,11.88,,2026-08-02T07:24:38,https://www.screener.in/company/MARICO/consolidated/
MFSL,51677.0,1497.0,645.0,2.87,1.52,153.0,3.0,15.0,9.0,-76.0,-40.0,-28.0,-32.0,38.0,False,-0.1,0.2,0.0,0.0,10802.0,12376.0,-12.7,0.0,1859.0,523.0,0.35,11473.0,69.0,69.0,5213.0,3450.0,34.5,1.25,1.71,48.06,44.78,44.34,47.26,26.9,2026-08-09T05:47:24,https://www.screener.in/company/MFSL/consolidated/
MPHASIS,46383.0,2430.0,24.0,22.1,18.5,563.0,14.0,5.0,10.0,11.0,5.0,9.0,490.0,442.0,False,18.0,19.0,9.0,0.0,4384.0,3732.0,17.5,9.0,2620.0,198.0,0.24,1253.0,191.0,188.0,10553.0,7746.0,19.1,30.54,40.1,19.5,18.52,45.31,37.08,100.0,2026-08-23T05:07:55,https://www.screener.in/company/MPHASIS/consolidated/
NHPC,79748.0,79.4,21.2,5.73,9.29,41.2,12.0,3.0,4.0,28.0,-1.0,2.0,1549.0,920.0,False,23.0,51.0,1.0,0.0,2816.0,2347.0,20.0,1.0,52327.0,29540.0,1.26,3294.0,10045.0,10045.0,31392.0,26916.0,1004.5,61.39,67.4,12.29,10.05,14.54,10.54,,2026-07-26T07:26:26,https://www.screener.in/company/NHPC/consolidated/
NLCINDIA,42209.0,304.0,13.2,10.4,17.5,155.0,17.0,3.0,12.0,12.0,16.0,24.0,436.0,839.0,False,31.0,24.0,0.0,4.0,4717.0,3826.0,23.3,9.0,27892.0,22333.0,1.3,5166.0,1387.0,1387.0,20138.0,13782.0,138.7,69.47,72.2,4.62,3.25,12.94,13.86,,2026-08-09T05:49:10,https://www.screener.in/company/NLCINDIA/consolidated/
NMDC,73464.0,83.6,9.86,27.6,23.4,38.7,34.0,22.0,16.0,14.0,17.0,4.0,2027.0,1477.0,False,23.0,29.0,1.0,0.0,11343.0,7005.0,61.9,9.0,6407.0,2128.0,0.19,4996.0,879.0,293.0,33183.0,22328.0,879.0,60.79,60.79,13.59,13.04,13.8,14.38,,2026-07-26T07:26:16,https://www.screener.in/company/NMDC/consolidated/
NTPCGREEN,81162.0,96.3,134.0,3.53,2.79,22.5,42.0,156.0,,9.0,45.0,,305.0,220.0,False,89.0,89.0,1.0,0.0,1107.0,680.0,62.8,7.0,31716.0,6137.0,1.67,2386.0,8426.0,4720.0,10539.0,168.0,842.6,89.01,89.01,1.67,1.79,5.21,4.63,,2026-07-26T07:27:34,https://www.screener.in/company/NTPCGREEN/consolidated/
OIL,74596.0,459.0,11.3,11.6,12.3,357.0,7.0,-2.0,14.0,2.0,-9.0,12.0,2424.0,1497.0,False,35.0,29.0,1.0,1.0,9293.0,8808.0,5.5,1.0,37478.0,18832.0,0.65,10684.0,1627.0,1084.0,56372.0,37397.0,162.7,56.66,56.66,7.28,7.56,20.13,19.21,,2026-08-02T07:26:10,https://www.screener.in/company/OIL/consolidated/
POLICYBZR,74101.0,1602.0,111.0,10.3,9.75,158.0,37.0,38.0,50.0,112.0,50.0,42.0,261.0,170.0,False,10.0,7.0,9.0,9.0,2061.0,1508.0,36.7,9.0,360.0,227.0,0.05,41.0,93.0,90.0,7219.0,5386.0,46.5,,,37.29,43.64,40.42,26.63,,2026-08-02T07:23:39,https://www.screener.in/company/POLICYBZR/consolidated/
PIIND,42096.0,2775.0,35.0,15.0,11.2,740.0,-16.0,1.0,8.0,-28.0,-1.0,10.0,200.0,330.0,False,22.0,25.0,0.0,0.0,1565.0,1787.0,-12.4,0.0,342.0,46.0,0.03,474.0,15.0,15.0,11215.0,7183.0,15.0,46.09,46.09,14.83,16.42,31.5,30.26,,2026-08-09T05:51:07,https://www.screener.in/company/PIIND/consolidated/
PAGEIND,45034.0,40375.0,57.0,64.4,54.3,1347.0,6.0,4.0,13.0,8.0,11.0,18.0,179.0,164.0,False,21.0,21.0,1.0,0.0,1253.0,1098.0,14.1,9.0,277.0,406.0,0.18,794.0,11.0,11.0,1491.0,1360.0,1.1,42.89,42.89,18.91,23.2,32.93,28.52,,2026-08-02T07:26:43,https://www.screener.in/company/PAGEIND/
PATANJALI,38584.0,355.0,19.2,12.0,16.5,120.0,18.0,,,55.0,,,524.0,359.0,False,4.0,5.0,3.0,0.0,11156.0,9692.0,15.1,8.0,2789.0,8079.0,0.21,-333.0,218.0,65.0,12879.0,-4772.0,109.0,68.25,68.81,8.53,12.24,11.05,11.85,,2026-08-02T07:25:57,https://www.screener.in/company/PATANJALI/consolidated/
PERSISTENT,87535.0,5549.0,45.4,34.4,27.2,497.0,24.0,21.0,29.0,39.0,28.0,36.0,529.0,396.0,False,19.0,18.0,9.0,4.0,4056.0,3242.0,25.1,9.0,477.0,655.0,0.06,1767.0,79.0,76.0,7759.0,3889.0,15.8,30.29,30.56,20.79,21.24,30.25,30.6,,2026-08-02T07:21:31,https://www.screener.in/company/PERSISTENT/consolidated/
PETRONET,42090.0,281.0,10.8,22.7,18.6,149.0,-15.0,-10.0,11.0,-1.0,6.0,6.0,1371.0,1095.0,False,20.0,12.0,1.0,3.0,9442.0,12316.0,-23.3,0.0,2341.0,3345.0,0.11,4750.0,1500.0,1500.0,20785.0,13765.0,150.0,50.0,50.0,26.27,28.03,13.68,11.65,,2026-08-09T05:50:50,https://www.screener.in/company/PETRONET/consolidated/
POLYCAB,138871.0,9218.0,48.5,33.2,23.0,798.0,32.0,27.0,27.0,29.0,28.0,24.0,797.0,600.0,False,14.0,15.0,8.0,0.0,8210.0,5906.0,39.0,9.0,236.0,191.0,0.02,3811.0,151.0,150.0,11858.0,6481.0,15.1,61.46,61.53,19.0,13.96,7.62,11.7,,2026-08-09T05:38:58,https://www.screener.in/company/POLYCAB/consolidated/
PREMIERENE,46403.0,1022.0,30.7,33.3,42.4,95.1,20.0,76.0,62.0,63.0,370.0,133.0,457.0,278.0,False,30.0,33.0,8.0,0.0,2230.0,1621.0,37.6,8.0,3707.0,765.0,0.86,1261.0,45.0,26.0,4262.0,385.0,45.0,58.48,63.94,7.92,4.23,17.97,13.26,,2026-08-02T07:26:23,https://www.screener.in/company/PREMIERENE/consolidated/
PRESTIGE,69615.0,1616.0,61.1,10.4,7.53,378.0,67.0,15.0,12.0,116.0,18.0,21.0,271.0,312.0,False,32.0,38.0,0.0,0.0,2675.0,2307.0,16.0,5.0,17659.0,9420.0,1.09,3223.0,431.0,401.0,15842.0,9574.0,43.1,60.95,60.95,13.27,15.74,23.51,20.68,,2026-08-02T07:25:42,https://www.screener.in/company/PRESTIGE/consolidated/
RVNL,48660.0,233.0,55.6,10.8,9.02,47.1,2.0,0.0,6.0,-32.0,-13.0,-2.0,182.0,455.0,False,4.0,7.0,0.0,0.0,6696.0,6427.0,4.2,3.0,4818.0,6441.0,0.49,-1889.0,2085.0,2085.0,7737.0,5161.0,208.5,72.84,72.84,2.41,4.66,6.6,6.39,,2026-08-09T05:47:48,https://www.screener.in/company/RVNL/consolidated/
SBICARD,62713.0,659.0,27.6,10.1,14.7,165.0,8.0,13.0,16.0,21.0,-1.0,17.0,664.0,556.0,False,15.0,13.0,4.0,1.0,,,,,,,,493.0,952.0,946.0,14774.0,8884.0,95.2,68.86,68.59,8.98,10.1,18.13,17.76,,2026-08-09T05:49:07,https://www.screener.in/company/SBICARD/
SJVN,26558.0,67.6,41.4,5.57,4.52,36.2,47.0,16.0,13.0,-22.0,-23.0,-19.0,-118.0,-128.0,False,61.0,48.0,2.0,9.0,1496.0,504.0,196.8,8.0,32278.0,14059.0,2.27,1860.0,3930.0,3930.0,10309.0,9930.0,393.0,81.85,81.85,2.79,2.55,3.74,4.32,,2026-07-26T07:28:10,https://www.screener.in/company/SJVN/consolidated/
SRF,77515.0,2615.0,34.6,14.6,14.3,474.0,13.0,2.0,13.0,57.0,-4.0,10.0,759.0,432.0,False,25.0,22.0,7.0,1.0,5033.0,3819.0,31.8,9.0,5083.0,4478.0,0.36,2554.0,297.0,297.0,13745.0,10030.0,29.7,50.26,50.26,15.45,17.98,22.44,19.53,,2026-08-09T05:47:31,https://www.screener.in/company/SRF/consolidated/
SUZLON,71276.0,52.3,22.5,35.1,40.6,6.96,54.0,41.0,38.0,52.0,165.0,46.0,1114.0,1181.0,False,18.0,18.0,0.0,0.0,5493.0,3790.0,44.9,9.0,556.0,1938.0,0.06,1202.0,2745.0,2454.0,6719.0,-1355.0,1372.5,11.7,11.73,24.15,22.7,11.12,10.14,,2026-07-26T07:26:06,https://www.screener.in/company/SUZLON/consolidated/
TATAELXSI,22882.0,3673.0,224.0,60.0,39.3,45.5,10.0,16.0,17.0,41.0,43.0,16.0,30.0,22.0,False,20.0,22.0,8.0,0.0,231.0,212.0,9.0,9.0,0.0,34.0,0.0,143.0,31.0,31.0,252.0,161.0,3.1,43.9,43.9,9.85,12.53,11.03,10.37,,2026-08-02T07:25:09,https://www.screener.in/company/TATAELXSI/consolidated/
TATAINVEST,33216.0,656.0,77.1,1.57,1.44,578.0,31.0,13.0,20.0,32.0,20.0,23.0,144.0,146.0,False,92.0,92.0,0.0,0.0,152.0,145.0,4.8,5.0,1.0,240.0,0.0,279.0,51.0,51.0,29171.0,19521.0,51.0,73.38,73.38,2.66,2.69,0.56,0.53,,2026-08-17T06:07:33,https://www.screener.in/company/TATAINVEST/consolidated/
THERMAX,48376.0,4060.0,87.9,13.9,10.6,466.0,5.0,10.0,18.0,-18.0,7.0,18.0,22.0,151.0,False,3.0,10.0,0.0,0.0,2303.0,2158.0,6.7,3.0,2353.0,831.0,0.42,542.0,23.0,23.0,5527.0,3846.0,11.5,61.99,61.99,11.46,13.44,15.22,13.95,,2026-08-09T05:39:52,https://www.screener.in/company/THERMAX/consolidated/
TIINDIA,53658.0,2772.0,81.2,17.1,9.95,400.0,17.0,15.0,30.0,-3.0,-11.0,17.0,234.0,158.0,False,9.0,7.0,1.0,1.0,6215.0,5150.0,20.7,9.0,754.0,726.0,0.1,1161.0,19.0,19.0,7732.0,3931.0,19.0,43.93,44.09,22.35,25.45,21.01,17.71,,2026-08-09T05:48:58,https://www.screener.in/company/TIINDIA/consolidated/
UNOMINDA,74205.0,1285.0,60.7,19.6,19.3,118.0,19.0,20.0,25.0,19.0,23.0,43.0,316.0,309.0,False,10.0,12.0,5.0,0.0,5557.0,4489.0,23.8,9.0,2740.0,1395.0,0.4,1720.0,115.0,115.0,6714.0,4041.0,57.5,68.36,68.45,8.15,9.98,17.52,15.8,,2026-08-09T05:47:28,https://www.screener.in/company/UNOMINDA/consolidated/
UPL,48356.0,573.0,24.5,10.1,5.64,411.0,13.0,-1.0,6.0,36.0,-21.0,-10.0,-73.0,-176.0,False,13.0,15.0,2.0,0.0,10181.0,9216.0,10.5,9.0,23576.0,23939.0,0.68,7855.0,169.0,150.0,34527.0,26708.0,84.5,33.5,33.49,42.39,37.01,14.32,17.17,,2026-08-09T05:47:21,https://www.screener.in/company/UPL/consolidated/
UBL,35988.0,1361.0,104.0,10.7,7.69,171.0,1.0,7.0,17.0,-26.0,2.0,24.0,166.0,184.0,False,9.0,11.0,0.0,0.0,3067.0,2864.0,7.1,1.0,1317.0,16.0,0.29,435.0,26.0,26.0,4496.0,3938.0,26.0,70.84,70.84,4.87,6.26,17.79,16.68,,2026-08-17T06:04:04,https://www.screener.in/company/UBL/consolidated/
VMM,50169.0,107.0,56.2,14.8,12.2,15.9,20.0,19.0,24.0,30.0,39.0,48.0,259.0,206.0,False,15.0,15.0,7.0,0.0,3727.0,3140.0,18.7,7.0,1988.0,1462.0,0.27,1621.0,4673.0,4507.0,2740.0,650.0,467.3,40.09,54.11,20.43,15.4,34.8,25.42,,2026-08-02T07:26:29,https://www.screener.in/company/VMM/consolidated/
VOLTAS,42519.0,1285.0,108.0,9.04,6.1,193.0,-8.0,14.0,14.0,-52.0,17.0,-6.0,113.0,236.0,False,3.8,6.0,0.0,0.0,4888.0,4768.0,2.5,1.0,992.0,651.0,0.16,71.0,33.0,33.0,6343.0,5419.0,33.0,30.3,30.3,16.94,20.26,38.93,35.62,,2026-08-09T05:48:17,https://www.screener.in/company/VOLTAS/consolidated/
WAAREEENER,77096.0,2680.0,19.2,38.8,32.8,502.0,94.0,58.0,69.0,81.0,100.0,143.0,892.0,773.0,False,18.0,23.0,9.0,0.0,7932.0,4426.0,79.2,9.0,3213.0,320.0,0.22,1627.0,288.0,243.0,14150.0,1595.0,28.8,64.12,64.22,8.57,6.35,4.08,2.82,,2026-08-02T07:23:52,https://www.screener.in/company/WAAREEENER/consolidated/
AARTIDRUGS,3767.0,413.0,19.5,11.9,13.4,170.0,11.0,-2.0,4.0,2.0,5.0,-7.0,50.0,54.0,False,14.0,13.0,0.0,1.0,703.0,591.0,19.0,6.0,577.0,609.0,0.37,254.0,91.0,93.0,1458.0,1100.0,9.1,54.43,54.72,1.52,2.68,10.29,9.9,,2026-08-19T05:36:29,https://www.screener.in/company/AARTIDRUGS/consolidated/
AARTIPHARM,7623.0,841.0,35.4,10.7,8.59,234.0,1.0,-2.0,,-19.0,-3.0,,76.0,50.0,False,25.0,24.0,1.0,1.0,536.0,386.0,38.9,2.0,754.0,215.0,0.35,262.0,45.0,45.0,2079.0,1513.0,9.0,42.86,42.88,8.17,8.02,7.22,6.95,,2026-08-30T10:13:58,https://www.screener.in/company/AARTIPHARM/consolidated/
ADVENZYMES,3426.0,306.0,21.8,14.0,10.2,146.0,12.0,11.0,8.0,15.0,12.0,1.0,39.0,40.0,False,27.0,30.0,0.0,0.0,190.0,186.0,2.2,7.0,32.0,34.0,0.02,157.0,22.0,22.0,1610.0,1213.0,11.0,43.25,43.08,26.7,25.41,4.77,6.41,,2026-08-19T05:38:39,https://www.screener.in/company/ADVENZYMES/consolidated/
AHLUCONT,4422.0,660.0,19.7,20.4,13.8,307.0,12.0,17.0,18.0,1.0,11.0,28.0,10.0,51.0,False,4.2,9.0,0.0,0.0,1126.0,1005.0,12.0,6.0,73.0,58.0,0.04,281.0,13.0,13.0,2046.0,1215.0,6.5,55.32,55.32,14.05,12.85,22.32,23.8,,2026-08-25T05:36:16,https://www.screener.in/company/AHLUCONT/consolidated/
APLLTD,16117.0,820.0,21.6,12.6,13.4,289.0,14.0,9.0,6.0,26.0,28.0,-9.0,172.0,154.0,False,15.0,16.0,2.0,0.0,2150.0,1711.0,25.7,9.0,1430.0,722.0,0.25,783.0,39.0,39.0,5636.0,4331.0,19.5,69.87,69.74,4.17,4.04,15.93,16.3,,2026-08-19T05:37:08,https://www.screener.in/company/APLLTD/consolidated/
ALOKINDS,5993.0,12.1,,-3.95,,-43.4,4.0,-19.0,-1.0,19.0,3.0,11.0,-138.0,-172.0,False,6.0,2.0,1.0,4.0,993.0,932.0,6.5,2.0,26106.0,24163.0,,419.0,497.0,497.0,-22024.0,-19397.0,497.0,75.0,75.0,1.9,2.32,0.39,0.44,,2026-07-26T07:29:55,https://www.screener.in/company/ALOKINDS/consolidated/
ACI,6320.0,512.0,65.3,7.41,5.42,157.0,0.0,-9.0,,-49.0,-35.0,,30.0,40.0,False,21.0,27.0,0.0,0.0,327.0,292.0,12.0,1.0,466.0,69.0,0.24,140.0,25.0,25.0,1910.0,1406.0,12.5,53.43,53.44,11.0,11.16,24.18,25.51,,2026-08-17T06:07:00,https://www.screener.in/company/ACI/consolidated/
ARVINDFASN,5824.0,436.0,44.5,19.6,14.1,70.6,14.0,9.0,19.0,666.0,53.0,17.0,28.0,25.0,False,12.0,12.0,2.0,0.0,1278.0,1107.0,15.4,9.0,1336.0,1265.0,1.42,404.0,53.0,53.0,890.0,857.0,13.25,35.1,35.14,12.15,11.94,24.99,22.79,,2026-08-19T05:33:45,https://www.screener.in/company/ARVINDFASN/consolidated/
ASHAPURMIN,7053.0,738.0,17.2,20.7,28.0,173.0,63.0,42.0,35.0,19.0,51.0,43.0,108.0,114.0,False,11.0,13.0,0.0,0.0,1616.0,1356.0,19.2,8.0,1444.0,758.0,0.88,463.0,19.0,18.0,1630.0,646.0,9.5,48.04,47.79,19.22,18.02,0.4,0.35,,2026-08-09T05:53:47,https://www.screener.in/company/ASHAPURMIN/consolidated/
ASHOKA,3143.0,112.0,4.62,26.5,15.3,234.0,-25.0,-2.0,9.0,-62.0,35.0,24.0,127.0,227.0,False,17.0,32.0,0.0,0.0,1500.0,1887.0,-20.5,0.0,1608.0,5509.0,0.24,655.0,140.0,140.0,6439.0,1535.0,28.0,54.47,54.47,4.39,7.45,14.02,14.06,,2026-08-19T05:35:19,https://www.screener.in/company/ASHOKA/consolidated/
AURIONPRO,4019.0,727.0,19.2,16.3,13.4,314.0,15.0,29.0,30.0,8.0,31.0,34.0,45.0,51.0,False,17.0,20.0,0.0,0.0,358.0,337.0,6.2,9.0,61.0,88.0,0.04,56.0,54.0,23.0,1684.0,475.0,5.4,26.86,26.88,16.02,15.55,1.47,1.89,,2026-08-17T06:11:05,https://www.screener.in/company/AURIONPRO/consolidated/
AWFIS,1919.0,268.0,22.6,13.2,14.0,77.2,23.0,40.0,53.0,70.0,53.0,29.0,24.0,10.0,False,38.0,38.0,3.0,0.0,425.0,335.0,26.9,9.0,1501.0,693.0,2.71,616.0,72.0,30.0,481.0,-54.0,7.2,17.0,17.01,26.92,25.04,38.51,41.18,,2026-08-22T05:32:22,https://www.screener.in/company/AWFIS/consolidated/
BAJAJELEC,4058.0,352.0,,2.89,-0.72,138.0,-5.0,-3.0,-1.0,-143.0,,,48.0,1.0,False,7.0,3.1,1.0,1.0,1089.0,1065.0,2.3,1.0,159.0,101.0,0.1,619.0,23.0,23.0,1571.0,1884.0,11.5,62.7,62.71,5.37,7.75,16.82,15.87,,2026-08-22T05:33:21,https://www.screener.in/company/BAJAJELEC/consolidated/
BALUFORGE,6386.0,526.0,23.9,22.7,19.6,131.0,20.0,50.0,51.0,18.0,88.0,102.0,66.0,57.0,False,28.0,31.0,9.0,0.0,301.0,233.0,29.2,1.0,152.0,52.0,0.1,32.0,121.0,83.0,1473.0,114.0,12.1,53.51,54.85,5.04,8.33,0.95,0.83,,2026-08-17T06:03:16,https://www.screener.in/company/BALUFORGE/consolidated/
BANCOINDIA,8954.0,626.0,18.5,30.9,31.2,118.0,22.0,19.0,21.0,11.0,25.0,33.0,122.0,110.0,False,18.0,19.0,1.0,0.0,1184.0,970.0,22.1,9.0,614.0,418.0,0.36,380.0,29.0,14.0,1656.0,987.0,14.5,67.88,67.88,3.92,4.4,0.24,0.29,,2026-08-19T05:34:34,https://www.screener.in/company/BANCOINDIA/consolidated/
BIRLACORPN,6795.0,882.0,12.2,9.78,7.83,956.0,4.0,4.0,7.0,35.0,134.0,-4.0,116.0,120.0,False,13.0,14.0,0.0,0.0,2646.0,2454.0,7.8,2.0,3391.0,4462.0,0.46,950.0,77.0,77.0,7288.0,5904.0,7.7,62.9,62.9,6.13,6.7,16.97,15.79,,2026-08-19T05:37:41,https://www.screener.in/company/BIRLACORPN/consolidated/
BLACKBUCK,10714.0,588.0,62.4,12.8,12.3,78.2,49.0,55.0,-6.0,-53.0,37.0,22.0,42.0,34.0,False,24.0,28.0,1.0,0.0,204.0,144.0,41.7,9.0,59.0,178.0,0.04,169.0,18.0,0.01,1404.0,353.0,18.0,25.0,27.19,31.47,26.2,14.38,14.33,,2026-08-30T10:10:36,https://www.screener.in/company/BLACKBUCK/consolidated/
BORORENEW,7782.0,549.0,20.9,25.3,25.7,108.0,11.0,20.0,,751.0,68.0,,87.0,-203.0,True,31.0,18.0,4.0,6.0,406.0,347.0,17.0,4.0,162.0,421.0,0.11,423.0,14.0,13.0,1497.0,906.0,14.0,58.78,61.85,6.14,4.81,2.62,0.78,,2026-08-09T05:54:14,https://www.screener.in/company/BORORENEW/consolidated/
CMSINFO,4251.0,258.0,14.1,17.6,13.2,148.0,2.0,9.0,14.0,-20.0,2.0,13.0,84.0,94.0,False,27.0,25.0,0.0,1.0,635.0,627.0,1.3,3.0,221.0,0.0,0.09,390.0,165.0,154.0,2268.0,1408.0,16.5,0.0,0.0,22.7,33.15,36.0,28.69,,2026-08-17T06:06:57,https://www.screener.in/company/CMSINFO/consolidated/
CSBBANK,5543.0,320.0,8.34,7.05,13.5,282.0,25.0,25.0,19.0,11.0,5.0,24.0,150.0,119.0,False,-2.0,-8.0,8.0,2.0,,,,,,,,-314.0,174.0,174.0,4721.0,3030.0,17.4,40.0,40.0,12.63,14.23,15.07,16.1,,2026-08-17T06:08:54,https://www.screener.in/company/CSBBANK/
CAMPUS,6638.0,217.0,48.8,31.8,29.5,,68.0,26.0,261.0,307.0,42.0,149.0,29.0,10.0,False,18.0,24.0,1.0,0.0,338.0,275.0,22.9,1.0,289.0,199.0,0.68,18.0,152.0,0.1,275.0,202.0,30.4,72.08,72.13,6.03,5.99,11.39,11.82,,2026-08-17T06:08:22,https://www.screener.in/company/CAMPUS/consolidated/
CELLO,8252.0,374.0,26.0,17.4,13.2,122.0,7.0,9.0,17.0,-3.0,8.0,17.0,73.0,81.0,False,19.0,21.0,0.0,0.0,527.0,529.0,-0.4,0.0,38.0,335.0,0.01,255.0,110.0,98.0,2591.0,239.0,22.0,75.0,75.0,3.23,5.55,15.14,14.03,,2026-08-17T06:09:29,https://www.screener.in/company/CELLO/consolidated/
CENTURYPLY,16938.0,762.0,57.1,11.4,10.8,117.0,23.0,14.0,20.0,46.0,-12.0,6.0,83.0,53.0,False,13.0,11.0,5.0,4.0,1561.0,1169.0,33.5,9.0,1765.0,327.0,0.68,457.0,22.0,22.0,2588.0,1892.0,22.0,71.83,72.64,3.86,4.28,19.41,18.13,,2026-08-22T05:37:00,https://www.screener.in/company/CENTURYPLY/consolidated/
CERA,7565.0,5866.0,30.6,22.4,18.2,1049.0,5.0,10.0,10.0,7.0,17.0,17.0,47.0,47.0,False,13.0,14.0,0.0,0.0,422.0,401.0,5.2,4.0,67.0,45.0,0.05,122.0,6.0,6.0,1347.0,1009.0,1.2,54.41,54.41,15.42,15.83,14.07,13.55,,2026-08-22T05:33:24,https://www.screener.in/company/CERA/consolidated/
CRIZAC,3024.0,173.0,13.7,52.3,40.3,33.4,15.0,30.0,56.0,38.0,25.0,60.0,46.0,46.0,False,30.0,29.0,0.0,2.0,201.0,210.0,-4.3,0.0,2.0,0.0,0.0,144.0,35.0,10.0,550.0,213.0,17.5,79.94,79.94,1.61,3.74,3.22,3.8,,2026-08-22T05:32:32,https://www.screener.in/company/CRIZAC/consolidated/
DATAMATICS,4864.0,823.0,19.2,20.8,16.4,261.0,13.0,11.0,12.0,39.0,10.0,25.0,72.0,50.0,False,20.0,16.0,1.0,5.0,514.0,468.0,9.8,9.0,221.0,21.0,0.14,324.0,30.0,29.0,1514.0,1020.0,6.0,66.33,66.33,0.5,0.78,0.1,0.25,,2026-08-19T05:37:48,https://www.screener.in/company/DATAMATICS/consolidated/
DBL,6743.0,415.0,12.1,13.3,10.3,420.0,-19.0,-5.0,-2.0,22.0,61.0,19.0,128.0,271.0,False,18.0,20.0,0.0,0.0,2378.0,2620.0,-9.2,0.0,8041.0,6658.0,1.18,1204.0,162.0,146.0,6667.0,3855.0,16.2,63.14,63.14,1.99,2.91,6.12,6.13,,2026-08-19T05:35:03,https://www.screener.in/company/DBL/consolidated/
ELECTCAST,5149.0,83.4,32.4,5.0,3.04,95.8,-16.0,-7.0,11.0,-72.0,-18.0,-3.0,48.0,89.0,False,7.0,11.0,0.0,0.0,1426.0,1558.0,-8.5,0.0,1561.0,2667.0,0.26,1147.0,62.0,59.0,5862.0,4323.0,62.0,50.14,46.22,12.8,19.26,0.37,0.25,,2026-08-31T11:26:21,https://www.screener.in/company/ELECTCAST/consolidated/
EMBDL,8512.0,61.2,,-2.38,-9.1,71.0,-21.0,43.0,3.0,-977.0,,,-323.0,123.0,False,-76.0,1.0,0.0,0.0,342.0,889.0,-61.5,0.0,5322.0,693.0,0.54,44.0,278.0,108.0,9590.0,3122.0,139.0,42.65,42.66,23.43,26.65,3.02,3.63,64.9,2026-07-26T07:28:18,https://www.screener.in/company/EMBDL/consolidated/
ETHOSLTD,7704.0,2879.0,72.9,9.82,7.77,556.0,30.0,27.0,33.0,14.0,17.0,83.0,29.0,19.0,False,13.0,13.0,1.0,0.0,462.0,346.0,33.5,9.0,322.0,121.0,0.22,90.0,27.0,23.0,1461.0,608.0,2.7,50.58,50.58,11.33,13.29,23.91,19.95,,2026-08-19T05:39:25,https://www.screener.in/company/ETHOSLTD/consolidated/
EUREKAFORB,8273.0,428.0,40.7,5.91,4.28,238.0,12.0,9.0,222.0,21.0,66.0,161.0,57.0,39.0,False,10.0,10.0,2.0,0.0,700.0,608.0,15.1,9.0,29.0,140.0,0.01,250.0,193.0,193.0,4406.0,3904.0,19.3,62.55,62.56,13.24,13.72,6.7,6.38,53.7,2026-08-19T05:40:31,https://www.screener.in/company/EUREKAFORB/consolidated/
FIEMIND,6151.0,2337.0,23.4,29.3,22.6,462.0,17.0,15.0,18.0,25.0,22.0,39.0,65.0,58.0,False,13.0,14.0,9.0,0.0,775.0,659.0,17.6,9.0,66.0,24.0,0.05,161.0,26.0,13.0,1189.0,748.0,2.6,54.51,54.51,7.03,7.19,11.6,10.05,,2026-08-17T06:04:49,https://www.screener.in/company/FIEMIND/consolidated/
FINPIPE,9782.0,158.0,15.9,12.7,9.73,100.0,-2.0,-2.0,4.0,55.0,38.0,-4.0,115.0,98.0,False,12.0,9.0,4.0,4.0,884.0,1043.0,-15.2,0.0,446.0,541.0,0.07,192.0,124.0,124.0,6091.0,4779.0,62.0,52.47,52.47,5.85,5.93,11.35,12.11,,2026-08-19T05:36:56,https://www.screener.in/company/FINPIPE/consolidated/
GHCL,4123.0,448.0,9.04,17.4,13.0,386.0,-4.0,-12.0,4.0,-24.0,-25.0,7.0,116.0,150.0,False,22.0,28.0,0.0,0.0,791.0,781.0,1.3,1.0,83.0,361.0,0.02,687.0,92.0,96.0,3460.0,3860.0,9.2,19.83,18.97,22.44,25.67,11.2,10.52,,2026-08-19T05:40:55,https://www.screener.in/company/GHCL/consolidated/
GMRP&UI,7622.0,97.6,,12.0,-14.3,24.4,16.0,10.0,22.0,38.0,,13.0,-114.0,49.0,False,23.0,17.0,0.0,2.0,2004.0,1737.0,15.4,9.0,11594.0,8216.0,6.09,1260.0,391.0,302.0,1513.0,-2923.0,78.2,46.28,50.56,16.0,3.89,5.47,1.77,60.0,2026-07-26T07:29:14,https://www.screener.in/company/GMRP%26UI/consolidated/
GOKEX,5742.0,784.0,55.8,8.39,4.72,295.0,8.0,22.0,27.0,-40.0,-14.0,32.0,44.0,41.0,False,10.0,10.0,1.0,0.0,1154.0,956.0,20.7,2.0,1273.0,154.0,0.59,52.0,37.0,30.0,2124.0,856.0,7.4,9.15,9.16,14.46,22.93,43.41,38.94,96.3,2026-08-16T05:19:40,https://www.screener.in/company/GOKEX/consolidated/
GREAVESCOT,4632.0,199.0,46.5,10.1,8.1,61.4,21.0,8.0,18.0,49.0,10.0,27.0,6.16,20.85,False,5.78,7.64,0.0,0.0,974.12,745.43,30.7,7.0,394.0,28.0,0.28,33.0,47.0,46.0,1384.0,1540.0,23.5,55.77,55.8,1.35,2.64,4.17,3.8,,2026-08-09T05:52:30,https://www.screener.in/company/GREAVESCOT/consolidated/
GSFC,6501.0,163.0,9.4,7.16,5.51,308.0,29.0,-1.0,7.0,8.0,-19.0,10.0,159.0,139.0,False,6.0,9.0,1.0,0.0,3583.0,2184.0,64.1,5.0,27.0,2.0,0.0,136.0,80.0,80.0,12187.0,11960.0,40.0,37.84,37.84,12.36,12.29,7.32,7.81,,2026-08-19T05:37:28,https://www.screener.in/company/GSFC/consolidated/
HGINFRA,3280.0,503.0,12.6,11.3,8.52,501.0,-3.0,4.0,15.0,-40.0,-19.0,2.0,-45.0,99.0,False,28.0,18.0,0.0,1.0,1101.0,1482.0,-25.7,0.0,5029.0,1910.0,1.54,250.0,65.0,65.0,3200.0,1857.0,6.5,71.78,71.78,1.37,2.32,10.11,11.61,,2026-08-25T05:35:26,https://www.screener.in/company/HGINFRA/consolidated/
HAPPSTMNDS,6208.0,408.0,26.5,13.3,13.8,111.0,12.0,17.0,25.0,18.0,-1.0,7.0,68.0,57.0,False,19.0,17.0,2.0,2.0,629.0,550.0,14.4,9.0,1494.0,534.0,0.88,261.0,30.0,29.0,1659.0,810.0,15.0,44.21,44.21,6.0,5.39,5.66,10.2,,2026-08-09T05:51:52,https://www.screener.in/company/HAPPSTMNDS/consolidated/
HCG,10869.0,728.0,226.0,8.31,2.55,89.2,14.0,15.0,20.0,30.0,-1.0,18.0,16.0,6.0,False,18.0,18.0,1.0,0.0,695.0,613.0,13.4,9.0,1735.0,901.0,1.3,347.0,149.0,139.0,1183.0,721.0,14.9,64.21,63.78,2.73,3.59,19.2,18.36,,2026-08-19T05:33:33,https://www.screener.in/company/HCG/consolidated/
HEMIPROP,3722.0,131.0,,-1.14,-2.7,15.2,-4.0,-21.0,,-46.0,-36.0,-13.0,-3.2,-2.64,False,-1080.0,-945.83,0.0,0.0,0.15,0.24,-37.5,0.0,87.0,65.0,0.2,-151.0,285.0,285.0,149.0,81.0,28.5,51.12,51.12,1.08,0.79,0.29,0.36,,2026-08-22T05:35:19,https://www.screener.in/company/HEMIPROP/
HERITGFOOD,3322.0,358.0,26.2,14.8,12.6,119.0,12.0,12.0,13.0,-28.0,34.0,-3.0,25.0,41.0,False,4.6,6.0,0.0,0.0,1338.0,1137.0,17.7,9.0,361.0,168.0,0.33,237.0,46.0,46.0,1057.0,679.0,9.2,41.3,41.3,1.98,4.6,6.38,4.31,,2026-08-19T05:34:24,https://www.screener.in/company/HERITGFOOD/consolidated/
IFBIND,5653.0,1395.0,33.1,19.5,15.7,246.0,14.0,10.0,15.0,59.0,145.0,18.0,43.0,26.0,False,6.0,4.6,2.0,2.0,1585.0,1338.0,18.5,9.0,156.0,353.0,0.16,299.0,41.0,41.0,954.0,626.0,4.1,74.96,74.96,0.79,0.92,6.15,6.22,,2026-08-19T05:37:11,https://www.screener.in/company/IFBIND/consolidated/
IIFLCAPS,10566.0,336.0,18.5,21.1,16.2,98.4,2.0,23.0,24.0,-19.0,22.0,16.0,184.0,176.0,False,36.0,36.0,1.0,0.0,631.0,617.0,2.3,3.0,1821.0,486.0,0.59,-1070.0,62.0,61.0,3003.0,1289.0,31.0,30.67,30.98,15.34,16.93,4.72,5.04,,2026-08-23T05:09:43,https://www.screener.in/company/IIFLCAPS/consolidated/
INDIAGLYCO,7085.0,1057.0,22.4,12.4,11.3,438.0,12.0,17.0,13.0,30.0,39.0,14.0,97.0,73.0,False,15.0,14.0,9.0,1.0,1130.0,1040.0,8.7,5.0,1691.0,1112.0,0.58,769.0,34.0,31.0,2899.0,1870.0,6.8,59.63,61.02,2.24,2.62,5.21,1.34,,2026-08-17T06:06:30,https://www.screener.in/company/INDIAGLYCO/consolidated/
INDIASHLTR,7192.0,660.0,14.3,12.8,17.0,294.0,31.0,38.0,37.0,33.0,48.0,42.0,138.0,108.0,False,45.0,44.0,9.0,1.0,,,,,,,,-1185.0,54.0,44.0,3144.0,1197.0,10.8,46.05,47.71,6.86,8.02,21.92,21.0,,2026-08-19T05:33:52,https://www.screener.in/company/INDIASHLTR/consolidated/
INDIGOPNTS,5442.0,1140.0,32.9,18.6,13.7,242.0,10.0,9.0,,17.0,4.0,,42.0,26.0,False,17.0,14.0,4.0,1.0,370.0,309.0,19.7,4.0,21.0,12.0,0.02,223.0,48.0,48.0,1106.0,729.0,4.8,53.88,53.88,5.73,11.81,25.25,19.68,,2026-08-19T05:41:09,https://www.screener.in/company/INDIGOPNTS/consolidated/
JKLAKSHMI,6900.0,556.0,17.9,12.0,10.7,313.0,9.0,2.0,7.0,4.0,5.0,0.0,108.0,150.0,False,14.0,18.0,0.0,0.0,1905.0,1741.0,9.4,6.0,2586.0,1880.0,0.67,1082.0,62.0,59.0,3824.0,2745.0,12.4,45.12,45.12,8.64,12.54,26.57,22.83,,2026-08-19T05:39:32,https://www.screener.in/company/JKLAKSHMI/consolidated/
JAMNAAUTO,4832.0,121.0,20.0,27.5,22.4,28.7,16.0,4.0,19.0,35.0,12.0,27.0,49.0,46.0,False,14.0,13.0,3.0,3.0,611.0,573.0,6.6,5.0,12.0,30.0,0.01,510.0,40.0,40.0,1107.0,744.0,40.0,49.84,49.93,9.01,2.37,3.91,7.04,,2026-08-30T10:10:43,https://www.screener.in/company/JAMNAAUTO/consolidated/
JSLL,6480.0,521.0,27.4,64.1,61.3,37.6,57.0,58.0,,103.0,88.0,,66.0,51.0,False,41.0,45.0,4.0,0.0,224.0,174.0,28.7,4.0,127.0,7.0,0.27,254.0,25.0,10.0,442.0,26.0,12.5,63.62,63.61,4.78,6.59,0.36,0.15,,2026-08-16T05:18:10,https://www.screener.in/company/JSLL/consolidated/
JLHL,10409.0,318.0,54.4,14.8,13.1,47.1,15.0,19.0,25.0,-1.0,37.0,143.0,38.0,44.0,False,19.0,22.0,0.0,0.0,411.0,353.0,16.4,9.0,584.0,469.0,0.38,268.0,66.0,57.0,1479.0,309.0,33.0,40.91,40.91,9.37,9.06,16.51,16.97,,2026-08-19T05:38:08,https://www.screener.in/company/JLHL/consolidated/
JUSTDIAL,5792.0,681.0,41.5,4.81,3.63,473.0,23.0,16.0,3.0,201.0,1.0,-2.0,116.0,84.0,False,26.0,14.0,7.0,6.0,270.0,233.0,15.9,8.0,85.0,63.0,0.02,259.0,85.0,62.0,3938.0,1202.0,8.5,74.14,74.15,3.21,5.93,9.87,9.05,,2026-08-16T05:17:51,https://www.screener.in/company/JUSTDIAL/consolidated/
JYOTHYLAB,7735.0,211.0,21.1,24.6,19.0,55.8,3.0,9.0,11.0,3.0,32.0,16.0,76.0,78.0,False,17.0,16.0,0.0,1.0,667.0,660.0,1.1,9.0,61.0,171.0,0.03,311.0,37.0,37.0,2013.0,1407.0,37.0,62.89,62.88,12.13,12.11,13.36,16.08,,2026-08-19T05:33:21,https://www.screener.in/company/JYOTHYLAB/consolidated/
KNRCON,3636.0,129.0,10.7,10.4,9.19,177.0,-39.0,-13.0,-1.0,-67.0,2.0,5.0,81.0,123.0,False,16.0,30.0,0.0,0.0,588.0,613.0,-4.1,0.0,2444.0,652.0,0.49,-149.0,56.0,56.0,4916.0,2723.0,28.0,48.81,48.81,5.43,7.52,17.3,21.51,,2026-08-19T05:35:57,https://www.screener.in/company/KNRCON/consolidated/
KPIGREEN,6306.0,319.0,13.8,13.8,17.4,154.0,40.0,61.0,92.0,27.0,63.0,85.0,95.0,111.0,False,35.0,34.0,0.0,3.0,694.0,603.0,15.1,9.0,5197.0,676.0,1.71,424.0,99.0,36.0,2935.0,222.0,19.8,49.41,48.67,8.16,9.16,0.67,0.77,44.7,2026-08-16T05:18:52,https://www.screener.in/company/KPIGREEN/consolidated/
KSB,13955.0,802.0,53.3,24.7,18.4,97.5,5.0,14.0,17.0,2.0,17.0,25.0,57.0,70.0,False,12.0,14.0,0.0,0.0,691.0,667.0,3.6,9.0,6.0,3.0,0.0,93.0,35.0,35.0,1663.0,1267.0,17.5,69.8,69.8,4.1,4.58,11.78,11.57,,2026-08-23T05:10:12,https://www.screener.in/company/KSB/consolidated/
KANSAINER,16147.0,200.0,25.1,12.0,8.82,83.0,5.0,2.0,10.0,1.0,7.0,2.0,228.0,216.0,False,14.0,14.0,2.0,0.0,2374.0,2162.0,9.8,7.0,303.0,160.0,0.05,894.0,81.0,54.0,6633.0,4480.0,81.0,74.96,74.98,4.02,5.61,11.88,10.03,,2026-08-19T05:41:06,https://www.screener.in/company/KANSAINER/consolidated/
KSCL,3995.0,777.0,16.0,18.8,18.2,342.0,1.0,9.0,6.0,-21.0,11.0,1.0,280.0,327.0,False,40.0,39.0,0.0,3.0,742.0,859.0,-13.6,0.0,0.0,1.0,0.0,-6.0,10.0,11.0,1746.0,1354.0,5.0,60.5,60.5,17.54,20.36,3.49,2.87,,2026-08-19T05:36:12,https://www.screener.in/company/KSCL/consolidated/
KIRLOSBROS,15366.0,1935.0,38.0,20.4,17.3,310.0,5.0,7.0,11.0,-4.0,19.0,20.0,68.0,68.0,False,10.0,11.0,0.0,0.0,1105.0,979.0,12.9,2.0,250.0,286.0,0.1,334.0,16.0,16.0,2448.0,1388.0,8.0,65.95,65.95,6.41,6.01,10.23,9.9,,2026-08-17T06:06:50,https://www.screener.in/company/KIRLOSBROS/consolidated/
KITEX,2523.0,126.0,,1.53,0.97,51.6,-36.0,6.0,8.0,-121.0,-44.0,-29.0,-17.0,19.0,False,6.0,17.0,0.0,0.0,158.0,197.0,-19.8,0.0,1199.0,25.0,1.16,346.0,20.0,7.0,1010.0,852.0,20.0,56.66,56.66,1.21,1.16,0.12,0.34,,2026-08-19T05:39:28,https://www.screener.in/company/KITEX/consolidated/
IXIGO,7598.0,172.0,86.7,6.8,5.54,46.7,21.0,35.0,55.0,37.0,40.0,60.0,34.0,19.0,False,6.0,7.0,3.0,0.0,357.0,316.0,13.0,9.0,44.0,10.0,0.02,196.0,44.0,37.0,2003.0,337.0,44.0,,,61.28,59.64,13.0,9.37,,2026-08-17T06:06:40,https://www.screener.in/company/IXIGO/consolidated/
MOIL,5514.0,271.0,53.0,11.4,8.31,114.0,-20.0,2.0,5.0,-72.0,-8.0,-11.0,51.0,55.0,False,28.0,22.0,0.0,1.0,268.0,256.0,4.7,2.0,0.0,0.0,0.0,58.0,237.0,258.0,2468.0,2537.0,23.7,64.68,64.68,3.73,6.05,6.82,7.12,,2026-08-17T06:08:15,https://www.screener.in/company/MOIL/consolidated/
MASTEK,5591.0,1804.0,12.8,18.0,15.6,965.0,6.0,13.0,17.0,12.0,16.0,16.0,106.0,92.0,False,15.0,15.0,3.0,0.0,985.0,915.0,7.7,9.0,438.0,404.0,0.15,542.0,16.0,15.0,2976.0,1668.0,3.2,35.77,35.79,7.45,11.24,19.86,11.52,,2026-08-17T06:04:28,https://www.screener.in/company/MASTEK/consolidated/
MEDPLUS,7882.0,656.0,37.4,12.6,11.6,165.0,17.0,15.0,18.0,18.0,66.0,28.0,33.0,42.0,False,7.0,8.0,0.0,0.0,1880.0,1543.0,21.8,9.0,1424.0,900.0,0.72,496.0,24.0,24.0,1951.0,1467.0,12.0,40.19,40.29,14.38,16.53,29.95,26.51,60.7,2026-08-17T06:07:14,https://www.screener.in/company/MEDPLUS/consolidated/
BECTORFOOD,6889.0,224.0,46.3,14.2,11.6,41.4,11.0,14.0,18.0,7.0,16.0,14.0,39.0,31.0,False,13.0,12.0,3.0,3.0,549.0,473.0,16.1,9.0,191.0,127.0,0.15,218.0,61.0,59.0,1210.0,486.0,30.5,49.04,49.04,8.07,14.38,25.96,22.06,,2026-08-09T05:49:52,https://www.screener.in/company/BECTORFOOD/consolidated/
NESCO,7303.0,1036.0,17.5,18.5,14.8,425.0,21.0,20.0,26.0,4.0,11.0,19.0,100.0,96.0,False,48.0,57.0,2.0,0.0,212.0,193.0,9.8,9.0,272.0,0.0,0.09,388.0,14.0,14.0,2982.0,1950.0,7.0,68.54,68.54,4.32,4.89,4.12,3.97,,2026-08-25T05:34:07,https://www.screener.in/company/NESCO/consolidated/
NFL,3462.0,70.5,9.51,9.1,7.47,57.9,23.0,-10.0,13.0,138.0,-23.0,-3.0,113.0,-39.0,True,6.0,2.3,3.0,3.0,4500.0,3534.0,27.3,1.0,3964.0,3993.0,1.4,-1342.0,491.0,491.0,2350.0,2051.0,49.1,74.71,74.71,0.54,0.91,4.92,5.99,,2026-08-31T11:27:48,https://www.screener.in/company/NFL/consolidated/
NETWORK18,4249.0,27.4,,3.01,0.75,31.9,-49.0,-30.0,-15.0,99.0,34.0,2.0,-38.0,149.0,False,1.4,0.9,0.0,8.0,516.0,468.0,10.3,2.0,3288.0,6069.0,0.67,-28.0,765.0,518.0,4153.0,157.0,153.0,56.89,56.89,4.33,6.54,0.12,0.15,,2026-08-31T11:26:31,https://www.screener.in/company/NETWORK18/consolidated/
ORIENTCEM,2702.0,132.0,12.7,16.5,17.3,104.0,-12.0,-2.0,4.0,-18.0,41.0,10.0,77.0,205.0,False,24.0,21.0,0.0,5.0,604.0,866.0,-30.3,0.0,72.0,398.0,0.03,-39.0,21.0,20.0,2125.0,1583.0,21.0,72.66,72.66,4.12,5.92,2.17,2.18,,2026-08-22T05:33:52,https://www.screener.in/company/ORIENTCEM/
OSWALPUMPS,3414.0,299.0,10.2,38.2,35.2,148.0,29.0,75.0,,10.0,123.0,,54.0,95.0,False,16.0,27.0,0.0,0.0,474.0,514.0,-7.8,0.0,237.0,62.0,0.14,-77.0,11.0,6.0,1672.0,73.0,11.0,75.65,75.67,0.1,3.76,5.47,9.78,,2026-08-17T06:03:12,https://www.screener.in/company/OSWALPUMPS/consolidated/
PNGJL,9463.0,643.0,21.1,20.9,23.4,145.0,48.0,34.0,41.0,78.0,77.0,273.0,105.0,69.0,False,8.0,6.0,9.0,1.0,2413.0,1715.0,40.7,9.0,1737.0,387.0,0.88,-717.0,136.0,55.0,1827.0,256.0,13.6,83.11,83.11,0.48,0.91,4.76,4.99,,2026-08-09T05:52:16,https://www.screener.in/company/PNGJL/consolidated/
PNCINFRA,5490.0,214.0,9.06,8.46,7.0,266.0,-6.0,-12.0,-1.0,50.0,-11.0,-1.0,332.0,431.0,False,31.0,26.0,0.0,1.0,1688.0,1423.0,18.6,1.0,5170.0,6282.0,0.76,4593.0,51.0,51.0,6762.0,4234.0,25.5,56.07,56.07,7.28,6.99,23.83,26.51,,2026-08-17T06:08:32,https://www.screener.in/company/PNCINFRA/consolidated/
PTC,4741.0,160.0,9.29,13.4,10.3,202.0,13.0,2.0,-2.0,-17.0,11.0,6.0,112.0,243.0,False,3.1,7.0,0.0,0.0,4774.0,4009.0,19.1,2.0,1769.0,6546.0,0.3,2817.0,296.0,296.0,5685.0,4723.0,29.6,16.22,16.22,28.88,28.92,8.95,6.83,,2026-08-17T06:05:48,https://www.screener.in/company/PTC/consolidated/
POWERMECH,7657.0,2422.0,19.6,21.8,15.6,797.0,16.0,19.0,26.0,23.0,20.0,58.0,89.0,81.0,False,10.0,13.0,9.0,0.0,1624.0,1293.0,25.6,9.0,664.0,477.0,0.26,430.0,32.0,15.0,2487.0,1260.0,3.2,58.41,58.33,6.54,7.01,20.6,21.01,,2026-08-17T06:06:02,https://www.screener.in/company/POWERMECH/consolidated/
PRAJIND,6066.0,330.0,120.0,6.12,1.48,71.2,2.0,-4.0,19.0,-64.0,-56.0,-24.0,12.0,5.0,False,4.2,4.9,1.0,0.0,716.0,640.0,11.9,1.0,173.0,42.0,0.13,200.0,37.0,37.0,1272.0,1041.0,18.5,32.81,32.81,17.75,17.53,14.09,14.83,,2026-08-17T06:04:11,https://www.screener.in/company/PRAJIND/consolidated/
PRSMJOHNSN,5435.0,108.0,46.3,5.92,-5.41,30.4,5.0,0.0,6.0,10524.0,5.0,,113.0,-6.0,True,12.0,10.0,1.0,1.0,1835.0,1789.0,2.6,2.0,1677.0,2182.0,1.1,503.0,503.0,503.0,1025.0,703.0,50.3,74.87,74.87,2.74,3.47,6.45,6.08,,2026-08-22T05:36:16,https://www.screener.in/company/PRSMJOHNSN/consolidated/
PURVA,5202.0,219.0,32.4,11.2,3.62,75.4,116.0,45.0,31.0,161.0,3.0,78.0,25.0,-69.0,True,22.0,13.0,3.0,3.0,849.0,524.0,62.0,4.0,5595.0,2944.0,3.13,345.0,119.0,119.0,1669.0,1868.0,23.8,75.0,75.0,16.62,17.23,0.58,0.49,,2026-08-22T05:36:28,https://www.screener.in/company/PURVA/consolidated/
RALLIS,4132.0,212.0,26.2,12.8,9.61,87.2,7.0,9.0,9.0,-26.0,1.0,-2.0,-14.0,8.0,False,-0.6,3.8,0.0,0.0,508.0,471.0,7.9,6.0,93.0,73.0,0.05,166.0,19.0,19.0,1677.0,1266.0,19.0,55.08,55.08,9.12,14.2,11.72,11.2,,2026-08-16T05:19:12,https://www.screener.in/company/RALLIS/consolidated/
RCF,6648.0,120.0,16.0,10.2,8.02,92.8,18.0,-5.0,17.0,47.0,-24.0,1.0,74.0,54.0,False,6.0,4.7,5.0,3.0,3586.0,3371.0,6.4,2.0,4128.0,1877.0,0.81,-471.0,552.0,552.0,4570.0,4038.0,55.2,75.0,75.0,2.43,2.31,0.3,0.33,,2026-08-19T05:35:37,https://www.screener.in/company/RCF/consolidated/
RTNINDIA,4154.0,30.0,,-4.76,-19.6,5.56,2.0,22.0,845.0,-147.0,,,15.0,502.0,False,2.1,26.0,0.0,0.0,1870.0,2313.0,-19.2,0.0,1101.0,976.0,1.43,-56.0,276.0,276.0,492.0,133.0,138.0,74.87,74.86,5.4,6.16,0.07,0.09,,2026-08-31T11:27:51,https://www.screener.in/company/RTNINDIA/consolidated/
RTNPOWER,4038.0,7.52,36.2,6.21,1.14,8.64,-6.0,-3.0,14.0,-4.0,27.0,16.0,46.0,-13.0,True,16.0,12.0,1.0,1.0,799.0,822.0,-2.8,0.0,3711.0,11018.0,0.8,372.0,5370.0,5370.0,-732.0,-9903.0,537.0,44.06,44.06,5.25,5.12,6.58,6.65,,2026-08-31T11:26:01,https://www.screener.in/company/RTNPOWER/consolidated/
RAYMONDLSL,4558.0,748.0,30.6,3.52,1.14,1582.0,9.0,,,63.0,,,-23.0,-20.0,False,6.0,5.0,0.0,3.0,1516.0,1430.0,6.0,5.0,2186.0,,0.23,546.0,12.0,,9624.0,,6.0,59.61,57.14,7.32,8.97,5.72,7.47,,2026-08-19T05:36:32,https://www.screener.in/company/RAYMONDLSL/consolidated/
REDTAPE,6793.0,123.0,27.6,24.5,26.6,18.5,19.0,18.0,,38.0,19.0,,44.0,39.0,False,17.0,17.0,5.0,0.0,481.0,464.0,3.7,5.0,720.0,260.0,0.7,174.0,111.0,28.0,911.0,449.0,55.5,71.83,71.8,3.21,3.83,11.74,10.77,,2026-08-22T05:33:31,https://www.screener.in/company/REDTAPE/consolidated/
REFEX,4154.0,303.0,14.6,22.7,17.8,110.0,38.0,12.0,29.0,56.0,28.0,43.0,65.0,20.0,False,12.0,10.0,4.0,5.0,916.0,352.0,160.2,2.0,225.0,149.0,0.15,107.0,27.0,22.0,1477.0,292.0,13.5,56.57,53.33,0.93,1.71,0.38,0.15,43.5,2026-08-17T06:05:44,https://www.screener.in/company/REFEX/consolidated/
RELAXO,9709.0,390.0,52.4,11.1,8.33,88.6,2.0,-1.0,3.0,6.0,5.0,-9.0,55.0,49.0,False,15.0,15.0,2.0,0.0,705.0,654.0,7.8,3.0,233.0,164.0,0.11,348.0,25.0,25.0,2181.0,1830.0,25.0,71.27,71.27,3.11,3.04,9.67,9.88,,2026-08-17T06:03:24,https://www.screener.in/company/RELAXO/
RELIGARE,8010.0,232.0,93.2,3.06,3.17,87.4,15.0,22.0,27.0,-31.0,71.0,17.0,96.0,151.0,False,6.0,12.0,0.0,0.0,2467.0,2042.0,20.8,9.0,493.0,841.0,0.17,1820.0,333.0,324.0,2575.0,1734.0,33.3,30.55,25.83,9.64,7.81,9.33,10.27,,2026-08-09T05:37:13,https://www.screener.in/company/RELIGARE/consolidated/
ROUTE,3208.0,509.0,9.06,17.4,12.6,440.0,0.0,7.0,26.0,16.0,0.0,20.0,69.0,59.0,False,9.0,9.0,3.0,0.0,1152.0,1051.0,9.6,1.0,42.0,140.0,0.02,581.0,63.0,62.0,2707.0,1758.0,6.3,74.85,74.86,2.4,2.98,3.46,7.19,,2026-08-17T06:06:09,https://www.screener.in/company/ROUTE/consolidated/
SKFINDIA,8222.0,1663.0,35.4,24.2,14.8,269.0,-39.0,-4.0,7.0,-56.0,-18.0,0.0,62.0,118.0,False,15.0,13.0,0.0,1.0,588.0,1283.0,-54.2,0.0,3.0,14.0,0.0,363.0,49.0,49.0,1280.0,2292.0,4.9,52.58,52.58,6.89,6.98,27.17,27.01,,2026-08-19T05:36:01,https://www.screener.in/company/SKFINDIA/consolidated/
SAFARI,7334.0,1497.0,44.4,19.3,15.9,228.0,14.0,19.0,44.0,11.0,10.0,59.0,48.0,50.0,False,13.0,15.0,0.0,0.0,589.0,528.0,11.6,9.0,117.0,139.0,0.1,173.0,10.0,5.0,1105.0,421.0,5.0,44.7,44.9,10.56,12.3,28.26,26.11,,2026-08-22T05:35:39,https://www.screener.in/company/SAFARI/consolidated/
SAMHI,3539.0,159.0,8.44,8.9,24.5,98.2,12.0,19.0,49.0,243.0,46.0,23.0,25.0,19.0,False,32.0,33.0,9.0,0.0,305.0,272.0,12.1,9.0,1854.0,2744.0,0.85,407.0,22.0,9.0,2160.0,-816.0,22.0,,,44.62,45.87,17.35,16.48,,2026-08-17T06:05:06,https://www.screener.in/company/SAMHI/consolidated/
SANDUMA,9593.0,197.0,12.9,24.2,23.0,66.9,45.0,34.0,,51.0,37.0,,228.0,167.0,False,25.0,26.0,2.0,0.0,1375.0,1135.0,21.1,9.0,999.0,206.0,0.31,1143.0,486.0,27.0,2768.0,1907.0,48.6,74.22,74.22,1.73,1.01,0.58,0.7,,2026-08-17T06:06:12,https://www.screener.in/company/SANDUMA/consolidated/
SANOFICONR,9615.0,4175.0,36.2,89.9,71.6,151.0,31.0,,,34.0,,,69.0,61.0,False,38.0,32.0,5.0,2.0,236.0,221.0,6.8,5.0,21.0,0.0,0.06,175.0,23.0,2.0,325.0,206.0,2.3,71.27,71.27,2.6,2.94,17.85,17.21,,2026-08-25T05:37:47,https://www.screener.in/company/SANOFICONR/
SHAKTIPUMP,6174.0,500.0,29.1,23.6,18.0,138.0,14.0,41.0,24.0,-49.0,120.0,28.0,52.0,97.0,False,10.0,23.0,0.0,0.0,859.0,622.0,38.1,2.0,505.0,75.0,0.3,124.0,123.0,18.0,1582.0,400.0,12.3,50.36,50.31,5.08,5.6,2.39,6.71,,2026-08-16T05:19:21,https://www.screener.in/company/SHAKTIPUMP/consolidated/
SHARDACROP,7054.0,782.0,11.3,30.2,23.2,348.0,19.0,9.0,17.0,49.0,26.0,24.0,88.0,143.0,False,17.0,22.0,0.0,0.0,1074.0,985.0,9.0,9.0,0.0,3.0,0.0,656.0,90.0,90.0,3046.0,2142.0,9.0,74.82,74.82,3.12,5.26,9.18,9.26,,2026-08-17T06:08:50,https://www.screener.in/company/SHARDACROP/consolidated/
STARCEMENT,7866.0,195.0,20.8,16.7,13.2,79.0,15.0,12.0,17.0,60.0,18.0,10.0,74.0,98.0,False,21.0,25.0,0.0,0.0,943.0,912.0,3.4,8.0,603.0,35.0,0.19,765.0,40.0,40.0,3151.0,2376.0,40.0,58.1,57.59,2.29,2.96,2.38,4.38,,2026-08-22T05:35:42,https://www.screener.in/company/STARCEMENT/consolidated/
SWSOLAR,4786.0,205.0,15.3,26.8,40.1,27.8,3.0,55.0,8.0,186.0,32.0,26.0,53.0,39.0,False,5.0,4.8,2.0,2.0,1590.0,1762.0,-9.8,0.0,1191.0,2030.0,1.84,-257.0,23.0,19.0,626.0,-244.0,23.0,45.73,45.73,5.07,7.11,4.8,3.18,27.6,2026-08-09T05:54:24,https://www.screener.in/company/SWSOLAR/consolidated/
STYRENIX,3764.0,2140.0,13.7,13.8,14.2,777.0,9.0,,,22.0,,,138.0,52.0,False,22.0,10.0,2.0,2.0,1011.0,944.0,7.1,1.0,548.0,170.0,0.4,183.0,18.0,18.0,1349.0,469.0,1.8,46.24,46.24,0.86,2.19,17.43,12.78,,2026-08-17T06:09:06,https://www.screener.in/company/STYRENIX/consolidated/
SUBROS,4783.0,733.0,27.8,19.8,14.7,191.0,14.0,10.0,16.0,10.0,54.0,29.0,42.0,41.0,False,8.0,9.0,9.0,0.0,1032.0,878.0,17.5,9.0,30.0,19.0,0.02,105.0,13.0,13.0,1231.0,854.0,6.5,36.79,36.79,32.68,33.14,10.7,11.3,,2026-08-22T05:37:52,https://www.screener.in/company/SUBROS/consolidated/
SUNTECK,4376.0,298.0,20.5,7.54,5.95,246.0,55.0,46.0,13.0,32.0,425.0,35.0,42.0,33.0,False,35.0,25.0,5.0,1.0,192.0,188.0,2.1,4.0,774.0,684.0,0.21,-432.0,15.0,14.0,3596.0,2774.0,15.0,63.14,63.3,18.12,19.36,5.3,6.41,,2026-08-19T05:40:03,https://www.screener.in/company/SUNTECK/consolidated/
SURYAROSNI,4827.0,222.0,15.5,15.8,11.2,121.0,12.0,-2.0,6.0,8.0,-5.0,13.0,60.0,34.0,False,5.0,4.3,1.0,1.0,2046.0,1605.0,27.5,4.0,80.0,418.0,0.03,401.0,109.0,54.0,2525.0,1810.0,21.8,63.02,62.47,3.81,4.94,1.9,1.67,,2026-08-19T05:33:14,https://www.screener.in/company/SURYAROSNI/consolidated/
TSFINV,9118.0,411.0,18.7,3.38,8.23,272.0,283.0,124.0,77.0,6.0,26.0,45.0,125.0,158.0,False,23.0,26.0,0.0,0.0,306.0,179.0,70.9,5.0,235.0,18.0,0.04,266.0,111.0,111.0,5922.0,3459.0,22.2,54.99,54.97,3.27,2.6,4.27,4.9,,2026-08-25T05:34:54,https://www.screener.in/company/TSFINV/consolidated/
TANLA,8137.0,614.0,15.3,26.3,21.4,188.0,13.0,10.0,14.0,10.0,4.0,8.0,142.0,118.0,False,16.0,16.0,3.0,0.0,1226.0,1041.0,17.8,6.0,53.0,83.0,0.02,574.0,13.0,13.0,2475.0,1504.0,13.0,46.17,46.17,7.63,9.06,0.38,0.76,,2026-08-09T05:50:33,https://www.screener.in/company/TANLA/consolidated/
TEXRAIL,4294.0,106.0,19.8,11.4,7.63,58.4,-14.0,25.0,21.0,-1.0,97.0,69.0,50.0,29.0,False,8.0,8.0,2.0,0.0,757.0,911.0,-16.9,0.0,895.0,984.0,0.38,363.0,41.0,32.0,2333.0,1360.0,41.0,48.34,48.27,5.01,7.03,5.13,7.21,,2026-08-17T06:07:53,https://www.screener.in/company/TEXRAIL/consolidated/
ANUP,3623.0,1809.0,42.2,21.0,17.1,345.0,1.0,26.0,24.0,-29.0,29.0,16.0,0.57,26.26,False,7.56,23.03,0.0,0.0,125.25,175.23,-28.5,0.0,110.0,0.0,0.16,2.0,20.0,10.0,671.0,384.0,2.0,40.92,40.98,2.88,3.97,16.52,15.73,,2026-08-22T05:33:35,https://www.screener.in/company/ANUP/consolidated/
THOMASCOOK,4603.0,97.8,20.7,14.8,9.27,54.1,3.0,18.0,60.0,-13.0,222.0,24.0,31.0,66.0,False,4.0,5.0,0.0,0.0,1771.0,1969.0,-10.1,0.0,539.0,539.0,0.21,643.0,47.0,47.0,2499.0,1666.0,47.0,64.77,63.83,6.18,5.32,6.53,7.33,,2026-07-26T07:28:54,https://www.screener.in/company/THOMASCOOK/consolidated/
TIMETECHNO,10114.0,205.0,20.6,16.7,13.4,82.8,16.0,12.0,15.0,21.0,29.0,35.0,118.0,97.0,False,13.0,14.0,9.0,0.0,1693.0,1353.0,25.1,9.0,733.0,900.0,0.18,233.0,49.0,23.0,4039.0,2247.0,49.0,47.57,51.62,8.54,8.41,17.56,13.18,,2026-08-09T05:48:21,https://www.screener.in/company/TIMETECHNO/consolidated/
TRANSRAILL,6219.0,463.0,14.9,29.2,20.0,170.0,15.0,30.0,26.0,10.0,56.0,33.0,108.0,106.0,False,12.0,12.0,1.0,0.0,1736.0,1660.0,4.6,1.0,678.0,621.0,0.3,643.0,27.0,23.0,2254.0,749.0,13.5,71.12,71.12,2.49,1.16,6.51,8.41,,2026-08-17T06:06:53,https://www.screener.in/company/TRANSRAILL/consolidated/
TRIVENI,5139.0,233.0,19.6,6.75,6.13,153.0,4.0,2.0,5.0,28.0,-28.0,-8.0,3.65,2.1,False,3.36,2.38,1.0,1.0,1580.52,1547.93,2.1,1.0,2161.0,929.0,0.65,188.0,22.0,22.0,3321.0,2643.0,22.0,60.58,60.98,7.69,5.7,7.64,8.35,,2026-08-09T05:38:05,https://www.screener.in/company/TRIVENI/consolidated/
VIPIND,4380.0,308.0,,-28.9,-92.4,20.4,-11.0,-4.0,25.0,-375.0,,,-54.0,-13.0,False,-1.9,4.4,0.0,0.0,578.0,561.0,3.0,1.0,738.0,352.0,2.55,181.0,28.0,28.0,261.0,613.0,14.0,42.35,49.74,5.17,6.95,16.63,16.06,,2026-08-22T05:32:01,https://www.screener.in/company/VIPIND/consolidated/
VAIBHAVGBL,3816.0,228.0,13.4,16.4,17.9,98.6,10.0,11.0,8.0,74.0,37.0,0.0,56.0,38.0,False,11.0,8.0,7.0,4.0,917.0,814.0,12.7,9.0,416.0,193.0,0.25,310.0,33.0,33.0,1615.0,1168.0,16.5,57.33,57.18,16.66,18.68,2.22,1.24,,2026-08-17T06:10:29,https://www.screener.in/company/VAIBHAVGBL/consolidated/
VIKRAMSOLR,6255.0,173.0,17.3,30.6,21.4,87.6,33.0,32.0,24.0,44.0,214.0,65.0,20.0,133.0,False,8.0,21.0,0.0,0.0,1563.0,1134.0,37.8,5.0,617.0,792.0,0.19,667.0,362.0,259.0,2811.0,106.0,36.2,63.01,63.12,3.37,2.08,4.04,6.2,,2026-08-28T17:12:12,https://www.screener.in/company/VIKRAMSOLR/consolidated/
WAAREERTL,9251.0,886.0,18.2,83.6,68.9,89.5,86.0,112.0,203.0,75.0,105.0,190.0,119.0,86.0,False,19.0,19.0,6.0,0.0,924.0,603.0,53.2,9.0,146.0,39.0,0.16,287.0,21.0,21.0,913.0,64.0,10.5,74.32,74.39,1.98,1.38,0.09,0.12,,2026-08-17T06:07:39,https://www.screener.in/company/WAAREERTL/consolidated/
WESTLIFE,8952.0,574.0,,6.34,-3.79,39.7,7.0,5.0,22.0,-187.0,,12.0,0.59,1.23,False,12.63,12.97,0.0,0.0,735.64,657.63,11.9,9.0,1805.0,1203.0,2.92,352.0,31.0,31.0,588.0,535.0,15.5,56.39,56.25,6.94,10.41,28.31,24.79,,2026-08-19T05:33:55,https://www.screener.in/company/WESTLIFE/consolidated/
ZAGGLE,2157.0,160.0,16.6,14.0,10.4,104.0,44.0,51.0,,33.0,82.0,,18.0,26.0,False,7.0,9.0,0.0,0.0,423.0,332.0,27.4,9.0,55.0,141.0,0.04,-51.0,13.0,9.0,1391.0,40.0,13.0,44.3,44.2,2.31,8.64,5.44,8.63,,2026-08-17T06:10:33,https://www.screener.in/company/ZAGGLE/consolidated/
METROBRAND,24874.0,912.0,61.2,20.2,22.2,73.1,15.0,10.0,29.0,14.0,5.0,44.0,95.0,99.0,False,30.0,31.0,0.0,0.0,720.0,628.0,14.6,8.0,1570.0,943.0,0.79,474.0,136.0,136.0,1857.0,1412.0,27.2,71.8,71.86,3.73,3.88,7.68,7.36,,2026-08-22T05:37:25,https://www.screener.in/company/METROBRAND/consolidated/
KIOCL,23587.0,388.0,607.0,1.38,0.96,28.6,27.0,-26.0,-24.0,120.0,29.0,-44.0,-15.0,-38.0,False,-17.0,-46.0,6.0,4.0,158.0,91.0,73.6,1.0,192.0,537.0,0.11,79.0,608.0,608.0,1128.0,1394.0,60.8,99.03,99.03,0.05,0.0,0.03,0.07,,2026-08-22T05:36:47,https://www.screener.in/company/KIOCL/
ASTRAZEN,18950.0,7580.0,109.0,29.3,23.3,349.0,31.0,31.0,23.0,-18.0,15.0,16.0,38.0,56.0,False,7.0,15.0,0.0,0.0,683.0,526.0,29.8,9.0,111.0,7.0,0.13,-15.0,5.0,5.0,868.0,584.0,2.5,75.0,75.0,2.68,2.74,6.08,5.26,,2026-08-19T05:41:03,https://www.screener.in/company/ASTRAZEN/
BASF,17057.0,3941.0,27.6,14.5,10.9,914.0,7.0,,,58.0,,,360.0,137.0,False,10.0,6.0,3.0,2.0,4824.0,3875.0,24.5,3.0,133.0,,0.03,-110.0,43.0,,3914.0,,4.3,73.33,73.33,5.21,4.14,6.29,6.43,,2026-08-19T05:33:03,https://www.screener.in/company/BASF/consolidated/
PSB,16866.0,23.8,12.2,5.95,9.62,20.6,5.0,14.0,11.0,25.0,0.0,20.0,332.0,269.0,False,4.0,-5.0,9.0,2.0,,,,,,,,-1893.0,7096.0,6778.0,7037.0,8331.0,709.6,93.85,93.85,0.14,0.16,3.81,4.03,,2026-07-26T07:30:50,https://www.screener.in/company/PSB/
FINEORG,15711.0,5124.0,35.9,21.5,16.5,869.0,7.0,-8.0,16.0,7.0,-13.0,28.0,138.0,117.0,False,25.0,21.0,2.0,2.0,694.0,588.0,18.0,9.0,68.0,29.0,0.03,430.0,15.0,15.0,2649.0,1526.0,3.0,75.0,75.0,4.27,4.57,11.72,12.02,,2026-08-19T05:38:18,https://www.screener.in/company/FINEORG/consolidated/
VENTIVE,13851.0,593.0,28.6,10.8,8.33,236.0,25.0,,,295.0,,,124.0,38.0,False,35.0,41.0,6.0,0.0,543.0,507.0,7.1,7.0,2574.0,,0.47,950.0,23.0,,5483.0,,23.0,88.99,88.99,1.2,1.66,5.21,5.24,36.4,2026-08-25T05:41:51,https://www.screener.in/company/VENTIVE/consolidated/
VINATIORGA,13781.0,1329.0,30.7,19.8,14.9,305.0,5.0,3.0,18.0,5.0,2.0,11.0,109.0,104.0,False,24.0,29.0,9.0,0.0,696.0,542.0,28.4,1.0,0.0,35.0,0.0,558.0,10.0,10.0,3151.0,2203.0,10.0,74.29,74.29,3.65,3.77,9.2,9.55,,2026-08-22T05:31:58,https://www.screener.in/company/VINATIORGA/consolidated/
JSWHL,12531.0,11289.0,90.0,0.59,0.46,29741.0,-27.0,-24.0,14.0,-21.0,-23.0,15.0,25.0,34.0,False,84.0,88.0,0.0,0.0,35.0,30.0,16.7,3.0,0.0,0.0,0.0,140.0,11.0,11.0,33000.0,19399.0,1.1,66.28,66.28,22.28,22.64,0.18,0.26,,2026-08-22T05:36:31,https://www.screener.in/company/JSWHL/consolidated/
PGHL,9639.0,5807.0,28.9,83.9,61.9,316.0,13.0,8.0,1.0,11.0,19.0,5.0,96.0,66.0,False,27.0,27.0,2.0,0.0,364.0,339.0,7.4,6.0,9.0,12.0,0.02,338.0,17.0,17.0,508.0,734.0,1.7,51.82,51.82,6.33,7.24,12.44,13.9,,2026-08-19T05:37:01,https://www.screener.in/company/PGHL/
ESABINDIA,9507.0,6176.0,177.0,90.8,59.3,67.6,19.0,,,26.0,,,,,False,,,,,,,,,0.0,,0.0,43.0,15.0,,89.0,,1.5,73.72,73.72,1.62,1.53,12.87,12.77,,2026-08-25T05:37:27,https://www.screener.in/company/ESABINDIA/consolidated/
GENUSPOWER,9330.0,307.0,15.8,23.9,29.0,72.9,95.0,80.0,51.0,90.0,173.0,53.0,172.0,123.0,False,17.0,21.0,9.0,0.0,1537.0,937.0,64.0,9.0,2302.0,347.0,1.04,-203.0,28.0,23.0,2190.0,957.0,28.0,39.34,39.36,18.73,18.75,3.04,3.35,,2026-08-09T05:52:03,https://www.screener.in/company/GENUSPOWER/consolidated/
VESUVIUS,8772.0,432.0,34.2,21.3,15.0,86.2,9.0,16.0,22.0,2.0,26.0,34.0,59.0,63.0,False,16.0,17.0,0.0,0.0,536.0,524.0,2.3,9.0,14.0,13.0,0.01,177.0,20.0,20.0,1728.0,1173.0,20.0,55.57,55.57,4.56,4.42,22.03,21.29,,2026-08-25T05:34:31,https://www.screener.in/company/VESUVIUS/
GRINFRA,8453.0,874.0,8.99,11.9,9.2,969.0,25.0,-4.0,1.0,-13.0,-17.0,-3.0,358.0,244.0,False,17.0,20.0,1.0,0.0,2784.0,1988.0,40.0,4.0,4872.0,5697.0,0.52,-2811.0,48.0,48.0,9331.0,6217.0,9.6,74.69,74.69,2.46,2.85,19.48,19.41,,2026-08-25T05:39:29,https://www.screener.in/company/GRINFRA/consolidated/
GALAXYSURF,8208.0,2315.0,22.6,13.5,10.9,774.0,27.0,6.0,14.0,19.0,-10.0,-2.0,166.0,79.0,False,14.0,10.0,1.0,1.0,1782.0,1278.0,39.4,9.0,235.0,327.0,0.09,333.0,35.0,35.0,2709.0,1847.0,3.5,70.91,70.92,3.81,4.21,13.52,12.9,,2026-08-25T05:34:58,https://www.screener.in/company/GALAXYSURF/consolidated/
TTKPRESTIG,8104.0,592.0,39.2,12.1,8.97,145.0,16.0,2.0,6.0,38.0,-12.0,-5.0,59.0,26.0,False,10.0,7.0,2.0,2.0,814.0,609.0,33.7,6.0,174.0,131.0,0.09,210.0,14.0,14.0,1966.0,1925.0,14.0,70.52,70.52,7.85,7.7,14.7,14.94,,2026-08-22T05:31:13,https://www.screener.in/company/TTKPRESTIG/consolidated/
SANOFI,7552.0,3279.0,17.1,49.2,47.1,374.0,1.0,,,-25.0,,,91.0,138.0,False,23.0,21.0,0.0,1.0,515.0,469.0,9.8,2.0,19.0,,0.02,462.0,23.0,,838.0,,2.3,60.4,60.4,5.69,5.57,19.87,22.28,,2026-08-19T05:39:21,https://www.screener.in/company/SANOFI/consolidated/
SUPRAJIT,6933.0,505.0,36.9,16.0,13.8,105.0,18.0,12.0,18.0,72.0,7.0,6.0,52.0,48.0,False,12.0,9.0,2.0,2.0,1070.0,863.0,24.0,9.0,993.0,718.0,0.69,171.0,14.0,14.0,1423.0,1211.0,14.0,45.26,45.13,6.54,6.64,17.01,17.08,,2026-08-22T05:30:56,https://www.screener.in/company/SUPRAJIT/consolidated/
TCI,6911.0,899.0,15.1,19.4,19.2,334.0,10.0,9.0,12.0,7.0,12.0,24.0,107.0,107.0,False,11.0,11.0,0.0,0.0,1248.0,1139.0,9.6,9.0,312.0,92.0,0.12,444.0,15.0,16.0,2551.0,1686.0,7.5,68.66,68.73,3.04,3.19,12.69,12.65,,2026-08-25T05:36:35,https://www.screener.in/company/TCI/consolidated/
GANESHHOU,6900.0,828.0,26.0,18.8,16.0,253.0,-29.0,-6.0,25.0,-54.0,46.0,38.0,42.0,93.0,False,39.0,85.0,0.0,0.0,280.0,151.0,85.4,1.0,526.0,240.0,0.25,213.0,83.0,83.0,2027.0,805.0,8.3,73.06,73.06,0.63,0.43,0.33,0.44,,2026-08-25T05:36:56,https://www.screener.in/company/GANESHHOU/consolidated/
DODLA,6874.0,1140.0,27.8,16.7,16.4,278.0,13.0,14.0,16.0,-4.0,28.0,15.0,41.0,63.0,False,5.0,8.0,0.0,0.0,1198.0,1007.0,19.0,9.0,57.0,32.0,0.03,295.0,60.0,59.0,1614.0,913.0,6.0,58.92,58.92,6.08,8.91,25.85,21.5,,2026-08-25T05:36:31,https://www.screener.in/company/DODLA/consolidated/
AJAXENGG,6533.0,571.0,28.4,23.9,17.8,122.0,2.0,22.0,23.0,-6.0,19.0,19.0,56.0,53.0,False,12.0,13.0,2.0,0.0,475.0,467.0,1.7,2.0,2.0,12.0,0.0,377.0,11.0,11.0,1381.0,702.0,11.0,80.0,80.0,4.67,6.51,11.17,9.42,,2026-08-25T05:35:53,https://www.screener.in/company/AJAXENGG/
GREENLAM,6455.0,253.0,70.0,8.12,5.02,46.2,20.0,15.0,20.0,171.0,-23.0,-7.0,21.0,-16.0,True,10.0,7.0,2.0,2.0,797.0,674.0,18.2,9.0,1160.0,628.0,0.98,292.0,26.0,13.0,1154.0,945.0,26.0,50.98,50.98,1.47,1.74,10.89,14.6,,2026-08-22T05:37:39,https://www.screener.in/company/GREENLAM/consolidated/
KALPATARU,5848.0,284.0,47.6,1.27,2.73,200.0,62.0,-2.0,25.0,553.0,35.0,29.0,-29.0,-52.0,False,-10.0,-6.0,2.0,0.0,472.0,443.0,6.5,2.0,9168.0,9680.0,2.23,848.0,206.0,140.0,3911.0,1076.0,20.6,81.34,81.34,5.87,7.68,8.23,6.79,,2026-08-25T05:36:13,https://www.screener.in/company/KALPATARU/consolidated/
FDC,5676.0,349.0,18.4,16.7,12.5,153.0,3.0,7.0,10.0,14.0,16.0,1.0,132.0,121.0,False,21.0,22.0,2.0,0.0,668.0,648.0,3.1,3.0,15.0,28.0,0.01,200.0,16.0,17.0,2469.0,1965.0,16.0,69.65,69.66,1.4,2.43,6.31,6.81,,2026-08-22T05:32:12,https://www.screener.in/company/FDC/consolidated/
MASFIN,5489.0,302.0,13.8,11.3,13.4,164.0,23.0,26.0,26.0,23.0,23.0,21.0,110.0,87.0,False,27.0,25.0,9.0,1.0,,,,,,,,-1787.0,181.0,55.0,2793.0,1464.0,18.1,66.66,66.63,3.69,3.18,19.68,20.15,,2026-08-22T05:34:56,https://www.screener.in/company/MASFIN/consolidated/
PDSL,5230.0,370.0,44.5,12.5,6.48,125.0,5.0,7.0,16.0,-21.0,-23.0,6.0,29.0,20.0,False,2.8,1.7,1.0,1.0,3444.0,2999.0,14.8,1.0,1264.0,719.0,0.72,781.0,28.0,26.0,1735.0,1028.0,14.0,61.37,61.41,3.78,3.68,5.18,5.66,,2026-08-22T05:32:35,https://www.screener.in/company/PDSL/consolidated/
VRLLOG,5196.0,297.0,19.4,18.3,21.7,65.3,6.0,7.0,13.0,22.0,-9.0,40.0,81.0,50.0,False,21.0,20.0,1.0,1.0,879.0,744.0,18.1,3.0,1154.0,720.0,1.01,654.0,175.0,88.0,968.0,888.0,17.5,60.24,60.24,2.68,3.99,24.92,24.28,,2026-08-17T06:09:11,https://www.screener.in/company/VRLLOG/
CARERATING,5155.0,1713.0,29.0,26.3,19.7,310.0,18.0,19.0,14.0,25.0,27.0,14.0,33.0,26.0,False,31.0,30.0,9.0,9.0,112.0,94.0,19.1,9.0,26.0,17.0,0.03,148.0,30.0,30.0,902.0,643.0,3.0,,,23.41,23.61,31.58,31.6,,2026-08-19T05:35:40,https://www.screener.in/company/CARERATING/consolidated/
LGBBROSLTD,5131.0,1609.0,16.0,19.6,15.5,675.0,21.0,12.0,14.0,12.0,10.0,21.0,67.0,67.0,False,13.0,15.0,0.0,0.0,799.0,657.0,21.6,9.0,231.0,104.0,0.11,332.0,32.0,31.0,2122.0,1334.0,3.2,34.84,34.82,6.42,5.85,13.46,13.47,,2026-08-22T05:37:22,https://www.screener.in/company/LGBBROSLTD/consolidated/
ICRA,5082.0,5266.0,25.9,23.0,16.7,1223.0,26.0,14.0,15.0,11.0,11.0,18.0,56.0,43.0,False,34.0,32.0,1.0,1.0,163.0,124.0,31.5,9.0,18.0,13.0,0.02,157.0,10.0,10.0,1171.0,941.0,1.0,51.86,51.86,6.9,6.87,24.27,26.15,,2026-08-16T05:19:31,https://www.screener.in/company/ICRA/consolidated/
BANSALWIRE,5046.0,322.0,34.9,13.8,12.1,91.4,21.0,20.0,,-6.0,40.0,,20.0,39.0,False,4.8,8.0,0.0,0.0,1168.0,939.0,24.4,9.0,555.0,422.0,0.39,333.0,78.0,9.0,1352.0,273.0,15.6,75.0,77.99,1.99,2.35,15.57,15.92,,2026-08-22T05:33:44,https://www.screener.in/company/BANSALWIRE/consolidated/
RUSTOMJEE,4778.0,378.0,40.7,4.68,2.8,227.0,53.0,57.0,25.0,-27.0,-1.0,-24.0,52.0,16.0,False,17.0,4.3,1.0,1.0,470.0,273.0,72.2,2.0,1484.0,1030.0,0.52,-509.0,126.0,114.0,2737.0,1556.0,12.6,74.59,78.25,2.35,3.07,16.38,15.76,,2026-08-25T05:41:18,https://www.screener.in/company/RUSTOMJEE/consolidated/
BOSCH-HCIL,4673.0,1719.0,231.0,4.64,2.28,184.0,13.0,4.0,10.0,-50.0,30.0,-14.0,23.0,15.0,False,3.7,4.3,1.0,0.0,1096.0,853.0,28.5,4.0,82.0,193.0,0.16,113.0,27.0,27.0,473.0,632.0,2.7,74.52,74.25,0.38,1.03,6.3,6.54,32.2,2026-08-19T05:38:05,https://www.screener.in/company/BOSCH-HCIL/
EPIGRAL,4629.0,1073.0,17.1,15.5,16.0,515.0,5.0,5.0,25.0,-37.0,-2.0,27.0,100.0,161.0,False,25.0,27.0,0.0,0.0,705.0,607.0,16.1,2.0,572.0,879.0,0.26,436.0,43.0,42.0,2178.0,1028.0,4.3,68.83,68.83,1.03,2.71,5.56,4.93,,2026-08-19T05:38:42,https://www.screener.in/company/EPIGRAL/consolidated/
EMUDHRA,4482.0,541.0,39.0,15.7,12.6,110.0,30.0,41.0,40.0,26.0,19.0,43.0,32.0,25.0,False,26.0,24.0,9.0,1.0,191.0,147.0,29.9,9.0,29.0,25.0,0.03,133.0,41.0,37.0,870.0,354.0,8.2,54.4,54.4,3.92,4.15,10.55,16.74,,2026-08-19T05:39:48,https://www.screener.in/company/EMUDHRA/consolidated/
MHRIL,4472.0,221.0,95.6,8.12,9.9,38.5,7.0,6.0,12.0,-64.0,-14.0,42.0,-8.55,7.17,False,15.36,17.38,0.0,0.0,732.81,701.4,4.5,5.0,3829.0,2623.0,4.92,531.0,202.0,201.0,576.0,189.0,20.2,66.73,66.74,4.01,5.44,11.0,10.01,,2026-08-25T05:38:24,https://www.screener.in/company/MHRIL/consolidated/
SHOPERSTOP,4395.0,399.0,,7.03,-6.37,26.4,10.0,8.0,24.0,-205.0,,14.0,-14.0,-16.0,False,15.0,15.0,1.0,0.0,1291.0,1161.0,11.2,9.0,3317.0,2375.0,11.4,838.0,55.0,55.0,236.0,151.0,11.0,66.06,65.53,1.92,2.94,25.7,25.58,,2026-08-25T05:37:10,https://www.screener.in/company/SHOPERSTOP/consolidated/
DHANUKA,4377.0,982.0,15.0,28.3,22.0,311.0,16.0,11.0,13.0,23.0,12.0,16.0,76.0,59.0,False,25.0,22.0,4.0,7.0,442.0,368.0,20.1,4.0,74.0,32.0,0.05,263.0,9.0,9.0,1394.0,951.0,4.5,69.81,69.72,1.64,2.3,18.71,18.08,,2026-08-25T05:36:20,https://www.screener.in/company/DHANUKA/consolidated/
SWARAJENG,4320.0,3556.0,21.1,58.4,43.6,402.0,21.0,12.0,15.0,18.0,14.0,17.0,56.0,50.0,False,13.0,14.0,9.0,0.0,588.0,484.0,21.5,9.0,2.0,1.0,0.0,117.0,12.0,12.0,477.0,330.0,1.2,52.11,52.12,2.43,3.93,8.78,9.65,,2026-08-25T05:35:41,https://www.screener.in/company/SWARAJENG/
SYMPHONY,4206.0,612.0,1081.0,20.6,2.96,79.4,-12.0,-2.0,5.0,-98.0,-45.0,-30.0,40.0,42.0,False,12.0,10.0,0.0,1.0,378.0,251.0,50.6,1.0,173.0,232.0,0.32,-81.0,14.0,14.0,531.0,867.0,7.0,73.42,73.42,2.43,5.98,8.47,8.84,,2026-08-22T05:31:34,https://www.screener.in/company/SYMPHONY/consolidated/
INDOSTAR,4201.0,260.0,,-2.58,-23.6,234.0,-2.0,6.0,2.0,8.0,,,11.0,546.0,False,4.0,-135.0,0.0,1.0,,,,,,,,-989.0,162.0,136.0,3621.0,2976.0,16.2,70.36,72.96,2.56,2.89,2.2,2.49,,2026-08-25T05:34:10,https://www.screener.in/company/INDOSTAR/consolidated/
AVANTEL,4172.0,157.0,243.0,9.63,5.29,12.7,-3.0,13.0,23.0,-67.0,-17.0,0.0,5.39,3.23,False,24.77,20.13,1.0,1.0,70.42,51.91,35.7,2.0,34.0,30.0,0.1,10.0,53.0,16.0,285.0,91.0,26.5,37.04,37.15,1.54,0.66,1.14,0.16,,2026-08-17T06:07:36,https://www.screener.in/company/AVANTEL/consolidated/
FOSECOIND,4138.0,5490.0,39.7,17.4,12.6,1375.0,23.0,,,19.0,,,36.0,22.0,False,23.0,18.0,2.0,2.0,231.0,149.0,55.0,2.0,3.0,,0.0,98.0,8.0,,1029.0,,0.8,63.54,74.98,0.08,0.12,0.38,0.68,,2026-08-25T05:35:33,https://www.screener.in/company/FOSECOIND/consolidated/
RESPONIND,4132.0,155.0,40.6,10.8,10.3,58.5,-13.0,13.0,13.0,-49.0,82.0,13.0,2.74,49.87,False,12.09,21.43,0.0,0.0,192.87,338.71,-43.1,0.0,195.0,260.0,0.13,40.0,27.0,27.0,1532.0,946.0,27.0,59.14,59.14,7.48,30.6,3.22,3.3,,2026-08-25T05:37:57,https://www.screener.in/company/RESPONIND/consolidated/
MAHLOG,4081.0,411.0,104.0,7.36,0.32,118.0,17.0,11.0,16.0,206.0,-54.0,-40.0,28.0,-9.0,True,6.0,4.7,4.0,4.0,2003.0,1625.0,23.3,9.0,650.0,834.0,0.55,254.0,99.0,72.0,1076.0,490.0,9.9,59.58,59.6,4.09,3.86,14.44,13.65,,2026-08-19T05:35:54,https://www.screener.in/company/MAHLOG/consolidated/
MOSCHIP,4026.0,207.0,126.0,11.0,11.0,21.1,8.0,43.0,41.0,-21.0,87.0,45.0,2.45,10.92,False,8.22,12.14,0.0,0.0,116.21,135.59,-14.3,0.0,88.0,72.0,0.22,93.0,39.0,33.0,370.0,80.0,19.5,39.31,41.65,0.77,0.81,,,,2026-08-09T05:47:45,https://www.screener.in/company/MOSCHIP/consolidated/
NACLIND,3914.0,167.0,151.0,8.13,2.37,29.2,12.0,-9.0,6.0,130.0,-48.0,-24.0,21.0,13.0,False,11.0,8.0,3.0,5.0,383.0,448.0,-14.5,0.0,312.0,724.0,0.46,-104.0,23.0,20.0,660.0,554.0,23.0,53.68,53.08,0.09,0.17,1.32,1.32,,2026-08-17T06:08:12,https://www.screener.in/company/NACLIND/consolidated/
MANINFRA,3903.0,96.7,21.1,13.2,9.16,56.2,-43.0,-31.0,8.0,-35.0,-11.0,43.0,41.0,97.0,False,13.0,36.0,0.0,0.0,146.0,294.0,-50.3,0.0,64.0,206.0,0.03,-50.0,81.0,74.0,2186.0,1015.0,40.5,62.52,62.29,1.92,5.21,1.13,2.03,,2026-07-26T07:28:21,https://www.screener.in/company/MANINFRA/consolidated/
ORIENTELEC,3885.0,182.0,32.6,19.9,14.2,35.6,13.0,10.0,10.0,38.0,11.0,-3.0,31.0,18.0,False,7.0,6.0,2.0,1.0,950.0,769.0,23.5,9.0,93.0,97.0,0.12,110.0,21.0,21.0,739.0,563.0,21.0,38.3,38.3,3.28,6.34,32.49,29.3,,2026-08-19T05:39:53,https://www.screener.in/company/ORIENTELEC/
JKIL,3831.0,506.0,9.85,18.4,12.4,445.0,-2.0,11.0,,-5.0,13.0,,97.0,103.0,False,14.0,15.0,0.0,0.0,1511.0,1484.0,1.8,1.0,621.0,547.0,0.18,1128.0,38.0,38.0,3331.0,2302.0,7.6,46.64,46.64,11.68,12.85,15.16,15.41,,2026-08-22T05:34:49,https://www.screener.in/company/JKIL/consolidated/
SANATHAN,3823.0,453.0,63.0,6.89,3.78,222.0,49.0,5.0,,-60.0,-23.0,,24.0,40.0,False,8.0,9.0,0.0,0.0,1335.0,745.0,79.2,4.0,1512.0,281.0,0.81,322.0,84.0,72.0,1788.0,1068.0,8.4,78.58,78.58,1.47,1.68,12.73,11.45,,2026-08-25T05:34:00,https://www.screener.in/company/SANATHAN/consolidated/
AGIIL,3787.0,303.0,39.9,20.1,25.0,37.2,9.0,14.0,26.0,42.0,26.0,41.0,27.0,16.0,False,24.0,19.0,8.0,4.0,88.0,83.0,6.0,1.0,186.0,49.0,0.4,-32.0,12.0,12.0,452.0,160.0,12.0,71.29,72.95,4.68,1.78,0.01,0.03,,2026-08-09T05:49:28,https://www.screener.in/company/AGIIL/consolidated/
VSTTILLERS,3776.0,4364.0,34.7,13.7,9.99,1264.0,17.0,7.0,,-5.0,5.0,,48.0,44.0,False,13.0,13.0,1.0,0.0,313.0,282.0,11.0,8.0,2.0,2.0,0.0,132.0,9.0,9.0,1085.0,816.0,0.9,55.55,55.61,1.21,1.76,19.97,21.41,,2026-08-25T05:34:17,https://www.screener.in/company/VSTTILLERS/consolidated/
ZOTA,3766.0,1087.0,,-8.47,-15.0,200.0,79.0,57.0,38.0,-69.0,,,-44.0,-14.0,False,-7.0,3.8,0.0,0.0,174.0,104.0,67.3,9.0,270.0,45.0,0.39,-84.0,35.0,25.0,659.0,55.0,3.5,49.38,55.81,7.92,3.49,6.75,4.95,,2026-08-22T05:30:27,https://www.screener.in/company/ZOTA/consolidated/
ASHIANA,3691.0,367.0,31.2,14.4,14.5,86.9,37.0,41.0,36.0,195.0,63.0,85.0,13.0,13.0,False,7.0,4.0,0.0,1.0,107.0,293.0,-63.5,0.0,323.0,184.0,0.38,342.0,20.0,20.0,839.0,739.0,10.0,61.11,61.11,8.19,7.87,8.08,8.06,,2026-08-25T05:38:55,https://www.screener.in/company/ASHIANA/consolidated/
POCL,3674.0,482.0,25.7,23.2,19.2,103.0,49.0,26.0,,104.0,36.0,,36.0,25.0,False,6.0,7.0,9.0,0.0,935.0,603.0,55.1,9.0,152.0,156.0,0.19,-44.0,15.0,12.0,773.0,253.0,7.5,36.39,39.34,3.14,1.75,7.5,7.02,,2026-08-09T05:55:01,https://www.screener.in/company/POCL/consolidated/
DBCORP,3672.0,206.0,10.4,18.3,14.3,136.0,4.0,3.0,9.0,5.0,25.0,20.0,101.0,81.0,False,23.0,20.0,2.0,2.0,604.0,559.0,8.1,2.0,262.0,213.0,0.11,365.0,178.0,178.0,2251.0,1770.0,17.8,74.5,73.78,11.85,12.62,4.24,4.18,,2026-08-25T05:35:23,https://www.screener.in/company/DBCORP/consolidated/
LUXIND,3664.0,1218.0,34.4,8.11,6.08,610.0,11.0,7.0,8.0,-31.0,-9.0,-17.0,23.0,23.0,False,7.0,6.0,0.0,1.0,609.0,604.0,0.8,9.0,618.0,268.0,0.34,-149.0,6.0,6.0,1828.0,1446.0,3.0,74.19,74.19,0.72,0.95,4.76,4.89,,2026-08-25T05:34:51,https://www.screener.in/company/LUXIND/consolidated/
HEIDELBERG,3655.0,161.0,30.1,14.7,10.1,60.5,7.0,1.0,2.0,6.0,12.0,-15.0,31.0,48.0,False,11.0,15.0,0.0,0.0,628.0,598.0,5.0,6.0,14.0,182.0,0.01,198.0,227.0,227.0,1145.0,1235.0,22.7,69.39,69.39,1.07,1.42,13.87,14.08,,2026-08-25T05:41:44,https://www.screener.in/company/HEIDELBERG/
BHAGCHEM,3649.0,281.0,133.0,4.53,2.63,53.8,34.0,2.0,11.0,127.0,-26.0,-4.0,13.0,4.0,False,16.0,7.0,4.0,4.0,195.0,124.0,57.3,7.0,235.0,50.0,0.34,12.0,13.0,10.0,685.0,303.0,13.0,19.6,19.6,0.1,0.05,3.0,2.89,,2026-08-25T05:38:34,https://www.screener.in/company/BHAGCHEM/consolidated/
VSTIND,3613.0,213.0,58.8,34.4,24.9,14.7,24.0,12.0,,40.0,4.0,,,,False,,,,,,,,,0.0,0.0,0.0,52.0,15.0,15.0,235.0,198.0,1.5,32.16,32.16,1.79,1.38,6.03,6.23,,2026-08-22T05:34:10,https://www.screener.in/company/VSTIND/consolidated/
GOPAL,3519.0,282.0,64.0,11.7,4.72,38.4,12.0,3.0,6.0,24.0,-43.0,0.0,13.0,3.0,False,7.0,4.7,3.0,3.0,422.0,322.0,31.1,3.0,154.0,108.0,0.32,46.0,12.0,12.0,466.0,278.0,12.0,81.45,81.47,0.75,0.94,5.68,6.71,,2026-08-22T05:32:09,https://www.screener.in/company/GOPAL/
JTEKTINDIA,3513.0,127.0,44.8,15.9,12.4,27.5,7.0,11.0,6.0,4.0,40.0,6.0,30.0,30.0,False,10.0,10.0,0.0,0.0,584.0,571.0,2.3,6.0,69.0,49.0,0.09,95.0,24.0,24.0,710.0,574.0,24.0,74.98,74.98,0.6,0.56,10.24,11.23,,2026-08-25T05:36:23,https://www.screener.in/company/JTEKTINDIA/consolidated/
INDRAMEDCO,3389.0,370.0,18.0,35.8,27.5,80.8,11.0,11.0,19.0,12.0,28.0,132.0,56.0,51.0,False,20.0,20.0,9.0,0.0,406.0,365.0,11.2,9.0,37.0,2.0,0.05,167.0,92.0,92.0,649.0,288.0,9.2,51.0,51.0,2.77,2.41,0.59,3.51,,2026-08-22T05:30:46,https://www.screener.in/company/INDRAMEDCO/
RELTD,3328.0,168.0,55.8,15.9,21.2,21.3,28.0,29.0,12.0,13.0,73.0,72.0,1.64,22.79,False,31.76,17.14,0.0,4.0,119.97,162.64,-26.2,0.0,502.0,117.0,1.19,172.0,179.0,138.0,244.0,55.0,17.9,58.26,64.77,3.27,2.59,2.99,1.91,,2026-08-22T05:34:31,https://www.screener.in/company/RELTD/consolidated/
JUBLCPL,3282.0,2140.0,24.8,40.4,33.2,304.0,20.0,,,24.0,,,46.0,44.0,False,13.0,14.0,6.0,0.0,523.0,442.0,18.3,6.0,51.0,,0.11,75.0,15.0,,445.0,,1.5,74.36,74.77,0.22,0.25,0.23,0.12,,2026-08-28T17:12:50,https://www.screener.in/company/JUBLCPL/consolidated/
WINDMACHIN,3255.0,315.0,1092.0,2.11,0.2,56.2,51.0,15.0,13.0,114.0,-36.0,-36.0,-0.91,-10.54,False,4.24,7.04,2.0,0.0,148.87,113.34,31.3,7.0,86.0,36.0,0.17,-51.0,18.0,13.0,476.0,267.0,9.0,42.95,44.52,2.31,1.06,0.73,2.5,48.8,2026-08-22T05:38:02,https://www.screener.in/company/WINDMACHIN/consolidated/
KKCL,3189.0,518.0,21.5,18.1,16.1,156.0,16.0,16.0,32.0,-2.0,8.0,48.0,41.0,32.0,False,19.0,18.0,3.0,3.0,279.0,234.0,19.2,8.0,128.0,66.0,0.14,183.0,62.0,62.0,877.0,485.0,6.2,74.29,74.28,2.37,2.37,8.85,8.65,,2026-08-25T05:37:33,https://www.screener.in/company/KKCL/consolidated/
NIITMTS,3158.0,229.0,13.8,20.9,15.5,112.0,22.0,13.0,,1.0,1.0,,57.0,49.0,False,16.0,20.0,3.0,0.0,565.0,451.0,25.3,9.0,318.0,129.0,0.21,288.0,28.0,27.0,1515.0,743.0,14.0,34.25,34.21,14.44,17.43,25.38,23.73,,2026-08-22T05:37:18,https://www.screener.in/company/NIITMTS/consolidated/
FUSION,3148.0,195.0,18.7,5.92,0.68,152.0,-18.0,-1.0,15.0,113.0,-67.0,-21.0,62.0,-92.0,True,14.0,-21.0,4.0,4.0,,,,,,,,1146.0,162.0,100.0,2294.0,2222.0,16.2,53.97,54.96,4.77,3.92,15.25,11.88,,2026-08-17T06:07:23,https://www.screener.in/company/FUSION/
PRINCEPIPE,3132.0,283.0,30.1,6.12,4.67,149.0,5.0,-1.0,5.0,347.0,-15.0,-20.0,34.0,5.0,False,13.0,7.0,3.0,4.0,609.0,580.0,5.0,2.0,145.0,63.0,0.09,526.0,111.0,111.0,1534.0,1253.0,11.1,60.95,60.94,3.06,3.72,15.33,15.95,,2026-08-22T05:34:46,https://www.screener.in/company/PRINCEPIPE/
ARVSMART,3061.0,667.0,16.6,12.4,14.2,142.0,5.0,30.0,30.0,55.0,52.0,59.0,97.0,12.0,False,49.0,21.0,2.0,2.0,318.0,102.0,211.8,1.0,583.0,146.0,0.9,-170.0,46.0,45.0,603.0,421.0,4.6,53.83,49.83,0.69,1.0,8.99,14.7,,2026-08-22T05:34:53,https://www.screener.in/company/ARVSMART/consolidated/
BALMLAWRIE,2998.0,175.0,10.7,14.6,13.7,121.0,9.0,6.0,12.0,3.0,17.0,18.0,71.0,67.0,False,13.0,12.0,3.0,1.0,749.0,681.0,10.0,3.0,220.0,121.0,0.11,289.0,171.0,171.0,1898.0,1510.0,17.1,,,2.38,2.26,1.79,1.79,,2026-08-25T05:38:41,https://www.screener.in/company/BALMLAWRIE/consolidated/
RAMCOIND,2975.0,343.0,9.48,4.57,6.75,521.0,13.0,7.0,8.0,52.0,34.0,1.0,87.0,66.0,False,17.0,13.0,5.0,5.0,614.0,532.0,15.4,4.0,171.0,308.0,0.04,201.0,9.0,9.0,4513.0,3875.0,9.0,54.84,54.79,1.0,1.26,3.35,3.51,,2026-08-19T05:40:48,https://www.screener.in/company/RAMCOIND/consolidated/
NSIL,2970.0,5779.0,53.6,0.48,0.34,29541.0,-20.0,-9.0,8.0,28.0,-16.0,5.0,27.0,26.0,False,98.0,88.0,2.0,4.0,34.0,37.0,-8.1,0.0,3.0,0.0,0.0,49.0,5.0,5.0,15168.0,7988.0,0.5,55.61,55.61,6.2,5.83,0.16,0.15,,2026-08-25T05:41:28,https://www.screener.in/company/NSIL/consolidated/
NAVNETEDUL,2955.0,134.0,23.6,10.2,8.03,92.3,-4.0,1.0,16.0,-38.0,-1.0,40.0,141.0,157.0,False,25.0,29.0,0.0,0.0,788.0,794.0,-0.8,0.0,108.0,288.0,0.05,307.0,44.0,45.0,1998.0,1105.0,22.0,63.29,63.35,3.2,3.63,13.57,12.85,,2026-08-25T05:37:00,https://www.screener.in/company/NAVNETEDUL/consolidated/
CARRARO,2934.0,516.0,21.0,29.5,26.9,99.3,26.0,10.0,,56.0,43.0,,31.0,29.0,False,8.0,10.0,6.0,0.0,545.0,493.0,10.5,7.0,155.0,192.0,0.27,135.0,57.0,57.0,508.0,281.0,5.7,68.77,68.77,2.91,3.59,16.1,17.05,,2026-08-19T05:40:51,https://www.screener.in/company/CARRARO/consolidated/
INTERARCH,2912.0,1731.0,21.3,23.7,16.8,525.0,29.0,19.0,27.0,18.0,19.0,84.0,28.0,28.0,False,9.0,8.0,0.0,1.0,460.0,381.0,20.7,9.0,18.0,18.0,0.02,-19.0,17.0,15.0,864.0,384.0,1.7,59.44,59.44,4.86,5.81,6.1,6.97,,2026-08-19T05:36:09,https://www.screener.in/company/INTERARCH/
GANECOS,2894.0,1080.0,51.2,5.42,3.15,476.0,7.0,8.0,15.0,-38.0,-18.0,-2.0,29.0,11.0,False,14.0,11.0,1.0,1.0,424.0,337.0,25.8,2.0,496.0,505.0,0.39,171.0,27.0,22.0,1249.0,616.0,2.7,39.33,39.33,10.38,8.79,15.07,22.89,31.9,2026-08-17T06:04:59,https://www.screener.in/company/GANECOS/consolidated/
DDEVPLSTIK,2875.0,278.0,13.5,31.0,21.8,97.9,15.0,6.0,,9.0,25.0,,64.0,52.0,False,9.0,9.0,5.0,0.0,989.0,769.0,28.6,7.0,57.0,56.0,0.06,85.0,10.0,9.0,1003.0,485.0,10.0,74.99,74.99,1.47,1.13,0.09,0.8,,2026-08-22T05:37:15,https://www.screener.in/company/DDEVPLSTIK/
GLOBUSSPR,2861.0,909.0,28.4,11.4,8.81,375.0,8.0,9.0,17.0,297.0,-9.0,-8.0,26.0,18.0,False,10.0,8.0,6.0,6.0,789.0,700.0,12.7,1.0,527.0,291.0,0.48,268.0,29.0,29.0,1062.0,858.0,2.9,46.74,50.75,13.77,6.47,10.46,10.11,,2026-08-19T05:35:23,https://www.screener.in/company/GLOBUSSPR/consolidated/
MAITHANALL,2844.0,977.0,9.79,14.8,11.0,1424.0,1.0,-9.0,6.0,-59.0,-5.0,15.0,396.0,538.0,False,17.0,10.0,0.0,3.0,540.0,632.0,-14.6,0.0,237.0,20.0,0.06,-10.0,29.0,29.0,4117.0,2775.0,2.9,74.96,74.96,1.06,1.41,0.02,0.07,,2026-08-22T05:35:52,https://www.screener.in/company/MAITHANALL/consolidated/
CHEMPLASTS,2844.0,180.0,,0.34,-6.8,111.0,-1.0,-5.0,2.0,-22.0,,,-176.0,-64.0,False,-10.0,1.6,0.0,0.0,1125.0,1100.0,2.3,2.0,1952.0,1019.0,1.11,294.0,79.0,79.0,1676.0,1779.0,15.8,54.99,54.99,12.02,13.15,23.71,25.62,,2026-08-19T05:40:13,https://www.screener.in/company/CHEMPLASTS/consolidated/
RSYSTEMS,2836.0,239.0,13.5,19.5,24.4,92.7,24.0,9.0,17.0,9.0,7.0,16.0,56.0,76.0,False,18.0,15.0,0.0,3.0,602.0,462.0,30.3,7.0,369.0,131.0,0.34,220.0,12.0,12.0,1086.0,600.0,12.0,51.85,51.89,3.83,3.6,6.53,8.94,,2026-08-17T06:10:08,https://www.screener.in/company/RSYSTEMS/consolidated/
EFCIL,2835.0,192.0,11.0,19.8,34.3,54.6,42.0,116.0,,60.0,276.0,,71.0,47.0,False,43.0,47.0,9.0,0.0,283.0,220.0,28.6,9.0,1406.0,324.0,1.74,56.0,27.0,7.0,780.0,66.0,13.5,56.08,45.46,1.26,3.84,8.88,6.71,,2026-08-22T05:31:06,https://www.screener.in/company/EFCIL/consolidated/
DIAMONDYD,2817.0,1177.0,138.0,1.15,3.14,288.0,18.0,6.0,10.0,8.0,-24.0,-14.0,22.0,-3.0,True,4.9,1.4,2.0,2.0,387.0,361.0,7.2,8.0,60.0,73.0,0.09,80.0,12.0,12.0,665.0,596.0,2.4,56.77,54.86,4.38,5.62,7.35,7.21,,2026-08-25T05:36:53,https://www.screener.in/company/DIAMONDYD/consolidated/
ROSSARI,2779.0,502.0,18.4,13.3,10.8,241.0,19.0,13.0,28.0,12.0,8.0,11.0,35.0,34.0,False,12.0,12.0,4.0,0.0,697.0,544.0,28.1,9.0,436.0,74.0,0.33,65.0,11.0,11.0,1322.0,904.0,5.5,68.14,68.18,2.03,2.7,14.64,18.18,,2026-08-22T05:37:04,https://www.screener.in/company/ROSSARI/consolidated/
ORISSAMINE,2770.0,4618.0,,9.64,,-91.1,46.0,38.0,,93.0,22.0,14.0,-7.61,-31.67,False,-32.21,-543.75,3.0,2.0,29.0,6.72,331.5,1.0,211.9,182.37,,34.97,0.6,0.6,-55.24,-13.4,0.6,50.01,50.01,0.51,0.53,10.93,10.95,,2026-08-22T05:30:01,https://www.screener.in/company/ORISSAMINE/
SIYSIL,2751.0,606.0,11.6,18.8,14.9,322.0,14.0,5.0,19.0,25.0,-6.0,118.0,11.0,5.0,False,4.0,5.0,2.0,0.0,446.0,389.0,14.7,8.0,352.0,163.0,0.24,93.0,9.0,9.0,1451.0,1128.0,4.5,67.45,67.45,1.96,2.61,2.51,2.51,,2026-08-22T05:35:35,https://www.screener.in/company/SIYSIL/consolidated/
VIMTALABS,2730.0,611.0,44.9,17.6,13.5,77.2,8.0,15.0,,34.0,24.0,,22.0,10.0,False,37.0,32.0,2.0,5.0,90.0,75.0,20.0,2.0,12.0,19.0,0.04,61.0,4.0,4.0,338.0,230.0,2.0,35.66,35.99,4.41,4.33,0.37,0.87,,2026-08-17T06:06:37,https://www.screener.in/company/VIMTALABS/consolidated/
DCAL,2721.0,174.0,150.0,3.15,1.58,426.0,0.0,7.0,9.0,-85.0,140.0,21.0,-58.0,23.0,False,9.0,20.0,0.0,0.0,678.0,708.0,-4.2,0.0,3076.0,2209.0,0.46,491.0,31.0,31.0,6646.0,5778.0,15.5,59.32,59.32,6.86,8.07,2.06,1.37,,2026-08-22T05:31:54,https://www.screener.in/company/DCAL/consolidated/
MEDIASSIST,2695.0,361.0,27.3,14.1,13.9,112.0,27.0,21.0,23.0,5.0,11.0,32.0,28.0,23.0,False,20.0,22.0,2.0,0.0,237.0,191.0,24.1,9.0,54.0,31.0,0.06,118.0,37.0,34.0,802.0,342.0,7.4,4.61,4.87,25.42,23.0,47.24,48.9,,2026-08-22T05:31:38,https://www.screener.in/company/MEDIASSIST/consolidated/
FLAIR,2661.0,252.0,19.0,16.8,12.9,108.0,14.0,10.0,33.0,15.0,6.0,170.0,29.0,29.0,False,17.0,17.0,0.0,0.0,319.0,289.0,10.4,8.0,66.0,123.0,0.06,137.0,53.0,47.0,1089.0,388.0,10.6,78.59,78.59,0.77,0.44,10.25,10.58,,2026-08-25T05:34:47,https://www.screener.in/company/FLAIR/consolidated/
HIKAL,2626.0,213.0,62.0,3.52,2.95,97.2,-5.0,-5.0,0.0,-33.0,-22.0,-23.0,-7.4,-22.4,False,9.19,6.6,1.0,1.0,402.8,380.4,5.9,1.0,684.0,748.0,0.57,302.0,25.0,25.0,1174.0,1109.0,12.5,68.85,68.85,0.98,4.23,7.23,5.15,,2026-08-19T05:38:59,https://www.screener.in/company/HIKAL/consolidated/
BBL,2624.0,2321.0,23.5,8.37,6.05,1795.0,18.0,17.0,25.0,-19.0,13.0,37.0,20.0,28.0,False,5.0,7.0,0.0,0.0,547.0,465.0,17.6,7.0,301.0,287.0,0.15,-92.0,6.0,6.0,2023.0,1372.0,1.2,33.65,33.65,5.84,3.67,15.63,18.36,,2026-08-19T05:38:22,https://www.screener.in/company/BBL/
RAMKY,2619.0,378.0,14.0,13.7,11.1,312.0,5.0,3.0,12.0,-4.0,45.0,68.0,39.0,77.0,False,6.0,20.0,0.0,0.0,471.0,379.0,24.3,3.0,591.0,1650.0,0.27,-262.0,69.0,69.0,2093.0,1342.0,6.9,69.81,69.81,1.92,1.3,0.91,0.79,25.7,2026-08-25T05:40:26,https://www.screener.in/company/RAMKY/consolidated/
HUBTOWN,2575.0,181.0,27.4,9.52,5.9,185.0,29.0,26.0,19.0,-22.0,48.0,31.0,27.0,82.0,False,18.0,22.0,0.0,0.0,156.0,187.0,-16.6,0.0,1197.0,966.0,0.46,187.0,142.0,76.0,2486.0,1229.0,14.2,33.17,35.02,1.48,2.05,0.2,0.2,,2026-08-19T05:37:38,https://www.screener.in/company/HUBTOWN/consolidated/
VEEDOL,2561.0,1470.0,11.6,24.1,19.5,594.0,13.0,5.0,12.0,17.0,18.0,6.0,78.0,50.0,False,16.0,11.0,1.0,1.0,609.0,514.0,18.5,6.0,16.0,5.0,0.02,194.0,3.0,3.0,1032.0,761.0,1.5,64.58,64.58,1.02,1.37,1.17,1.17,,2026-08-25T05:39:39,https://www.screener.in/company/VEEDOL/consolidated/
ALEMBICLTD,2536.0,98.8,7.91,6.07,13.0,95.2,8.0,24.0,27.0,1.0,16.0,-2.0,65.0,62.0,False,32.0,39.0,1.0,0.0,49.0,50.0,-2.0,0.0,11.0,0.0,0.0,120.0,51.0,51.0,2394.0,2027.0,25.5,70.88,70.88,1.25,1.38,0.06,0.05,,2026-08-31T11:27:35,https://www.screener.in/company/ALEMBICLTD/consolidated/
EVEREADY,2536.0,349.0,16.0,17.2,18.5,85.7,9.0,3.0,3.0,78.0,55.0,-21.0,37.0,30.0,False,15.0,14.0,2.0,1.0,408.0,374.0,9.1,7.0,202.0,398.0,0.32,83.0,36.0,36.0,587.0,283.0,7.2,43.6,43.21,5.44,5.21,2.84,2.7,,2026-08-22T05:35:27,https://www.screener.in/company/EVEREADY/consolidated/
PANACEABIO,2511.0,410.0,,-2.44,-2.36,136.0,10.0,12.0,0.0,43.0,21.0,13.0,2.2,3.96,False,2.84,-0.71,0.0,3.0,199.57,166.7,19.7,3.0,24.0,20.0,0.03,17.0,6.0,6.0,829.0,837.0,6.0,72.48,72.48,2.31,1.06,2.25,1.8,,2026-08-19T05:34:55,https://www.screener.in/company/PANACEABIO/consolidated/
PARKHOTELS,2502.0,117.0,38.9,9.43,5.09,62.9,10.0,11.0,32.0,-35.0,11.0,25.0,11.0,13.0,False,28.0,29.0,0.0,0.0,167.0,154.0,8.4,9.0,373.0,617.0,0.28,182.0,21.0,17.0,1321.0,538.0,21.0,68.21,68.14,4.07,2.19,8.81,10.43,,2026-08-25T05:39:50,https://www.screener.in/company/PARKHOTELS/consolidated/
SILVERTUC,2498.0,197.0,59.9,29.8,24.4,13.4,21.0,28.0,18.0,82.0,56.0,106.0,10.0,4.0,False,22.0,14.0,6.0,6.0,78.0,63.0,23.8,9.0,33.0,11.0,0.2,17.0,25.0,13.0,144.0,82.0,12.5,74.66,74.61,0.48,0.1,0.0,0.0,,2026-08-17T06:10:14,https://www.screener.in/company/SILVERTUC/consolidated/
COSMOFIRST,2490.0,949.0,14.6,11.2,10.4,616.0,33.0,6.0,10.0,18.0,-13.0,-7.0,54.0,43.0,False,12.0,11.0,2.0,2.0,1166.0,800.0,45.8,9.0,1680.0,932.0,1.04,397.0,26.0,26.0,1590.0,1272.0,2.6,40.78,40.86,2.4,3.24,1.49,0.47,,2026-08-19T05:33:17,https://www.screener.in/company/COSMOFIRST/consolidated/
SUNDROP,2438.0,647.0,87.2,1.93,1.3,392.0,47.0,22.0,12.0,-30.0,7.0,-9.0,12.0,4.0,False,6.0,3.7,3.0,2.0,428.0,372.0,15.1,8.0,13.0,62.0,0.01,31.0,38.0,24.0,1441.0,462.0,3.8,43.9,33.92,0.2,0.55,5.79,5.31,,2026-08-25T05:40:10,https://www.screener.in/company/SUNDROP/consolidated/
ARKADE,2432.0,131.0,13.7,19.3,20.8,47.5,12.0,55.0,51.0,14.0,54.0,54.0,19.0,29.0,False,19.0,21.0,0.0,0.0,147.0,159.0,-7.5,0.0,99.0,149.0,0.11,-119.0,186.0,2.0,696.0,198.0,18.6,71.19,71.14,0.13,0.24,0.08,0.04,,2026-08-22T05:30:50,https://www.screener.in/company/ARKADE/consolidated/
MOLDTKPAC,2356.0,709.0,37.0,22.2,17.8,146.0,32.0,16.0,16.0,32.0,26.0,21.0,17.0,18.0,False,18.0,20.0,0.0,0.0,178.0,161.0,10.6,7.0,44.0,112.0,0.1,2.0,16.0,14.0,441.0,178.0,3.2,33.21,33.07,8.3,10.93,21.81,19.8,,2026-08-22T05:32:15,https://www.screener.in/company/MOLDTKPAC/consolidated/
AJMERA,2321.0,118.0,15.0,14.3,11.5,71.1,43.0,36.0,26.0,16.0,28.0,38.0,45.0,39.0,False,29.0,30.0,2.0,0.0,317.0,258.0,22.9,2.0,711.0,843.0,0.51,69.0,39.0,35.0,1359.0,738.0,19.5,68.56,68.23,0.95,0.78,0.82,1.22,,2026-08-22T05:35:56,https://www.screener.in/company/AJMERA/consolidated/
BOMDYEING,2306.0,112.0,108.0,1.27,0.28,111.0,-3.0,-18.0,4.0,-28.0,26.0,15.0,7.08,13.81,False,-0.14,-3.72,0.0,2.0,410.8,377.84,8.7,2.0,3.0,3642.0,0.0,-182.0,41.0,41.0,2244.0,-1287.0,20.5,53.57,53.58,0.91,0.89,0.99,0.98,,2026-08-22T05:32:25,https://www.screener.in/company/BOMDYEING/consolidated/
PRAKASH,2303.0,129.0,5.97,,14.1,174.0,,,,,,,,,False,,,,,,,,,818.0,,0.3,476.0,157.0,,2579.0,,15.7,44.38,44.38,3.72,4.36,0.04,0.01,,2026-08-22T05:35:03,https://www.screener.in/company/PRAKASH/consolidated/
REPCOHOME,2246.0,359.0,4.66,10.2,12.7,646.0,5.0,12.0,5.0,4.0,15.0,10.0,122.0,115.0,False,34.0,35.0,3.0,0.0,,,,,,,,-896.0,63.0,63.0,3978.0,2527.0,6.3,37.13,37.13,12.36,11.91,26.08,22.7,,2026-08-22T05:37:07,https://www.screener.in/company/REPCOHOME/consolidated/
PROTEAN,2232.0,549.0,26.0,12.7,10.0,265.0,21.0,10.0,11.0,-10.0,-1.0,3.0,5.86,23.85,False,4.95,7.78,0.0,0.0,250.96,210.84,19.0,6.0,87.0,8.0,0.08,78.0,41.0,40.0,1037.0,817.0,4.1,,,6.01,7.77,21.16,21.68,,2026-08-17T06:09:14,https://www.screener.in/company/PROTEAN/consolidated/
KCP,2226.0,173.0,12.6,12.2,12.2,138.0,7.0,5.0,9.0,-8.0,70.0,4.0,55.0,89.0,False,8.0,16.0,0.0,0.0,779.0,677.0,15.1,3.0,664.0,558.0,0.37,206.0,13.0,13.0,1769.0,1212.0,13.0,44.39,44.25,2.31,3.08,0.55,0.77,,2026-08-25T05:34:41,https://www.screener.in/company/KCP/consolidated/
TAJGVK,2197.0,350.0,15.3,13.3,12.0,163.0,22.0,10.0,40.0,14.0,3.0,35.0,32.0,26.0,False,30.0,30.0,2.0,0.0,165.0,106.0,55.7,9.0,128.0,141.0,0.12,173.0,13.0,13.0,1012.0,449.0,6.5,71.0,74.98,0.41,1.01,4.08,1.75,,2026-08-22T05:36:50,https://www.screener.in/company/TAJGVK/consolidated/
BAJEL,2181.0,188.0,80.8,11.0,4.1,64.6,2.0,,,109.0,,,4.73,2.96,False,3.27,2.66,2.0,6.0,566.88,607.64,-6.7,0.0,367.0,,0.49,21.0,23.0,,724.0,,11.5,62.53,62.55,0.53,0.67,9.2,8.66,,2026-08-25T05:34:14,https://www.screener.in/company/BAJEL/consolidated/
SHK,2179.0,157.0,46.1,5.85,3.71,98.4,10.0,12.0,12.0,-64.0,-11.0,-18.0,45.0,26.0,False,13.0,13.0,1.0,0.0,662.0,580.0,14.1,9.0,1029.0,620.0,0.76,263.0,138.0,138.0,1223.0,926.0,13.8,54.87,54.87,5.92,7.36,6.01,5.69,,2026-08-19T05:34:45,https://www.screener.in/company/SHK/consolidated/
HLEGLAS,2177.0,313.0,55.3,11.8,10.8,76.9,26.0,13.0,23.0,-30.0,-8.0,1.0,2.05,17.86,False,6.96,13.24,0.0,0.0,300.75,283.95,5.9,6.0,348.0,258.0,0.65,161.0,14.0,14.0,520.0,312.0,7.0,65.64,65.64,2.05,3.7,4.71,4.04,,2026-08-28T17:12:22,https://www.screener.in/company/HLEGLAS/consolidated/
SAKSOFT,2161.0,163.0,16.2,25.5,19.6,58.8,8.0,15.0,21.0,16.0,19.0,25.0,29.0,32.0,False,18.0,18.0,0.0,0.0,249.0,249.0,0.0,0.0,44.0,14.0,0.06,171.0,13.0,10.0,766.0,394.0,13.0,66.72,66.68,2.18,2.29,0.01,0.14,,2026-08-17T06:04:39,https://www.screener.in/company/SAKSOFT/consolidated/
PENIND,2152.0,159.0,15.1,15.3,12.8,86.2,9.0,8.0,19.0,14.0,23.0,70.0,35.0,32.0,False,11.0,10.0,9.0,2.0,870.0,846.0,2.8,7.0,1162.0,685.0,1.0,202.0,67.0,67.0,1096.0,711.0,13.4,39.67,39.67,3.98,6.74,5.9,1.98,,2026-08-22T05:33:03,https://www.screener.in/company/PENIND/consolidated/
BHARATRAS,2116.0,1273.0,14.5,17.4,13.3,767.0,-5.0,0.0,3.0,-1.0,8.0,-1.0,37.0,40.0,False,15.0,18.0,0.0,0.0,338.0,377.0,-10.3,0.0,1.0,28.0,0.0,132.0,8.0,4.0,1266.0,889.0,1.6,74.99,74.99,0.41,0.47,2.0,2.75,,2026-08-25T05:39:56,https://www.screener.in/company/BHARATRAS/consolidated/
LANDMARK,2102.0,507.0,44.6,9.26,6.86,141.0,21.0,13.0,20.0,156.0,-24.0,24.0,15.0,7.0,False,6.0,6.0,5.0,0.0,1302.0,1062.0,22.6,9.0,876.0,430.0,1.5,267.0,21.0,20.0,564.0,450.0,4.2,49.93,49.81,2.69,10.64,20.67,13.42,,2026-08-17T06:03:09,https://www.screener.in/company/LANDMARK/consolidated/
CAMLINFINE,2080.0,108.0,,4.78,3.75,54.2,9.0,1.0,8.0,-139.0,-14.0,-6.0,-34.0,-11.0,False,1.8,5.0,0.0,0.0,520.0,408.0,27.5,1.0,720.0,801.0,0.69,82.0,19.0,16.0,1022.0,804.0,19.0,48.03,49.08,0.91,2.11,5.42,5.48,,2026-08-19T05:38:52,https://www.screener.in/company/CAMLINFINE/consolidated/
TCIEXP,2077.0,540.0,24.8,13.8,10.4,213.0,5.0,0.0,,1.0,-16.0,,20.0,19.0,False,10.0,10.0,1.0,0.0,313.0,287.0,9.1,3.0,63.0,7.0,0.08,101.0,8.0,8.0,811.0,589.0,4.0,69.46,69.46,0.79,0.85,8.86,9.38,,2026-08-25T05:37:13,https://www.screener.in/company/TCIEXP/consolidated/
INDIANHUME,2065.0,392.0,22.1,9.51,4.21,282.0,-9.0,-5.0,1.0,9.0,3.0,8.0,24.0,22.0,False,10.0,11.0,1.0,0.0,303.0,307.0,-1.3,0.0,417.0,633.0,0.28,294.0,11.0,10.0,1474.0,686.0,5.5,72.34,72.34,0.39,0.42,0.75,2.2,,2026-08-25T05:38:45,https://www.screener.in/company/INDIANHUME/
CANTABIL,2048.0,245.0,21.0,19.4,22.1,57.2,16.0,16.0,28.0,25.0,13.0,58.0,16.0,15.0,False,33.0,31.0,3.0,4.0,179.0,159.0,12.6,9.0,544.0,286.0,1.14,199.0,17.0,16.0,461.0,205.0,8.5,74.46,74.09,2.16,4.14,0.21,0.88,,2026-08-22T05:36:21,https://www.screener.in/company/CANTABIL/
HPL,2041.0,317.0,21.4,13.5,9.92,156.0,15.0,13.0,16.0,0.0,47.0,57.0,19.0,18.0,False,12.0,15.0,1.0,0.0,515.0,383.0,34.5,4.0,755.0,600.0,0.76,226.0,64.0,64.0,936.0,729.0,6.4,72.66,72.66,0.75,0.34,0.1,0.19,,2026-08-22T05:37:32,https://www.screener.in/company/HPL/consolidated/
GMBREW,2010.0,880.0,14.5,18.0,12.5,472.0,17.0,,,-1.0,,,38.0,60.0,False,23.0,17.0,0.0,1.0,200.0,169.0,18.3,1.0,0.0,,0.0,-96.0,23.0,,1055.0,,2.3,74.43,74.43,0.61,0.37,0.0,0.01,,2026-08-25T05:37:37,https://www.screener.in/company/GMBREW/consolidated/
EPACK,1989.0,207.0,,4.55,0.34,99.8,3.0,7.0,21.0,-114.0,-54.0,-16.0,12.0,23.0,False,6.0,8.0,0.0,0.0,886.0,662.0,33.8,1.0,739.0,525.0,0.77,-140.0,96.0,52.0,864.0,262.0,9.6,46.44,47.91,0.34,1.48,5.24,5.91,,2026-08-19T05:36:36,https://www.screener.in/company/EPACK/consolidated/
GREENPANEL,1974.0,161.0,13.8,12.9,11.4,107.0,-12.0,15.0,21.0,-44.0,26.0,33.0,30.0,69.0,False,13.0,17.0,0.0,0.0,397.0,441.0,-10.0,0.0,296.0,447.0,0.22,135.0,12.0,12.0,1305.0,718.0,12.0,53.26,53.13,0.94,1.36,28.49,29.62,,2026-08-22T05:34:28,https://www.screener.in/company/GREENPANEL/consolidated/
BFUTILITIE,1961.0,521.0,12.8,29.9,113.0,53.5,-14.0,18.0,9.0,-1.0,47.0,39.0,103.0,79.0,False,76.0,77.0,8.0,0.0,235.0,197.0,19.3,1.0,932.0,1631.0,4.61,540.0,19.0,19.0,183.0,-190.0,3.8,56.73,56.73,1.61,1.63,0.06,0.14,,2026-08-25T05:35:04,https://www.screener.in/company/BFUTILITIE/consolidated/
SPANDANA,1937.0,244.0,,-5.78,-29.4,240.0,-48.0,-10.0,-7.0,77.0,,,12.0,-360.0,True,0.0,-160.0,3.0,3.0,,,,,,,,882.0,80.0,71.0,2049.0,3028.0,8.0,48.16,48.16,19.29,20.26,5.68,6.12,,2026-08-19T05:36:42,https://www.screener.in/company/SPANDANA/consolidated/
NUCLEUS,1927.0,732.0,16.9,16.8,13.1,345.0,2.0,11.0,11.0,-32.0,0.0,2.0,24.0,35.0,False,3.8,16.0,0.0,0.0,210.0,218.0,-3.7,0.0,9.0,6.0,0.01,117.0,26.0,27.0,881.0,584.0,2.6,73.59,73.59,3.32,5.18,1.48,1.49,,2026-08-25T05:37:03,https://www.screener.in/company/NUCLEUS/consolidated/
LAOPALA,1922.0,173.0,20.3,14.2,10.2,73.9,-3.0,-12.0,8.0,-4.0,-12.0,11.0,26.0,25.0,False,36.0,37.0,1.0,0.0,71.0,65.0,9.2,1.0,9.0,13.0,0.01,68.0,22.0,22.0,798.0,753.0,11.0,66.28,65.84,0.47,0.83,18.6,19.92,,2026-08-22T05:35:07,https://www.screener.in/company/LAOPALA/
TEAMLEASE,1903.0,1245.0,12.4,15.4,14.8,622.0,4.0,14.0,19.0,34.0,10.0,13.0,34.0,25.0,False,1.0,1.1,6.0,0.0,3035.0,2891.0,5.0,9.0,116.0,100.0,0.11,302.0,17.0,17.0,1027.0,791.0,1.7,31.11,31.11,6.95,6.68,47.81,50.72,,2026-08-22T05:37:11,https://www.screener.in/company/TEAMLEASE/consolidated/
KRSNAA,1822.0,562.0,18.7,12.7,10.9,302.0,10.0,17.0,,22.0,18.0,,17.0,21.0,False,25.0,27.0,0.0,0.0,236.0,193.0,22.3,9.0,534.0,32.0,0.54,143.0,16.0,16.0,964.0,723.0,3.2,27.11,27.11,4.28,3.66,14.51,14.96,,2026-08-22T05:32:59,https://www.screener.in/company/KRSNAA/consolidated/
GOCOLORS,1795.0,341.0,101.0,22.7,19.3,,60.0,,,249.0,,,,,False,,,,,,,,,52.0,,0.37,-8.0,10.0,,129.0,,1.0,55.45,52.78,3.5,8.6,25.88,35.0,,2026-08-19T05:38:36,https://www.screener.in/company/GOCOLORS/consolidated/
5PAISA,1772.0,378.0,40.1,9.94,7.04,138.0,-1.0,-2.0,10.0,-26.0,0.0,25.0,12.0,12.0,False,30.0,32.0,0.0,0.0,88.0,78.0,12.8,2.0,379.0,169.0,0.58,-104.0,31.0,31.0,618.0,433.0,3.1,36.5,32.74,15.11,21.68,0.0,0.25,,2026-08-25T05:37:23,https://www.screener.in/company/5PAISA/consolidated/
TIRUMALCHM,1771.0,147.0,,-3.15,-11.8,130.0,-6.0,-7.0,10.0,-29.0,,,-44.0,-60.0,False,6.0,-6.0,1.0,1.0,547.0,450.0,21.6,1.0,2175.0,514.0,1.39,-131.0,12.0,10.0,1552.0,1182.0,12.0,37.13,36.13,1.46,2.15,10.07,9.32,,2026-08-19T05:36:19,https://www.screener.in/company/TIRUMALCHM/consolidated/
KPEL,1770.0,261.0,9.74,39.2,43.4,77.4,74.0,51.0,84.0,49.0,62.0,97.0,26.0,25.0,False,12.0,22.0,9.0,0.0,519.0,220.0,135.9,9.0,442.0,49.0,0.84,123.0,34.0,11.0,490.0,117.0,6.8,45.31,44.88,0.53,0.49,1.03,1.04,,2026-08-19T05:38:00,https://www.screener.in/company/KPEL/consolidated/
NDRAUTO,1760.0,740.0,26.9,22.2,18.9,150.0,18.0,28.0,48.0,18.0,29.0,49.0,16.0,14.0,False,11.0,11.0,9.0,0.0,221.0,185.0,19.5,9.0,62.0,34.0,0.17,37.0,24.0,6.0,334.0,212.0,2.4,73.13,73.13,0.08,0.18,0.01,0.0,,2026-08-25T05:39:53,https://www.screener.in/company/NDRAUTO/consolidated/
CAPACITE,1747.0,206.0,9.42,15.5,10.4,226.0,12.0,13.0,24.0,-5.0,24.0,162.0,40.0,47.0,False,16.0,17.0,0.0,0.0,629.0,589.0,6.8,9.0,483.0,374.0,0.25,223.0,85.0,68.0,1824.0,1006.0,8.5,31.69,31.69,14.16,13.95,7.73,8.48,,2026-08-19T05:37:21,https://www.screener.in/company/CAPACITE/consolidated/
GARUDA,1712.0,184.0,12.6,41.8,31.2,48.8,84.0,,,97.0,,,42.0,28.0,False,32.0,29.0,5.0,4.0,175.0,125.0,40.0,5.0,12.0,,0.03,78.0,47.0,,408.0,,9.4,67.56,67.56,2.63,3.09,0.23,1.12,,2026-08-22T05:30:04,https://www.screener.in/company/GARUDA/consolidated/
JINDRILL,1690.0,583.0,8.7,15.4,12.5,628.0,12.0,25.0,20.0,-18.0,31.0,110.0,47.0,66.0,False,36.0,42.0,0.0,0.0,275.0,254.0,8.3,9.0,93.0,207.0,0.05,178.0,14.0,14.0,1806.0,1295.0,2.8,66.78,64.39,0.42,2.04,0.01,0.2,,2026-08-17T06:08:46,https://www.screener.in/company/JINDRILL/consolidated/
BFINVEST,1683.0,447.0,4.32,4.86,3.65,2267.0,23.0,35.0,36.0,399.0,3.0,1.0,146.0,38.0,False,90.0,85.0,4.0,2.0,11.0,9.0,22.2,3.0,0.0,0.0,0.0,33.0,19.0,19.0,8520.0,4671.0,3.8,74.13,74.13,0.7,0.66,0.14,0.28,,2026-08-25T05:37:43,https://www.screener.in/company/BFINVEST/consolidated/
INSECTICID,1678.0,577.0,13.4,15.8,12.0,419.0,1.0,6.0,9.0,-17.0,30.0,6.0,44.0,58.0,False,11.0,12.0,0.0,0.0,612.0,691.0,-11.4,0.0,157.0,163.0,0.13,100.0,29.0,30.0,1191.0,889.0,2.9,72.3,72.3,4.4,4.51,9.26,9.5,,2026-08-25T05:41:07,https://www.screener.in/company/INSECTICID/consolidated/
SPMLINFRA,1637.0,193.0,19.2,6.76,8.69,120.0,38.0,-1.0,5.0,81.0,476.0,56.0,23.0,12.0,False,9.0,4.6,4.0,3.0,284.0,156.0,82.1,4.0,358.0,1771.0,0.38,-113.0,17.0,10.0,932.0,315.0,8.5,40.51,37.79,0.39,0.15,1.84,1.79,,2026-08-22T05:36:24,https://www.screener.in/company/SPMLINFRA/consolidated/
WENDT,1636.0,8182.0,96.6,7.82,4.89,1269.0,8.0,4.0,12.0,-52.0,-32.0,1.0,6.18,3.78,False,15.43,13.95,1.0,1.0,71.28,52.17,36.6,1.0,0.0,0.0,0.0,22.0,2.0,2.0,252.0,187.0,0.2,37.5,37.5,1.16,1.81,11.96,9.63,,2026-08-22T05:33:28,https://www.screener.in/company/WENDT/consolidated/
HINDWAREAP,1635.0,195.0,,7.07,0.14,88.1,6.0,-4.0,7.0,79.0,-74.0,-55.0,4.37,-29.07,True,8.02,9.18,4.0,0.0,625.25,531.16,17.7,1.0,856.0,958.0,1.16,258.0,17.0,14.0,720.0,561.0,8.5,52.74,52.74,5.14,3.16,3.72,6.35,,2026-08-25T05:37:06,https://www.screener.in/company/HINDWAREAP/consolidated/
IPL,1621.0,141.0,15.1,16.6,12.5,87.7,17.0,6.0,10.0,9.0,-6.0,-2.0,23.0,35.0,False,14.0,16.0,0.0,0.0,252.0,275.0,-8.4,0.0,110.0,13.0,0.11,62.0,12.0,12.0,998.0,762.0,12.0,63.65,63.65,0.2,2.78,0.02,0.02,,2026-08-25T05:37:40,https://www.screener.in/company/IPL/consolidated/
SURYODAY,1600.0,150.0,8.32,7.33,7.58,196.0,17.0,22.0,23.0,139.0,25.0,66.0,75.0,35.0,False,-7.0,-12.0,3.0,2.0,,,,,,,,652.0,106.0,106.0,1972.0,1479.0,10.6,22.48,22.43,5.35,4.67,5.47,6.62,,2026-08-17T06:10:26,https://www.screener.in/company/SURYODAY/
MOBIKWIK,1600.0,203.0,544.0,-2.24,-8.26,68.4,3.0,28.0,31.0,102.0,13.0,10.0,7.62,-41.92,True,2.88,-15.27,3.0,3.0,281.48,271.36,3.7,3.0,276.0,206.0,0.51,-78.0,16.0,11.0,523.0,131.0,8.0,25.08,24.87,4.48,3.74,3.52,4.31,,2026-08-16T05:19:34,https://www.screener.in/company/MOBIKWIK/consolidated/
CLSEL,1570.0,316.0,12.5,18.3,14.6,169.0,3.0,1.0,11.0,23.0,-1.0,7.0,32.0,22.0,False,13.0,10.0,3.0,3.0,346.0,307.0,12.7,3.0,83.0,121.0,0.1,51.0,10.0,10.0,828.0,598.0,5.0,74.05,74.05,3.3,2.81,1.57,1.97,,2026-08-25T05:40:23,https://www.screener.in/company/CLSEL/
MBEL,1565.0,274.0,16.1,23.0,19.4,115.0,21.0,13.0,25.0,11.0,42.0,74.0,22.0,18.0,False,11.0,12.0,1.0,0.0,291.0,238.0,22.3,5.0,84.0,149.0,0.13,-31.0,57.0,20.0,600.0,161.0,5.7,70.61,70.45,0.84,4.75,9.64,13.46,,2026-08-22T05:34:13,https://www.screener.in/company/MBEL/consolidated/
DLINKINDIA,1547.0,436.0,14.4,25.9,18.1,142.0,20.0,10.0,17.0,2.0,2.0,23.0,28.0,24.0,False,8.0,8.0,3.0,0.0,457.0,350.0,30.6,9.0,15.0,10.0,0.03,15.0,7.0,7.0,499.0,371.0,3.5,51.02,51.02,1.35,1.11,0.01,0.01,,2026-08-22T05:33:13,https://www.screener.in/company/DLINKINDIA/consolidated/
INFOBEAN,1527.0,158.0,18.0,29.2,23.2,42.6,35.0,10.0,23.0,56.0,34.0,18.0,22.0,23.0,False,21.0,21.0,0.0,0.0,153.0,112.0,36.6,9.0,15.0,36.0,0.04,85.0,97.0,24.0,317.0,247.0,9.7,72.82,74.4,0.41,0.55,0.0,0.36,,2026-08-22T05:34:34,https://www.screener.in/company/INFOBEAN/consolidated/
AMRUTANJAN,1518.0,525.0,74.5,31.4,20.0,37.2,12.0,11.0,12.0,37.0,27.0,15.0,,,False,,,,,,,,,2.0,15.0,0.02,21.0,3.0,3.0,106.0,79.0,3.0,46.52,46.52,2.44,2.38,12.29,12.9,,2026-08-25T05:34:37,https://www.screener.in/company/AMRUTANJAN/consolidated/
ASALCBR,1451.0,723.0,17.6,18.0,14.6,346.0,-5.0,,,-5.0,,,18.0,24.0,False,11.0,14.0,0.0,0.0,281.0,267.0,5.2,1.0,69.0,92.0,0.1,52.0,20.0,9.0,675.0,48.0,2.0,62.35,61.22,0.68,0.48,1.26,0.03,,2026-08-25T05:35:49,https://www.screener.in/company/ASALCBR/consolidated/
GPTINFRA,1441.0,114.0,14.6,21.4,17.3,47.7,2.0,17.0,16.0,13.0,46.0,37.0,24.0,25.0,False,16.0,12.0,0.0,4.0,302.0,313.0,-3.5,0.0,294.0,252.0,0.49,64.0,126.0,58.0,476.0,219.0,12.6,69.37,69.22,2.96,3.18,7.03,7.56,50.8,2026-08-25T05:41:25,https://www.screener.in/company/GPTINFRA/consolidated/
UDS,1419.0,212.0,15.6,9.92,8.83,157.0,8.0,12.0,19.0,-25.0,35.0,13.0,30.0,29.0,False,6.0,6.0,1.0,0.0,764.0,700.0,9.1,9.0,45.0,220.0,0.04,144.0,67.0,53.0,985.0,328.0,6.7,59.09,58.91,3.5,3.56,9.41,13.13,,2026-08-19T05:39:02,https://www.screener.in/company/UDS/consolidated/
SIGNPOST,1415.0,265.0,19.2,24.9,27.6,53.8,20.0,20.0,,94.0,26.0,,19.0,15.0,False,23.0,23.0,3.0,0.0,152.0,138.0,10.1,9.0,203.0,98.0,0.7,22.0,11.0,11.0,277.0,137.0,5.5,60.38,67.74,0.23,0.05,0.02,0.03,,2026-08-22T05:37:55,https://www.screener.in/company/SIGNPOST/consolidated/
ATULAUTO,1365.0,492.0,28.3,11.4,9.35,174.0,20.0,17.0,23.0,107.0,125.0,47.0,8.04,2.06,False,7.72,6.55,7.0,5.0,218.43,152.78,43.0,9.0,145.0,171.0,0.3,47.0,14.0,12.0,470.0,336.0,2.8,42.7,42.7,0.53,0.01,0.07,0.1,,2026-08-19T05:37:35,https://www.screener.in/company/ATULAUTO/consolidated/
EXPLEOSOL,1362.0,878.0,9.26,24.2,18.7,500.0,10.0,7.0,30.0,47.0,0.0,21.0,34.0,20.0,False,15.0,11.0,4.0,1.0,292.0,260.0,12.3,9.0,8.0,26.0,0.01,119.0,16.0,16.0,761.0,515.0,1.6,71.05,71.05,0.13,0.13,0.12,0.84,,2026-08-25T05:34:27,https://www.screener.in/company/EXPLEOSOL/consolidated/
IGARASHI,1346.0,428.0,,,-6.68,,,,,,,,,,False,,,,,,,,,62.0,,0.87,-25.0,14.0,,57.0,,1.4,75.0,75.0,0.5,0.12,3.65,2.21,,2026-08-25T05:34:34,https://www.screener.in/company/IGARASHI/consolidated/
ASTEC,1319.0,592.0,,-5.44,-25.2,175.0,9.0,-11.0,-4.0,50.0,,,-19.0,-33.0,False,-0.8,-12.0,5.0,5.0,84.0,91.0,-7.7,0.0,449.0,341.0,1.15,-81.0,22.0,20.0,368.0,400.0,2.2,71.97,72.42,0.01,0.0,3.33,4.01,,2026-08-25T05:38:05,https://www.screener.in/company/ASTEC/consolidated/
ALLTIME,1302.0,199.0,34.7,11.6,8.96,93.6,5.0,,,-22.0,,,12.0,13.0,False,14.0,18.0,0.0,0.0,162.0,158.0,2.5,1.0,86.0,,0.14,86.0,13.0,,600.0,,6.5,70.15,70.14,2.98,3.36,10.36,10.95,,2026-08-25T05:40:13,https://www.screener.in/company/ALLTIME/consolidated/
BHARATWIRE,1277.0,186.0,13.3,18.7,42.2,40.8,6.0,,,55.0,,,22.0,16.0,False,25.0,28.0,3.0,0.0,147.0,162.0,-9.3,0.0,515.0,,1.85,85.0,68.0,,210.0,,6.8,41.27,41.27,2.06,2.06,19.0,2.6,51.0,2026-08-25T05:34:44,https://www.screener.in/company/BHARATWIRE/consolidated/
EKC,1260.0,112.0,9.49,11.6,11.3,125.0,-7.0,5.0,9.0,15.0,18.0,18.0,30.0,52.0,False,14.0,16.0,0.0,0.0,346.0,387.0,-10.6,0.0,267.0,96.0,0.19,142.0,22.0,22.0,1377.0,977.0,11.0,67.38,67.38,1.19,1.67,0.29,0.16,,2026-08-25T05:36:49,https://www.screener.in/company/EKC/consolidated/
GODAVARIB,1250.0,244.0,43.1,6.55,4.28,154.0,7.0,0.0,5.0,318.0,18.0,5.0,-19.0,-16.0,False,0.1,1.1,0.0,0.0,558.0,533.0,4.7,1.0,531.0,736.0,0.67,171.0,51.0,42.0,737.0,448.0,5.1,63.31,63.31,0.22,0.6,10.02,11.98,,2026-08-22T05:35:49,https://www.screener.in/company/GODAVARIB/consolidated/
PRECAM,1241.0,131.0,39.4,7.28,3.03,88.0,-5.0,-11.0,2.0,-11.0,-19.0,63.0,8.45,18.82,False,3.84,7.47,0.0,0.0,187.89,195.0,-3.6,0.0,54.0,105.0,0.06,120.0,95.0,95.0,741.0,622.0,9.5,65.37,65.37,0.26,0.2,0.0,0.01,,2026-08-25T05:41:00,https://www.screener.in/company/PRECAM/consolidated/
SULA,1231.0,146.0,47.5,7.55,4.61,69.6,-2.0,2.0,8.0,-55.0,-32.0,32.0,1.06,1.94,False,14.71,16.69,0.0,0.0,112.87,109.64,2.9,2.0,333.0,203.0,0.57,101.0,17.0,17.0,571.0,515.0,8.5,24.62,24.35,0.68,4.05,16.22,18.01,,2026-08-19T05:39:09,https://www.screener.in/company/SULA/consolidated/
LINCOLN,1222.0,610.0,12.7,16.3,12.3,378.0,10.0,10.0,10.0,12.0,7.0,7.0,36.0,28.0,False,15.0,15.0,1.0,0.0,177.0,154.0,14.9,9.0,4.0,2.0,0.01,106.0,20.0,20.0,738.0,482.0,2.0,49.78,49.78,4.6,4.73,0.27,0.01,,2026-08-25T05:39:43,https://www.screener.in/company/LINCOLN/consolidated/
FINOPB,1214.0,146.0,49.6,4.53,7.37,92.6,23.0,38.0,65.0,-72.0,-5.0,21.0,-14.0,18.0,False,-295.0,-557.0,0.0,9.0,72.0,61.0,18.0,9.0,3915.0,1351.0,5.08,-307.0,83.0,83.0,687.0,469.0,8.3,75.0,75.0,0.31,2.67,0.0,3.35,,2026-08-17T06:09:34,https://www.screener.in/company/FINOPB/
RUPA,1208.0,152.0,15.4,9.55,7.36,134.0,5.0,3.0,-1.0,-2.0,13.0,-15.0,8.26,5.52,False,7.78,6.65,2.0,2.0,202.43,183.9,10.1,2.0,258.0,258.0,0.24,45.0,8.0,8.0,1058.0,904.0,8.0,73.28,73.28,0.12,0.78,3.49,4.06,,2026-08-25T05:40:03,https://www.screener.in/company/RUPA/consolidated/
FAZE3Q,1198.0,491.0,39.3,10.1,6.44,186.0,25.0,18.0,23.0,-34.0,-22.0,2.0,9.64,12.77,False,9.32,11.63,0.0,0.0,229.39,211.97,8.2,9.0,275.0,174.0,0.61,58.0,24.0,24.0,428.0,310.0,2.4,58.01,57.95,0.0,0.01,0.77,0.97,,2026-08-28T17:12:47,https://www.screener.in/company/FAZE3Q/consolidated/
RIIL,1187.0,786.0,97.9,3.01,2.65,314.0,-16.0,-13.0,-4.0,0.0,4.0,5.0,2.84,3.1,False,-37.27,-15.97,0.0,0.0,8.64,12.46,-30.7,0.0,0.0,0.0,0.0,-36.0,15.0,15.0,459.0,416.0,1.5,45.43,45.43,0.65,0.79,0.0,0.0,,2026-08-22T05:36:09,https://www.screener.in/company/RIIL/consolidated/
GULPOLY,1165.0,187.0,27.3,6.3,3.91,103.0,35.0,22.0,,93.0,-35.0,,16.0,1.0,False,8.0,3.7,2.0,4.0,542.0,440.0,23.2,9.0,453.0,253.0,0.71,42.0,6.0,5.0,634.0,570.0,6.0,66.8,66.71,0.32,0.0,0.0,0.07,,2026-08-19T05:39:06,https://www.screener.in/company/GULPOLY/consolidated/
BIRLANU,1157.0,1534.0,,-4.29,-14.9,1472.0,8.0,2.0,4.0,-7.0,,,9.4,-1.32,True,6.21,3.77,2.0,1.0,1174.02,1052.28,11.6,4.0,1112.0,432.0,1.0,119.0,8.0,8.0,1103.0,1236.0,0.8,40.57,40.57,2.74,2.23,0.08,0.15,,2026-08-25T05:38:27,https://www.screener.in/company/BIRLANU/consolidated/
MONTECARLO,1145.0,552.0,10.9,14.0,12.9,437.0,16.0,5.0,15.0,34.0,-5.0,11.0,-23.0,-16.0,False,-9.0,-4.2,0.0,0.0,149.0,139.0,7.2,5.0,580.0,331.0,0.64,100.0,21.0,21.0,885.0,756.0,2.1,73.17,73.17,1.21,1.12,1.57,1.44,,2026-08-25T05:34:04,https://www.screener.in/company/MONTECARLO/consolidated/
PLATIND,1140.0,208.0,22.5,15.7,12.7,80.7,10.0,25.0,38.0,15.0,11.0,61.0,11.0,13.0,False,12.0,13.0,0.0,0.0,109.0,115.0,-5.2,0.0,10.0,22.0,0.02,-1.0,55.0,40.0,388.0,22.0,5.5,70.03,71.0,0.35,0.59,3.68,2.95,,2026-08-25T05:41:35,https://www.screener.in/company/PLATIND/consolidated/
ORIENTTECH,1128.0,246.0,45.0,,7.46,73.4,,,,,,,,,False,,,,,,,,,62.0,,0.18,-19.0,46.0,,291.0,,4.6,70.66,73.24,0.06,0.16,0.0,0.0,,2026-08-19T05:40:38,https://www.screener.in/company/ORIENTTECH/consolidated/
AWHCL,1090.0,384.0,18.6,11.2,10.9,260.0,12.0,7.0,18.0,-13.0,3.0,11.0,0.74,22.96,False,14.25,22.26,0.0,0.0,260.99,247.34,5.5,7.0,459.0,355.0,0.62,143.0,14.0,14.0,725.0,472.0,2.8,46.08,46.08,13.08,12.81,3.38,3.68,,2026-08-22T05:36:06,https://www.screener.in/company/AWHCL/consolidated/
ARIS,1083.0,132.0,16.4,15.6,11.2,90.4,45.0,13.0,,1506.0,80.0,,20.0,5.0,False,11.0,9.0,4.0,6.0,291.0,212.0,37.3,6.0,70.0,224.0,0.09,142.0,16.0,1.0,723.0,104.0,8.0,37.57,37.93,1.94,2.58,1.09,3.75,,2026-08-17T06:02:57,https://www.screener.in/company/ARIS/consolidated/
HARIOMPIPE,1079.0,348.0,15.7,15.7,12.4,209.0,11.0,,,1.0,,,17.0,24.0,False,12.0,12.0,0.0,0.0,429.0,461.0,-6.9,0.0,378.0,,0.58,192.0,31.0,,616.0,,3.1,57.27,57.27,10.25,9.53,0.07,0.16,,2026-08-22T05:31:31,https://www.screener.in/company/HARIOMPIPE/consolidated/
SRM,1073.0,468.0,9.1,37.1,34.3,162.0,75.0,51.0,45.0,87.0,81.0,68.0,20.0,13.0,False,19.0,14.0,7.0,3.0,196.0,142.0,38.0,7.0,135.0,47.0,0.36,92.0,23.0,17.0,348.0,47.0,2.3,72.59,72.39,0.1,0.16,0.25,1.52,,2026-08-22T05:33:41,https://www.screener.in/company/SRM/consolidated/
MATRIMONY,1067.0,515.0,23.8,17.4,15.2,99.9,5.0,0.0,4.0,13.0,-7.0,-3.0,19.0,8.0,False,20.0,11.0,2.0,2.0,131.0,115.0,13.9,3.0,49.0,68.0,0.24,75.0,10.0,11.0,196.0,242.0,2.0,58.43,54.26,19.2,22.23,5.17,7.5,,2026-08-28T17:13:05,https://www.screener.in/company/MATRIMONY/consolidated/
LAXMIDENTL,1059.0,192.0,30.5,14.9,14.8,44.3,17.0,20.0,25.0,50.0,124.0,103.0,10.0,8.0,False,19.0,18.0,2.0,2.0,75.0,66.0,13.6,7.0,13.0,50.0,0.05,-5.0,11.0,0.31,232.0,6.0,5.5,41.8,41.7,30.1,32.39,10.89,11.85,,2026-08-25T05:35:01,https://www.screener.in/company/LAXMIDENTL/consolidated/
MAMATA,1034.0,420.0,94.3,12.6,9.64,75.2,-13.0,5.0,9.0,-75.0,-9.0,4.0,-3.47,2.65,False,-12.98,7.99,0.0,0.0,36.28,38.66,-6.2,0.0,8.0,20.0,0.04,2.0,25.0,3.0,160.0,125.0,2.5,62.45,62.45,0.35,0.2,1.75,0.27,,2026-08-22T05:37:28,https://www.screener.in/company/MAMATA/consolidated/
DAMCAPITAL,1021.0,144.0,14.1,35.4,24.4,47.0,-5.0,41.0,,-30.0,103.0,,0.15,0.23,False,19.93,19.55,0.0,1.0,29.86,30.85,-3.2,0.0,3.0,3.0,0.01,37.0,14.0,14.0,318.0,81.0,7.0,40.0,40.0,0.99,1.76,7.86,10.35,,2026-08-22T05:33:47,https://www.screener.in/company/DAMCAPITAL/consolidated/
NELCAST,1005.0,116.0,24.5,11.4,8.43,68.6,4.0,2.0,17.0,1.0,17.0,40.0,5.14,12.5,False,4.62,8.51,0.0,0.0,341.05,331.86,2.8,3.0,257.0,304.0,0.43,92.0,17.0,17.0,579.0,451.0,8.5,74.87,74.87,0.39,0.79,0.12,0.01,,2026-08-25T05:39:36,https://www.screener.in/company/NELCAST/consolidated/
