symbol,company,series,last_close,market_cap_cr,median_turnover_cr,median_trades,band_pct,gsm_stage,asm,exclude_reason,mcap_pending
HDFCBANK,HDFC Bank Limited,EQ,702.75,1152536.0,2158.87,287448.0,,,,not penny/nano — price >= Rs100 and mcap >= Rs1000 Cr,False
MONEYVIEW,Moneyview Limited,EQ,60.46,,1789.124,607130.5,20.0,,,"listed 6d ago — under a year of history, no trend to read; closed at circuit on 50% of sessions — a stop cannot fill in a locked market",False
RELIANCE,Reliance Industries Limited,EQ,1207.7,1769785.0,1603.508,212698.0,,,,not penny/nano — price >= Rs100 and mcap >= Rs1000 Cr,False
BSE,BSE Limited,EQ,3356.0,148509.0,1431.653,192407.0,,,,not penny/nano — price >= Rs100 and mcap >= Rs1000 Cr,False
HEROMOTORS,Hero Motors Limited,EQ,170.84,,1424.73,475184.0,10.0,,ST Stage I,"ASM ST Stage I — surveillance: 100% margin, no intraday, no pledging; listed 14d ago — under a year of history, no trend to read; closed at circuit on 50% of sessions — a stop cannot fill in a locked market",False
ICICIBANK,ICICI Bank Limited,EQ,1357.5,1029986.0,1375.969,154389.0,,,,not penny/nano — price >= Rs100 and mcap >= Rs1000 Cr,False
SSRETAIL,SS Retail Limited,EQ,720.3,,1124.828,341310.0,20.0,,,"listed 14d ago — under a year of history, no trend to read",False
INFY,Infosys Limited,EQ,992.0,458547.0,855.769,167463.0,,,,not penny/nano — price >= Rs100 and mcap >= Rs1000 Cr,False
BHARTIARTL,Bharti Airtel Limited,EQ,1833.9,1230536.0,839.778,137901.0,,,,not penny/nano — price >= Rs100 and mcap >= Rs1000 Cr,False
SBIN,State Bank of India,EQ,954.0,948354.0,774.447,168692.0,,,,not penny/nano — price >= Rs100 and mcap >= Rs1000 Cr,False
AXISBANK,Axis Bank Limited,EQ,1242.5,382542.0,707.137,133668.0,,,,not penny/nano — price >= Rs100 and mcap >= Rs1000 Cr,False
ETERNAL,ETERNAL LIMITED,EQ,328.0,291875.0,675.163,145685.0,,,,not penny/nano — price >= Rs100 and mcap >= Rs1000 Cr,False
MCX,Multi Commodity Exchange of India Limited,EQ,3362.6,81699.0,630.763,101492.0,,,,not penny/nano — price >= Rs100 and mcap >= Rs1000 Cr,False
M&M,Mahindra & Mahindra Limited,EQ,2800.0,422613.0,626.474,99894.0,,,,not penny/nano — price >= Rs100 and mcap >= Rs1000 Cr,False
KANOHAR,Kanohar Electricals Limited,EQ,1091.05,,597.769,215510.0,20.0,,,"listed 21d ago — under a year of history, no trend to read",False
TCS,Tata Consultancy Services Limited,EQ,2080.3,855895.0,595.101,109560.0,,,,not penny/nano — price >= Rs100 and mcap >= Rs1000 Cr,False
ORIENTCABL,Orient Cables (India) Limited,EQ,418.4,,591.022,152663.0,10.0,,,"listed 2d ago — under a year of history, no trend to read; closed at circuit on 33% of sessions — a stop cannot fill in a locked market",False
BAJFINANCE,Bajaj Finance Limited,EQ,963.85,710506.0,588.175,120781.0,,,,not penny/nano — price >= Rs100 and mcap >= Rs1000 Cr,False
ATHERENERG,Ather Energy Limited,EQ,1455.0,55766.0,588.014,103405.0,,,,not penny/nano — price >= Rs100 and mcap >= Rs1000 Cr,False
PAYTM,One 97 Communications Limited,EQ,1732.0,106250.0,568.34,92484.0,,,,not penny/nano — price >= Rs100 and mcap >= Rs1000 Cr,False
IDEA,Vodafone Idea Limited,EQ,13.18,136946.0,549.573,565780.0,,,,"not penny/nano — too big on both arms: a Rs13 share of a Rs136,946 Cr company (the price arm's ceiling is Rs5,000 Cr — a cheap share is not a small company)",False
IFCI,IFCI Limited,EQ,64.03,17551.0,539.495,152520.0,20.0,,,"not penny/nano — too big on both arms: a Rs64 share of a Rs17,551 Cr company (the price arm's ceiling is Rs5,000 Cr — a cheap share is not a small company)",False
LT,Larsen & Toubro Limited,EQ,3701.5,541940.0,527.079,85491.0,,,,not penny/nano — price >= Rs100 and mcap >= Rs1000 Cr,False
KOTAKBANK,Kotak Mahindra Bank Limited,EQ,440.0,388246.0,520.479,133757.0,,,,not penny/nano — price >= Rs100 and mcap >= Rs1000 Cr,False
WELCORP,Welspun Corp Limited,EQ,2704.6,68739.0,489.268,116570.0,20.0,,LT Stage I,"ASM LT Stage I — surveillance: 100% margin, no intraday, no pledging",False
PCJEWELLER,PC Jeweller Limited,EQ,13.14,9011.0,470.744,157305.0,20.0,,ST Stage I,"ASM ST Stage I — surveillance: 100% margin, no intraday, no pledging",False
CUPID,Cupid Limited,EQ,343.95,42021.0,467.734,111152.0,20.0,,LT Stage I,"ASM LT Stage I — surveillance: 100% margin, no intraday, no pledging",False
MARUTI,Maruti Suzuki India Limited,EQ,11450.0,447521.0,467.041,51635.0,,,,not penny/nano — price >= Rs100 and mcap >= Rs1000 Cr,False
TATASTEEL,Tata Steel Limited,EQ,175.64,236800.0,449.019,129694.0,,,,not penny/nano — price >= Rs100 and mcap >= Rs1000 Cr,False
DIVISLAB,Divi's Laboratories Limited,EQ,9588.0,213861.0,444.592,48476.0,,,,not penny/nano — price >= Rs100 and mcap >= Rs1000 Cr,False
NETWEB,Netweb Technologies India Limited,EQ,4685.4,29884.0,444.565,72447.0,20.0,,,not penny/nano — price >= Rs100 and mcap >= Rs1000 Cr,False
SHRIRAMFIN,Shriram Finance Limited,EQ,948.0,246283.0,431.167,94768.0,,,,not penny/nano — price >= Rs100 and mcap >= Rs1000 Cr,False
KALYANKJIL,Kalyan Jewellers India Limited,EQ,569.0,62817.0,419.618,78609.0,,,,not penny/nano — price >= Rs100 and mcap >= Rs1000 Cr,False
GROWW,Billionbrains Garage Ventures Limited,EQ,197.75,,416.879,140085.0,20.0,,,"listed 329d ago — under a year of history, no trend to read",False
PINELABS,Pine Labs Limited,EQ,177.67,,403.28,130191.0,20.0,,,"listed 327d ago — under a year of history, no trend to read",False
SWIGGY,Swiggy Limited,EQ,246.0,78630.0,402.587,82687.0,,,,not penny/nano — price >= Rs100 and mcap >= Rs1000 Cr,False
BEL,Bharat Electronics Limited,EQ,378.3,283510.0,387.137,101506.0,,,,not penny/nano — price >= Rs100 and mcap >= Rs1000 Cr,False
SOLARINDS,Solar Industries India Limited,EQ,20050.0,166420.0,383.077,42082.0,,,,not penny/nano — price >= Rs100 and mcap >= Rs1000 Cr,False
ADANIPOWER,Adani Power Limited,EQ,196.94,407505.0,374.074,91396.0,,,,not penny/nano — price >= Rs100 and mcap >= Rs1000 Cr,False
DIXON,Dixon Technologies (India) Limited,EQ,13024.0,85899.0,369.251,41345.0,,,,not penny/nano — price >= Rs100 and mcap >= Rs1000 Cr,False
MEESHO,Meesho Limited,EQ,236.52,,362.975,129113.0,20.0,,,"listed 301d ago — under a year of history, no trend to read",False
LENSKART,Lenskart Solutions Limited,EQ,681.3,,362.917,115855.0,20.0,,,"listed 331d ago — under a year of history, no trend to read",False
ADANIENT,Adani Enterprises Limited,EQ,2743.0,407310.0,358.259,59017.0,,,,not penny/nano — price >= Rs100 and mcap >= Rs1000 Cr,False
SILVERBEES,,,209.02,,358.079,60965.0,,,,not in the NSE equity master (ETF / REIT / InvIT — not a company),False
RAYMOND,Raymond Limited,EQ,1206.7,4094.0,357.739,102460.0,10.0,,LT Stage I,"ASM LT Stage I — surveillance: 100% margin, no intraday, no pledging",False
ITC,ITC Limited,EQ,265.7,352078.0,355.685,145963.0,,,,not penny/nano — price >= Rs100 and mcap >= Rs1000 Cr,False
HFCL,HFCL Limited,BE,226.27,34798.0,351.451,100617.5,5.0,,LT Stage IV,"series BE (trade-to-trade / SME — not normal rolling settlement); ASM LT Stage IV — surveillance: 100% margin, no intraday, no pledging; 5% circuit band — cannot exit on bad news; closed at circuit on 50% of sessions — a stop cannot fill in a locked market",False
COFORGE,Coforge Limited,EQ,1822.2,76227.0,349.008,69988.0,,,,not penny/nano — price >= Rs100 and mcap >= Rs1000 Cr,False
GLASSWALL,Glass Wall Systems (India) Limited,EQ,262.25,,347.374,115717.0,10.0,,,"listed 21d ago — under a year of history, no trend to read",False
HAL,Hindustan Aeronautics Limited,EQ,4746.3,310746.0,342.13,46689.0,,,,not penny/nano — price >= Rs100 and mcap >= Rs1000 Cr,False
KAYNES,Kaynes Technology India Limited,EQ,3365.0,25504.0,329.831,61044.0,,,,not penny/nano — price >= Rs100 and mcap >= Rs1000 Cr,False
HINDALCO,Hindalco Industries Limited,EQ,910.85,218981.0,328.673,73534.0,,,,not penny/nano — price >= Rs100 and mcap >= Rs1000 Cr,False
LIQUIDBEES,,,1000.0,,325.297,4638.0,5.0,,,not in the NSE equity master (ETF / REIT / InvIT — not a company); 5% circuit band — cannot exit on bad news,False
POLICYBZR,PB Fintech Limited,EQ,1040.0,74101.0,316.767,62972.0,,,ST Stage I,"ASM ST Stage I — surveillance: 100% margin, no intraday, no pledging",False
HINDCOPPER,Hindustan Copper Limited,EQ,479.95,47539.0,313.757,91972.0,20.0,,,not penny/nano — price >= Rs100 and mcap >= Rs1000 Cr,False
MILKYMIST,Milky Mist Dairy Food Limited,BE,309.16,,310.49,81791.0,5.0,,LT Stage IV,"series BE (trade-to-trade / SME — not normal rolling settlement); ASM LT Stage IV — surveillance: 100% margin, no intraday, no pledging; 5% circuit band — cannot exit on bad news; listed 50d ago — under a year of history, no trend to read; closed at circuit on 53% of sessions — a stop cannot fill in a locked market",False
APOLLOHOSP,Apollo Hospitals Enterprise Limited,EQ,7917.0,128788.0,305.009,39287.0,,,,not penny/nano — price >= Rs100 and mcap >= Rs1000 Cr,False
LAURUSLABS,Laurus Labs Limited,EQ,2052.8,107198.0,299.716,46616.0,,,,not penny/nano — price >= Rs100 and mcap >= Rs1000 Cr,False
COALINDIA,Coal India Limited,EQ,414.5,255229.0,297.288,76544.0,,,,not penny/nano — price >= Rs100 and mcap >= Rs1000 Cr,False
ULTRACEMCO,UltraTech Cement Limited,EQ,10658.0,350757.0,296.047,36403.0,,,,not penny/nano — price >= Rs100 and mcap >= Rs1000 Cr,False
ADANIPORTS,Adani Ports and Special Economic Zone Limited,EQ,1750.1,390867.0,294.796,60024.0,,,,not penny/nano — price >= Rs100 and mcap >= Rs1000 Cr,False
INDIGO,InterGlobe Aviation Limited,EQ,4990.0,199945.0,292.553,49212.0,,,,not penny/nano — price >= Rs100 and mcap >= Rs1000 Cr,False
PFC,Power Finance Corporation Limited,EQ,325.55,140040.0,291.416,61372.0,,,,not penny/nano — price >= Rs100 and mcap >= Rs1000 Cr,False
HCLTECH,HCL Technologies Limited,EQ,1185.0,365504.0,288.455,71268.0,,,,not penny/nano — price >= Rs100 and mcap >= Rs1000 Cr,False
TITAN,Titan Company Limited,EQ,4377.0,432814.0,285.943,57949.0,,,,not penny/nano — price >= Rs100 and mcap >= Rs1000 Cr,False
BHEL,Bharat Heavy Electricals Limited,EQ,448.5,146595.0,285.819,61864.0,,,,not penny/nano — price >= Rs100 and mcap >= Rs1000 Cr,False
VAML,Vedanta Aluminium Metal Limited,EQ,394.0,,279.84,91863.0,20.0,,,"listed 114d ago — under a year of history, no trend to read",False
HEROMOTOCO,Hero MotoCorp Limited,EQ,5004.0,103433.0,277.659,47541.0,,,,not penny/nano — price >= Rs100 and mcap >= Rs1000 Cr,False
POWERINDIA,Hitachi Energy India Limited,EQ,31610.0,138330.0,270.474,25287.0,,,,not penny/nano — price >= Rs100 and mcap >= Rs1000 Cr,False
JIOFIN,Jio Financial Services Limited,EQ,216.44,169344.0,269.897,70439.0,,,,not penny/nano — price >= Rs100 and mcap >= Rs1000 Cr,False
EICHERMOT,Eicher Motors Limited,EQ,6960.0,215028.0,266.996,36307.0,,,,not penny/nano — price >= Rs100 and mcap >= Rs1000 Cr,False
TVSMOTOR,TVS Motor Company Limited,EQ,3926.0,204910.0,265.578,46144.0,,,,not penny/nano — price >= Rs100 and mcap >= Rs1000 Cr,False
SAIL,Steel Authority of India Limited,EQ,174.31,72078.0,265.308,68780.0,,,,not penny/nano — price >= Rs100 and mcap >= Rs1000 Cr,False
TECHM,Tech Mahindra Limited,EQ,1491.1,161841.0,263.631,61901.0,,,,not penny/nano — price >= Rs100 and mcap >= Rs1000 Cr,False
GVT&D,GE Vernova T&D India Limited,EQ,4316.3,108903.0,263.601,58110.0,,,,not penny/nano — price >= Rs100 and mcap >= Rs1000 Cr,False
TMPV,Tata Motors Passenger Vehicles Limited,EQ,283.0,125116.0,262.553,83445.0,,,,not penny/nano — price >= Rs100 and mcap >= Rs1000 Cr,False
SUNPHARMA,Sun Pharmaceutical Industries Limited,EQ,1781.0,477588.0,261.658,74767.0,,,,not penny/nano — price >= Rs100 and mcap >= Rs1000 Cr,False
GOLDBEES,,,121.08,,259.728,85255.0,,,,not in the NSE equity master (ETF / REIT / InvIT — not a company),False
ONGC,Oil & Natural Gas Corporation Limited,EQ,221.88,305110.0,257.401,82964.0,,,,not penny/nano — price >= Rs100 and mcap >= Rs1000 Cr,False
TMCV,Tata Motors Limited,EQ,427.9,,255.2,98415.0,20.0,,,"listed 329d ago — under a year of history, no trend to read",False
LALITHAA,Lalithaa Jewellery Mart Limited,EQ,394.85,,251.008,55356.0,5.0,,ST Stage I,"ASM ST Stage I — surveillance: 100% margin, no intraday, no pledging; 5% circuit band — cannot exit on bad news; listed 44d ago — under a year of history, no trend to read; closed at circuit on 48% of sessions — a stop cannot fill in a locked market",False
BAJAJ-AUTO,Bajaj Auto Limited,EQ,9884.0,316588.0,250.204,32564.0,,,,not penny/nano — price >= Rs100 and mcap >= Rs1000 Cr,False
POLYCAB,Polycab India Limited,EQ,8310.0,138871.0,249.114,39430.0,,,,not penny/nano — price >= Rs100 and mcap >= Rs1000 Cr,False
DHOOTTRANS,Dhoot Transmission Limited,EQ,1463.7,,246.339,61069.0,10.0,,,"listed 51d ago — under a year of history, no trend to read",False
GRASIM,Grasim Industries Limited,EQ,2921.1,211018.0,246.077,31510.0,,,,not penny/nano — price >= Rs100 and mcap >= Rs1000 Cr,False
HINDUNILVR,Hindustan Unilever Limited,EQ,1865.4,493720.0,243.12,50307.0,,,,not penny/nano — price >= Rs100 and mcap >= Rs1000 Cr,False
LICI,Life Insurance Corporation Of India,EQ,386.3,498410.0,242.592,54621.0,,,,not penny/nano — price >= Rs100 and mcap >= Rs1000 Cr,False
CHENNPETRO,Chennai Petroleum Corporation Limited,EQ,1612.3,20049.0,242.433,62997.0,20.0,,,not penny/nano — price >= Rs100 and mcap >= Rs1000 Cr,False
APOLLO,Apollo Micro Systems Limited,EQ,414.75,14641.0,239.253,58889.0,20.0,,,not penny/nano — price >= Rs100 and mcap >= Rs1000 Cr,False
NTPC,NTPC Limited,EQ,316.75,336717.0,235.822,79691.0,,,,not penny/nano — price >= Rs100 and mcap >= Rs1000 Cr,False
CHOLAFIN,Cholamandalam Investment and Finance Company Limited,EQ,1564.7,157733.0,232.228,55018.0,,,,not penny/nano — price >= Rs100 and mcap >= Rs1000 Cr,False
DLF,DLF Limited,EQ,656.0,163197.0,231.182,51198.0,,,,not penny/nano — price >= Rs100 and mcap >= Rs1000 Cr,False
HINDZINC,Hindustan Zinc Limited,EQ,551.0,227829.0,229.761,51182.0,,,,not penny/nano — price >= Rs100 and mcap >= Rs1000 Cr,False
POWERGRID,Power Grid Corporation of India Limited,EQ,253.05,264370.0,223.565,70801.0,,,,not penny/nano — price >= Rs100 and mcap >= Rs1000 Cr,False
MOREPENLAB,Morepen Laboratories Limited,EQ,146.97,2948.0,221.338,76167.0,10.0,,LT Stage I,"ASM LT Stage I — surveillance: 100% margin, no intraday, no pledging",False
PERSISTENT,Persistent Systems Limited,EQ,5507.0,84664.0,218.314,31298.0,,,,not penny/nano — price >= Rs100 and mcap >= Rs1000 Cr,False
MAXHEALTH,Max Healthcare Institute Limited,EQ,908.0,106911.0,217.329,39404.0,,,,not penny/nano — price >= Rs100 and mcap >= Rs1000 Cr,False
LIQUIDCASE,,,116.25,,213.487,15138.0,5.0,,,not in the NSE equity master (ETF / REIT / InvIT — not a company); 5% circuit band — cannot exit on bad news,False
HDFCLIFE,HDFC Life Insurance Company Limited,EQ,546.05,119160.0,212.986,59921.0,,,,not penny/nano — price >= Rs100 and mcap >= Rs1000 Cr,False
INDOMIM,INDO-MIM Limited,EQ,1359.9,,211.836,72778.0,5.0,,,"5% circuit band — cannot exit on bad news; listed 69d ago — under a year of history, no trend to read",False
OFSS,Oracle Financial Services Software Limited,EQ,10576.0,90760.0,210.064,32653.0,,,,not penny/nano — price >= Rs100 and mcap >= Rs1000 Cr,False
SUZLON,Suzlon Energy Limited,EQ,38.34,71276.0,207.747,88357.0,,,,"not penny/nano — too big on both arms: a Rs38 share of a Rs71,276 Cr company (the price arm's ceiling is Rs5,000 Cr — a cheap share is not a small company)",False
OLAELEC,Ola Electric Mobility Limited,EQ,36.32,17296.0,206.453,123916.0,20.0,,,"not penny/nano — too big on both arms: a Rs36 share of a Rs17,296 Cr company (the price arm's ceiling is Rs5,000 Cr — a cheap share is not a small company)",False
MOLBIO,Molbio Diagnostics Limited,EQ,1544.7,,205.53,66318.0,20.0,,,"listed 51d ago — under a year of history, no trend to read",False
VBL,Varun Beverages Limited,EQ,440.75,149606.0,205.199,55459.0,,,,not penny/nano — price >= Rs100 and mcap >= Rs1000 Cr,False
ADANIENSOL,Adani Energy Solutions Limited,EQ,1318.8,197659.0,204.163,43355.0,,,,not penny/nano — price >= Rs100 and mcap >= Rs1000 Cr,False
CGPOWER,CG Power and Industrial Solutions Limited,EQ,894.5,135987.0,203.374,51681.0,,,,not penny/nano — price >= Rs100 and mcap >= Rs1000 Cr,False
DRREDDY,Dr. Reddy's Laboratories Limited,EQ,1203.8,95829.0,200.963,52294.0,,,,not penny/nano — price >= Rs100 and mcap >= Rs1000 Cr,False
APARINDS,Apar Industries Limited,EQ,18160.0,73896.0,198.15,35497.0,20.0,,,not penny/nano — price >= Rs100 and mcap >= Rs1000 Cr,False
BHARATFORG,Bharat Forge Limited,EQ,1841.8,102866.0,196.15,39860.0,,,,not penny/nano — price >= Rs100 and mcap >= Rs1000 Cr,False
ACEVECTOR,AceVector Limited,EQ,31.11,,196.091,92049.0,20.0,,,"listed 2d ago — under a year of history, no trend to read; closed at circuit on 33% of sessions — a stop cannot fill in a locked market",False
CUMMINSIND,Cummins India Limited,EQ,4872.2,152987.0,191.905,37925.0,,,,not penny/nano — price >= Rs100 and mcap >= Rs1000 Cr,False
BANDHANBNK,Bandhan Bank Limited,EQ,162.99,28359.0,191.72,52038.0,,,,not penny/nano — price >= Rs100 and mcap >= Rs1000 Cr,False
KEI,KEI Industries Limited,EQ,4677.7,43039.0,190.085,34576.0,,,,not penny/nano — price >= Rs100 and mcap >= Rs1000 Cr,False
WOCKPHARMA,Wockhardt Limited,EQ,2150.4,33862.0,189.665,54417.0,20.0,,,not penny/nano — price >= Rs100 and mcap >= Rs1000 Cr,False
SYRMA,Syrma SGS Technology Limited,EQ,1746.7,33126.0,189.521,62086.0,20.0,,,not penny/nano — price >= Rs100 and mcap >= Rs1000 Cr,False
TRENT,Trent Limited,EQ,2890.3,160284.0,189.445,49243.0,,,,not penny/nano — price >= Rs100 and mcap >= Rs1000 Cr,False
MVELECTRO,MV Electrosystems Limited,EQ,920.25,,189.293,58930.0,10.0,,,"listed 62d ago — under a year of history, no trend to read",False
VEDL,Vedanta Limited,EQ,261.4,103332.0,187.798,62020.0,,,,not penny/nano — price >= Rs100 and mcap >= Rs1000 Cr,False
WIPRO,Wipro Limited,EQ,159.6,181892.0,184.876,80485.0,,,,not penny/nano — price >= Rs100 and mcap >= Rs1000 Cr,False
KARAMTARA,Karamtara Engineering Limited,EQ,416.65,,184.186,74987.0,10.0,,,"listed 20d ago — under a year of history, no trend to read",False
FEDERALBNK,The Federal Bank  Limited,EQ,323.5,85096.0,179.103,67869.0,,,,not penny/nano — price >= Rs100 and mcap >= Rs1000 Cr,False
RATNAVEER,Ratnaveer Precision Engineering Limited,EQ,336.45,1472.0,178.231,39607.0,20.0,,,not penny/nano — price >= Rs100 and mcap >= Rs1000 Cr,False
LODHA,Lodha Developers Limited,EQ,1109.4,124287.0,178.101,38214.0,,,,not penny/nano — price >= Rs100 and mcap >= Rs1000 Cr,False
ASHOKLEY,Ashok Leyland Limited,EQ,149.2,99268.0,177.221,75424.0,,,,not penny/nano — price >= Rs100 and mcap >= Rs1000 Cr,False
MOTHERSON,Samvardhana Motherson International Limited,EQ,159.2,159108.0,177.145,55301.0,,,,not penny/nano — price >= Rs100 and mcap >= Rs1000 Cr,False
NATIONALUM,National Aluminium Company Limited,EQ,321.3,64291.0,174.563,60372.0,,,,not penny/nano — price >= Rs100 and mcap >= Rs1000 Cr,False
DATAPATTNS,Data Patterns (India) Limited,EQ,4233.4,27036.0,173.746,38716.0,20.0,,,not penny/nano — price >= Rs100 and mcap >= Rs1000 Cr,False
NAUKRI,Info Edge (India) Limited,EQ,1225.3,75573.0,172.642,47771.0,,,,not penny/nano — price >= Rs100 and mcap >= Rs1000 Cr,False
INDUSINDBK,IndusInd Bank Limited,EQ,874.9,69098.0,172.579,45296.0,,,,not penny/nano — price >= Rs100 and mcap >= Rs1000 Cr,False
SBILIFE,SBI Life Insurance Company Limited,EQ,1726.1,188814.0,171.934,41402.0,,,,not penny/nano — price >= Rs100 and mcap >= Rs1000 Cr,False
REDINGTON,Redington Limited,EQ,406.5,31650.0,171.797,68839.0,20.0,,,not penny/nano — price >= Rs100 and mcap >= Rs1000 Cr,False
IDFCFIRSTB,IDFC First Bank Limited,EQ,79.54,69616.0,170.967,63525.0,,,,"not penny/nano — too big on both arms: a Rs80 share of a Rs69,616 Cr company (the price arm's ceiling is Rs5,000 Cr — a cheap share is not a small company)",False
MRPL,Mangalore Refinery and Petrochemicals Limited,EQ,182.86,28848.0,168.992,55005.0,20.0,,,not penny/nano — price >= Rs100 and mcap >= Rs1000 Cr,False
JSWSTEEL,JSW Steel Limited,EQ,1230.0,310573.0,167.833,42443.0,,,,not penny/nano — price >= Rs100 and mcap >= Rs1000 Cr,False
MUTHOOTFIN,Muthoot Finance Limited,EQ,2654.4,125242.0,167.474,52179.0,,,,not penny/nano — price >= Rs100 and mcap >= Rs1000 Cr,False
NIFTYBEES,,,257.59,,165.649,62757.0,,,,not in the NSE equity master (ETF / REIT / InvIT — not a company),False
DMART,Avenue Supermarts Limited,EQ,3636.0,255746.0,163.582,30937.0,,,,not penny/nano — price >= Rs100 and mcap >= Rs1000 Cr,False
HDFCAMC,HDFC Asset Management Company Limited,EQ,2314.8,112162.0,163.555,41014.0,,,,not penny/nano — price >= Rs100 and mcap >= Rs1000 Cr,False
BANKBARODA,Bank of Baroda,EQ,234.55,125457.0,163.485,50087.0,,,,not penny/nano — price >= Rs100 and mcap >= Rs1000 Cr,False
INDUSTOWER,Indus Towers Limited,EQ,385.05,101833.0,163.368,45600.0,,,,not penny/nano — price >= Rs100 and mcap >= Rs1000 Cr,False
SONACOMS,Sona BLW Precision Forgings Limited,EQ,810.5,50242.0,162.701,52308.0,,,,not penny/nano — price >= Rs100 and mcap >= Rs1000 Cr,False
RENTOMOJO,Rentomojo Limited,EQ,618.95,,161.478,72469.0,20.0,,,"listed 20d ago — under a year of history, no trend to read",False
LICHSGFIN,LIC Housing Finance Limited,EQ,515.4,27737.0,158.417,36009.0,,,,not penny/nano — price >= Rs100 and mcap >= Rs1000 Cr,False
TFCILTD,Tourism Finance Corporation of India Limited,EQ,152.24,6426.0,157.127,28244.0,20.0,,,not penny/nano — price >= Rs100 and mcap >= Rs1000 Cr,False
TORNTPHARM,Torrent Pharmaceuticals Limited,EQ,4716.2,194855.0,156.812,28334.0,,,,not penny/nano — price >= Rs100 and mcap >= Rs1000 Cr,False
SYMBIOTEC,Symbiotec Pharmalab Limited,EQ,1135.6,,155.749,69332.0,20.0,,,"listed 36d ago — under a year of history, no trend to read",False
CANBK,Canara Bank,EQ,119.15,113365.0,151.804,61835.0,,,,not penny/nano — price >= Rs100 and mcap >= Rs1000 Cr,False
HEG,,,728.25,4577.0,151.373,42197.0,,,,"not in the NSE equity master (ETF / REIT / InvIT — not a company); GSM stage nan — exchange surveillance, periodic call auction",False
LUMINO,Lumino Industries Limited,EQ,108.9,,150.971,72746.0,20.0,,,"listed 34d ago — under a year of history, no trend to read",False
NESTLEIND,Nestle India Limited,EQ,1324.0,291098.0,149.15,46376.0,,,,not penny/nano — price >= Rs100 and mcap >= Rs1000 Cr,False
TDPOWERSYS,TD Power Systems Limited,EQ,821.1,24850.0,148.068,74580.0,20.0,,,not penny/nano — price >= Rs100 and mcap >= Rs1000 Cr,False
ADANIGREEN,Adani Green Energy Limited,EQ,1341.4,227804.0,146.575,31039.0,,,,not penny/nano — price >= Rs100 and mcap >= Rs1000 Cr,False
RECLTD,REC Limited,EQ,298.9,98206.0,146.049,36300.0,,,,not penny/nano — price >= Rs100 and mcap >= Rs1000 Cr,False
ZYDUSLIFE,Zydus Lifesciences Limited,EQ,1153.0,112399.0,145.417,31785.0,,,,not penny/nano — price >= Rs100 and mcap >= Rs1000 Cr,False
RBLBANK,RBL Bank Limited,EQ,412.0,63835.0,144.129,43026.0,,,,not penny/nano — price >= Rs100 and mcap >= Rs1000 Cr,False
PAISALO,Paisalo Digital Limited,EQ,84.23,7305.0,140.25,40380.0,20.0,,LT Stage I,"ASM LT Stage I — surveillance: 100% margin, no intraday, no pledging",False
PNB,Punjab National Bank,EQ,114.59,129537.0,138.903,42616.0,,,,not penny/nano — price >= Rs100 and mcap >= Rs1000 Cr,False
ENGINERSIN,Engineers India Limited,EQ,308.3,17578.0,138.692,61548.0,20.0,,,not penny/nano — price >= Rs100 and mcap >= Rs1000 Cr,False
RBZJEWEL,RBZ Jewellers Limited,BE,190.71,570.0,138.466,72876.0,5.0,,,series BE (trade-to-trade / SME — not normal rolling settlement); 5% circuit band — cannot exit on bad news; closed at circuit on 60% of sessions — a stop cannot fill in a locked market,False
CDSL,Central Depository Services (India) Limited,EQ,1275.0,29028.0,136.798,39847.0,,,,not penny/nano — price >= Rs100 and mcap >= Rs1000 Cr,False
AUROPHARMA,Aurobindo Pharma Limited,EQ,1682.0,96479.0,136.632,37170.0,,,,not penny/nano — price >= Rs100 and mcap >= Rs1000 Cr,False
LUPIN,Lupin Limited,EQ,2012.9,92885.0,136.311,40692.0,,,,not penny/nano — price >= Rs100 and mcap >= Rs1000 Cr,False
BPCL,Bharat Petroleum Corporation Limited,EQ,296.35,138724.0,136.057,44663.0,,,,not penny/nano — price >= Rs100 and mcap >= Rs1000 Cr,False
FCL,Fineotex Chemical Limited,EQ,57.8,6598.0,134.876,74680.0,10.0,,,"not penny/nano — too big on both arms: a Rs58 share of a Rs6,598 Cr company (the price arm's ceiling is Rs5,000 Cr — a cheap share is not a small company)",False
NYKAA,FSN E-Commerce Ventures Limited,EQ,341.25,93075.0,134.444,51942.0,,,,not penny/nano — price >= Rs100 and mcap >= Rs1000 Cr,False
BAJAJFINSV,Bajaj Finserv Limited,EQ,1743.3,324768.0,133.803,38289.0,,,,not penny/nano — price >= Rs100 and mcap >= Rs1000 Cr,False
UNIONBANK,Union Bank of India,EQ,173.15,130718.0,132.809,44836.0,,,,not penny/nano — price >= Rs100 and mcap >= Rs1000 Cr,False
ANTELOPUS,Antelopus Selan Energy Limited,EQ,1130.2,3905.0,132.451,54937.0,20.0,,LT Stage I,"ASM LT Stage I — surveillance: 100% margin, no intraday, no pledging",False
HINDPETRO,Hindustan Petroleum Corporation Limited,EQ,343.15,82932.0,132.171,38017.0,,,,not penny/nano — price >= Rs100 and mcap >= Rs1000 Cr,False
APLAPOLLO,APL Apollo Tubes Limited,EQ,2135.0,50520.0,130.399,29882.0,,,,not penny/nano — price >= Rs100 and mcap >= Rs1000 Cr,False
ELEVATE,Elevate Campuses Limited,EQ,350.0,,129.591,79639.0,20.0,,,"listed 7d ago — under a year of history, no trend to read",False
YESBANK,Yes Bank Limited,EQ,20.79,72033.0,128.775,83724.0,,,,"not penny/nano — too big on both arms: a Rs21 share of a Rs72,033 Cr company (the price arm's ceiling is Rs5,000 Cr — a cheap share is not a small company)",False
TEMPSENS,Tempsens Instruments (India) Limited,EQ,578.0,,127.21,45067.0,20.0,,,"listed 40d ago — under a year of history, no trend to read",False
TATAPOWER,Tata Power Company Limited,EQ,345.15,121647.0,126.328,38647.0,,,,not penny/nano — price >= Rs100 and mcap >= Rs1000 Cr,False
ASIANPAINT,Asian Paints Limited,EQ,2372.1,263520.0,125.681,41932.0,,,,not penny/nano — price >= Rs100 and mcap >= Rs1000 Cr,False
IIFL,IIFL Finance Limited,EQ,588.55,26023.0,125.634,48279.0,20.0,,,not penny/nano — price >= Rs100 and mcap >= Rs1000 Cr,False
LTM,LTM Limited,EQ,3930.0,129389.0,125.384,26662.0,,,,not penny/nano — price >= Rs100 and mcap >= Rs1000 Cr,False
HSCL,Himadri Speciality Chemical Limited,EQ,672.95,33019.0,124.96,31221.0,20.0,,,not penny/nano — price >= Rs100 and mcap >= Rs1000 Cr,False
MARICO,Marico Limited,EQ,787.25,113044.0,124.512,43893.0,,,,not penny/nano — price >= Rs100 and mcap >= Rs1000 Cr,False
ABB,ABB India Limited,EQ,7005.0,154365.0,123.689,25775.0,,,,not penny/nano — price >= Rs100 and mcap >= Rs1000 Cr,False
CIPLA,Cipla Limited,EQ,1327.2,119012.0,123.666,35795.0,,,,not penny/nano — price >= Rs100 and mcap >= Rs1000 Cr,False
WAAREEENER,Waaree Energies Limited,EQ,2401.0,77096.0,123.464,34909.0,,,,not penny/nano — price >= Rs100 and mcap >= Rs1000 Cr,False
INDHOTEL,The Indian Hotels Company Limited,EQ,731.3,105128.0,122.783,36954.0,,,,not penny/nano — price >= Rs100 and mcap >= Rs1000 Cr,False
GRAPHITE,Graphite India Limited,EQ,834.05,15359.0,122.636,49787.0,20.0,,,not penny/nano — price >= Rs100 and mcap >= Rs1000 Cr,False
BRITANNIA,Britannia Industries Limited,EQ,4780.0,130466.0,122.21,23163.0,,,,not penny/nano — price >= Rs100 and mcap >= Rs1000 Cr,False
MANAPPURAM,Manappuram Finance Limited,EQ,308.9,32773.0,121.764,34723.0,,,,not penny/nano — price >= Rs100 and mcap >= Rs1000 Cr,False
LTF,L&T Finance Limited,EQ,260.25,78001.0,121.415,41864.0,,,,not penny/nano — price >= Rs100 and mcap >= Rs1000 Cr,False
EDELWEISS,Edelweiss Financial Services Limited,EQ,133.8,13053.0,121.362,62222.0,20.0,,,not penny/nano — price >= Rs100 and mcap >= Rs1000 Cr,False
AUBANK,AU Small Finance Bank Limited,EQ,993.4,80845.0,121.324,46949.0,,,,not penny/nano — price >= Rs100 and mcap >= Rs1000 Cr,False
MAZDOCK,Mazagon Dock Shipbuilders Limited,EQ,2064.4,96077.0,121.184,28574.0,,,,not penny/nano — price >= Rs100 and mcap >= Rs1000 Cr,False
ANGELONE,Angel One Limited,EQ,302.0,26680.0,120.061,35842.0,,,,not penny/nano — price >= Rs100 and mcap >= Rs1000 Cr,False
AZAD,Azad Engineering Limited,EQ,3048.2,18476.0,119.898,33187.0,20.0,,,not penny/nano — price >= Rs100 and mcap >= Rs1000 Cr,False
MAHABANK,Bank of Maharashtra,EQ,84.15,61917.0,119.289,43825.0,,,,"not penny/nano — too big on both arms: a Rs84 share of a Rs61,917 Cr company (the price arm's ceiling is Rs5,000 Cr — a cheap share is not a small company)",False
PFOCUS,Prime Focus Limited,EQ,284.0,23484.0,119.018,35204.0,20.0,,,not penny/nano — price >= Rs100 and mcap >= Rs1000 Cr,False
AEGISLOG,Aegis Logistics Limited,EQ,1460.2,49179.0,118.751,48617.0,10.0,,,not penny/nano — price >= Rs100 and mcap >= Rs1000 Cr,False
GESHIP,The Great Eastern Shipping Company Limited,EQ,1567.9,19125.0,117.665,42657.0,20.0,,,not penny/nano — price >= Rs100 and mcap >= Rs1000 Cr,False
ZEEL,Zee Entertainment Enterprises Limited,EQ,70.12,11003.0,116.623,53583.0,20.0,,,"not penny/nano — too big on both arms: a Rs70 share of a Rs11,003 Cr company (the price arm's ceiling is Rs5,000 Cr — a cheap share is not a small company)",False
HYUNDAI,Hyundai Motor India Limited,EQ,1945.0,177191.0,116.454,35435.0,,,,not penny/nano — price >= Rs100 and mcap >= Rs1000 Cr,False
PATANJALI,Patanjali Foods Limited,EQ,360.95,38584.0,113.61,40883.0,,,,not penny/nano — price >= Rs100 and mcap >= Rs1000 Cr,False
GLAND,Gland Pharma Limited,EQ,3150.6,47431.0,113.475,44319.0,20.0,,,not penny/nano — price >= Rs100 and mcap >= Rs1000 Cr,False
GLENMARK,Glenmark Pharmaceuticals Limited,EQ,2282.3,65787.0,113.333,34285.0,,,,not penny/nano — price >= Rs100 and mcap >= Rs1000 Cr,False
FINCABLES,Finolex Cables Limited,EQ,1483.5,22311.0,110.49,42806.0,20.0,,,not penny/nano — price >= Rs100 and mcap >= Rs1000 Cr,False
FORCEMOT,FORCE MOTORS LTD,EQ,16956.0,23588.0,110.383,18543.0,,,,not penny/nano — price >= Rs100 and mcap >= Rs1000 Cr,False
SANSERA,Sansera Engineering Limited,EQ,4261.7,26694.0,110.308,39376.0,20.0,,LT Stage I,"ASM LT Stage I — surveillance: 100% margin, no intraday, no pledging",False
GAIL,GAIL (India) Limited,EQ,170.71,114163.0,109.81,42844.0,,,,not penny/nano — price >= Rs100 and mcap >= Rs1000 Cr,False
NEULANDLAB,Neuland Laboratories Limited,EQ,21655.0,27591.0,109.599,18213.0,20.0,,,not penny/nano — price >= Rs100 and mcap >= Rs1000 Cr,False
BOSCHLTD,Bosch Limited,EQ,44410.0,126686.0,109.057,10505.0,,,,not penny/nano — price >= Rs100 and mcap >= Rs1000 Cr,False
UPL,UPL Limited,EQ,495.0,48356.0,108.656,32505.0,,,,not penny/nano — price >= Rs100 and mcap >= Rs1000 Cr,False
COCHINSHIP,Cochin Shipyard Limited,EQ,1255.1,37436.0,108.627,26557.0,,,,not penny/nano — price >= Rs100 and mcap >= Rs1000 Cr,False
ICICIGI,ICICI Lombard General Insurance Company Limited,EQ,1590.0,81870.0,107.766,26992.0,,,,not penny/nano — price >= Rs100 and mcap >= Rs1000 Cr,False
BDL,Bharat Dynamics Limited,EQ,1085.0,47433.0,107.586,38204.0,,,,not penny/nano — price >= Rs100 and mcap >= Rs1000 Cr,False
MFSL,Max Financial Services Limited,EQ,1345.1,51677.0,106.924,35576.0,,,,not penny/nano — price >= Rs100 and mcap >= Rs1000 Cr,False
NAM-INDIA,Nippon Life India Asset Management Limited,EQ,1047.2,66948.0,106.537,36224.0,,,,not penny/nano — price >= Rs100 and mcap >= Rs1000 Cr,False
GMRAIRPORT,GMR AIRPORTS LIMITED,EQ,91.19,113192.0,105.7,41187.0,,,,"not penny/nano — too big on both arms: a Rs91 share of a Rs113,192 Cr company (the price arm's ceiling is Rs5,000 Cr — a cheap share is not a small company)",False
RADICO,Radico Khaitan Limited,EQ,4495.0,56771.0,105.315,29577.0,,,,not penny/nano — price >= Rs100 and mcap >= Rs1000 Cr,False
BIOCON,Biocon Limited,EQ,360.0,66997.0,104.836,35761.0,,,,not penny/nano — price >= Rs100 and mcap >= Rs1000 Cr,False
TATACONSUM,TATA CONSUMER PRODUCTS LIMITED,EQ,968.5,107189.0,103.874,42929.0,,,,not penny/nano — price >= Rs100 and mcap >= Rs1000 Cr,False
GODREJCP,Godrej Consumer Products Limited,EQ,865.55,107447.0,102.222,24785.0,,,,not penny/nano — price >= Rs100 and mcap >= Rs1000 Cr,False
PNBHOUSING,PNB Housing Finance Limited,EQ,1131.0,28480.0,101.961,31909.0,,,,not penny/nano — price >= Rs100 and mcap >= Rs1000 Cr,False
WELSPUNLIV,Welspun Living Limited,EQ,235.86,22596.0,101.18,46500.0,20.0,,,not penny/nano — price >= Rs100 and mcap >= Rs1000 Cr,False
DELHIVERY,Delhivery Limited,EQ,398.15,36101.0,100.751,31130.0,,,,not penny/nano — price >= Rs100 and mcap >= Rs1000 Cr,False
PARAS,Paras Defence and Space Technologies Limited,EQ,1286.1,10283.0,100.339,39297.0,10.0,,,not penny/nano — price >= Rs100 and mcap >= Rs1000 Cr,False
ENRIN,Siemens Energy India Limited,EQ,3344.0,115055.0,100.207,37688.0,,,,not penny/nano — price >= Rs100 and mcap >= Rs1000 Cr,False
STEAMHOUSE,Steamhouse India Limited,EQ,125.17,,99.765,46917.0,10.0,,,"listed 20d ago — under a year of history, no trend to read",False
HBLENGINE,HBL Engineering Limited,EQ,762.45,20155.0,99.033,34501.0,20.0,,,not penny/nano — price >= Rs100 and mcap >= Rs1000 Cr,False
IOC,Indian Oil Corporation Limited,EQ,130.0,197937.0,98.91,50405.0,,,,not penny/nano — price >= Rs100 and mcap >= Rs1000 Cr,False
ABCAPITAL,Aditya Birla Capital Limited,EQ,372.1,102681.0,98.556,41504.0,,,,not penny/nano — price >= Rs100 and mcap >= Rs1000 Cr,False
VMM,Vishal Mega Mart Limited,EQ,100.5,50169.0,97.608,41348.0,,,,not penny/nano — price >= Rs100 and mcap >= Rs1000 Cr,False
JSWINFRA,JSW Infrastructure Limited,EQ,353.9,83286.0,97.383,57552.0,20.0,,,not penny/nano — price >= Rs100 and mcap >= Rs1000 Cr,False
NMDC,NMDC Limited,EQ,72.8,73464.0,97.378,42430.0,,,,"not penny/nano — too big on both arms: a Rs73 share of a Rs73,464 Cr company (the price arm's ceiling is Rs5,000 Cr — a cheap share is not a small company)",False
JSWENERGY,JSW Energy Limited,EQ,485.45,98146.0,97.2,35180.0,,,,not penny/nano — price >= Rs100 and mcap >= Rs1000 Cr,False
OIL,Oil India Limited,EQ,453.75,72221.0,95.964,29344.0,,,,not penny/nano — price >= Rs100 and mcap >= Rs1000 Cr,False
MANKIND,Mankind Pharma Limited,EQ,2500.0,104707.0,95.548,23054.0,,,,not penny/nano — price >= Rs100 and mcap >= Rs1000 Cr,False
RRKABEL,R R Kabel Limited,EQ,2722.5,28482.0,94.079,38979.0,20.0,,,not penny/nano — price >= Rs100 and mcap >= Rs1000 Cr,False
AUGMONT,Augmont Enterprises Limited,EQ,1216.2,,93.658,33716.0,5.0,,ST Stage I,"ASM ST Stage I — surveillance: 100% margin, no intraday, no pledging; 5% circuit band — cannot exit on bad news; listed 37d ago — under a year of history, no trend to read; closed at circuit on 28% of sessions — a stop cannot fill in a locked market",False
BLUESTARCO,Blue Star Limited,EQ,1530.1,31130.0,93.51,32901.0,,,,not penny/nano — price >= Rs100 and mcap >= Rs1000 Cr,False
ICICIAMC,ICICI Prudential Asset Management Company Limited,EQ,3058.5,,93.305,30531.0,10.0,,,"listed 292d ago — under a year of history, no trend to read",False
NAVINFLUOR,Navin Fluorine International Limited,EQ,8490.0,41752.0,92.471,24116.0,20.0,,,not penny/nano — price >= Rs100 and mcap >= Rs1000 Cr,False
URBANCO,Urban Company Limited,EQ,168.23,24618.0,91.988,48000.0,20.0,,,not penny/nano — price >= Rs100 and mcap >= Rs1000 Cr,False
PWL,Physicswallah Limited,EQ,139.57,,91.798,49712.0,20.0,,,"listed 323d ago — under a year of history, no trend to read",False
PIDILITIND,Pidilite Industries Limited,EQ,1488.5,164007.0,91.652,31006.0,,,,not penny/nano — price >= Rs100 and mcap >= Rs1000 Cr,False
ACUTAAS,Acutaas Chemicals Limited,EQ,3174.2,26170.0,91.092,41306.0,20.0,,,not penny/nano — price >= Rs100 and mcap >= Rs1000 Cr,False
BALRAMCHIN,Balrampur Chini Mills Limited,EQ,706.6,14218.0,90.727,33873.0,20.0,,,not penny/nano — price >= Rs100 and mcap >= Rs1000 Cr,False
LIQUID1,,,1125.82,,90.604,764.0,5.0,,,not in the NSE equity master (ETF / REIT / InvIT — not a company); 5% circuit band — cannot exit on bad news,False
LGEINDIA,LG Electronics India Limited,EQ,1780.3,,89.827,37315.0,10.0,,,"listed 358d ago — under a year of history, no trend to read",False
SIEMENS,Siemens Limited,EQ,3793.0,133901.0,89.37,20825.0,,,,not penny/nano — price >= Rs100 and mcap >= Rs1000 Cr,False
ANANTRAJ,Anant Raj Limited,EQ,612.15,22474.0,89.258,32337.0,20.0,,,not penny/nano — price >= Rs100 and mcap >= Rs1000 Cr,False
MANINDS,Man Industries (India) Limited,EQ,905.75,6913.0,89.112,41806.0,20.0,,LT Stage I,"ASM LT Stage I — surveillance: 100% margin, no intraday, no pledging",False
KIRLOSENG,Kirloskar Oil Engines Limited,EQ,2230.8,32646.0,88.343,38813.0,20.0,,,not penny/nano — price >= Rs100 and mcap >= Rs1000 Cr,False
FORTIS,Fortis Healthcare Limited,EQ,779.1,71344.0,88.233,34122.0,,,,not penny/nano — price >= Rs100 and mcap >= Rs1000 Cr,False
AVALON,Avalon Technologies Limited,EQ,2429.7,15250.0,88.184,40093.0,20.0,,LT Stage I,"ASM LT Stage I — surveillance: 100% margin, no intraday, no pledging",False
PREMIERENE,Premier Energies Limited,EQ,910.0,46403.0,86.642,24806.0,,,,not penny/nano — price >= Rs100 and mcap >= Rs1000 Cr,False
TBZ,Tribhovandas Bhimji Zaveri Limited,BE,665.35,1822.0,86.417,25563.0,5.0,,LT Stage IV,"series BE (trade-to-trade / SME — not normal rolling settlement); ASM LT Stage IV — surveillance: 100% margin, no intraday, no pledging; 5% circuit band — cannot exit on bad news; closed at circuit on 80% of sessions — a stop cannot fill in a locked market",False
TEJASNET,Tejas Networks Limited,EQ,466.7,8280.0,86.225,40468.0,20.0,,,not penny/nano — price >= Rs100 and mcap >= Rs1000 Cr,False
ESDS,ESDS Software Solution Limited,EQ,1359.0,,86.153,10015.5,5.0,,LT Stage I,"ASM LT Stage I — surveillance: 100% margin, no intraday, no pledging; 5% circuit band — cannot exit on bad news; listed 33d ago — under a year of history, no trend to read; closed at circuit on 86% of sessions — a stop cannot fill in a locked market",False
RAIN,Rain Industries Limited,EQ,218.95,7014.0,85.912,27874.0,20.0,,,not penny/nano — price >= Rs100 and mcap >= Rs1000 Cr,False
ASTRAL,Astral Limited,EQ,1427.7,37584.0,84.499,31356.0,,,,not penny/nano — price >= Rs100 and mcap >= Rs1000 Cr,False
INDIANB,Indian Bank,EQ,828.3,112067.0,84.359,29330.0,,,,not penny/nano — price >= Rs100 and mcap >= Rs1000 Cr,False
CPPLUS,Aditya Infotech Limited,EQ,4064.9,46593.0,84.25,29419.0,5.0,,,5% circuit band — cannot exit on bad news,False
PRESTIGE,Prestige Estates Projects Limited,EQ,1429.3,69615.0,84.096,22307.0,,,,not penny/nano — price >= Rs100 and mcap >= Rs1000 Cr,False
SAILIFE,Sai Life Sciences Limited,EQ,1561.8,32738.0,84.041,40900.0,20.0,,,not penny/nano — price >= Rs100 and mcap >= Rs1000 Cr,False
WABAG,VA Tech Wabag Limited,EQ,1998.3,12529.0,83.94,29478.0,20.0,,,not penny/nano — price >= Rs100 and mcap >= Rs1000 Cr,False
IDBI,IDBI Bank Limited,EQ,85.67,91320.0,83.431,33363.0,20.0,,,"not penny/nano — too big on both arms: a Rs86 share of a Rs91,320 Cr company (the price arm's ceiling is Rs5,000 Cr — a cheap share is not a small company)",False
SBICARD,SBI Cards and Payment Services Limited,EQ,557.4,62713.0,82.664,35201.0,,,,not penny/nano — price >= Rs100 and mcap >= Rs1000 Cr,False
VOGL,Vedanta Oil and Gas Limited,EQ,31.11,,82.597,46929.0,20.0,,,"listed 114d ago — under a year of history, no trend to read",False
HAVELLS,Havells India Limited,EQ,1060.5,79575.0,82.556,39622.0,,,,not penny/nano — price >= Rs100 and mcap >= Rs1000 Cr,False
ASTERDM,Aster DM Quality Care Limited,EQ,680.3,75809.0,82.044,41732.0,20.0,,,not penny/nano — price >= Rs100 and mcap >= Rs1000 Cr,False
JINDALSTEL,JINDAL STEEL LIMITED,EQ,1061.0,112455.0,81.633,25913.0,,,,not penny/nano — price >= Rs100 and mcap >= Rs1000 Cr,False
GODREJPROP,Godrej Properties Limited,EQ,1580.2,63429.0,81.602,28186.0,,,,not penny/nano — price >= Rs100 and mcap >= Rs1000 Cr,False
MPHASIS,MphasiS Limited,EQ,2289.0,46383.0,81.451,22820.0,,,,not penny/nano — price >= Rs100 and mcap >= Rs1000 Cr,False
MOTILALOFS,Motilal Oswal Financial Services Limited,EQ,1067.9,59689.0,81.391,25994.0,,,,not penny/nano — price >= Rs100 and mcap >= Rs1000 Cr,False
AMBER,Amber Enterprises India Limited,EQ,6925.0,26241.0,80.697,16826.0,,,,not penny/nano — price >= Rs100 and mcap >= Rs1000 Cr,False
CAMS,Computer Age Management Services Limited,EQ,694.6,19553.0,80.686,38126.0,,,,not penny/nano — price >= Rs100 and mcap >= Rs1000 Cr,False
UJJIVANSFB,Ujjivan Small Finance Bank Limited,EQ,64.94,12771.0,80.258,51704.0,,,,"not penny/nano — too big on both arms: a Rs65 share of a Rs12,771 Cr company (the price arm's ceiling is Rs5,000 Cr — a cheap share is not a small company)",False
CARTRADE,Cartrade Tech Limited,EQ,2914.7,13143.0,80.234,31884.0,20.0,,,not penny/nano — price >= Rs100 and mcap >= Rs1000 Cr,False
PHOENIXLTD,The Phoenix Mills Limited,EQ,1845.5,69032.0,80.018,26388.0,,,,not penny/nano — price >= Rs100 and mcap >= Rs1000 Cr,False
TEGA,Tega Industries Limited,EQ,2123.6,12800.0,79.41,27932.0,20.0,,,not penny/nano — price >= Rs100 and mcap >= Rs1000 Cr,False
EXIDEIND,Exide Industries Limited,EQ,402.95,35075.0,79.145,41953.0,20.0,,,not penny/nano — price >= Rs100 and mcap >= Rs1000 Cr,False
GRANULES,Granules India Limited,EQ,845.3,22416.0,78.938,35621.0,20.0,,,not penny/nano — price >= Rs100 and mcap >= Rs1000 Cr,False
360ONE,360 ONE WAM LIMITED,EQ,1063.0,46194.0,78.449,39848.0,,,,not penny/nano — price >= Rs100 and mcap >= Rs1000 Cr,False
DABUR,Dabur India Limited,EQ,383.55,72732.0,78.122,28526.0,,,,not penny/nano — price >= Rs100 and mcap >= Rs1000 Cr,False
RVNL,Rail Vikas Nigam Limited,EQ,195.87,48660.0,77.96,36834.0,,,,not penny/nano — price >= Rs100 and mcap >= Rs1000 Cr,False
GRSE,Garden Reach Shipbuilders & Engineers Limited,EQ,2102.0,29772.0,76.187,25674.0,20.0,,,not penny/nano — price >= Rs100 and mcap >= Rs1000 Cr,False
TATSILV,,,21.21,,75.443,40672.0,,,,not in the NSE equity master (ETF / REIT / InvIT — not a company),False
JYOTICNC,Jyoti CNC Automation Limited,EQ,1071.0,17837.0,74.452,31520.0,20.0,,,not penny/nano — price >= Rs100 and mcap >= Rs1000 Cr,False
IOLCP,IOL Chemicals and Pharmaceuticals Limited,EQ,220.22,,74.216,41668.0,20.0,,LT Stage I,"ASM LT Stage I — surveillance: 100% margin, no intraday, no pledging",False
NHPC,NHPC Limited,EQ,72.5,77297.0,72.92,31021.0,,,,"not penny/nano — too big on both arms: a Rs72 share of a Rs77,297 Cr company (the price arm's ceiling is Rs5,000 Cr — a cheap share is not a small company)",False
SKYGOLD,SKY GOLD AND DIAMONDS LIMITED,EQ,876.95,12555.0,72.813,30993.0,20.0,,LT Stage I,"ASM LT Stage I — surveillance: 100% margin, no intraday, no pledging",False
UNITDSPR,United Spirits Limited,EQ,1344.0,110259.0,72.662,22827.0,,,,not penny/nano — price >= Rs100 and mcap >= Rs1000 Cr,False
BLUESTONE,BlueStone Jewellery and Lifestyle Limited,EQ,831.1,12038.0,72.617,36320.0,20.0,,LT Stage I,"ASM LT Stage I — surveillance: 100% margin, no intraday, no pledging",False
INOXWIND,Inox Wind Limited,EQ,67.1,13302.0,72.093,32880.0,,,,"not penny/nano — too big on both arms: a Rs67 share of a Rs13,302 Cr company (the price arm's ceiling is Rs5,000 Cr — a cheap share is not a small company)",False
SHADOWFAX,Shadowfax Technologies Limited,EQ,292.85,,71.869,41963.0,20.0,,,"listed 252d ago — under a year of history, no trend to read",False
ALKEM,Alkem Laboratories Limited,EQ,5350.5,63059.0,71.825,16919.0,,,,not penny/nano — price >= Rs100 and mcap >= Rs1000 Cr,False
EMAMILTD,Emami Limited,EQ,375.45,17547.0,71.809,36652.0,20.0,,,not penny/nano — price >= Rs100 and mcap >= Rs1000 Cr,False
MANIPALHOS,Manipal Health Enterprises Limited,EQ,699.15,,71.434,36339.0,20.0,,,"listed 63d ago — under a year of history, no trend to read",False
SHREEJISPG,Shreeji Shipping Global Limited,EQ,802.1,11270.0,71.382,10740.0,10.0,,LT Stage I,"ASM LT Stage I — surveillance: 100% margin, no intraday, no pledging",False
MARKSANS,Marksans Pharma Limited,EQ,325.45,14755.0,71.355,47159.0,20.0,,,not penny/nano — price >= Rs100 and mcap >= Rs1000 Cr,False
OBEROIRLTY,Oberoi Realty Limited,EQ,1736.0,63798.0,70.953,29849.0,,,,not penny/nano — price >= Rs100 and mcap >= Rs1000 Cr,False
SETFGOLD,,,124.92,,70.891,11358.0,,,,not in the NSE equity master (ETF / REIT / InvIT — not a company),False
SHILPAMED,Shilpa Medicare Limited,EQ,1071.2,20812.0,70.855,35667.0,20.0,,LT Stage I,"ASM LT Stage I — surveillance: 100% margin, no intraday, no pledging",False
MANIKA,Manika Plastech Limited,EQ,58.64,,70.306,58099.0,20.0,,,"listed 16d ago — under a year of history, no trend to read",False
CGCL,Capri Global Capital Limited,EQ,250.74,23980.0,70.022,26571.0,20.0,,,not penny/nano — price >= Rs100 and mcap >= Rs1000 Cr,False
PIRAMALFIN,Piramal Finance Limited,EQ,1981.5,,69.508,29799.0,20.0,,,"listed 334d ago — under a year of history, no trend to read",False
BELRISE,Belrise Industries Limited,EQ,246.31,22970.0,69.484,41547.0,20.0,,,not penny/nano — price >= Rs100 and mcap >= Rs1000 Cr,False
GOLDIETF,,,125.44,,69.182,28714.0,,,,not in the NSE equity master (ETF / REIT / InvIT — not a company),False
VOLTAS,Voltas Limited,EQ,1056.8,42519.0,67.17,24440.0,,,,not penny/nano — price >= Rs100 and mcap >= Rs1000 Cr,False
COLPAL,Colgate Palmolive (India) Limited,EQ,1757.4,55213.0,66.326,20216.0,,,,not penny/nano — price >= Rs100 and mcap >= Rs1000 Cr,False
NIACL,The New India Assurance Company Limited,EQ,159.29,26403.0,66.314,38329.0,20.0,,,not penny/nano — price >= Rs100 and mcap >= Rs1000 Cr,False
JSL,Jindal Stainless Limited,EQ,732.15,60405.0,66.103,37688.0,20.0,,,not penny/nano — price >= Rs100 and mcap >= Rs1000 Cr,False
DEEPA,Deepa Jewellers Limited,EQ,227.06,,65.436,39049.5,20.0,,,"listed 29d ago — under a year of history, no trend to read",False
TATAELXSI,Tata Elxsi Limited,EQ,3082.5,22882.0,65.037,22534.0,,,,not penny/nano — price >= Rs100 and mcap >= Rs1000 Cr,False
LLOYDSENGG,LLOYDS ENGINEERING WORKS LIMITED,EQ,101.1,15248.0,64.683,30072.0,20.0,,,not penny/nano — price >= Rs100 and mcap >= Rs1000 Cr,False
IRFC,Indian Railway Finance Corporation Limited,EQ,76.15,114506.0,64.465,40596.0,,,,"not penny/nano — too big on both arms: a Rs76 share of a Rs114,506 Cr company (the price arm's ceiling is Rs5,000 Cr — a cheap share is not a small company)",False
KPITTECH,KPIT Technologies Limited,EQ,484.25,16405.0,64.105,26626.0,,,,not penny/nano — price >= Rs100 and mcap >= Rs1000 Cr,False
TATAGOLD,,,14.23,,63.829,64376.0,,,,not in the NSE equity master (ETF / REIT / InvIT — not a company),False
UNOMINDA,UNO Minda Limited,EQ,1104.8,74205.0,63.806,28216.0,,,,not penny/nano — price >= Rs100 and mcap >= Rs1000 Cr,False
SHANTIGOLD,Shanti Gold International Limited,EQ,341.05,2355.0,63.497,25317.0,20.0,,ST Stage I,"ASM ST Stage I — surveillance: 100% margin, no intraday, no pledging",False
PVRINOX,PVR INOX Limited,EQ,1343.8,11934.0,63.231,30852.0,20.0,,,not penny/nano — price >= Rs100 and mcap >= Rs1000 Cr,False
TATACHEM,Tata Chemicals Limited,EQ,609.8,17085.0,62.228,23853.0,20.0,,,not penny/nano — price >= Rs100 and mcap >= Rs1000 Cr,False
MPIMANIPAL,Manipal Payment and Identity Solutions Limited,EQ,377.6,,62.135,50636.0,20.0,,,"listed 20d ago — under a year of history, no trend to read",False
SAMMAANCAP,Sammaan Capital Limited,EQ,132.94,18867.0,62.092,24997.0,20.0,,,not penny/nano — price >= Rs100 and mcap >= Rs1000 Cr,False
BANKINDIA,Bank of India,EQ,133.55,65558.0,62.009,28773.0,,,,not penny/nano — price >= Rs100 and mcap >= Rs1000 Cr,False
TATATECH,Tata Technologies Limited,EQ,697.6,30947.0,61.925,42263.0,20.0,,,not penny/nano — price >= Rs100 and mcap >= Rs1000 Cr,False
KTKBANK,The Karnataka Bank Limited,EQ,326.45,12169.0,61.499,25327.0,20.0,,,not penny/nano — price >= Rs100 and mcap >= Rs1000 Cr,False
PAGEIND,Page Industries Limited,EQ,37570.0,45034.0,61.475,8336.0,,,,not penny/nano — price >= Rs100 and mcap >= Rs1000 Cr,False
EBGNG,GNG Electronics Limited,EQ,731.35,8034.0,61.466,35510.0,10.0,,,not penny/nano — price >= Rs100 and mcap >= Rs1000 Cr,False
M&MFIN,Mahindra & Mahindra Financial Services Limited,EQ,321.75,53618.0,61.155,43128.0,20.0,,,not penny/nano — price >= Rs100 and mcap >= Rs1000 Cr,False
PPLPHARMA,Piramal Pharma Limited,EQ,203.01,26357.0,60.888,39658.0,20.0,,,not penny/nano — price >= Rs100 and mcap >= Rs1000 Cr,False
PARAGMILK,Parag Milk Foods Limited,EQ,311.8,2652.0,60.667,29930.0,20.0,,,not penny/nano — price >= Rs100 and mcap >= Rs1000 Cr,False
VIYASH,Viyash Scientific Limited,EQ,240.77,11348.0,60.395,27169.0,20.0,,,not penny/nano — price >= Rs100 and mcap >= Rs1000 Cr,False
ANANDRATHI,Anand Rathi Wealth Limited,EQ,2127.2,36712.0,59.984,24694.0,,,,not penny/nano — price >= Rs100 and mcap >= Rs1000 Cr,False
ARMEE,ArMee Infotech Limited,EQ,269.95,,59.833,39089.0,20.0,,,"listed 7d ago — under a year of history, no trend to read",False
SSWL,Steel Strips Wheels Limited,EQ,424.2,6146.0,59.806,41261.0,20.0,,,not penny/nano — price >= Rs100 and mcap >= Rs1000 Cr,False
ANTHEM,Anthem Biosciences Limited,EQ,887.05,48208.0,59.766,37150.0,20.0,,,not penny/nano — price >= Rs100 and mcap >= Rs1000 Cr,False
VISL,Vedanta Iron and Steel Limited,EQ,29.44,,59.43,42175.0,5.0,,LT Stage I,"ASM LT Stage I — surveillance: 100% margin, no intraday, no pledging; 5% circuit band — cannot exit on bad news; listed 114d ago — under a year of history, no trend to read",False
LLOYDSME,Lloyds Metals And Energy Limited,EQ,1844.5,107100.0,59.107,23048.0,20.0,,,not penny/nano — price >= Rs100 and mcap >= Rs1000 Cr,False
SUNSHINE,Sunshine Pictures Limited,EQ,448.9,,58.34,19016.0,5.0,,,"5% circuit band — cannot exit on bad news; listed 43d ago — under a year of history, no trend to read; closed at circuit on 28% of sessions — a stop cannot fill in a locked market",False
AEROFLEX,Aeroflex Industries Limited,EQ,563.85,6899.0,58.302,28111.0,10.0,,,not penny/nano — price >= Rs100 and mcap >= Rs1000 Cr,False
SILVERIETF,,,218.21,,58.267,14766.0,,,,not in the NSE equity master (ETF / REIT / InvIT — not a company),False
AEQUS,Aequs Limited,EQ,288.15,,58.021,49327.0,20.0,,LT Stage I,"ASM LT Stage I — surveillance: 100% margin, no intraday, no pledging; listed 301d ago — under a year of history, no trend to read",False
LIQUIDADD,,,1148.02,,57.927,337.0,5.0,,,not in the NSE equity master (ETF / REIT / InvIT — not a company); 5% circuit band — cannot exit on bad news,False
KISSHT,OnEMI Technology Solutions Limited,EQ,377.35,,57.423,39462.0,20.0,,,"listed 152d ago — under a year of history, no trend to read",False
ACMESOLAR,Acme Solar Holdings Limited,EQ,436.15,30576.0,56.48,39926.0,20.0,,,not penny/nano — price >= Rs100 and mcap >= Rs1000 Cr,False
FLUOROCHEM,Gujarat Fluorochemicals Limited,EQ,4555.9,47691.0,56.21,17132.0,20.0,,,not penny/nano — price >= Rs100 and mcap >= Rs1000 Cr,False
BODALCHEM,Bodal Chemicals Limited,BE,201.93,,56.052,19116.0,5.0,,LT Stage IV,"series BE (trade-to-trade / SME — not normal rolling settlement); ASM LT Stage IV — surveillance: 100% margin, no intraday, no pledging; 5% circuit band — cannot exit on bad news; closed at circuit on 42% of sessions — a stop cannot fill in a locked market",False
INOXINDIA,INOX India Limited,EQ,2082.0,19680.0,55.53,33236.0,20.0,,,not penny/nano — price >= Rs100 and mcap >= Rs1000 Cr,False
SHIPROCKET,Shiprocket Limited,EQ,133.11,,54.979,38053.0,20.0,,,"listed 49d ago — under a year of history, no trend to read",False
ICICIPRULI,ICICI Prudential Life Insurance Company Limited,EQ,457.5,72693.0,54.612,35802.0,,,,not penny/nano — price >= Rs100 and mcap >= Rs1000 Cr,False
AHCL,Anlon Healthcare Limited,EQ,28.18,830.0,54.504,28263.0,5.0,,LT Stage I,"ASM LT Stage I — surveillance: 100% margin, no intraday, no pledging; 5% circuit band — cannot exit on bad news; closed at circuit on 52% of sessions — a stop cannot fill in a locked market",False
SKYWAYS,Skyways Air Services Limited,EQ,114.72,,54.275,32325.0,20.0,,,"listed 36d ago — under a year of history, no trend to read",False
EPL,EPL Limited,EQ,237.03,7456.0,54.241,30937.0,20.0,,,not penny/nano — price >= Rs100 and mcap >= Rs1000 Cr,False
EMIL,Electronics Mart India Limited,EQ,211.54,7851.0,53.448,40314.0,20.0,,,not penny/nano — price >= Rs100 and mcap >= Rs1000 Cr,False
JPPOWER,Jaiprakash Power Ventures Limited,EQ,14.86,11617.0,53.407,392082.0,20.0,,,"not penny/nano — too big on both arms: a Rs15 share of a Rs11,617 Cr company (the price arm's ceiling is Rs5,000 Cr — a cheap share is not a small company)",False
EMMVEE,Emmvee Photovoltaic Power Limited,EQ,305.8,,52.641,38560.0,10.0,,,"listed 323d ago — under a year of history, no trend to read",False
TIINDIA,Tube Investments of India Limited,EQ,2388.0,53658.0,51.911,20251.0,,,,not penny/nano — price >= Rs100 and mcap >= Rs1000 Cr,False
SOUTHBANK,The South Indian Bank Limited,EQ,47.47,12427.0,51.8,36648.0,20.0,,,"not penny/nano — too big on both arms: a Rs47 share of a Rs12,427 Cr company (the price arm's ceiling is Rs5,000 Cr — a cheap share is not a small company)",False
GERMAN,German Green Steel and Power Limited,EQ,120.11,,51.644,50309.0,20.0,,,"listed 2d ago — under a year of history, no trend to read",False
JINDALSAW,Jindal Saw Limited,EQ,281.9,17286.0,51.626,30169.0,20.0,,,not penny/nano — price >= Rs100 and mcap >= Rs1000 Cr,False
CASTROLIND,Castrol India Limited,EQ,197.15,18479.0,51.551,31280.0,20.0,,,not penny/nano — price >= Rs100 and mcap >= Rs1000 Cr,False
HDFCSILVER,,,208.83,,51.534,10096.0,,,,not in the NSE equity master (ETF / REIT / InvIT — not a company),False
THERMAX,Thermax Limited,EQ,3230.4,48376.0,51.486,28412.0,20.0,,,not penny/nano — price >= Rs100 and mcap >= Rs1000 Cr,False
AEGISVOPAK,Aegis Vopak Terminals Limited,EQ,294.25,32215.0,51.454,29365.0,10.0,,,not penny/nano — price >= Rs100 and mcap >= Rs1000 Cr,False
GENUSPOWER,Genus Power Infrastructures Limited,EQ,301.05,9330.0,51.347,31410.0,20.0,,,not penny/nano — price >= Rs100 and mcap >= Rs1000 Cr,False
AMBUJACEM,Ambuja Cements Limited,EQ,356.9,107841.0,51.137,22069.0,,,,not penny/nano — price >= Rs100 and mcap >= Rs1000 Cr,False
WHEELS,Wheels India Limited,EQ,2283.9,3484.0,51.059,20524.0,10.0,,LT Stage I,"ASM LT Stage I — surveillance: 100% margin, no intraday, no pledging",False
AARTIPHARM,Aarti Pharmalabs Limited,EQ,953.35,7623.0,50.233,29840.0,20.0,,,not penny/nano — price >= Rs100 and mcap >= Rs1000 Cr,False
CROMPTON,Crompton Greaves Consumer Electricals Limited,EQ,210.7,16095.0,49.866,28964.0,,,,not penny/nano — price >= Rs100 and mcap >= Rs1000 Cr,False
QPOWER,Quality Power Electrical Equipments Limited,EQ,1615.0,12117.0,49.589,18968.0,5.0,,,5% circuit band — cannot exit on bad news,False
LALPATHLAB,Dr. Lal Path Labs Ltd.,EQ,1945.1,33655.0,49.539,35675.0,20.0,,,not penny/nano — price >= Rs100 and mcap >= Rs1000 Cr,False
KARURVYSYA,Karur Vysya Bank Limited,EQ,330.1,31442.0,49.226,33689.0,20.0,,,not penny/nano — price >= Rs100 and mcap >= Rs1000 Cr,False
SBIFUNDS,SBI Funds Management Limited,EQ,501.2,,49.151,33217.0,10.0,,,"listed 78d ago — under a year of history, no trend to read",False
SAGILITY,SAGILITY LIMITED,EQ,43.11,20443.0,49.136,26141.0,,,,"not penny/nano — too big on both arms: a Rs43 share of a Rs20,443 Cr company (the price arm's ceiling is Rs5,000 Cr — a cheap share is not a small company)",False
CUB,City Union Bank Limited,EQ,222.12,21005.0,48.763,36296.0,20.0,,,not penny/nano — price >= Rs100 and mcap >= Rs1000 Cr,False
SUPREMEIND,Supreme Industries Limited,EQ,3550.0,42935.0,48.763,16568.0,,,,not penny/nano — price >= Rs100 and mcap >= Rs1000 Cr,False
BBOX,Black Box Limited,EQ,884.85,14134.0,48.21,32109.0,10.0,,,not penny/nano — price >= Rs100 and mcap >= Rs1000 Cr,False
CRAFTSMAN,Craftsman Automation Limited,EQ,10198.0,26850.0,48.113,16565.0,20.0,,,not penny/nano — price >= Rs100 and mcap >= Rs1000 Cr,False
GMMPFAUDLR,GMM Pfaudler Limited,EQ,1438.0,4612.0,48.007,27143.0,20.0,,ST Stage I,"ASM ST Stage I — surveillance: 100% margin, no intraday, no pledging",False
MARINE,Marine Electricals (India) Limited,EQ,476.4,5240.0,47.905,38242.0,20.0,,,not penny/nano — price >= Rs100 and mcap >= Rs1000 Cr,False
PTCIL,PTC Industries Limited,EQ,24685.0,33021.0,47.675,8645.0,20.0,,,not penny/nano — price >= Rs100 and mcap >= Rs1000 Cr,False
TECHNOCRAF,Technocraft Ventures Limited,EQ,486.4,,47.242,20444.0,20.0,,,"listed 54d ago — under a year of history, no trend to read",False
GNFC,Gujarat Narmada Valley Fertilizers and Chemicals Limited,EQ,618.2,8657.0,46.976,21029.0,20.0,,,not penny/nano — price >= Rs100 and mcap >= Rs1000 Cr,False
USHAMART,Usha Martin Limited,EQ,520.25,14984.0,46.661,28219.0,20.0,,,not penny/nano — price >= Rs100 and mcap >= Rs1000 Cr,False
BEML,BEML Limited,EQ,2006.2,16344.0,46.386,22987.0,20.0,,,not penny/nano — price >= Rs100 and mcap >= Rs1000 Cr,False
JINDWORLD,Jindal Worldwide Limited,EQ,44.83,3854.0,46.127,27587.0,10.0,,LT Stage I,"ASM LT Stage I — surveillance: 100% margin, no intraday, no pledging",False
RAYMONDREL,Raymond Realty Limited,EQ,701.8,4317.0,46.055,23663.0,20.0,,,not penny/nano — price >= Rs100 and mcap >= Rs1000 Cr,False
KWIL,Kwality Wall's (India) Limited,EQ,38.06,,45.979,31222.0,20.0,,,"listed 233d ago — under a year of history, no trend to read",False
SRF,SRF Limited,EQ,2460.0,77515.0,45.747,18002.0,,,,not penny/nano — price >= Rs100 and mcap >= Rs1000 Cr,False
LIQUIDPLUS,,,1106.47,,45.568,303.0,5.0,,,not in the NSE equity master (ETF / REIT / InvIT — not a company); 5% circuit band — cannot exit on bad news,False
NUVAMA,Nuvama Wealth Management Limited,EQ,1825.9,31394.0,45.427,23936.0,20.0,,,not penny/nano — price >= Rs100 and mcap >= Rs1000 Cr,False
PRASOLCHEM,Prasol Chemicals Limited,EQ,878.9,,45.227,37029.0,10.0,,,"listed 21d ago — under a year of history, no trend to read",False
NAZARA,Nazara Technologies Limited,EQ,378.45,14765.0,45.208,22302.0,20.0,,,not penny/nano — price >= Rs100 and mcap >= Rs1000 Cr,False
KFINTECH,Kfin Technologies Limited,EQ,858.0,16077.0,45.155,22827.0,,,,not penny/nano — price >= Rs100 and mcap >= Rs1000 Cr,False
PGEL,PG Electroplast Limited,EQ,522.0,18084.0,44.993,20888.0,,,,not penny/nano — price >= Rs100 and mcap >= Rs1000 Cr,False
PETRONET,Petronet LNG Limited,EQ,297.0,42090.0,44.308,34040.0,,,,not penny/nano — price >= Rs100 and mcap >= Rs1000 Cr,False
HDFCGOLD,,,125.19,,44.108,10460.0,,,,not in the NSE equity master (ETF / REIT / InvIT — not a company),False
ASTRAMICRO,Astra Microwave Products Limited,EQ,1701.1,16199.0,44.091,23824.0,20.0,,,not penny/nano — price >= Rs100 and mcap >= Rs1000 Cr,False
CONCOR,Container Corporation of India Limited,EQ,439.75,38477.0,43.585,20131.0,,,,not penny/nano — price >= Rs100 and mcap >= Rs1000 Cr,False
BAJAJHLDNG,Bajaj Holdings & Investment Limited,EQ,10662.0,125346.0,43.091,10394.0,,,,not penny/nano — price >= Rs100 and mcap >= Rs1000 Cr,False
ZENSARTECH,Zensar Technologies Limited,EQ,439.3,11558.0,42.618,24748.0,20.0,,,not penny/nano — price >= Rs100 and mcap >= Rs1000 Cr,False
CYIENTDLM,Cyient DLM Limited,EQ,988.3,5442.0,42.612,29279.0,20.0,,LT Stage I,"ASM LT Stage I — surveillance: 100% margin, no intraday, no pledging",False
ARCIL,Asset Reconstruction Company (India) Limited,EQ,160.31,,42.354,46448.5,10.0,,,"listed 20d ago — under a year of history, no trend to read",False
FILATEX,Filatex India Limited,EQ,111.63,3614.0,42.325,27339.0,20.0,,LT Stage I,"ASM LT Stage I — surveillance: 100% margin, no intraday, no pledging",False
JUBLFOOD,Jubilant Foodworks Limited,EQ,460.6,31973.0,42.193,22674.0,,,,not penny/nano — price >= Rs100 and mcap >= Rs1000 Cr,False
IBULLSLTD,Indiabulls Limited,EQ,32.49,,42.059,17577.0,5.0,,,5% circuit band — cannot exit on bad news; closed at circuit on 24% of sessions — a stop cannot fill in a locked market,False
SHYAMMETL,Shyam Metalics and Energy Limited,EQ,1067.3,29247.0,42.004,17599.0,20.0,,,not penny/nano — price >= Rs100 and mcap >= Rs1000 Cr,False
MIDHANI,Mishra Dhatu Nigam Limited,EQ,458.7,8123.0,41.814,27714.0,20.0,,,not penny/nano — price >= Rs100 and mcap >= Rs1000 Cr,False
ZENTEC,Zen Technologies Limited,EQ,1580.2,14231.0,41.411,19488.0,20.0,,,not penny/nano — price >= Rs100 and mcap >= Rs1000 Cr,False
SEDEMAC,SEDEMAC Mechatronics Limited,EQ,3425.6,,41.327,20390.0,20.0,,,"listed 210d ago — under a year of history, no trend to read",False
IPCALAB,IPCA Laboratories Limited,EQ,1938.5,49300.0,41.312,27818.0,20.0,,,not penny/nano — price >= Rs100 and mcap >= Rs1000 Cr,False
UNIMECH,Unimech Aerospace and Manufacturing Limited,EQ,1854.5,9025.0,41.267,23318.0,10.0,,,not penny/nano — price >= Rs100 and mcap >= Rs1000 Cr,False
BALAMINES,Balaji Amines Limited,EQ,2155.9,6649.0,41.148,20135.0,20.0,,,not penny/nano — price >= Rs100 and mcap >= Rs1000 Cr,False
NBCC,NBCC (India) Limited,EQ,76.74,25337.0,40.839,26916.0,,,,"not penny/nano — too big on both arms: a Rs77 share of a Rs25,337 Cr company (the price arm's ceiling is Rs5,000 Cr — a cheap share is not a small company)",False
SHANKESH,Shankesh Jewellers Limited,EQ,96.51,,40.716,23819.0,20.0,,,"listed 43d ago — under a year of history, no trend to read",False
AONESTEELS,A-One Steels India Limited,EQ,420.35,,40.695,28265.5,20.0,,,"listed 6d ago — under a year of history, no trend to read",False
RKFORGE,Ramkrishna Forgings Limited,EQ,716.4,12905.0,40.531,22101.0,20.0,,,not penny/nano — price >= Rs100 and mcap >= Rs1000 Cr,False
SUNTV,Sun TV Network Limited,EQ,636.5,19202.0,40.491,32202.0,20.0,,,not penny/nano — price >= Rs100 and mcap >= Rs1000 Cr,False
KIRIINDUS,Kiri Industries Limited,EQ,556.25,2742.0,39.985,17365.0,20.0,,,not penny/nano — price >= Rs100 and mcap >= Rs1000 Cr,False
BALKRISIND,Balkrishna Industries Limited,EQ,2006.6,45238.0,39.969,26298.0,20.0,,,not penny/nano — price >= Rs100 and mcap >= Rs1000 Cr,False
NATCOPHARM,Natco Pharma Limited,EQ,810.1,16418.0,39.806,34001.0,20.0,,,not penny/nano — price >= Rs100 and mcap >= Rs1000 Cr,False
CYIENT,Cyient Limited,EQ,1115.0,9530.0,39.666,27660.0,20.0,,,not penny/nano — price >= Rs100 and mcap >= Rs1000 Cr,False
TATACAP,Tata Capital Limited,EQ,320.55,,39.499,43038.0,10.0,,,"listed 359d ago — under a year of history, no trend to read",False
SCI,Shipping Corporation Of India Limited,EQ,285.35,12439.0,39.346,25743.0,20.0,,,not penny/nano — price >= Rs100 and mcap >= Rs1000 Cr,False
TITAGARH,TITAGARH RAIL SYSTEMS LIMITED,EQ,799.75,11413.0,38.957,24285.0,20.0,,,not penny/nano — price >= Rs100 and mcap >= Rs1000 Cr,False
TIMETECHNO,Time Technoplast Limited,EQ,183.62,10114.0,38.847,22255.0,20.0,,,not penny/nano — price >= Rs100 and mcap >= Rs1000 Cr,False
RUNWALENTR,Runwal Enterprises Limited,EQ,279.1,,38.808,17908.0,10.0,,,"listed 2d ago — under a year of history, no trend to read",False
NEOGEN,Neogen Chemicals Limited,EQ,2431.3,7232.0,38.763,21368.0,20.0,,,not penny/nano — price >= Rs100 and mcap >= Rs1000 Cr,False
SKIPPER,Skipper Limited,EQ,541.35,6112.0,38.576,25140.0,20.0,,,not penny/nano — price >= Rs100 and mcap >= Rs1000 Cr,False
SHREECEM,SHREE CEMENT LIMITED,EQ,21780.0,93846.0,38.555,7826.0,,,,not penny/nano — price >= Rs100 and mcap >= Rs1000 Cr,False
LEAPIND,LEAP India Limited,EQ,148.03,,38.402,28193.0,20.0,,,"listed 54d ago — under a year of history, no trend to read",False
IREDA,Indian Renewable Energy Development Agency Limited,EQ,107.33,33655.0,38.24,25343.0,,,,not penny/nano — price >= Rs100 and mcap >= Rs1000 Cr,False
VEDPOWER,Vedanta Power Limited,EQ,32.42,,38.063,38103.0,20.0,,,"listed 114d ago — under a year of history, no trend to read",False
FIRSTCRY,Brainbees Solutions Limited,EQ,172.2,10841.0,37.926,22467.0,20.0,,,not penny/nano — price >= Rs100 and mcap >= Rs1000 Cr,False
GMDCLTD,Gujarat Mineral Development Corporation Limited,EQ,477.1,18533.0,37.771,23103.0,20.0,,,not penny/nano — price >= Rs100 and mcap >= Rs1000 Cr,False
KPIGREEN,KPI Green Energy Limited,EQ,334.45,6306.0,37.711,25566.0,20.0,,,not penny/nano — price >= Rs100 and mcap >= Rs1000 Cr,False
HCC,Hindustan Construction Company Limited,EQ,19.8,5614.0,37.697,24401.0,20.0,,,"not penny/nano — too big on both arms: a Rs20 share of a Rs5,614 Cr company (the price arm's ceiling is Rs5,000 Cr — a cheap share is not a small company)",False
POONAWALLA,Poonawalla Fincorp Limited,EQ,448.9,40477.0,37.644,26252.0,20.0,,,not penny/nano — price >= Rs100 and mcap >= Rs1000 Cr,False
RPOWER,Reliance Power Limited,EQ,20.32,9951.0,37.554,30359.0,20.0,,,"not penny/nano — too big on both arms: a Rs20 share of a Rs9,951 Cr company (the price arm's ceiling is Rs5,000 Cr — a cheap share is not a small company)",False
SMLMAH,SML Mahindra Limited,EQ,6095.0,9045.0,37.553,10130.0,5.0,,,5% circuit band — cannot exit on bad news,False
OLECTRA,Olectra Greentech Limited,EQ,1084.1,11368.0,37.425,19255.0,20.0,,,not penny/nano — price >= Rs100 and mcap >= Rs1000 Cr,False
CENTUM,Centum Electronics Limited,EQ,4345.9,6941.0,37.323,15782.0,20.0,,ST Stage I,"ASM ST Stage I — surveillance: 100% margin, no intraday, no pledging",False
BLEL,Behari Lal Engineering Limited,EQ,514.4,,37.203,20151.0,20.0,,,"listed 49d ago — under a year of history, no trend to read",False
MRF,MRF Limited,EQ,123075.0,56017.0,37.078,2177.0,20.0,,,not penny/nano — price >= Rs100 and mcap >= Rs1000 Cr,False
CAPLIPOINT,Caplin Point Laboratories Limited,EQ,2649.1,20006.0,36.76,21861.0,20.0,,,not penny/nano — price >= Rs100 and mcap >= Rs1000 Cr,False
STYLEBAAZA,Baazar Style Retail Limited,EQ,379.9,,36.689,9937.0,5.0,,,5% circuit band — cannot exit on bad news,False
ROSSTECH,Rossell Techsys Limited,EQ,1622.4,5739.0,36.498,21903.0,20.0,,,not penny/nano — price >= Rs100 and mcap >= Rs1000 Cr,False
PIIND,PI Industries Limited,EQ,2210.0,42096.0,36.307,16124.0,,,,not penny/nano — price >= Rs100 and mcap >= Rs1000 Cr,False
THANGAMAYL,Thangamayil Jewellery Limited,EQ,4803.0,16910.0,36.163,13547.0,5.0,,,5% circuit band — cannot exit on bad news,False
LIQUIDIETF,,,999.99,,36.147,207.0,5.0,,,"not in the NSE equity master (ETF / REIT / InvIT — not a company); 5% circuit band — cannot exit on bad news; only 207 trades/day median — one operator's book, not a market",False
KIMS,Krishna Institute of Medical Sciences Limited,EQ,693.95,30923.0,36.018,22482.0,20.0,,,not penny/nano — price >= Rs100 and mcap >= Rs1000 Cr,False
YATHARTH,Yatharth Hospital & Trauma Care Services Limited,EQ,1032.7,9960.0,35.99,21405.0,20.0,,,not penny/nano — price >= Rs100 and mcap >= Rs1000 Cr,False
ATGL,Adani Total Gas Limited,EQ,581.9,64124.0,35.707,22978.0,20.0,,,not penny/nano — price >= Rs100 and mcap >= Rs1000 Cr,False
SHAILY,Shaily Engineering Plastics Limited,EQ,3085.3,13840.0,35.499,18971.0,20.0,,,not penny/nano — price >= Rs100 and mcap >= Rs1000 Cr,False
VENUSPIPES,Venus Pipes & Tubes Limited,EQ,2238.5,4568.0,35.229,16261.0,20.0,,,not penny/nano — price >= Rs100 and mcap >= Rs1000 Cr,False
RUBICON,Rubicon Research Limited,EQ,1575.6,,34.989,21950.0,20.0,,LT Stage I,"ASM LT Stage I — surveillance: 100% margin, no intraday, no pledging; listed 356d ago — under a year of history, no trend to read",False
VARMORA,Varmora Granito Limited,EQ,136.31,,34.932,30116.5,20.0,,,"listed 8d ago — under a year of history, no trend to read",False
PRIVISCL,Privi Speciality Chemicals Limited,EQ,3519.2,13957.0,34.795,14008.0,20.0,,,not penny/nano — price >= Rs100 and mcap >= Rs1000 Cr,False
AXISCADES,AXISCADES Technologies Limited,EQ,2245.6,8771.0,34.654,18199.0,10.0,,,not penny/nano — price >= Rs100 and mcap >= Rs1000 Cr,False
HONASA,Honasa Consumer Limited,EQ,477.05,13951.0,34.343,25000.0,20.0,,,not penny/nano — price >= Rs100 and mcap >= Rs1000 Cr,False
CLEANMAX,Clean Max Enviro Energy Solutions Limited,EQ,1388.5,,34.315,22051.0,20.0,,,"listed 219d ago — under a year of history, no trend to read",False
BALUFORGE,Balu Forge Industries Limited,EQ,507.5,6386.0,34.233,17860.0,20.0,,,not penny/nano — price >= Rs100 and mcap >= Rs1000 Cr,False
XTRANET,Xtranet Technologies Limited,EQ,302.65,,34.143,20384.0,5.0,,LT Stage I,"ASM LT Stage I — surveillance: 100% margin, no intraday, no pledging; 5% circuit band — cannot exit on bad news; listed 69d ago — under a year of history, no trend to read; closed at circuit on 48% of sessions — a stop cannot fill in a locked market",False
IEX,Indian Energy Exchange Limited,EQ,105.85,11333.0,33.653,30369.0,,,,not penny/nano — price >= Rs100 and mcap >= Rs1000 Cr,False
AETHER,Aether Industries Limited,EQ,1787.6,22166.0,33.61,21619.0,20.0,,,not penny/nano — price >= Rs100 and mcap >= Rs1000 Cr,False
SETL,Standard Engineering Technology Limited,EQ,429.8,,33.217,13387.0,5.0,,LT Stage I,"ASM LT Stage I — surveillance: 100% margin, no intraday, no pledging; 5% circuit band — cannot exit on bad news; closed at circuit on 32% of sessions — a stop cannot fill in a locked market",False
TATACOMM,Tata Communications Limited,EQ,1659.6,50026.0,33.177,22907.0,20.0,,,not penny/nano — price >= Rs100 and mcap >= Rs1000 Cr,False
ACE,Action Construction Equipment Limited,EQ,1249.9,14436.0,33.149,22176.0,20.0,,,not penny/nano — price >= Rs100 and mcap >= Rs1000 Cr,False
GUJENERGY,GUJARAT ENERGY LIMITED,EQ,228.48,26547.0,33.066,32496.0,20.0,,,not penny/nano — price >= Rs100 and mcap >= Rs1000 Cr,False
DEEPAKNTR,Deepak Nitrite Limited,EQ,1553.9,24503.0,32.785,18429.0,20.0,,,not penny/nano — price >= Rs100 and mcap >= Rs1000 Cr,False
SHRIPISTON,SPR Auto Technologies Limited,EQ,4411.6,20830.0,32.769,15497.0,20.0,,,not penny/nano — price >= Rs100 and mcap >= Rs1000 Cr,False
VINCOFE,Vintage Coffee And Beverages Limited,EQ,184.19,2160.0,32.556,19439.0,20.0,,,not penny/nano — price >= Rs100 and mcap >= Rs1000 Cr,False
ECLERX,eClerx Services Limited,EQ,1896.0,17841.0,32.389,19758.0,20.0,,,not penny/nano — price >= Rs100 and mcap >= Rs1000 Cr,False
NORTHARC,Northern Arc Capital Limited,EQ,293.75,4671.0,32.351,18099.0,20.0,,,not penny/nano — price >= Rs100 and mcap >= Rs1000 Cr,False
GRAVITA,Gravita India Limited,EQ,1496.0,12784.0,32.153,19988.0,20.0,,,not penny/nano — price >= Rs100 and mcap >= Rs1000 Cr,False
SAMBHV,Sambhv Steel Tubes Limited,EQ,158.32,4757.0,32.067,21167.0,20.0,,,not penny/nano — price >= Rs100 and mcap >= Rs1000 Cr,False
OMNI,Omnitech Engineering Limited,EQ,657.55,,32.007,20213.0,20.0,,,"listed 216d ago — under a year of history, no trend to read",False
MEDANTA,Global Health Limited,EQ,1294.1,36494.0,31.897,27333.0,20.0,,,not penny/nano — price >= Rs100 and mcap >= Rs1000 Cr,False
NLCINDIA,NLC India Limited,EQ,250.35,42209.0,31.806,30188.0,20.0,,,not penny/nano — price >= Rs100 and mcap >= Rs1000 Cr,False
CMPDI,Central Mine Planning & Design Institute Limited,EQ,209.05,,31.768,19403.0,20.0,,,"listed 191d ago — under a year of history, no trend to read",False
JAMNAAUTO,Jamna Auto Industries Limited,EQ,151.77,4832.0,31.699,29853.0,20.0,,,not penny/nano — price >= Rs100 and mcap >= Rs1000 Cr,False
TI,Tilaknagar Industries Limited,EQ,551.55,13450.0,31.633,22404.0,20.0,,,not penny/nano — price >= Rs100 and mcap >= Rs1000 Cr,False
SENORES,Senores Pharmaceuticals Limited,EQ,1389.6,6757.0,31.594,18242.0,20.0,,,not penny/nano — price >= Rs100 and mcap >= Rs1000 Cr,False
GPIL,Godawari Power And Ispat limited,EQ,214.31,15847.0,31.571,19698.0,20.0,,,not penny/nano — price >= Rs100 and mcap >= Rs1000 Cr,False
HEGAM,HEG Advanced Materials Limited,EQ,246.99,4709.0,31.415,20712.0,20.0,,,not penny/nano — price >= Rs100 and mcap >= Rs1000 Cr,False
ARE&M,Amara Raja Energy & Mobility Limited,EQ,733.25,17052.0,31.245,24125.0,20.0,,,not penny/nano — price >= Rs100 and mcap >= Rs1000 Cr,False
GRWRHITECH,Garware Hi-Tech Films Limited,EQ,6903.5,16497.0,31.192,10474.0,20.0,,,not penny/nano — price >= Rs100 and mcap >= Rs1000 Cr,False
APTUS,Aptus Value Housing Finance India Limited,EQ,219.46,12545.0,31.12,35659.0,20.0,,,not penny/nano — price >= Rs100 and mcap >= Rs1000 Cr,False
BANKBEES,,,570.22,,31.106,6933.0,,,,not in the NSE equity master (ETF / REIT / InvIT — not a company),False
EMUDHRA,eMudhra Limited,EQ,605.5,4803.0,31.075,25837.0,20.0,,,not penny/nano — price >= Rs100 and mcap >= Rs1000 Cr,False
MSUMI,Motherson Sumi Wiring India Limited,EQ,33.57,26600.0,30.978,33131.0,20.0,,,"not penny/nano — too big on both arms: a Rs34 share of a Rs26,600 Cr company (the price arm's ceiling is Rs5,000 Cr — a cheap share is not a small company)",False
PCBL,PCBL Chemical Limited,EQ,326.9,12650.0,30.909,23971.0,20.0,,,not penny/nano — price >= Rs100 and mcap >= Rs1000 Cr,False
VEEGALAND,Veegaland Developers Limited,EQ,143.63,,30.862,17982.0,20.0,,,"listed 19d ago — under a year of history, no trend to read",False
QUADFUTURE,Quadrant Future Tek Limited,EQ,534.4,2126.0,30.808,19986.0,20.0,,,not penny/nano — price >= Rs100 and mcap >= Rs1000 Cr,False
AJANTPHARM,Ajanta Pharma Limited,EQ,3569.8,44748.0,30.738,15833.0,20.0,,,not penny/nano — price >= Rs100 and mcap >= Rs1000 Cr,False
PRANAV,Pranav Constructions Limited,EQ,94.22,,30.72,28985.5,20.0,,,"listed 22d ago — under a year of history, no trend to read",False
NH,Narayana Hrudayalaya Ltd.,EQ,1723.2,38524.0,30.712,24236.0,20.0,,,not penny/nano — price >= Rs100 and mcap >= Rs1000 Cr,False
COHANCE,Cohance Lifesciences Limited,EQ,455.45,16920.0,30.554,26506.0,20.0,,,not penny/nano — price >= Rs100 and mcap >= Rs1000 Cr,False
NCC,NCC Limited,EQ,126.88,8831.0,30.531,24316.0,20.0,,,not penny/nano — price >= Rs100 and mcap >= Rs1000 Cr,False
MANORAMA,Manorama Industries Limited,EQ,1996.0,11869.0,30.493,18367.0,20.0,,,not penny/nano — price >= Rs100 and mcap >= Rs1000 Cr,False
BAJAJCON,Bajaj Consumer Care Limited,EQ,483.0,6306.0,30.423,19571.0,20.0,,,not penny/nano — price >= Rs100 and mcap >= Rs1000 Cr,False
PARADEEP,Paradeep Phosphates Limited,EQ,155.38,15515.0,30.215,27963.0,20.0,,,not penny/nano — price >= Rs100 and mcap >= Rs1000 Cr,False
JSFB,Jana Small Finance Bank Limited,EQ,500.1,5105.0,30.171,17700.0,20.0,,,not penny/nano — price >= Rs100 and mcap >= Rs1000 Cr,False
KRN,KRN Heat Exchanger and Refrigeration Limited,EQ,1484.2,9260.0,30.087,16906.0,5.0,,,5% circuit band — cannot exit on bad news,False
DYNAMATECH,Dynamatic Technologies Limited,EQ,13723.0,8928.0,29.892,9290.0,20.0,,,not penny/nano — price >= Rs100 and mcap >= Rs1000 Cr,False
ENTERO,Entero Healthcare Solutions Limited,EQ,1713.3,7315.0,29.875,16391.0,20.0,,,not penny/nano — price >= Rs100 and mcap >= Rs1000 Cr,False
CARBORUNIV,Carborundum Universal Limited,EQ,1256.7,23617.0,29.462,21605.0,20.0,,,not penny/nano — price >= Rs100 and mcap >= Rs1000 Cr,False
FIVESTAR,Five-Star Business Finance Limited,EQ,509.35,16036.0,29.349,32433.0,20.0,,,not penny/nano — price >= Rs100 and mcap >= Rs1000 Cr,False
TENNIND,Tenneco Clean Air India Limited,EQ,480.4,,29.33,28271.0,20.0,,,"listed 322d ago — under a year of history, no trend to read",False
BSOFT,BIRLASOFT LIMITED,EQ,278.05,8905.0,29.3,26401.0,20.0,,,not penny/nano — price >= Rs100 and mcap >= Rs1000 Cr,False
KSHINTL,KSH International Limited,EQ,1072.3,,29.257,22206.0,20.0,,,"listed 288d ago — under a year of history, no trend to read",False
IRCTC,Indian Railway Catering And Tourism Corporation Limited,EQ,453.65,41596.0,29.208,26586.0,20.0,,,not penny/nano — price >= Rs100 and mcap >= Rs1000 Cr,False
WELENT,Welspun Enterprises Limited,EQ,740.75,10027.0,29.159,11707.0,20.0,,,not penny/nano — price >= Rs100 and mcap >= Rs1000 Cr,False
BLACKBUCK,BLACKBUCK LIMITED,EQ,616.4,11047.0,29.048,27659.0,20.0,,,not penny/nano — price >= Rs100 and mcap >= Rs1000 Cr,False
GODFRYPHLP,Godfrey Phillips India Limited,EQ,1862.4,35657.0,29.042,13236.0,,,,not penny/nano — price >= Rs100 and mcap >= Rs1000 Cr,False
AWL,AWL Agri Business Limited,EQ,187.11,25669.0,29.028,23993.0,20.0,,,not penny/nano — price >= Rs100 and mcap >= Rs1000 Cr,False
KEC,KEC International Limited,EQ,362.5,12747.0,29.023,24435.0,20.0,,,not penny/nano — price >= Rs100 and mcap >= Rs1000 Cr,False
RENUKA,Shree Renuka Sugars Limited,EQ,22.78,5334.0,28.902,20531.0,20.0,,,"not penny/nano — too big on both arms: a Rs23 share of a Rs5,334 Cr company (the price arm's ceiling is Rs5,000 Cr — a cheap share is not a small company)",False
ITBEES,,,30.9,,28.732,16584.0,,,,not in the NSE equity master (ETF / REIT / InvIT — not a company),False
TEXRAIL,Texmaco Rail & Engineering Limited,EQ,114.74,4294.0,28.65,23457.0,20.0,,,not penny/nano — price >= Rs100 and mcap >= Rs1000 Cr,False
MARSONS,Marsons Limited,EQ,132.45,,28.609,12597.0,20.0,,,"listed 208d ago — under a year of history, no trend to read",False
GCSL,Gretex Corporate Services Limited,EQ,689.7,1457.0,28.606,4585.0,20.0,,LT Stage I,"ASM LT Stage I — surveillance: 100% margin, no intraday, no pledging",False
ABDL,Allied Blenders and Distillers Limited,EQ,694.25,20059.0,28.463,19446.0,10.0,,,not penny/nano — price >= Rs100 and mcap >= Rs1000 Cr,False
GABRIEL,Gabriel India Limited,EQ,1346.9,23306.0,28.099,21982.0,20.0,,,not penny/nano — price >= Rs100 and mcap >= Rs1000 Cr,False
KERNEX,Kernex Microsystems (India) Limited,EQ,1767.5,2945.0,28.093,14097.0,20.0,,,not penny/nano — price >= Rs100 and mcap >= Rs1000 Cr,False
STLNETWORK,STL Networks Limited,EQ,49.43,,28.044,11954.0,5.0,,LT Stage I,"ASM LT Stage I — surveillance: 100% margin, no intraday, no pledging; 5% circuit band — cannot exit on bad news; closed at circuit on 60% of sessions — a stop cannot fill in a locked market",False
SCHNEIDER,Schneider Electric Infrastructure Limited,EQ,1256.2,30467.0,27.964,19436.0,20.0,,,not penny/nano — price >= Rs100 and mcap >= Rs1000 Cr,False
NEWGEN,Newgen Software Technologies Limited,EQ,447.75,7852.0,27.897,17627.0,20.0,,,not penny/nano — price >= Rs100 and mcap >= Rs1000 Cr,False
ELLEN,Ellenbarrie Industrial Gases Limited,EQ,365.75,4703.0,27.877,17382.0,10.0,,,not penny/nano — price >= Rs100 and mcap >= Rs1000 Cr,False
DEEPAKFERT,Deepak Fertilizers and Petrochemicals Corporation Limited,EQ,1415.4,19413.0,27.669,16123.0,20.0,,,not penny/nano — price >= Rs100 and mcap >= Rs1000 Cr,False
HUDCO,Housing & Urban Development Corporation Limited,EQ,161.79,40246.0,27.507,23402.0,20.0,,,not penny/nano — price >= Rs100 and mcap >= Rs1000 Cr,False
ARVIND,Arvind Limited,EQ,529.3,14528.0,27.19,24969.0,20.0,,,not penny/nano — price >= Rs100 and mcap >= Rs1000 Cr,False
SJS,S.J.S. Enterprises Limited,EQ,1982.6,6965.0,27.154,19372.0,20.0,,,not penny/nano — price >= Rs100 and mcap >= Rs1000 Cr,False
STAR,Strides Pharma Science Limited,EQ,1100.6,9999.0,27.003,21652.0,20.0,,,not penny/nano — price >= Rs100 and mcap >= Rs1000 Cr,False
JAYNECOIND,Jayaswal Neco Industries Limited,EQ,95.24,9169.0,26.826,20901.0,20.0,,,"not penny/nano — too big on both arms: a Rs95 share of a Rs9,169 Cr company (the price arm's ceiling is Rs5,000 Cr — a cheap share is not a small company)",False
HAPPSTMNDS,Happiest Minds Technologies Limited,EQ,304.6,6208.0,26.817,17204.0,20.0,,,not penny/nano — price >= Rs100 and mcap >= Rs1000 Cr,False
TARIL,Transformers And Rectifiers (India) Limited,EQ,289.15,8939.0,26.733,21965.0,20.0,,,not penny/nano — price >= Rs100 and mcap >= Rs1000 Cr,False
LCCPROJECT,LCC Projects Limited,EQ,143.97,,26.716,18107.5,10.0,,,"listed 20d ago — under a year of history, no trend to read",False
DEEPINDS,Deep Industries Limited,EQ,795.6,5018.0,26.535,17076.0,20.0,,,not penny/nano — price >= Rs100 and mcap >= Rs1000 Cr,False
AARTIIND,Aarti Industries Limited,EQ,491.25,16871.0,26.438,20894.0,20.0,,,not penny/nano — price >= Rs100 and mcap >= Rs1000 Cr,False
SHAREINDIA,Share India Securities Limited,EQ,207.27,4515.0,26.383,18301.0,20.0,,,not penny/nano — price >= Rs100 and mcap >= Rs1000 Cr,False
IKS,Inventurus Knowledge Solutions Limited,EQ,1737.4,29830.0,26.291,16442.0,20.0,,,not penny/nano — price >= Rs100 and mcap >= Rs1000 Cr,False
JAINREC,Jain Resource Recycling Limited,EQ,295.15,9811.0,26.26,20087.0,20.0,,,not penny/nano — price >= Rs100 and mcap >= Rs1000 Cr,False
ANURAS,Anupam Rasayan India Limited,EQ,1165.1,13249.0,26.242,11209.0,20.0,,,not penny/nano — price >= Rs100 and mcap >= Rs1000 Cr,False
CEMPRO,Cemindia Projects Limited,EQ,1137.8,21927.0,26.169,14896.0,5.0,,,5% circuit band — cannot exit on bad news,False
SWANCORP,SWAN CORP LIMITED,EQ,271.85,9548.0,25.989,17857.0,20.0,,,not penny/nano — price >= Rs100 and mcap >= Rs1000 Cr,False
WHIRLPOOL,Whirlpool of India Limited,EQ,845.5,9882.0,25.932,20681.0,20.0,,ST Stage I,"ASM ST Stage I — surveillance: 100% margin, no intraday, no pledging",False
RADHIKAJWE,Radhika Jeweltech Limited,BE,75.47,798.0,25.901,21887.5,5.0,,,series BE (trade-to-trade / SME — not normal rolling settlement); 5% circuit band — cannot exit on bad news; closed at circuit on 50% of sessions — a stop cannot fill in a locked market,False
BAJAJHFL,Bajaj Housing Finance Limited,EQ,84.08,70150.0,25.83,24582.0,10.0,,,"not penny/nano — too big on both arms: a Rs84 share of a Rs70,150 Cr company (the price arm's ceiling is Rs5,000 Cr — a cheap share is not a small company)",False
SUDEEPPHRM,Sudeep Pharma Limited,EQ,1170.4,,25.753,15432.0,5.0,,,"5% circuit band — cannot exit on bad news; listed 313d ago — under a year of history, no trend to read",False
SBCL,Shivalik Bimetal Controls Limited,EQ,1099.3,6143.0,25.475,15211.0,10.0,,LT Stage I,"ASM LT Stage I — surveillance: 100% margin, no intraday, no pledging",False
MON100,,,332.06,,25.433,20788.0,,,,not in the NSE equity master (ETF / REIT / InvIT — not a company),False
ONESOURCE,Onesource Specialty Pharma Limited,EQ,1528.6,18072.0,25.381,17831.0,20.0,,,not penny/nano — price >= Rs100 and mcap >= Rs1000 Cr,False
HDBFS,HDB Financial Services Limited,EQ,600.1,55292.0,25.345,17760.0,20.0,,,not penny/nano — price >= Rs100 and mcap >= Rs1000 Cr,False
TORNTPOWER,Torrent Power Limited,EQ,1236.5,68067.0,25.172,17376.0,20.0,,,not penny/nano — price >= Rs100 and mcap >= Rs1000 Cr,False
LIQUIDBETF,,,1101.91,,25.079,121.0,5.0,,,"not in the NSE equity master (ETF / REIT / InvIT — not a company); 5% circuit band — cannot exit on bad news; only 121 trades/day median — one operator's book, not a market",False
JUNIORBEES,,,752.0,,25.057,10826.0,,,,not in the NSE equity master (ETF / REIT / InvIT — not a company),False
MOSCHIP,Moschip Technologies Limited,EQ,195.2,4026.0,25.056,16684.0,20.0,,,not penny/nano — price >= Rs100 and mcap >= Rs1000 Cr,False
OPTIEMUS,Optiemus Infracom Limited,EQ,861.9,7247.0,24.958,22991.0,20.0,,ST Stage I,"ASM ST Stage I — surveillance: 100% margin, no intraday, no pledging",False
MONQ50,,,258.57,,24.924,18997.0,,,,not in the NSE equity master (ETF / REIT / InvIT — not a company); closed at circuit on 24% of sessions — a stop cannot fill in a locked market,False
ITCHOTELS,ITC Hotels Limited,EQ,159.17,35546.0,24.901,25691.0,20.0,,,not penny/nano — price >= Rs100 and mcap >= Rs1000 Cr,False
VIKRAMSOLR,Vikram Solar Limited,EQ,148.94,6255.0,24.617,13190.0,20.0,,,not penny/nano — price >= Rs100 and mcap >= Rs1000 Cr,False
PRECWIRE,Precision Wires India Limited,EQ,516.6,9166.0,24.597,24914.0,20.0,,,not penny/nano — price >= Rs100 and mcap >= Rs1000 Cr,False
STARHEALTH,Star Health and Allied Insurance Company Limited,EQ,553.85,32854.0,24.586,26553.0,20.0,,,not penny/nano — price >= Rs100 and mcap >= Rs1000 Cr,False
GOLD1,,,122.3,,24.556,9005.0,,,,not in the NSE equity master (ETF / REIT / InvIT — not a company),False
SMSPHARMA,SMS Pharmaceuticals Limited,EQ,468.85,4329.0,24.533,16198.0,20.0,,,not penny/nano — price >= Rs100 and mcap >= Rs1000 Cr,False
CHOICEIN,Choice International Limited,EQ,723.7,18739.0,24.469,7669.0,20.0,,,not penny/nano — price >= Rs100 and mcap >= Rs1000 Cr,False
LEMONTREE,Lemon Tree Hotels Limited,EQ,112.52,8795.0,24.468,22971.0,20.0,,,not penny/nano — price >= Rs100 and mcap >= Rs1000 Cr,False
PNGJL,P N Gadgil Jewellers Limited,EQ,597.05,8566.0,24.412,17786.0,10.0,,,not penny/nano — price >= Rs100 and mcap >= Rs1000 Cr,False
SYNCOMF,Syncom Formulations (India) Limited,EQ,24.94,1887.0,24.325,23285.0,20.0,,ST Stage I,"ASM ST Stage I — surveillance: 100% margin, no intraday, no pledging",False
J&KBANK,The Jammu & Kashmir Bank Limited,EQ,139.4,17535.0,24.322,25100.0,20.0,,,not penny/nano — price >= Rs100 and mcap >= Rs1000 Cr,False
JMFINANCIL,JM Financial Limited,EQ,124.92,12099.0,24.308,20465.0,20.0,,,not penny/nano — price >= Rs100 and mcap >= Rs1000 Cr,False
JSLL,Jeena Sikho Lifecare Limited,EQ,417.2,6480.0,24.062,18432.0,20.0,,,not penny/nano — price >= Rs100 and mcap >= Rs1000 Cr,False
LUMAXTECH,Lumax Auto Technologies Limited,EQ,1849.2,13488.0,24.018,20124.0,20.0,,,not penny/nano — price >= Rs100 and mcap >= Rs1000 Cr,False
TIMEX,Timex Group India Limited,EQ,724.45,,24.0,22883.0,20.0,,,"listed 170d ago — under a year of history, no trend to read",False
KMEW,Knowledge Marine & Engineering Works Limited,EQ,3214.0,7483.0,23.909,14015.0,20.0,,,not penny/nano — price >= Rs100 and mcap >= Rs1000 Cr,False
INDSWFTLAB,Ind-Swift Laboratories Limited,EQ,391.1,,23.867,12185.0,20.0,,LT Stage I,"ASM LT Stage I — surveillance: 100% margin, no intraday, no pledging",False
SETFNIF50,,,243.65,,23.849,6209.0,,,,not in the NSE equity master (ETF / REIT / InvIT — not a company),False
SOLARA,Solara Active Pharma Sciences Limited,EQ,683.7,3469.0,23.808,14754.0,20.0,,,not penny/nano — price >= Rs100 and mcap >= Rs1000 Cr,False
RBA,Restaurant Brands Asia Limited,EQ,96.08,6700.0,23.808,19175.0,10.0,,,"not penny/nano — too big on both arms: a Rs96 share of a Rs6,700 Cr company (the price arm's ceiling is Rs5,000 Cr — a cheap share is not a small company)",False
SONATSOFTW,Sonata Software Limited,EQ,248.1,8919.0,23.687,18170.0,20.0,,,not penny/nano — price >= Rs100 and mcap >= Rs1000 Cr,False
63MOONS,63 moons technologies limited,EQ,783.2,3697.0,23.458,13943.0,20.0,,,not penny/nano — price >= Rs100 and mcap >= Rs1000 Cr,False
CASHIETF,,,1082.69,,23.458,140.0,5.0,,,"not in the NSE equity master (ETF / REIT / InvIT — not a company); 5% circuit band — cannot exit on bad news; only 140 trades/day median — one operator's book, not a market",False
EIDPARRY,EID Parry India Limited,EQ,699.55,13795.0,23.412,18233.0,20.0,,,not penny/nano — price >= Rs100 and mcap >= Rs1000 Cr,False
RATEGAIN,Rategain Travel Technologies Limited,EQ,854.55,9964.0,23.399,18902.0,20.0,,,not penny/nano — price >= Rs100 and mcap >= Rs1000 Cr,False
HDFCSML250,,,180.77,,23.377,15612.0,,,,not in the NSE equity master (ETF / REIT / InvIT — not a company),False
CLEAN,Clean Science and Technology Limited,EQ,813.7,8731.0,23.349,19132.0,20.0,,,not penny/nano — price >= Rs100 and mcap >= Rs1000 Cr,False
MAHSEAMLES,Maharashtra Seamless Limited,EQ,692.75,9363.0,23.342,21920.0,20.0,,,not penny/nano — price >= Rs100 and mcap >= Rs1000 Cr,False
INDGN,Indegene Limited,EQ,607.1,14299.0,23.269,20590.0,20.0,,,not penny/nano — price >= Rs100 and mcap >= Rs1000 Cr,False
GICRE,General Insurance Corporation of India,EQ,316.55,61904.0,23.241,19599.0,20.0,,,not penny/nano — price >= Rs100 and mcap >= Rs1000 Cr,False
GOLDCASE,,,23.05,,23.219,10394.0,,,,not in the NSE equity master (ETF / REIT / InvIT — not a company),False
RPTECH,Rashi Peripherals Limited,EQ,939.7,5877.0,23.197,16582.0,20.0,,,not penny/nano — price >= Rs100 and mcap >= Rs1000 Cr,False
INOXGREEN,Inox Green Energy Services Limited,EQ,135.87,7511.0,23.11,12986.0,20.0,,,not penny/nano — price >= Rs100 and mcap >= Rs1000 Cr,False
NOCIL,NOCIL Limited,EQ,172.82,2820.0,22.936,13757.0,20.0,,,not penny/nano — price >= Rs100 and mcap >= Rs1000 Cr,False
VARROC,Varroc Engineering Limited,EQ,823.75,12690.0,22.924,20301.0,20.0,,,not penny/nano — price >= Rs100 and mcap >= Rs1000 Cr,False
MANINFRA,Man Infraconstruction Limited,EQ,122.52,3903.0,22.704,11176.0,20.0,,,not penny/nano — price >= Rs100 and mcap >= Rs1000 Cr,False
GPPL,Gujarat Pipavav Port Limited,EQ,172.46,8019.0,22.699,21578.0,20.0,,,not penny/nano — price >= Rs100 and mcap >= Rs1000 Cr,False
RAMBHAJO,Advit Jewels Limited,EQ,360.8,,22.677,12919.0,10.0,,,"listed 98d ago — under a year of history, no trend to read",False
GOODLUCK,Goodluck India Limited,EQ,501.95,4979.0,22.62,17477.0,20.0,,,not penny/nano — price >= Rs100 and mcap >= Rs1000 Cr,False
SUPRIYA,Supriya Lifescience Limited,EQ,889.25,7493.0,22.442,16937.0,20.0,,,not penny/nano — price >= Rs100 and mcap >= Rs1000 Cr,False
ENDURANCE,Endurance Technologies Limited,EQ,2513.4,40856.0,22.297,19807.0,20.0,,,not penny/nano — price >= Rs100 and mcap >= Rs1000 Cr,False
DECNGOLD,Deccan Gold Mines Limited,EQ,198.24,,22.024,16063.0,20.0,,,"listed 170d ago — under a year of history, no trend to read",False
BECTORFOOD,Mrs. Bectors Food Specialities Limited,EQ,211.07,6889.0,21.783,22403.0,20.0,,,not penny/nano — price >= Rs100 and mcap >= Rs1000 Cr,False
BLUEJET,Blue Jet Healthcare Limited,EQ,541.35,10255.0,21.772,17575.0,20.0,,,not penny/nano — price >= Rs100 and mcap >= Rs1000 Cr,False
GREAVESCOT,Greaves Cotton Limited,EQ,212.0,5368.0,21.595,15874.0,20.0,,,not penny/nano — price >= Rs100 and mcap >= Rs1000 Cr,False
PRICOLLTD,Pricol Limited,EQ,661.25,8952.0,21.564,15856.0,20.0,,,not penny/nano — price >= Rs100 and mcap >= Rs1000 Cr,False
TBOTEK,TBO Tek Limited,EQ,1704.5,17736.0,21.392,14001.0,20.0,,,not penny/nano — price >= Rs100 and mcap >= Rs1000 Cr,False
CESC,CESC Limited,EQ,131.18,22376.0,21.314,24176.0,20.0,,,not penny/nano — price >= Rs100 and mcap >= Rs1000 Cr,False
AFFLE,Affle 3i Limited,EQ,1436.0,23183.0,21.293,17365.0,20.0,,,not penny/nano — price >= Rs100 and mcap >= Rs1000 Cr,False
ROLEXRINGS,Rolex Rings Limited,EQ,183.67,5075.0,21.268,19004.0,20.0,,,not penny/nano — price >= Rs100 and mcap >= Rs1000 Cr,False
TATAINVEST,Tata Investment Corporation Limited,EQ,615.3,33216.0,21.131,16944.0,20.0,,,not penny/nano — price >= Rs100 and mcap >= Rs1000 Cr,False
JGCHEM,J.G.Chemicals Limited,EQ,654.95,2392.0,21.065,15104.0,20.0,,,not penny/nano — price >= Rs100 and mcap >= Rs1000 Cr,False
ARIS,Arisinfra Solutions Limited,EQ,142.31,1148.0,21.043,13253.0,20.0,,,not penny/nano — price >= Rs100 and mcap >= Rs1000 Cr,False
DCBBANK,DCB Bank Limited,EQ,201.19,6434.0,21.007,22034.0,20.0,,,not penny/nano — price >= Rs100 and mcap >= Rs1000 Cr,False
KPRMILL,K.P.R. Mill Limited,EQ,1101.3,36608.0,21.001,18661.0,20.0,,,not penny/nano — price >= Rs100 and mcap >= Rs1000 Cr,False
KABRAEXTRU,Kabra Extrusion Technik Limited,BE,805.55,,20.98,10637.0,5.0,,LT Stage IV,"series BE (trade-to-trade / SME — not normal rolling settlement); ASM LT Stage IV — surveillance: 100% margin, no intraday, no pledging; 5% circuit band — cannot exit on bad news; closed at circuit on 33% of sessions — a stop cannot fill in a locked market",False
ABREL,Aditya Birla Real Estate Limited,EQ,1049.4,15615.0,20.962,15746.0,20.0,,,not penny/nano — price >= Rs100 and mcap >= Rs1000 Cr,False
LCL,Lohia Corp Limited,EQ,624.1,,20.961,17774.0,20.0,,,"listed 69d ago — under a year of history, no trend to read",False
KAJARIACER,Kajaria Ceramics Limited,EQ,1226.2,19252.0,20.921,17854.0,20.0,,,not penny/nano — price >= Rs100 and mcap >= Rs1000 Cr,False
JNPR,Juniper Green Energy Limited,EQ,280.65,,20.831,28554.0,10.0,,,"listed 62d ago — under a year of history, no trend to read",False
ELGIEQUIP,Elgi Equipments Limited,EQ,602.05,18528.0,20.826,21873.0,20.0,,,not penny/nano — price >= Rs100 and mcap >= Rs1000 Cr,False
TRITURBINE,Triveni Turbine Limited,EQ,531.45,20232.0,20.784,41226.0,20.0,,,not penny/nano — price >= Rs100 and mcap >= Rs1000 Cr,False
HOMEFIRST,Home First Finance Company India Limited,EQ,1087.9,11771.0,20.783,15971.0,20.0,,,not penny/nano — price >= Rs100 and mcap >= Rs1000 Cr,False
TRANSRAILL,Transrail Lighting Limited,EQ,479.3,6219.0,20.74,18964.0,20.0,,,not penny/nano — price >= Rs100 and mcap >= Rs1000 Cr,False
ABSLAMC,Aditya Birla Sun Life AMC Limited,EQ,1015.5,28697.0,20.738,19478.0,20.0,,,not penny/nano — price >= Rs100 and mcap >= Rs1000 Cr,False
SUDARSCHEM,Sudarshan Chemical Industries Limited,EQ,1226.6,9884.0,20.726,13183.0,20.0,,,not penny/nano — price >= Rs100 and mcap >= Rs1000 Cr,False
CREDITACC,CREDITACCESS GRAMEEN LIMITED,EQ,1239.6,22330.0,20.497,21511.0,20.0,,,not penny/nano — price >= Rs100 and mcap >= Rs1000 Cr,False
CHOLAHLDNG,Cholamandalam Financial Holdings Limited,EQ,1402.7,30570.0,20.408,12724.0,20.0,,,not penny/nano — price >= Rs100 and mcap >= Rs1000 Cr,False
SENCO,Senco Gold Limited,EQ,320.6,5678.0,20.382,18175.0,20.0,,,not penny/nano — price >= Rs100 and mcap >= Rs1000 Cr,False
IRCON,Ircon International Limited,EQ,106.66,11620.0,20.245,24043.0,20.0,,,not penny/nano — price >= Rs100 and mcap >= Rs1000 Cr,False
SOTL,Savita Oil Technologies Limited,EQ,803.8,5001.0,20.171,14134.0,20.0,,,not penny/nano — price >= Rs100 and mcap >= Rs1000 Cr,False
LLOYDSENT,Lloyds Enterprises Limited,EQ,78.98,11917.0,20.107,12725.0,20.0,,,"not penny/nano — too big on both arms: a Rs79 share of a Rs11,917 Cr company (the price arm's ceiling is Rs5,000 Cr — a cheap share is not a small company)",False
FEDDERSHOL,Fedders Holding Limited,EQ,63.43,,20.049,11826.0,20.0,,,"listed 170d ago — under a year of history, no trend to read",False
JUBLPHARMA,Jubilant Pharmova Limited,EQ,974.6,15378.0,19.993,17332.0,20.0,,,not penny/nano — price >= Rs100 and mcap >= Rs1000 Cr,False
PGIL,Pearl Global Industries Limited,EQ,1273.1,11668.0,19.978,17836.0,20.0,,,not penny/nano — price >= Rs100 and mcap >= Rs1000 Cr,False
PROTEAN,Protean eGov Technologies Limited,EQ,669.95,2232.0,19.904,12840.0,10.0,,,not penny/nano — price >= Rs100 and mcap >= Rs1000 Cr,False
SHUKRAPHAR,Shukra Pharmaceuticals Limited,EQ,68.32,,19.866,10346.0,20.0,,ST Stage I,"ASM ST Stage I — surveillance: 100% margin, no intraday, no pledging; listed 54d ago — under a year of history, no trend to read",False
JKCEMENT,JK Cement Limited,EQ,5047.0,41002.0,19.775,8515.0,20.0,,,not penny/nano — price >= Rs100 and mcap >= Rs1000 Cr,False
ZFCVINDIA,ZF Commercial Vehicle Control Systems India Limited,EQ,2172.2,30013.0,19.729,14584.0,20.0,,,not penny/nano — price >= Rs100 and mcap >= Rs1000 Cr,False
NRBBEARING,NRB Bearing Limited,EQ,529.95,5259.0,19.722,17873.0,20.0,,,not penny/nano — price >= Rs100 and mcap >= Rs1000 Cr,False
AFCONS,Afcons Infrastructure Limited,EQ,244.38,9886.0,19.647,15773.0,20.0,,,not penny/nano — price >= Rs100 and mcap >= Rs1000 Cr,False
POLYMED,Poly Medicure Limited,EQ,1615.0,17893.0,19.559,13443.0,20.0,,,not penny/nano — price >= Rs100 and mcap >= Rs1000 Cr,False
SHAKTIPUMP,Shakti Pumps (India) Limited,EQ,447.4,6174.0,19.526,17144.0,20.0,,,not penny/nano — price >= Rs100 and mcap >= Rs1000 Cr,False
INDIAGLYCO,India Glycols Limited,EQ,382.7,2003.0,19.522,16845.0,20.0,,,not penny/nano — price >= Rs100 and mcap >= Rs1000 Cr,False
ICIL,Indo Count Industries Limited,EQ,471.1,8787.0,19.51,18147.0,20.0,,,not penny/nano — price >= Rs100 and mcap >= Rs1000 Cr,False
MOBIKWIK,One Mobikwik Systems Limited,EQ,256.08,1600.0,19.495,15010.0,20.0,,,not penny/nano — price >= Rs100 and mcap >= Rs1000 Cr,False
COROMANDEL,Coromandel International Limited,EQ,1745.5,61815.0,19.394,14518.0,20.0,,,not penny/nano — price >= Rs100 and mcap >= Rs1000 Cr,False
SBISILVER,,,214.32,,19.376,6086.0,,,,not in the NSE equity master (ETF / REIT / InvIT — not a company),False
GOLDAXIS,,,121.9,,19.314,3675.0,,,,not in the NSE equity master (ETF / REIT / InvIT — not a company),False
NELCO,NELCO Limited,EQ,915.8,2029.0,19.198,8897.0,20.0,,,not penny/nano — price >= Rs100 and mcap >= Rs1000 Cr,False
IRB,IRB Infrastructure Developers Limited,EQ,17.44,23685.0,19.194,25242.0,20.0,,,"not penny/nano — too big on both arms: a Rs17 share of a Rs23,685 Cr company (the price arm's ceiling is Rs5,000 Cr — a cheap share is not a small company)",False
GANDHAR,Gandhar Oil Refinery (India) Limited,EQ,299.2,,19.124,10959.0,20.0,,LT Stage I,"ASM LT Stage I — surveillance: 100% margin, no intraday, no pledging",False
DYCL,Dynamic Cables Limited,EQ,441.05,2182.0,19.1,13744.0,20.0,,,not penny/nano — price >= Rs100 and mcap >= Rs1000 Cr,False
WSTCSTPAPR,West Coast Paper Mills Limited,EQ,732.3,4806.0,19.05,13950.0,20.0,,,not penny/nano — price >= Rs100 and mcap >= Rs1000 Cr,False
SCHAEFFLER,Schaeffler India Limited,EQ,3797.0,60733.0,19.025,11486.0,20.0,,,not penny/nano — price >= Rs100 and mcap >= Rs1000 Cr,False
RELIGARE,Religare Enterprises Limited,EQ,224.92,8010.0,19.014,12417.0,20.0,,,not penny/nano — price >= Rs100 and mcap >= Rs1000 Cr,False
THELEELA,Leela Palaces Hotels & Resorts Limited,EQ,602.45,19001.0,18.866,18265.0,10.0,,,not penny/nano — price >= Rs100 and mcap >= Rs1000 Cr,False
PTC,PTC India Limited,EQ,151.72,4741.0,18.862,16341.0,20.0,,,not penny/nano — price >= Rs100 and mcap >= Rs1000 Cr,False
ATLANTAELE,Atlanta Electricals Limited,EQ,1875.8,13227.0,18.776,12187.0,10.0,,,not penny/nano — price >= Rs100 and mcap >= Rs1000 Cr,False
KPIL,Kalpataru Projects International Limited,EQ,1458.4,23164.0,18.756,18753.0,20.0,,,not penny/nano — price >= Rs100 and mcap >= Rs1000 Cr,False
LASERPOWER,Laser Power & Infra Limited,EQ,284.55,,18.675,10536.0,10.0,,,"listed 83d ago — under a year of history, no trend to read",False
SAREGAMA,Saregama India Limited,EQ,503.75,9539.0,18.576,17642.0,20.0,,,not penny/nano — price >= Rs100 and mcap >= Rs1000 Cr,False
CHAMBLFERT,Chambal Fertilizers & Chemicals Limited,EQ,396.35,17563.0,18.545,16682.0,20.0,,,not penny/nano — price >= Rs100 and mcap >= Rs1000 Cr,False
GOLDETF,,,142.57,,18.445,7548.0,,,,not in the NSE equity master (ETF / REIT / InvIT — not a company),False
APOLLOTYRE,Apollo Tyres Limited,EQ,407.6,28167.0,18.343,19332.0,20.0,,,not penny/nano — price >= Rs100 and mcap >= Rs1000 Cr,False
VINDHYATEL,Vindhya Telelinks Limited,EQ,2810.1,3271.0,18.279,9737.0,20.0,,,not penny/nano — price >= Rs100 and mcap >= Rs1000 Cr,False
SILVER1,,,21.2,,18.268,6092.0,,,,not in the NSE equity master (ETF / REIT / InvIT — not a company),False
ABBOTINDIA,Abbott India Limited,EQ,26095.0,57035.0,18.259,3386.0,20.0,,,not penny/nano — price >= Rs100 and mcap >= Rs1000 Cr,False
EMCURE,Emcure Pharmaceuticals Limited,EQ,1918.0,36891.0,18.081,15351.0,10.0,,,not penny/nano — price >= Rs100 and mcap >= Rs1000 Cr,False
AKUMS,Akums Drugs and Pharmaceuticals Limited,EQ,822.55,12798.0,18.048,15646.0,10.0,,,not penny/nano — price >= Rs100 and mcap >= Rs1000 Cr,False
BIRLACABLE,Birla Cable Limited,EQ,385.05,,18.01,10087.0,5.0,,LT Stage I,"ASM LT Stage I — surveillance: 100% margin, no intraday, no pledging; 5% circuit band — cannot exit on bad news; closed at circuit on 43% of sessions — a stop cannot fill in a locked market",False
CANFINHOME,Can Fin Homes Limited,EQ,727.0,10801.0,18.002,14511.0,20.0,,,not penny/nano — price >= Rs100 and mcap >= Rs1000 Cr,False
NSLNISP,NMDC Steel Limited,EQ,40.55,12001.0,17.976,17388.0,20.0,,,"not penny/nano — too big on both arms: a Rs41 share of a Rs12,001 Cr company (the price arm's ceiling is Rs5,000 Cr — a cheap share is not a small company)",False
AVANTIFEED,Avanti Feeds Limited,EQ,722.3,12351.0,17.951,15790.0,20.0,,,not penny/nano — price >= Rs100 and mcap >= Rs1000 Cr,False
HORIZONIND,Horizon Industrial Parks Limited,EQ,50.15,,17.906,20390.0,10.0,,,"listed 44d ago — under a year of history, no trend to read",False
MID150BEES,,,226.35,,17.853,10679.0,,,,not in the NSE equity master (ETF / REIT / InvIT — not a company),False
NTPCGREEN,NTPC Green Energy Limited,EQ,88.51,76755.0,17.851,23104.0,20.0,,,"not penny/nano — too big on both arms: a Rs89 share of a Rs76,755 Cr company (the price arm's ceiling is Rs5,000 Cr — a cheap share is not a small company)",False
ABFRL,Aditya Birla Fashion and Retail Limited,EQ,44.62,6865.0,17.794,16934.0,20.0,,,"not penny/nano — too big on both arms: a Rs45 share of a Rs6,865 Cr company (the price arm's ceiling is Rs5,000 Cr — a cheap share is not a small company)",False
MODISONLTD,MODISON LIMITED,BE,514.8,,17.792,7429.5,5.0,,LT Stage IV,"series BE (trade-to-trade / SME — not normal rolling settlement); ASM LT Stage IV — surveillance: 100% margin, no intraday, no pledging; 5% circuit band — cannot exit on bad news; closed at circuit on 62% of sessions — a stop cannot fill in a locked market",False
MAFANG,,,295.01,,17.671,16335.0,,,,not in the NSE equity master (ETF / REIT / InvIT — not a company),False
CCAVENUE,AvenuesAI Limited,EQ,15.56,5683.0,17.667,13892.0,20.0,,,"not penny/nano — too big on both arms: a Rs16 share of a Rs5,683 Cr company (the price arm's ceiling is Rs5,000 Cr — a cheap share is not a small company)",False
DEVYANI,Devyani International Limited,EQ,128.98,16611.0,17.66,19977.0,20.0,,,not penny/nano — price >= Rs100 and mcap >= Rs1000 Cr,False
VOLTAMP,Voltamp Transformers Limited,EQ,10512.0,10720.0,17.411,7055.0,20.0,,,not penny/nano — price >= Rs100 and mcap >= Rs1000 Cr,False
SUVEN,Suven Life Sciences Limited,EQ,305.55,8711.0,17.355,16807.0,20.0,,,not penny/nano — price >= Rs100 and mcap >= Rs1000 Cr,False
INTELLECT,Intellect Design Arena Limited,EQ,591.35,10118.0,17.353,17778.0,20.0,,,not penny/nano — price >= Rs100 and mcap >= Rs1000 Cr,False
BORORENEW,BOROSIL RENEWABLES LIMITED,EQ,438.1,7782.0,17.334,14603.0,20.0,,,not penny/nano — price >= Rs100 and mcap >= Rs1000 Cr,False
FSL,Firstsource Solutions Limited,EQ,259.2,19786.0,17.29,16854.0,20.0,,,not penny/nano — price >= Rs100 and mcap >= Rs1000 Cr,False
FRACTAL,Fractal Analytics Limited,EQ,721.3,,17.283,15306.0,20.0,,,"listed 233d ago — under a year of history, no trend to read",False
KROSS,Kross Limited,EQ,263.9,1667.0,17.265,16923.0,20.0,,,not penny/nano — price >= Rs100 and mcap >= Rs1000 Cr,False
LTFOODS,LT Foods Limited,EQ,418.2,13861.0,17.246,18698.0,20.0,,,not penny/nano — price >= Rs100 and mcap >= Rs1000 Cr,False
IGL,Indraprastha Gas Limited,EQ,146.35,20867.0,17.175,28957.0,20.0,,,not penny/nano — price >= Rs100 and mcap >= Rs1000 Cr,False
V2RETAIL,V2 Retail Limited,EQ,163.95,7931.0,17.15,16359.0,20.0,,,not penny/nano — price >= Rs100 and mcap >= Rs1000 Cr,False
GENESYS,Genesys International Corporation Limited,EQ,294.85,1234.0,16.955,12494.0,10.0,,,not penny/nano — price >= Rs100 and mcap >= Rs1000 Cr,False
BRIGADE,Brigade Enterprises Limited,EQ,554.2,19300.0,16.91,17939.0,20.0,,,not penny/nano — price >= Rs100 and mcap >= Rs1000 Cr,False
HIKAL,Hikal Limited,EQ,225.24,2626.0,16.907,15200.0,20.0,,,not penny/nano — price >= Rs100 and mcap >= Rs1000 Cr,False
GOKEX,Gokaldas Exports Limited,EQ,673.0,5742.0,16.88,14105.0,20.0,,,not penny/nano — price >= Rs100 and mcap >= Rs1000 Cr,False
ESCORTS,Escorts Kubota Limited,EQ,2785.5,34458.0,16.775,11328.0,20.0,,,not penny/nano — price >= Rs100 and mcap >= Rs1000 Cr,False
CAPILLARY,Capillary Technologies India Limited,EQ,578.3,,16.719,8550.0,20.0,,,"listed 320d ago — under a year of history, no trend to read",False
KNRCON,KNR Constructions Limited,EQ,115.72,3636.0,16.703,15704.0,20.0,,,not penny/nano — price >= Rs100 and mcap >= Rs1000 Cr,False
KOPRAN,Kopran Limited,EQ,276.5,1363.0,16.695,11693.0,20.0,,ST Stage I,"ASM ST Stage I — surveillance: 100% margin, no intraday, no pledging",False
IDEAFORGE,Ideaforge Technology Limited,EQ,700.0,,16.675,14080.0,5.0,,,5% circuit band — cannot exit on bad news,False
POCL,Pondy Oxides & Chemicals Limited,EQ,448.4,3674.0,16.673,11646.0,20.0,,,not penny/nano — price >= Rs100 and mcap >= Rs1000 Cr,False
LXCHEM,Laxmi Organic Industries Limited,EQ,190.35,5047.0,16.579,15408.0,20.0,,,not penny/nano — price >= Rs100 and mcap >= Rs1000 Cr,False
RAYMONDLSL,Raymond Lifestyle Limited,EQ,624.85,4558.0,16.546,12332.0,20.0,,,not penny/nano — price >= Rs100 and mcap >= Rs1000 Cr,False
SIGNATURE,Signatureglobal (India) Limited,EQ,712.5,11385.0,16.51,6561.0,20.0,,,not penny/nano — price >= Rs100 and mcap >= Rs1000 Cr,False
TANLA,Tanla Platforms Limited,EQ,494.55,8137.0,16.444,12565.0,20.0,,,not penny/nano — price >= Rs100 and mcap >= Rs1000 Cr,False
SPARC,Sun Pharma Advanced Research Company Limited,EQ,196.79,6919.0,16.413,15164.0,10.0,,,not penny/nano — price >= Rs100 and mcap >= Rs1000 Cr,False
GUJTHEM,Gujarat Themis Biosyn Limited,EQ,379.5,4478.0,16.384,11051.0,20.0,,,not penny/nano — price >= Rs100 and mcap >= Rs1000 Cr,False
GNA,GNA Axles Limited,EQ,583.65,,16.38,9392.0,20.0,,LT Stage I,"ASM LT Stage I — surveillance: 100% margin, no intraday, no pledging",False
CRISIL,Crisil Limited,EQ,4509.1,33015.0,16.351,9154.0,20.0,,,not penny/nano — price >= Rs100 and mcap >= Rs1000 Cr,False
ARDEE,Ardee Industries Limited,EQ,50.79,,16.346,16647.0,20.0,,,"listed 56d ago — under a year of history, no trend to read",False
NIFTYIETF,,,256.5,,16.345,12708.0,,,,not in the NSE equity master (ETF / REIT / InvIT — not a company),False
SUNDARMFIN,Sundaram Finance Limited,EQ,4301.2,52338.0,16.255,10016.0,20.0,,,not penny/nano — price >= Rs100 and mcap >= Rs1000 Cr,False
ALOKINDS,Alok Industries Limited,EQ,8.29,5993.0,16.238,15187.0,10.0,,,"not penny/nano — too big on both arms: a Rs8 share of a Rs5,993 Cr company (the price arm's ceiling is Rs5,000 Cr — a cheap share is not a small company)",False
VIJAYA,Vijaya Diagnostic Centre Limited,EQ,1462.4,15098.0,16.212,14317.0,20.0,,,not penny/nano — price >= Rs100 and mcap >= Rs1000 Cr,False
JUBLINGREA,Jubilant Ingrevia Limited,EQ,642.55,11791.0,16.174,14241.0,20.0,,,not penny/nano — price >= Rs100 and mcap >= Rs1000 Cr,False
SILVER,,,218.35,,16.115,7174.0,,,,not in the NSE equity master (ETF / REIT / InvIT — not a company),False
CMLL,Caliber Mining and Logistics Limited,EQ,531.95,,15.996,9445.0,20.0,,,"listed 75d ago — under a year of history, no trend to read",False
JINDRILL,Jindal Drilling And Industries Limited,EQ,598.1,1805.0,15.859,10513.0,20.0,,,not penny/nano — price >= Rs100 and mcap >= Rs1000 Cr,False
MSTCLTD,Mstc Limited,EQ,698.75,4969.0,15.805,9357.0,10.0,,,not penny/nano — price >= Rs100 and mcap >= Rs1000 Cr,False
CEATLTD,CEAT Limited,EQ,3301.9,14414.0,15.797,9174.0,20.0,,,not penny/nano — price >= Rs100 and mcap >= Rs1000 Cr,False
PRIORITY,Priority Jewels Limited,EQ,319.55,,15.788,14059.5,20.0,,,"listed 33d ago — under a year of history, no trend to read",False
DPWIRES,D P Wires Limited,EQ,227.46,,15.744,15647.0,20.0,,,closed at circuit on 33% of sessions — a stop cannot fill in a locked market,False
TRIVENI,Triveni Engineering & Industries Limited,EQ,245.13,5139.0,15.725,12567.0,20.0,,,not penny/nano — price >= Rs100 and mcap >= Rs1000 Cr,False
ASHAPURMIN,Ashapura Minechem Limited,EQ,488.0,7053.0,15.697,12946.0,20.0,,,not penny/nano — price >= Rs100 and mcap >= Rs1000 Cr,False
LTTS,L&T Technology Services Limited,EQ,3252.1,37715.0,15.691,10900.0,20.0,,,not penny/nano — price >= Rs100 and mcap >= Rs1000 Cr,False
HAPPYFORGE,Happy Forgings Limited,EQ,1934.3,20631.0,15.676,13831.0,5.0,,,5% circuit band — cannot exit on bad news,False
AMAGI,Amagi Media Labs Limited,EQ,561.45,,15.673,15198.0,20.0,,,"listed 259d ago — under a year of history, no trend to read",False
SIS,SIS LIMITED,EQ,413.3,5835.0,15.672,8828.0,20.0,,,not penny/nano — price >= Rs100 and mcap >= Rs1000 Cr,False
CONCORDBIO,Concord Biotech Limited,EQ,1359.7,15752.0,15.503,14984.0,20.0,,,not penny/nano — price >= Rs100 and mcap >= Rs1000 Cr,False
KALYANIFRG,Kalyani Forge Limited,BE,1113.65,,15.482,9225.0,5.0,,,series BE (trade-to-trade / SME — not normal rolling settlement); 5% circuit band — cannot exit on bad news; closed at circuit on 50% of sessions — a stop cannot fill in a locked market,False
LIQUID,,,999.99,,15.468,192.0,5.0,,,"not in the NSE equity master (ETF / REIT / InvIT — not a company); 5% circuit band — cannot exit on bad news; only 192 trades/day median — one operator's book, not a market",False
BLS,BLS International Services Limited,EQ,220.84,11451.0,15.425,14655.0,20.0,,,not penny/nano — price >= Rs100 and mcap >= Rs1000 Cr,False
RAMCOCEM,The Ramco Cements Limited,EQ,845.0,21294.0,15.389,9195.0,20.0,,,not penny/nano — price >= Rs100 and mcap >= Rs1000 Cr,False
RPEL,Raghav Productivity Enhancers Limited,EQ,1820.9,,15.338,11740.0,20.0,,LT Stage I,"ASM LT Stage I — surveillance: 100% margin, no intraday, no pledging",False
INDORAMA,Indo Rama Synthetics (India) Limited,EQ,95.99,1731.0,15.284,18588.0,10.0,,LT Stage I,"ASM LT Stage I — surveillance: 100% margin, no intraday, no pledging",False
RAINBOW,Rainbow Childrens Medicare Limited,EQ,1270.7,14775.0,15.233,13654.0,20.0,,,not penny/nano — price >= Rs100 and mcap >= Rs1000 Cr,False
NEPHROPLUS,Nephrocare Health Services Limited,EQ,641.6,,15.205,15086.0,20.0,,,"listed 294d ago — under a year of history, no trend to read",False
JSWCEMENT,JSW Cement Limited,EQ,112.14,17431.0,15.19,32728.0,20.0,,,not penny/nano — price >= Rs100 and mcap >= Rs1000 Cr,False
JWL,Jupiter Wagons Limited,EQ,223.56,10671.0,15.134,15757.0,20.0,,,not penny/nano — price >= Rs100 and mcap >= Rs1000 Cr,False
KRBL,KRBL Limited,EQ,398.2,8799.0,15.113,12505.0,20.0,,,not penny/nano — price >= Rs100 and mcap >= Rs1000 Cr,False
CCL,CCL Products (India) Limited,EQ,1052.3,15804.0,15.096,17087.0,20.0,,,not penny/nano — price >= Rs100 and mcap >= Rs1000 Cr,False
SWSOLAR,Sterling and Wilson Renewable Energy Limited,EQ,168.11,4786.0,15.07,11395.0,20.0,,,not penny/nano — price >= Rs100 and mcap >= Rs1000 Cr,False
PARKHOSPS,Park Medi World Limited,EQ,272.8,,14.909,9377.0,10.0,,,"listed 294d ago — under a year of history, no trend to read",False
SBILIQETF,,,1059.04,,14.899,83.0,5.0,,,"not in the NSE equity master (ETF / REIT / InvIT — not a company); 5% circuit band — cannot exit on bad news; only 83 trades/day median — one operator's book, not a market",False
BEPL,Bhansali Engineering Polymers Limited,EQ,127.61,3080.0,14.894,10982.0,20.0,,,not penny/nano — price >= Rs100 and mcap >= Rs1000 Cr,False
QUESS,Quess Corp Limited,EQ,328.4,5022.0,14.888,17858.0,20.0,,,not penny/nano — price >= Rs100 and mcap >= Rs1000 Cr,False
AYE,Aye Finance Limited,EQ,167.63,,14.765,19664.0,20.0,,,"listed 233d ago — under a year of history, no trend to read",False
DIVGIITTS,Divgi Torqtransfer Systems Limited,EQ,1092.9,3475.0,14.764,10350.0,20.0,,,not penny/nano — price >= Rs100 and mcap >= Rs1000 Cr,False
BERGEPAINT,Berger Paints (I) Limited,EQ,463.9,64153.0,14.717,17584.0,20.0,,,not penny/nano — price >= Rs100 and mcap >= Rs1000 Cr,False
ZAGGLE,Zaggle Prepaid Ocean Services Limited,EQ,172.22,2157.0,14.674,10470.0,20.0,,,not penny/nano — price >= Rs100 and mcap >= Rs1000 Cr,False
ALIVUS,Alivus Life Sciences Limited,EQ,1370.2,16766.0,14.609,14369.0,20.0,,,not penny/nano — price >= Rs100 and mcap >= Rs1000 Cr,False
GSFC,Gujarat State Fertilizers & Chemicals Limited,EQ,149.73,6501.0,14.59,11599.0,20.0,,,not penny/nano — price >= Rs100 and mcap >= Rs1000 Cr,False
IXIGO,Le Travenues Technology Limited,EQ,158.27,7598.0,14.548,19162.0,20.0,,,not penny/nano — price >= Rs100 and mcap >= Rs1000 Cr,False
JKPAPER,JK Paper Limited,EQ,384.5,6937.0,14.531,11812.0,20.0,,,not penny/nano — price >= Rs100 and mcap >= Rs1000 Cr,False
GMRP&UI,GMR Power and Urban Infra Limited,EQ,101.58,8019.0,14.528,13370.0,20.0,,,not penny/nano — price >= Rs100 and mcap >= Rs1000 Cr,False
HTEL,Hy-Tech Engineers Limited,EQ,87.94,,14.466,19178.0,20.0,,,"listed 36d ago — under a year of history, no trend to read",False
SPLPETRO,Supreme Petrochem Limited,EQ,806.65,14676.0,14.395,14288.0,20.0,,,not penny/nano — price >= Rs100 and mcap >= Rs1000 Cr,False
TIPSMUSIC,Tips Music Limited,EQ,639.9,8235.0,14.355,13335.0,20.0,,,not penny/nano — price >= Rs100 and mcap >= Rs1000 Cr,False
JAYKAY,Jaykay Enterprises Limited,EQ,263.45,,14.351,14215.0,20.0,,,"listed 308d ago — under a year of history, no trend to read",False
UNIVCABLES,Universal Cables Limited,EQ,1633.1,5157.0,14.338,10584.0,20.0,,,not penny/nano — price >= Rs100 and mcap >= Rs1000 Cr,False
RAMRAT,Ram Ratna Wires Limited,EQ,637.4,5321.0,14.311,14131.0,20.0,,,not penny/nano — price >= Rs100 and mcap >= Rs1000 Cr,False
MASTEK,Mastek Limited,EQ,1624.9,5591.0,14.291,11549.0,20.0,,,not penny/nano — price >= Rs100 and mcap >= Rs1000 Cr,False
IIFLCAPS,IIFL Capital Services Limited,EQ,346.85,10566.0,14.275,8386.0,20.0,,,not penny/nano — price >= Rs100 and mcap >= Rs1000 Cr,False
NAVA,NAVA LIMITED,EQ,570.45,15835.0,14.266,13725.0,20.0,,,not penny/nano — price >= Rs100 and mcap >= Rs1000 Cr,False
JKTYRE,JK Tyre & Industries Limited,EQ,333.4,11385.0,14.24,15113.0,20.0,,,not penny/nano — price >= Rs100 and mcap >= Rs1000 Cr,False
ASIANENE,Asian Energy Services Limited,EQ,480.15,2271.0,14.237,11585.0,20.0,,,not penny/nano — price >= Rs100 and mcap >= Rs1000 Cr,False
SYNGENE,Syngene International Limited,EQ,360.3,16296.0,14.199,18166.0,20.0,,,not penny/nano — price >= Rs100 and mcap >= Rs1000 Cr,False
CORDELIA,Waterways Leisure Tourism Limited,EQ,109.52,,14.095,9549.0,5.0,,,"5% circuit band — cannot exit on bad news; listed 98d ago — under a year of history, no trend to read",False
AIAENG,AIA Engineering Limited,EQ,3858.0,39514.0,14.091,12175.0,20.0,,,not penny/nano — price >= Rs100 and mcap >= Rs1000 Cr,False
EXICOM,Exicom Tele-Systems Limited,EQ,153.78,2102.0,14.086,10871.0,20.0,,,not penny/nano — price >= Rs100 and mcap >= Rs1000 Cr,False
GLAXO,GlaxoSmithKline Pharmaceuticals Limited,EQ,2634.0,46944.0,14.085,8062.0,20.0,,,not penny/nano — price >= Rs100 and mcap >= Rs1000 Cr,False
DEEDEV,DEE Development Engineers Limited,EQ,624.1,,14.081,9554.0,5.0,,,5% circuit band — cannot exit on bad news,False
ATUL,Atul Limited,EQ,5999.5,17256.0,14.076,6096.0,20.0,,,not penny/nano — price >= Rs100 and mcap >= Rs1000 Cr,False
COMSYN,Commercial Syn Bags Limited,EQ,260.85,1207.0,14.047,6007.0,10.0,,,not penny/nano — price >= Rs100 and mcap >= Rs1000 Cr,False
ACI,Archean Chemical Industries Limited,EQ,476.2,6320.0,14.005,15214.0,20.0,,,not penny/nano — price >= Rs100 and mcap >= Rs1000 Cr,False
DELTACORP,Delta Corp Limited,EQ,82.37,1452.0,13.993,13423.0,20.0,,ST Stage I,"ASM ST Stage I — surveillance: 100% margin, no intraday, no pledging",False
GODREJAGRO,Godrej Agrovet Limited,EQ,639.6,12158.0,13.991,13657.0,20.0,,,not penny/nano — price >= Rs100 and mcap >= Rs1000 Cr,False
APLLTD,Alembic Pharmaceuticals Limited,EQ,833.8,16117.0,13.987,14861.0,20.0,,,not penny/nano — price >= Rs100 and mcap >= Rs1000 Cr,False
AEROPLANE,Amir Chand Jagdish Kumar (Exports) Limited,EQ,218.44,,13.987,6530.0,5.0,,,"5% circuit band — cannot exit on bad news; listed 188d ago — under a year of history, no trend to read",False
UBL,United Breweries Limited,EQ,1185.7,35988.0,13.933,9867.0,20.0,,,not penny/nano — price >= Rs100 and mcap >= Rs1000 Cr,False
CSBBANK,CSB Bank Limited,EQ,306.5,5543.0,13.873,15607.0,20.0,,,not penny/nano — price >= Rs100 and mcap >= Rs1000 Cr,False
SARDAEN,Sarda Energy & Minerals Limited,EQ,499.35,17434.0,13.865,13303.0,20.0,,,not penny/nano — price >= Rs100 and mcap >= Rs1000 Cr,False
RISHABH,Rishabh Instruments Limited,EQ,674.2,2704.0,13.799,8827.0,20.0,,,not penny/nano — price >= Rs100 and mcap >= Rs1000 Cr,False
SAKAR,Sakar Healthcare Limited,EQ,1020.1,,13.73,9203.0,20.0,,LT Stage I,"ASM LT Stage I — surveillance: 100% margin, no intraday, no pledging",False
SGMART,SG Mart Limited,EQ,752.25,8792.0,13.724,11917.0,20.0,,,not penny/nano — price >= Rs100 and mcap >= Rs1000 Cr,False
IGIL,International Gemological Institute Limited,EQ,317.05,14948.0,13.693,17535.0,10.0,,,not penny/nano — price >= Rs100 and mcap >= Rs1000 Cr,False
VTL,Vardhman Textiles Limited,EQ,536.4,17159.0,13.68,14855.0,20.0,,,not penny/nano — price >= Rs100 and mcap >= Rs1000 Cr,False
ARTEMISMED,Artemis Medicare Services Limited,EQ,318.3,5325.0,13.631,19508.0,20.0,,,not penny/nano — price >= Rs100 and mcap >= Rs1000 Cr,False
CENTRALBK,Central Bank of India,EQ,30.44,28086.0,13.575,16090.0,20.0,,,"not penny/nano — too big on both arms: a Rs30 share of a Rs28,086 Cr company (the price arm's ceiling is Rs5,000 Cr — a cheap share is not a small company)",False
MBAPL,Madhya Bharat Agro Products Limited,EQ,168.02,7266.0,13.574,8200.0,20.0,,,not penny/nano — price >= Rs100 and mcap >= Rs1000 Cr,False
AGIIL,Agi Infra Limited,EQ,257.15,3787.0,13.51,6964.0,20.0,,,not penny/nano — price >= Rs100 and mcap >= Rs1000 Cr,False
ASKAUTOLTD,ASK Automotive Limited,EQ,626.55,12186.0,13.463,16253.0,20.0,,,not penny/nano — price >= Rs100 and mcap >= Rs1000 Cr,False
PNCINFRA,PNC Infratech Limited,EQ,136.93,5490.0,13.34,12216.0,20.0,,,not penny/nano — price >= Rs100 and mcap >= Rs1000 Cr,False
AVANTEL,Avantel Limited,EQ,153.28,4172.0,13.263,10679.0,20.0,,,not penny/nano — price >= Rs100 and mcap >= Rs1000 Cr,False
EIEL,Enviro Infra Engineers Limited,EQ,187.41,3742.0,13.241,10727.0,20.0,,,not penny/nano — price >= Rs100 and mcap >= Rs1000 Cr,False
SILVERCASE,,,22.14,,13.238,6742.0,,,,not in the NSE equity master (ETF / REIT / InvIT — not a company),False
HERITGFOOD,Heritage Foods Limited,EQ,398.75,3322.0,13.171,9408.0,20.0,,,not penny/nano — price >= Rs100 and mcap >= Rs1000 Cr,False
KUSUMGAR,Kusumgar Limited,EQ,626.85,,13.018,9956.0,10.0,,,"listed 84d ago — under a year of history, no trend to read",False
PRAJIND,Praj Industries Limited,EQ,300.4,6066.0,12.983,12347.0,20.0,,,not penny/nano — price >= Rs100 and mcap >= Rs1000 Cr,False
WEBELSOLAR,Websol Energy System Limited,EQ,69.13,,12.956,12939.0,5.0,,,5% circuit band — cannot exit on bad news,False
CMSINFO,CMS Info Systems Limited,EQ,218.37,4251.0,12.85,14676.0,20.0,,,not penny/nano — price >= Rs100 and mcap >= Rs1000 Cr,False
METROPOLIS,Metropolis Healthcare Limited,EQ,541.45,12086.0,12.823,12531.0,20.0,,,not penny/nano — price >= Rs100 and mcap >= Rs1000 Cr,False
GILLETTE,Gillette India Limited,EQ,7223.5,24452.0,12.803,5122.0,20.0,,,not penny/nano — price >= Rs100 and mcap >= Rs1000 Cr,False
MOIL,MOIL Limited,EQ,236.4,5514.0,12.722,10798.0,20.0,,,not penny/nano — price >= Rs100 and mcap >= Rs1000 Cr,False
MODEFENCE,,,100.93,,12.676,8326.0,,,,not in the NSE equity master (ETF / REIT / InvIT — not a company),False
ELECON,Elecon Engineering Company Limited,EQ,441.25,9710.0,12.663,14095.0,20.0,,,not penny/nano — price >= Rs100 and mcap >= Rs1000 Cr,False
EMBDL,Embassy Developments Limited,EQ,57.19,8512.0,12.657,11027.0,10.0,,,"not penny/nano — too big on both arms: a Rs57 share of a Rs8,512 Cr company (the price arm's ceiling is Rs5,000 Cr — a cheap share is not a small company)",False
SAMHI,Samhi Hotels Limited,EQ,147.25,3539.0,12.596,15080.0,20.0,,,not penny/nano — price >= Rs100 and mcap >= Rs1000 Cr,False
PREMEXPLN,Premier Explosives Limited,EQ,687.05,3667.0,12.571,2925.0,20.0,,,not penny/nano — price >= Rs100 and mcap >= Rs1000 Cr,False
JBMA,JBM Auto Limited,EQ,547.0,14734.0,12.523,12182.0,20.0,,,not penny/nano — price >= Rs100 and mcap >= Rs1000 Cr,False
KENNAMET,Kennametal India Limited,EQ,4180.9,,12.52,6068.0,20.0,,,"listed 170d ago — under a year of history, no trend to read",False
STYLAMIND,Stylam Industries Limited,EQ,3351.6,6111.0,12.47,8954.0,20.0,,,not penny/nano — price >= Rs100 and mcap >= Rs1000 Cr,False
TMB,Tamilnad Mercantile Bank Limited,EQ,877.35,13809.0,12.444,13849.0,20.0,,,not penny/nano — price >= Rs100 and mcap >= Rs1000 Cr,False
VGUARD,V-Guard Industries Limited,EQ,302.15,12869.0,12.402,13309.0,20.0,,,not penny/nano — price >= Rs100 and mcap >= Rs1000 Cr,False
KNACK,Knack Packaging Limited,EQ,211.86,,12.396,6569.0,20.0,,,"listed 91d ago — under a year of history, no trend to read",False
TECHNOE,Techno Electric & Engineering Company Limited,EQ,988.3,10951.0,12.372,11932.0,20.0,,,not penny/nano — price >= Rs100 and mcap >= Rs1000 Cr,False
GSPCROP,GSP Crop Science Limited,EQ,482.8,,12.372,4028.0,20.0,,,"listed 197d ago — under a year of history, no trend to read",False
INNOVACAP,Innova Captab Limited,EQ,1166.2,6630.0,12.366,12772.0,20.0,,,not penny/nano — price >= Rs100 and mcap >= Rs1000 Cr,False
SUNDRMFAST,Sundram Fasteners Limited,EQ,1127.0,26117.0,12.334,11920.0,20.0,,,not penny/nano — price >= Rs100 and mcap >= Rs1000 Cr,False
GVPIL,GE Power India Limited,EQ,698.15,,12.321,6776.0,5.0,,,5% circuit band — cannot exit on bad news; closed at circuit on 24% of sessions — a stop cannot fill in a locked market,False
YASHO,Yasho Industries Limited,EQ,4337.6,,12.297,6016.0,20.0,,LT Stage I,"ASM LT Stage I — surveillance: 100% margin, no intraday, no pledging",False
FEDFINA,Fedbank Financial Services Limited,EQ,148.56,5609.0,12.282,11396.0,20.0,,,not penny/nano — price >= Rs100 and mcap >= Rs1000 Cr,False
BHARATCOAL,Bharat Coking Coal Limited,EQ,32.09,,12.261,15409.0,20.0,,,"listed 261d ago — under a year of history, no trend to read",False
RAILTEL,Railtel Corporation Of India Limited,EQ,254.65,8933.0,12.181,12871.0,20.0,,,not penny/nano — price >= Rs100 and mcap >= Rs1000 Cr,False
BHARTIHEXA,Bharti Hexacom Limited,EQ,1477.9,77250.0,12.179,12410.0,20.0,,,not penny/nano — price >= Rs100 and mcap >= Rs1000 Cr,False
NPST,Network People Services Technologies Limited,EQ,1854.9,3453.0,12.144,7263.0,20.0,,,not penny/nano — price >= Rs100 and mcap >= Rs1000 Cr,False
SJVN,SJVN Limited,EQ,56.36,26558.0,12.141,19420.0,20.0,,,"not penny/nano — too big on both arms: a Rs56 share of a Rs26,558 Cr company (the price arm's ceiling is Rs5,000 Cr — a cheap share is not a small company)",False
FMGOETZE,Federal-Mogul Goetze (India) Limited.,EQ,441.15,2921.0,12.131,8778.0,20.0,,,not penny/nano — price >= Rs100 and mcap >= Rs1000 Cr,False
PAR,Par Drugs And Chemicals Limited,BE,164.95,,12.131,14194.0,5.0,,,series BE (trade-to-trade / SME — not normal rolling settlement); 5% circuit band — cannot exit on bad news; closed at circuit on 67% of sessions — a stop cannot fill in a locked market,False
AGARWALEYE,Dr. Agarwal's Health Care Limited,EQ,483.25,15953.0,12.121,13344.0,20.0,,,not penny/nano — price >= Rs100 and mcap >= Rs1000 Cr,False
GOLDIAM,Goldiam International Limited,EQ,317.0,5614.0,12.081,8111.0,20.0,,,not penny/nano — price >= Rs100 and mcap >= Rs1000 Cr,False
TIMKEN,Timken India Limited,EQ,3132.0,23309.0,12.034,10243.0,20.0,,,not penny/nano — price >= Rs100 and mcap >= Rs1000 Cr,False
TURTLEMINT,Turtlemint Fintech Solutions Limited,EQ,72.28,,11.945,12938.0,5.0,,ST Stage I,"ASM ST Stage I — surveillance: 100% margin, no intraday, no pledging; 5% circuit band — cannot exit on bad news; listed 100d ago — under a year of history, no trend to read",False
ACC,ACC Limited,EQ,1165.5,24814.0,11.912,8898.0,20.0,,,not penny/nano — price >= Rs100 and mcap >= Rs1000 Cr,False
RIR,RIR Power Electronics Limited,EQ,183.81,,11.864,11398.0,20.0,,,"listed 83d ago — under a year of history, no trend to read",False
THYROCARE,Thyrocare Technologies Limited,EQ,513.05,8749.0,11.835,18009.0,20.0,,,not penny/nano — price >= Rs100 and mcap >= Rs1000 Cr,False
TNPETRO,Tamilnadu PetroProducts Limited,EQ,125.78,1113.0,11.82,13618.0,20.0,,,not penny/nano — price >= Rs100 and mcap >= Rs1000 Cr,False
CORDSCABLE,Cords Cable Industries Limited,BE,366.75,369.0,11.713,10623.0,5.0,,,series BE (trade-to-trade / SME — not normal rolling settlement); 5% circuit band — cannot exit on bad news; closed at circuit on 24% of sessions — a stop cannot fill in a locked market,False
SILVERBETA,,,210.93,,11.7,3445.0,,,,not in the NSE equity master (ETF / REIT / InvIT — not a company),False
CEIGALL,Ceigall India Limited,EQ,372.8,6622.0,11.619,6666.0,10.0,,,not penny/nano — price >= Rs100 and mcap >= Rs1000 Cr,False
MASPTOP50,,,116.81,,11.618,13128.0,,,,not in the NSE equity master (ETF / REIT / InvIT — not a company),False
RATNAMANI,Ratnamani Metals & Tubes Limited,EQ,2524.3,18360.0,11.612,9842.0,20.0,,,not penny/nano — price >= Rs100 and mcap >= Rs1000 Cr,False
SKFINDUS,SKF India (Industrial) Limited,EQ,2745.1,,11.573,10027.0,20.0,,,"listed 306d ago — under a year of history, no trend to read",False
MINDACORP,Minda Corporation Limited,EQ,639.45,15955.0,11.549,11419.0,20.0,,,not penny/nano — price >= Rs100 and mcap >= Rs1000 Cr,False
AADHARHFC,Aadhar Housing Finance Limited,EQ,455.05,21386.0,11.537,12976.0,20.0,,,not penny/nano — price >= Rs100 and mcap >= Rs1000 Cr,False
KPL,Kwality Pharmaceuticals Limited,EQ,3681.2,,11.509,6213.0,20.0,,,"listed 170d ago — under a year of history, no trend to read",False
SUMICHEM,Sumitomo Chemical India Limited,EQ,421.95,22279.0,11.434,12784.0,20.0,,,not penny/nano — price >= Rs100 and mcap >= Rs1000 Cr,False
MANYAVAR,Vedant Fashions Limited,EQ,500.2,13222.0,11.355,13094.0,20.0,,,not penny/nano — price >= Rs100 and mcap >= Rs1000 Cr,False
ASAHIINDIA,Asahi India Glass Limited,EQ,976.25,22910.0,11.349,10504.0,20.0,,,not penny/nano — price >= Rs100 and mcap >= Rs1000 Cr,False
JASH,Jash Engineering Limited,EQ,586.15,3642.0,11.324,8739.0,20.0,,,not penny/nano — price >= Rs100 and mcap >= Rs1000 Cr,False
PHARMABEES,,,27.16,,11.255,10506.0,,,,not in the NSE equity master (ETF / REIT / InvIT — not a company),False
CHALET,Chalet Hotels Limited,EQ,847.4,18876.0,11.23,12441.0,20.0,,,not penny/nano — price >= Rs100 and mcap >= Rs1000 Cr,False
MGL,Mahanagar Gas Limited,EQ,1041.6,10832.0,11.198,12065.0,20.0,,,not penny/nano — price >= Rs100 and mcap >= Rs1000 Cr,False
EPACKPEB,EPack Prefab Technologies Limited,EQ,267.44,2442.0,11.183,12722.0,20.0,,,not penny/nano — price >= Rs100 and mcap >= Rs1000 Cr,False
EQUITASBNK,Equitas Small Finance Bank Limited,EQ,68.92,8369.0,11.159,14012.0,20.0,,,"not penny/nano — too big on both arms: a Rs69 share of a Rs8,369 Cr company (the price arm's ceiling is Rs5,000 Cr — a cheap share is not a small company)",False
TATVA,Tatva Chintan Pharma Chem Limited,EQ,1991.2,,11.153,8476.0,20.0,,LT Stage I,"ASM LT Stage I — surveillance: 100% margin, no intraday, no pledging",False
KSB,Ksb Limited,EQ,801.5,13955.0,11.108,11072.0,20.0,,,not penny/nano — price >= Rs100 and mcap >= Rs1000 Cr,False
PGHH,Procter & Gamble Hygiene and Health Care Limited,EQ,6921.0,26822.0,11.069,5016.0,20.0,,,not penny/nano — price >= Rs100 and mcap >= Rs1000 Cr,False
SGFIN,SG Finserve Limited,EQ,663.7,4464.0,10.996,6716.0,20.0,,,not penny/nano — price >= Rs100 and mcap >= Rs1000 Cr,False
HLEGLAS,HLE Glascoat Limited,EQ,469.45,2177.0,10.96,7690.0,5.0,,ST Stage I,"ASM ST Stage I — surveillance: 100% margin, no intraday, no pledging; 5% circuit band — cannot exit on bad news; closed at circuit on 36% of sessions — a stop cannot fill in a locked market",False
KRISHANA,Krishana Phoschem Limited,EQ,191.38,5745.0,10.949,7318.0,20.0,,,not penny/nano — price >= Rs100 and mcap >= Rs1000 Cr,False
ICRA,ICRA Limited,EQ,4346.3,5082.0,10.921,5257.0,20.0,,,not penny/nano — price >= Rs100 and mcap >= Rs1000 Cr,False
PSUBNKBEES,,,90.12,,10.837,4845.0,,,,not in the NSE equity master (ETF / REIT / InvIT — not a company),False
SANGHVIMOV,Sanghvi Movers Limited,EQ,410.65,3718.0,10.832,9339.0,20.0,,,not penny/nano — price >= Rs100 and mcap >= Rs1000 Cr,False
YATRA,Yatra Online Limited,EQ,101.59,1553.0,10.758,11371.0,20.0,,,not penny/nano — price >= Rs100 and mcap >= Rs1000 Cr,False
DHAMPURSUG,Dhampur Sugar Mills Limited,EQ,188.92,1191.0,10.742,11661.0,20.0,,,not penny/nano — price >= Rs100 and mcap >= Rs1000 Cr,False
FIEMIND,Fiem Industries Limited,EQ,1799.3,6151.0,10.677,9020.0,20.0,,,not penny/nano — price >= Rs100 and mcap >= Rs1000 Cr,False
LINDEINDIA,Linde India Limited,EQ,6094.0,53279.0,10.565,5177.0,20.0,,,not penny/nano — price >= Rs100 and mcap >= Rs1000 Cr,False
RCF,Rashtriya Chemicals and Fertilizers Limited,EQ,107.58,6648.0,10.52,9756.0,20.0,,,not penny/nano — price >= Rs100 and mcap >= Rs1000 Cr,False
SMCGLOBAL,SMC Global Securities Limited,EQ,110.24,2089.0,10.468,10856.0,20.0,,ST Stage I,"ASM ST Stage I — surveillance: 100% margin, no intraday, no pledging",False
AAVAS,Aavas Financiers Limited,EQ,1231.7,10944.0,10.437,11715.0,20.0,,,not penny/nano — price >= Rs100 and mcap >= Rs1000 Cr,False
MAPMYINDIA,C.E. Info Systems Limited,EQ,896.0,5554.0,10.417,8247.0,20.0,,,not penny/nano — price >= Rs100 and mcap >= Rs1000 Cr,False
UTLSOLAR,Fujiyama Power Systems Limited,EQ,431.75,,10.388,13384.0,10.0,,,"listed 321d ago — under a year of history, no trend to read",False
WINDLAS,Windlas Biotech Limited,EQ,1022.0,2234.0,10.308,9846.0,20.0,,,not penny/nano — price >= Rs100 and mcap >= Rs1000 Cr,False
ATALREAL,Atal Realtech Limited,EQ,12.12,405.0,10.29,4160.0,5.0,,LT Stage I,"ASM LT Stage I — surveillance: 100% margin, no intraday, no pledging; 5% circuit band — cannot exit on bad news; closed at circuit on 44% of sessions — a stop cannot fill in a locked market",False
ALKYLAMINE,Alkyl Amines Chemicals Limited,EQ,1918.9,10041.0,10.268,9421.0,20.0,,,not penny/nano — price >= Rs100 and mcap >= Rs1000 Cr,False
UNIPARTS,Uniparts India Limited,EQ,812.3,3700.0,10.264,8708.0,20.0,,,not penny/nano — price >= Rs100 and mcap >= Rs1000 Cr,False
GAJA,Gaja Alternative Asset Management Limited,EQ,146.35,,10.249,9188.0,20.0,,,"listed 42d ago — under a year of history, no trend to read",False
NOVARTIND,Novartis India Limited,EQ,2010.4,,10.227,6841.0,10.0,,,"listed 170d ago — under a year of history, no trend to read",False
IONEXCHANG,ION Exchange (India) Limited,EQ,402.4,5961.0,10.214,17145.0,20.0,,,not penny/nano — price >= Rs100 and mcap >= Rs1000 Cr,False
RHIM,RHI MAGNESITA INDIA LIMITED,EQ,369.45,7844.0,10.197,10109.0,20.0,,,not penny/nano — price >= Rs100 and mcap >= Rs1000 Cr,False
IMFA,Indian Metals & Ferro Alloys Limited,EQ,1186.8,6709.0,10.156,8410.0,20.0,,,not penny/nano — price >= Rs100 and mcap >= Rs1000 Cr,False
UFLEX,UFLEX Limited,EQ,643.15,4438.0,10.144,5807.0,20.0,,,not penny/nano — price >= Rs100 and mcap >= Rs1000 Cr,False
BUILDPRO,Shankara Buildpro Limited,EQ,1302.0,,10.14,5314.0,20.0,,,"listed 271d ago — under a year of history, no trend to read",False
KLBRENG-B,Kilburn Engineering Limited,EQ,524.35,,10.122,6916.0,20.0,,,"listed 170d ago — under a year of history, no trend to read",False
RALLIS,Rallis India Limited,EQ,200.03,4132.0,10.044,14743.0,20.0,,,not penny/nano — price >= Rs100 and mcap >= Rs1000 Cr,False
ARFIN,Arfin India Limited,EQ,103.06,1504.0,10.041,5474.0,20.0,,,not penny/nano — price >= Rs100 and mcap >= Rs1000 Cr,False
RGL,Renaissance Global Limited,EQ,168.47,1409.0,10.034,9321.0,20.0,,,not penny/nano — price >= Rs100 and mcap >= Rs1000 Cr,False
AWFIS,Awfis Space Solutions Limited,EQ,250.75,1919.0,9.957,11670.0,20.0,,,not penny/nano — price >= Rs100 and mcap >= Rs1000 Cr,False
SEAMECLTD,Seamec Limited,EQ,1610.9,4055.0,9.955,5278.0,20.0,,,not penny/nano — price >= Rs100 and mcap >= Rs1000 Cr,False
PVP,PVP Ventures Limited,EQ,52.85,711.0,9.932,4777.0,5.0,,LT Stage I,"ASM LT Stage I — surveillance: 100% margin, no intraday, no pledging; 5% circuit band — cannot exit on bad news; closed at circuit on 68% of sessions — a stop cannot fill in a locked market",False
RHETAN,Rhetan TMT Limited,EQ,17.4,,9.866,2223.0,5.0,,,5% circuit band — cannot exit on bad news; closed at circuit on 88% of sessions — a stop cannot fill in a locked market,False
DALBHARAT,Dalmia Bharat Limited,EQ,1640.1,35262.0,9.857,10743.0,20.0,,,not penny/nano — price >= Rs100 and mcap >= Rs1000 Cr,False
AGI,AGI Greenpac Limited,EQ,787.5,4594.0,9.854,8952.0,20.0,,,not penny/nano — price >= Rs100 and mcap >= Rs1000 Cr,False
PITTIENG,Pitti Engineering Limited,EQ,1118.4,4232.0,9.801,6955.0,20.0,,,not penny/nano — price >= Rs100 and mcap >= Rs1000 Cr,False
LIQUIDETF,,,1000.0,,9.744,227.0,5.0,,,"not in the NSE equity master (ETF / REIT / InvIT — not a company); 5% circuit band — cannot exit on bad news; only 227 trades/day median — one operator's book, not a market",False
GKSL,Gujarat Kidney And Super Speciality Limited,EQ,187.12,,9.708,7483.0,20.0,,,"listed 281d ago — under a year of history, no trend to read",False
SILVERADD,,,21.06,,9.621,5670.0,,,,not in the NSE equity master (ETF / REIT / InvIT — not a company),False
WALCHANNAG,Walchandnagar Industries Limited,EQ,223.99,1378.0,9.589,9294.0,20.0,,,not penny/nano — price >= Rs100 and mcap >= Rs1000 Cr,False
SAPPHIRE,Sapphire Foods India Limited,EQ,215.03,7544.0,9.576,15787.0,20.0,,,not penny/nano — price >= Rs100 and mcap >= Rs1000 Cr,False
AVADHSUGAR,Avadh Sugar & Energy Limited,EQ,937.55,1459.0,9.543,6922.0,10.0,,,not penny/nano — price >= Rs100 and mcap >= Rs1000 Cr,False
KDDL,KDDL Limited,EQ,3997.2,4810.0,9.509,5702.0,20.0,,,not penny/nano — price >= Rs100 and mcap >= Rs1000 Cr,False
HINDOILEXP,Hindustan Oil Exploration Company Limited,EQ,171.88,2213.0,9.501,9735.0,20.0,,,not penny/nano — price >= Rs100 and mcap >= Rs1000 Cr,False
SFL,Sheela Foam Limited,EQ,620.05,7446.0,9.456,11693.0,20.0,,,not penny/nano — price >= Rs100 and mcap >= Rs1000 Cr,False
MACPOWER,Macpower CNC Machines Limited,EQ,2062.9,,9.422,6587.0,20.0,,LT Stage I,"ASM LT Stage I — surveillance: 100% margin, no intraday, no pledging",False
AVL,Aditya Vision Limited,EQ,621.1,7391.0,9.42,9352.0,20.0,,,not penny/nano — price >= Rs100 and mcap >= Rs1000 Cr,False
FUSION,Fusion Finance Limited,EQ,168.52,3148.0,9.413,8611.0,20.0,,,not penny/nano — price >= Rs100 and mcap >= Rs1000 Cr,False
INDIAMART,Indiamart Intermesh Limited,EQ,1605.3,10765.0,9.37,9108.0,20.0,,,not penny/nano — price >= Rs100 and mcap >= Rs1000 Cr,False
GOLDADD,,,14.24,,9.361,7461.0,,,,not in the NSE equity master (ETF / REIT / InvIT — not a company),False
NUVOCO,Nuvoco Vistas Corporation Limited,EQ,324.75,11731.0,9.36,12763.0,20.0,,,not penny/nano — price >= Rs100 and mcap >= Rs1000 Cr,False
SOBHA,Sobha Limited,EQ,1197.9,13955.0,9.337,9632.0,20.0,,,not penny/nano — price >= Rs100 and mcap >= Rs1000 Cr,False
AEROENTER,Aeroflex Enterprises Limited,EQ,129.01,1379.0,9.31,7670.0,20.0,,,not penny/nano — price >= Rs100 and mcap >= Rs1000 Cr,False
LATENTVIEW,Latent View Analytics Limited,EQ,230.08,5890.0,9.295,9812.0,20.0,,,not penny/nano — price >= Rs100 and mcap >= Rs1000 Cr,False
GAEL,Gujarat Ambuja Exports Limited,EQ,162.98,7659.0,9.259,12910.0,20.0,,,not penny/nano — price >= Rs100 and mcap >= Rs1000 Cr,False
POWERMECH,Power Mech Projects Limited,EQ,2429.3,7873.0,9.203,7303.0,20.0,,,not penny/nano — price >= Rs100 and mcap >= Rs1000 Cr,False
TRUALT,TruAlt Bioenergy Limited,EQ,448.85,,9.189,5360.0,20.0,,,"held pending a market-cap read — passes every tradability gate, price >= Rs100, and its market cap is not in the fundamentals cache yet (resolves on a later penny_fundamentals run)",True
ONIXSOLAR,Onix Solar Energy Limited,EQ,355.1,,9.162,2333.0,5.0,,LT Stage I,"ASM LT Stage I — surveillance: 100% margin, no intraday, no pledging; 5% circuit band — cannot exit on bad news; listed 51d ago — under a year of history, no trend to read; closed at circuit on 64% of sessions — a stop cannot fill in a locked market",False
KSL,Kalyani Steels Limited,EQ,932.65,3986.0,9.155,5297.0,20.0,,,not penny/nano — price >= Rs100 and mcap >= Rs1000 Cr,False
KIRLPNU,Kirloskar Pneumatic Company Limited,EQ,696.15,9354.0,9.135,10596.0,20.0,,,not penny/nano — price >= Rs100 and mcap >= Rs1000 Cr,False
OMAXE,Omaxe Limited,EQ,107.01,1813.0,9.111,8721.0,10.0,,,not penny/nano — price >= Rs100 and mcap >= Rs1000 Cr,False
TIIL,Technocraft Industries (India) Limited,EQ,2715.4,6810.0,9.098,6470.0,20.0,,,not penny/nano — price >= Rs100 and mcap >= Rs1000 Cr,False
VIMTALABS,Vimta Labs Limited,EQ,567.2,2730.0,9.096,9030.0,20.0,,,not penny/nano — price >= Rs100 and mcap >= Rs1000 Cr,False
ETHOSLTD,Ethos Limited,EQ,2634.8,7704.0,9.084,7746.0,20.0,,,not penny/nano — price >= Rs100 and mcap >= Rs1000 Cr,False
FAIRCHEMOR,Fairchem Organics Limited,EQ,703.85,,9.061,3745.0,20.0,,,"held pending a market-cap read — passes every tradability gate, price >= Rs100, and its market cap is not in the fundamentals cache yet (resolves on a later penny_fundamentals run)",True
LIQGRWBEES,,,1058.45,,9.05,201.0,5.0,,,"not in the NSE equity master (ETF / REIT / InvIT — not a company); 5% circuit band — cannot exit on bad news; only 201 trades/day median — one operator's book, not a market",False
WEWORK,WeWork India Management Limited,EQ,673.15,,9.047,11267.0,20.0,,,"listed 362d ago — under a year of history, no trend to read",False
ZYDUSWELL,Zydus Wellness Limited,EQ,507.55,15693.0,9.023,15247.0,20.0,,,not penny/nano — price >= Rs100 and mcap >= Rs1000 Cr,False
PACEDIGITK,Pace Digitek Limited,EQ,165.45,3581.0,9.015,8674.0,20.0,,,not penny/nano — price >= Rs100 and mcap >= Rs1000 Cr,False
CANHLIFE,Canara HSBC Life Insurance Company Limited,EQ,146.06,,8.943,11877.0,20.0,,,"listed 355d ago — under a year of history, no trend to read",False
DALMIASUG,Dalmia Bharat Sugar and Industries Limited,EQ,447.65,3779.0,8.936,7521.0,20.0,,,not penny/nano — price >= Rs100 and mcap >= Rs1000 Cr,False
RICOAUTO,Rico Auto Industries Limited,EQ,123.45,1786.0,8.906,7703.0,20.0,,,not penny/nano — price >= Rs100 and mcap >= Rs1000 Cr,False
BHAGERIA,Bhageria Industries Limited,EQ,377.55,1497.0,8.839,6419.5,10.0,,LT Stage I,"ASM LT Stage I — surveillance: 100% margin, no intraday, no pledging",False
FINEORG,Fine Organic Industries Limited,EQ,5625.5,15732.0,8.824,5665.0,20.0,,,not penny/nano — price >= Rs100 and mcap >= Rs1000 Cr,False
VIDYAWIRES,Vidya Wires Limited,EQ,100.62,,8.792,8247.0,5.0,,,"5% circuit band — cannot exit on bad news; listed 301d ago — under a year of history, no trend to read",False
ALLCARGO,Allcargo Logistics Limited,EQ,10.28,1874.0,8.72,8728.0,10.0,,LT Stage I,"ASM LT Stage I — surveillance: 100% margin, no intraday, no pledging",False
TALBROAUTO,Talbros Automotive Components Limited,EQ,417.05,2591.0,8.719,7741.0,20.0,,,not penny/nano — price >= Rs100 and mcap >= Rs1000 Cr,False
VADILALIND,Vadilal Industries Limited,EQ,7247.0,5167.0,8.698,3570.0,20.0,,,not penny/nano — price >= Rs100 and mcap >= Rs1000 Cr,False
ALGOQUANT,Algoquant Fintech Limited,EQ,70.2,,8.675,5782.0,20.0,,,"listed 274d ago — under a year of history, no trend to read",False
MVGJL,Manoj Vaibhav Gems N Jewellers Limited,EQ,212.39,1048.0,8.633,9637.0,10.0,,ST Stage I,"ASM ST Stage I — surveillance: 100% margin, no intraday, no pledging",False
ARVINDFASN,Arvind Fashions Limited,EQ,397.95,5824.0,8.621,14812.0,20.0,,,not penny/nano — price >= Rs100 and mcap >= Rs1000 Cr,False
GOLDBETA,,,123.25,,8.578,2360.0,,,,not in the NSE equity master (ETF / REIT / InvIT — not a company),False
APOLLOPIPE,Apollo Pipes Limited,EQ,531.45,2444.0,8.573,6208.0,20.0,,,not penny/nano — price >= Rs100 and mcap >= Rs1000 Cr,False
ALEMBICLTD,Alembic Limited,EQ,103.57,2536.0,8.567,8650.0,20.0,,,not penny/nano — price >= Rs100 and mcap >= Rs1000 Cr,False
JUSTDIAL,Just Dial Limited,EQ,657.4,5792.0,8.562,5220.0,10.0,,,not penny/nano — price >= Rs100 and mcap >= Rs1000 Cr,False
OSWALPUMPS,Oswal Pumps Limited,EQ,264.6,3414.0,8.551,7227.0,10.0,,,not penny/nano — price >= Rs100 and mcap >= Rs1000 Cr,False
BIKAJI,Bikaji Foods International Limited,EQ,483.55,15188.0,8.531,9165.0,20.0,,,not penny/nano — price >= Rs100 and mcap >= Rs1000 Cr,False
FREDUN,Fredun Pharmaceuticals Limited,EQ,1473.9,,8.503,4860.0,10.0,,,"listed 51d ago — under a year of history, no trend to read",False
JSWDULUX,JSW Dulux Limited,EQ,3028.1,14203.0,8.474,5529.0,20.0,,,not penny/nano — price >= Rs100 and mcap >= Rs1000 Cr,False
PRUDENT,Prudent Corporate Advisory Services Limited,EQ,3223.3,14016.0,8.472,5627.0,20.0,,,not penny/nano — price >= Rs100 and mcap >= Rs1000 Cr,False
VENKEYS,Venky's (India) Limited,EQ,1655.6,2303.0,8.463,6597.0,20.0,,,not penny/nano — price >= Rs100 and mcap >= Rs1000 Cr,False
DBREALTY,Valor Estate Limited,EQ,88.79,,8.452,7435.0,5.0,,,5% circuit band — cannot exit on bad news,False
UCOBANK,UCO Bank,EQ,23.4,32452.0,8.439,14748.0,20.0,,,"not penny/nano — too big on both arms: a Rs23 share of a Rs32,452 Cr company (the price arm's ceiling is Rs5,000 Cr — a cheap share is not a small company)",False
PANAMAPET,Panama Petrochem Limited,EQ,537.0,2906.0,8.396,6320.0,20.0,,,not penny/nano — price >= Rs100 and mcap >= Rs1000 Cr,False
PFIZER,Pfizer Limited,EQ,3815.1,21088.0,8.378,5714.0,20.0,,,not penny/nano — price >= Rs100 and mcap >= Rs1000 Cr,False
AURIONPRO,Aurionpro Solutions Limited,EQ,612.8,4019.0,8.364,7974.0,20.0,,,not penny/nano — price >= Rs100 and mcap >= Rs1000 Cr,False
SILVERAXIS,,,217.45,,8.357,2370.0,,,,not in the NSE equity master (ETF / REIT / InvIT — not a company),False
CARYSIL,CARYSIL LIMITED,EQ,1007.5,2972.0,8.307,6991.0,20.0,,,not penny/nano — price >= Rs100 and mcap >= Rs1000 Cr,False
INGERRAND,Ingersoll Rand (India) Limited,EQ,4115.3,14436.0,8.239,3240.0,20.0,,,not penny/nano — price >= Rs100 and mcap >= Rs1000 Cr,False
SBFC,SBFC Finance Limited,EQ,81.1,10207.0,8.226,11131.0,20.0,,,"not penny/nano — too big on both arms: a Rs81 share of a Rs10,207 Cr company (the price arm's ceiling is Rs5,000 Cr — a cheap share is not a small company)",False
PENIND,Pennar Industries Limited,EQ,180.85,2152.0,8.198,8005.0,20.0,,,not penny/nano — price >= Rs100 and mcap >= Rs1000 Cr,False
AIIL,Authum Investment & Infrastructure Limited,EQ,549.65,47123.0,8.177,10371.0,20.0,,,not penny/nano — price >= Rs100 and mcap >= Rs1000 Cr,False
MUFIN,Mufin Green Finance Limited,EQ,135.17,2588.0,8.145,3527.0,20.0,,,not penny/nano — price >= Rs100 and mcap >= Rs1000 Cr,False
BLSE,BLS E-Services Limited,EQ,158.2,2926.0,8.137,5962.0,20.0,,,not penny/nano — price >= Rs100 and mcap >= Rs1000 Cr,False
SANDUMA,Sandur Manganese & Iron Ores Limited,EQ,181.19,9593.0,8.087,8513.0,20.0,,,not penny/nano — price >= Rs100 and mcap >= Rs1000 Cr,False
POWERICA,Powerica Limited,EQ,600.95,,8.08,5993.0,10.0,,,"listed 188d ago — under a year of history, no trend to read",False
CIEINDIA,CIE Automotive India Limited,EQ,378.7,15465.0,8.054,13426.0,20.0,,,not penny/nano — price >= Rs100 and mcap >= Rs1000 Cr,False
SURYAROSNI,Surya Roshni Limited,EQ,218.34,4827.0,7.982,7485.0,20.0,,,not penny/nano — price >= Rs100 and mcap >= Rs1000 Cr,False
GOCLCORP,GOCL Corporation Limited,EQ,367.85,2189.0,7.931,6631.0,20.0,,,not penny/nano — price >= Rs100 and mcap >= Rs1000 Cr,False
IZMO,IZMO Limited,EQ,889.95,1406.0,7.927,6944.0,10.0,,,not penny/nano — price >= Rs100 and mcap >= Rs1000 Cr,False
JYOTHYLAB,Jyothy Labs Limited,EQ,191.44,7735.0,7.892,11689.0,20.0,,,not penny/nano — price >= Rs100 and mcap >= Rs1000 Cr,False
RML,Rane (Madras) Limited,EQ,1336.4,3712.0,7.879,6030.0,20.0,,,not penny/nano — price >= Rs100 and mcap >= Rs1000 Cr,False
WAAREERTL,Waaree Renewable Technologies Limited,EQ,812.45,9251.0,7.878,8773.0,20.0,,,not penny/nano — price >= Rs100 and mcap >= Rs1000 Cr,False
GALAXYSURF,Galaxy Surfactants Limited,EQ,2434.0,8427.0,7.871,7606.0,20.0,,,not penny/nano — price >= Rs100 and mcap >= Rs1000 Cr,False
FACT,Fertilizers and Chemicals Travancore Limited,EQ,746.95,51882.0,7.866,8100.0,20.0,,,not penny/nano — price >= Rs100 and mcap >= Rs1000 Cr,False
PICCADIL,Piccadily Agro Industries Limited,EQ,589.0,5936.0,7.807,8452.0,20.0,,,not penny/nano — price >= Rs100 and mcap >= Rs1000 Cr,False
HEXT,Hexaware Technologies Limited,EQ,505.5,34498.0,7.806,11116.0,20.0,,,not penny/nano — price >= Rs100 and mcap >= Rs1000 Cr,False
CELLO,Cello World Limited,EQ,390.65,8252.0,7.783,9375.0,20.0,,,not penny/nano — price >= Rs100 and mcap >= Rs1000 Cr,False
STOVEKRAFT,Stove Kraft Limited,EQ,817.35,2679.0,7.754,6229.0,20.0,,,not penny/nano — price >= Rs100 and mcap >= Rs1000 Cr,False
ADVAIT,Advait Energy Transitions Limited,EQ,1910.8,,7.667,5736.0,20.0,,,"listed 260d ago — under a year of history, no trend to read",False
METALIETF,,,12.39,,7.649,8772.0,,,,not in the NSE equity master (ETF / REIT / InvIT — not a company),False
INDRAMEDCO,Indraprastha Medical Corporation Limited,EQ,329.4,3389.0,7.637,6833.0,20.0,,,not penny/nano — price >= Rs100 and mcap >= Rs1000 Cr,False
SUNFLAG,Sunflag Iron And Steel Company Limited,EQ,474.4,7832.0,7.616,5948.0,5.0,,ST Stage I,"ASM ST Stage I — surveillance: 100% margin, no intraday, no pledging; 5% circuit band — cannot exit on bad news",False
VERANDA,Veranda Learning Solutions Limited,BE,212.76,2272.0,7.557,4203.0,5.0,,,series BE (trade-to-trade / SME — not normal rolling settlement); 5% circuit band — cannot exit on bad news,False
DREDGECORP,Dredging Corporation of India Limited,EQ,931.0,3264.0,7.539,5687.0,20.0,,,not penny/nano — price >= Rs100 and mcap >= Rs1000 Cr,False
HONAUT,Honeywell Automation India Limited,EQ,33345.0,32310.0,7.485,1497.0,20.0,,,not penny/nano — price >= Rs100 and mcap >= Rs1000 Cr,False
DIFFNKG,Diffusion Engineers Limited,EQ,452.85,1738.0,7.463,5962.0,20.0,,,not penny/nano — price >= Rs100 and mcap >= Rs1000 Cr,False
CMRGREEN,CMR Green Technologies Limited,EQ,224.99,,7.458,10466.0,10.0,,,"listed 119d ago — under a year of history, no trend to read",False
FOSECOIND,Foseco India Limited,EQ,6373.0,4811.0,7.45,3753.0,20.0,,,not penny/nano — price >= Rs100 and mcap >= Rs1000 Cr,False
KINGFA,Kingfa Science & Technology (India) Limited,EQ,6932.5,8926.0,7.428,4541.0,20.0,,,not penny/nano — price >= Rs100 and mcap >= Rs1000 Cr,False
INDOCO,Indoco Remedies Limited,EQ,246.55,2304.0,7.371,7768.0,20.0,,,not penny/nano — price >= Rs100 and mcap >= Rs1000 Cr,False
MAYURUNIQ,Mayur Uniquoters Ltd,EQ,762.85,3306.0,7.331,6193.0,20.0,,,not penny/nano — price >= Rs100 and mcap >= Rs1000 Cr,False
ARSSBL,Anand Rathi Share and Stock Brokers Limited,EQ,571.15,3286.0,7.296,4518.0,20.0,,,not penny/nano — price >= Rs100 and mcap >= Rs1000 Cr,False
VIPIND,VIP Industries Limited,EQ,281.1,4380.0,7.289,6187.0,20.0,,,not penny/nano — price >= Rs100 and mcap >= Rs1000 Cr,False
BOSCH-HCIL,BOSCH HOME COMFORT INDIA LIMITED,EQ,1948.1,5349.0,7.278,6125.0,20.0,,,not penny/nano — price >= Rs100 and mcap >= Rs1000 Cr,False
FMCGIETF,,,48.01,,7.263,4684.0,,,,not in the NSE equity master (ETF / REIT / InvIT — not a company),False
WENDT,Wendt (India) Limited,EQ,7991.0,1623.0,7.228,2450.0,20.0,,,not penny/nano — price >= Rs100 and mcap >= Rs1000 Cr,False
GIPCL,Gujarat Industries Power Company Limited,EQ,171.86,2714.0,7.18,6903.0,20.0,,,not penny/nano — price >= Rs100 and mcap >= Rs1000 Cr,False
SHARDACROP,Sharda Cropchem Limited,EQ,742.05,7054.0,7.17,8005.0,20.0,,,not penny/nano — price >= Rs100 and mcap >= Rs1000 Cr,False
KAVDEFENCE,Kavveri Defence & Wireless Technologies Limited,BE,71.64,405.0,7.164,6140.5,5.0,,,series BE (trade-to-trade / SME — not normal rolling settlement); 5% circuit band — cannot exit on bad news; closed at circuit on 33% of sessions — a stop cannot fill in a locked market,False
BBTC,The Bombay Burmah Trading Corporation Limited,EQ,1269.4,9959.0,7.152,4623.0,20.0,,,not penny/nano — price >= Rs100 and mcap >= Rs1000 Cr,False
3MINDIA,3M India Limited,EQ,30825.0,36864.0,7.144,1381.0,20.0,,,not penny/nano — price >= Rs100 and mcap >= Rs1000 Cr,False
SIRCA,Sirca Paints India Limited,EQ,413.7,2427.0,7.124,3043.0,20.0,,,not penny/nano — price >= Rs100 and mcap >= Rs1000 Cr,False
PERNIASPOP,Purple Style Labs Limited,EQ,531.45,,7.117,5488.0,20.0,,,"listed 30d ago — under a year of history, no trend to read",False
SMALLCAP,,,48.45,,7.109,3340.0,,,,not in the NSE equity master (ETF / REIT / InvIT — not a company),False
MANGLMCEM,Mangalam Cement Limited,EQ,971.1,2828.0,7.09,3016.0,20.0,,,not penny/nano — price >= Rs100 and mcap >= Rs1000 Cr,False
HCG,Healthcare Global Enterprises Limited,EQ,657.6,10869.0,7.06,9298.0,20.0,,,not penny/nano — price >= Rs100 and mcap >= Rs1000 Cr,False
MAITHANALL,Maithan Alloys Limited,EQ,905.75,2844.0,7.016,4518.0,20.0,,,not penny/nano — price >= Rs100 and mcap >= Rs1000 Cr,False
ORIENTHOT,Oriental Hotels Limited,EQ,143.06,2500.0,6.988,2960.0,20.0,,,not penny/nano — price >= Rs100 and mcap >= Rs1000 Cr,False
RITES,RITES Limited,EQ,200.74,10542.0,6.977,9939.0,20.0,,,not penny/nano — price >= Rs100 and mcap >= Rs1000 Cr,False
CAMPUS,Campus Activewear Limited,EQ,208.37,6638.0,6.958,8513.0,20.0,,,not penny/nano — price >= Rs100 and mcap >= Rs1000 Cr,False
RESPONIND,Responsive Industries Limited,EQ,159.73,4132.0,6.955,6939.0,20.0,,,not penny/nano — price >= Rs100 and mcap >= Rs1000 Cr,False
KRISHNADEF,Krishna Defence And Allied Industries Limited,EQ,1242.1,,6.876,5885.0,20.0,,,"listed 281d ago — under a year of history, no trend to read",False
GHCLTEXTIL,GHCL Textiles Limited,EQ,130.04,1235.0,6.859,9689.0,20.0,,,not penny/nano — price >= Rs100 and mcap >= Rs1000 Cr,False
TVSSCS,TVS Supply Chain Solutions Limited,EQ,130.4,5666.0,6.807,8729.0,20.0,,,not penny/nano — price >= Rs100 and mcap >= Rs1000 Cr,False
CHEMPLASTS,Chemplast Sanmar Limited,EQ,228.22,2844.0,6.752,6599.0,20.0,,,not penny/nano — price >= Rs100 and mcap >= Rs1000 Cr,False
LUMAXIND,Lumax Industries Limited,EQ,5401.5,5189.0,6.687,3423.0,20.0,,,not penny/nano — price >= Rs100 and mcap >= Rs1000 Cr,False
BAYERCROP,Bayer Cropscience Limited,EQ,3491.5,18290.0,6.677,4940.0,20.0,,,not penny/nano — price >= Rs100 and mcap >= Rs1000 Cr,False
HUBTOWN,Hubtown Limited,EQ,164.52,2575.0,6.64,4317.0,20.0,,,not penny/nano — price >= Rs100 and mcap >= Rs1000 Cr,False
ORCHPHARMA,Orchid Pharma Limited,EQ,1023.95,6665.0,6.635,8367.0,20.0,,,not penny/nano — price >= Rs100 and mcap >= Rs1000 Cr,False
TAALTECH,Taal Tech Limited,EQ,1087.9,,6.535,4253.0,20.0,,,"listed 170d ago — under a year of history, no trend to read",False
GREENPLY,Greenply Industries Limited,EQ,310.75,3738.0,6.499,4875.0,20.0,,,not penny/nano — price >= Rs100 and mcap >= Rs1000 Cr,False
NIVABUPA,Niva Bupa Health Insurance Company Limited,EQ,77.38,15939.0,6.497,13985.0,20.0,,,"not penny/nano — too big on both arms: a Rs77 share of a Rs15,939 Cr company (the price arm's ceiling is Rs5,000 Cr — a cheap share is not a small company)",False
CRAMC,Canara Robeco Asset Management Company Limited,EQ,229.52,,6.458,6593.0,20.0,,,"listed 356d ago — under a year of history, no trend to read",False
VISHNU,Vishnu Chemicals Limited,EQ,683.4,4431.0,6.455,5267.0,20.0,,,not penny/nano — price >= Rs100 and mcap >= Rs1000 Cr,False
MANAKSTEEL,Manaksia Steels Limited,BE,107.3,,6.453,3755.5,5.0,,,series BE (trade-to-trade / SME — not normal rolling settlement); 5% circuit band — cannot exit on bad news; closed at circuit on 25% of sessions — a stop cannot fill in a locked market,False
GARUDA,Garuda Construction and Engineering Limited,EQ,172.55,1712.0,6.443,6321.0,20.0,,,not penny/nano — price >= Rs100 and mcap >= Rs1000 Cr,False
WAKEFIT,Wakefit Innovations Limited,EQ,134.42,,6.431,6678.0,20.0,,,"listed 296d ago — under a year of history, no trend to read",False
SHRINGARMS,Shringar House of Mangalsutra Limited,EQ,221.03,2032.0,6.385,2604.0,20.0,,,not penny/nano — price >= Rs100 and mcap >= Rs1000 Cr,False
KPEL,K.P. Energy Limited,EQ,212.89,1770.0,6.348,6987.0,20.0,,,not penny/nano — price >= Rs100 and mcap >= Rs1000 Cr,False
PNGSREVA,PNGS Reva Diamond Jewellery Limited,EQ,631.0,,6.344,5959.0,20.0,,,"listed 217d ago — under a year of history, no trend to read",False
MAXESTATES,Max Estates Limited,EQ,550.5,8094.0,6.339,5439.0,20.0,,,not penny/nano — price >= Rs100 and mcap >= Rs1000 Cr,False
REFEX,Refex Industries Limited,EQ,266.35,4154.0,6.331,5179.0,20.0,,,not penny/nano — price >= Rs100 and mcap >= Rs1000 Cr,False
UTIAMC,UTI Asset Management Company Limited,EQ,892.3,11639.0,6.326,7572.0,20.0,,,not penny/nano — price >= Rs100 and mcap >= Rs1000 Cr,False
HDFCNIFTY,,,255.04,,6.317,1362.0,,,,not in the NSE equity master (ETF / REIT / InvIT — not a company),False
AARTIDRUGS,Aarti Drugs Limited,EQ,417.55,3842.0,6.295,6461.0,20.0,,,not penny/nano — price >= Rs100 and mcap >= Rs1000 Cr,False
BATAINDIA,Bata India Limited,EQ,615.1,9620.0,6.294,7848.0,20.0,,,not penny/nano — price >= Rs100 and mcap >= Rs1000 Cr,False
INTERARCH,Interarch Building Solutions Limited,EQ,1700.9,2912.0,6.286,4168.0,20.0,,,not penny/nano — price >= Rs100 and mcap >= Rs1000 Cr,False
IOB,Indian Overseas Bank,EQ,31.03,63181.0,6.284,10221.0,20.0,,,"not penny/nano — too big on both arms: a Rs31 share of a Rs63,181 Cr company (the price arm's ceiling is Rs5,000 Cr — a cheap share is not a small company)",False
ROUTE,ROUTE MOBILE LIMITED,EQ,426.5,3208.0,6.261,5467.0,20.0,,,not penny/nano — price >= Rs100 and mcap >= Rs1000 Cr,False
SILVERTUC,Silver Touch Technologies Limited,EQ,135.11,2498.0,6.223,5889.0,10.0,,,not penny/nano — price >= Rs100 and mcap >= Rs1000 Cr,False
CARERATING,CARE Ratings Limited,EQ,1595.9,5155.0,6.221,5401.0,20.0,,,not penny/nano — price >= Rs100 and mcap >= Rs1000 Cr,False
SHANTIGEAR,Shanthi Gears Limited,EQ,586.05,4758.0,6.197,4131.0,5.0,,,5% circuit band — cannot exit on bad news; closed at circuit on 24% of sessions — a stop cannot fill in a locked market,False
HARSHA,Harsha Engineers International Limited,EQ,460.4,4320.0,6.173,5837.0,20.0,,,not penny/nano — price >= Rs100 and mcap >= Rs1000 Cr,False
XPROINDIA,Xpro India Limited,EQ,1130.0,2667.0,6.139,4767.0,20.0,,,not penny/nano — price >= Rs100 and mcap >= Rs1000 Cr,False
STYRENIX,Styrenix Performance Materials Limited,EQ,2001.3,3764.0,6.132,3621.0,20.0,,,not penny/nano — price >= Rs100 and mcap >= Rs1000 Cr,False
SANDHAR,Sandhar Technologies Limited,EQ,561.3,3803.0,6.128,6216.0,20.0,,,not penny/nano — price >= Rs100 and mcap >= Rs1000 Cr,False
BHAGYANGR,Bhagyanagar India Limited,EQ,454.55,,6.089,5152.0,5.0,,,5% circuit band — cannot exit on bad news; closed at circuit on 28% of sessions — a stop cannot fill in a locked market,False
ASHOKA,Ashoka Buildcon Limited,EQ,104.03,3143.0,6.081,6511.0,20.0,,,not penny/nano — price >= Rs100 and mcap >= Rs1000 Cr,False
UTTAMSUGAR,Uttam Sugar Mills Limited,EQ,308.3,1053.0,6.056,6486.0,20.0,,,not penny/nano — price >= Rs100 and mcap >= Rs1000 Cr,False
BOROLTD,Borosil Limited,EQ,281.15,3053.0,6.053,4941.0,20.0,,,not penny/nano — price >= Rs100 and mcap >= Rs1000 Cr,False
NACLIND,NACL Industries Limited,EQ,132.6,3914.0,6.025,7125.0,20.0,,,not penny/nano — price >= Rs100 and mcap >= Rs1000 Cr,False
INDIGOPNTS,Indigo Paints Limited,EQ,1060.2,5442.0,6.012,8863.0,20.0,,,not penny/nano — price >= Rs100 and mcap >= Rs1000 Cr,False
INDNIPPON,India Nippon Electricals Limited,EQ,1231.4,2770.0,5.997,5376.0,20.0,,,not penny/nano — price >= Rs100 and mcap >= Rs1000 Cr,False
RSL,Rajputana Stainless Limited,EQ,174.51,,5.991,4780.0,20.0,,,"listed 202d ago — under a year of history, no trend to read",False
MUKKA,Mukka Proteins Limited,BE,29.53,966.0,5.967,7656.0,5.0,,,series BE (trade-to-trade / SME — not normal rolling settlement); 5% circuit band — cannot exit on bad news; closed at circuit on 46% of sessions — a stop cannot fill in a locked market,False
MMTC,MMTC Limited,EQ,56.2,9228.0,5.959,7562.0,20.0,,,"not penny/nano — too big on both arms: a Rs56 share of a Rs9,228 Cr company (the price arm's ceiling is Rs5,000 Cr — a cheap share is not a small company)",False
BASF,BASF India Limited,EQ,3453.8,17057.0,5.946,3752.0,20.0,,,not penny/nano — price >= Rs100 and mcap >= Rs1000 Cr,False
EPACK,EPACK Durable Limited,EQ,171.84,1989.0,5.945,5710.0,20.0,,,not penny/nano — price >= Rs100 and mcap >= Rs1000 Cr,False
ZOTA,Zota Health Care LImited,EQ,1342.1,3766.0,5.936,3639.0,20.0,,,not penny/nano — price >= Rs100 and mcap >= Rs1000 Cr,False
ALPHA,,,52.84,,5.934,3498.0,,,,not in the NSE equity master (ETF / REIT / InvIT — not a company),False
EUREKAFORB,Eureka Forbes Limited,EQ,351.75,8273.0,5.897,8665.0,20.0,,,not penny/nano — price >= Rs100 and mcap >= Rs1000 Cr,False
SHILCTECH,Shilchar Technologies Limited,EQ,4000.9,,5.896,3599.0,20.0,,,"listed 317d ago — under a year of history, no trend to read",False
ERIS,Eris Lifesciences Limited,EQ,1145.8,18579.0,5.896,6476.0,20.0,,,not penny/nano — price >= Rs100 and mcap >= Rs1000 Cr,False
MIDCAPETF,,,22.34,,5.893,7165.0,,,,not in the NSE equity master (ETF / REIT / InvIT — not a company),False
LMW,LMW Limited,EQ,16819.0,17678.0,5.885,1584.0,20.0,,,not penny/nano — price >= Rs100 and mcap >= Rs1000 Cr,False
SALSTEEL,S.A.L. Steel Limited,EQ,86.44,894.0,5.877,3994.0,5.0,,LT Stage I,"ASM LT Stage I — surveillance: 100% margin, no intraday, no pledging; 5% circuit band — cannot exit on bad news; closed at circuit on 28% of sessions — a stop cannot fill in a locked market",False
GODIGIT,Go Digit General Insurance Limited,EQ,264.75,23702.0,5.813,10152.0,20.0,,,not penny/nano — price >= Rs100 and mcap >= Rs1000 Cr,False
KILITCH,Kilitch Drugs (India) Limited,EQ,256.25,,5.802,5026.0,20.0,,,"held pending a market-cap read — passes every tradability gate, price >= Rs100, and its market cap is not in the fundamentals cache yet (resolves on a later penny_fundamentals run)",True
TVSHLTD,TVS Holdings Limited,EQ,11735.0,28214.0,5.78,2066.0,20.0,,,not penny/nano — price >= Rs100 and mcap >= Rs1000 Cr,False
MEDPLUS,Medplus Health Services Limited,EQ,647.3,7882.0,5.762,6903.0,20.0,,,not penny/nano — price >= Rs100 and mcap >= Rs1000 Cr,False
GODREJIND,Godrej Industries Limited,EQ,1029.0,39327.0,5.706,7015.0,20.0,,,not penny/nano — price >= Rs100 and mcap >= Rs1000 Cr,False
ITDC,India Tourism Development Corporation Limited,EQ,671.75,5910.0,5.704,6512.0,20.0,,,not penny/nano — price >= Rs100 and mcap >= Rs1000 Cr,False
ABLBL,Aditya Birla Lifestyle Brands Limited,EQ,73.69,11474.0,5.704,8998.0,20.0,,,"not penny/nano — too big on both arms: a Rs74 share of a Rs11,474 Cr company (the price arm's ceiling is Rs5,000 Cr — a cheap share is not a small company)",False
VINATIORGA,Vinati Organics Limited,EQ,1142.3,13781.0,5.678,8186.0,20.0,,,not penny/nano — price >= Rs100 and mcap >= Rs1000 Cr,False
INDIASHLTR,India Shelter Finance Corporation Limited,EQ,633.85,7192.0,5.678,6272.0,20.0,,,not penny/nano — price >= Rs100 and mcap >= Rs1000 Cr,False
SOMANYCERA,Somany Ceramics Limited,EQ,621.15,2519.0,5.668,5319.0,20.0,,,not penny/nano — price >= Rs100 and mcap >= Rs1000 Cr,False
GLOBUSSPR,Globus Spirits Limited,EQ,796.85,2861.0,5.655,5106.0,20.0,,,not penny/nano — price >= Rs100 and mcap >= Rs1000 Cr,False
RACLGEAR,RACL Geartech Limited,EQ,1589.5,1813.0,5.652,5650.0,20.0,,,not penny/nano — price >= Rs100 and mcap >= Rs1000 Cr,False
VMART,V-Mart Retail Limited,EQ,806.2,5937.0,5.65,7962.0,20.0,,,not penny/nano — price >= Rs100 and mcap >= Rs1000 Cr,False
MEDIASSIST,Medi Assist Healthcare Services Limited,EQ,300.0,2695.0,5.623,7487.0,20.0,,,not penny/nano — price >= Rs100 and mcap >= Rs1000 Cr,False
PRADPME,Pradeep Metals Limited,EQ,620.9,,5.575,2447.0,20.0,,,"listed 170d ago — under a year of history, no trend to read",False
GOKULAGRO,Gokul Agro Resources Limited,EQ,212.42,6691.0,5.56,8812.0,20.0,,,not penny/nano — price >= Rs100 and mcap >= Rs1000 Cr,False
PRAKASH,Prakash Industries Limited,EQ,118.31,2303.0,5.536,4665.0,20.0,,,not penny/nano — price >= Rs100 and mcap >= Rs1000 Cr,False
MASFIN,MAS Financial Services Limited,EQ,270.25,5489.0,5.531,8108.0,20.0,,,not penny/nano — price >= Rs100 and mcap >= Rs1000 Cr,False
RPGLIFE,RPG Life Sciences Limited,EQ,2892.8,4847.0,5.505,3251.0,20.0,,,not penny/nano — price >= Rs100 and mcap >= Rs1000 Cr,False
VENUSREM,Venus Remedies Limited,BE,1796.7,,5.492,2822.0,5.0,,LT Stage IV,"series BE (trade-to-trade / SME — not normal rolling settlement); ASM LT Stage IV — surveillance: 100% margin, no intraday, no pledging; 5% circuit band — cannot exit on bad news; closed at circuit on 22% of sessions — a stop cannot fill in a locked market",False
HATSUN,Hatsun Agro Product Limited,EQ,1148.1,24905.0,5.478,5965.0,20.0,,,not penny/nano — price >= Rs100 and mcap >= Rs1000 Cr,False
JKLAKSHMI,JK Lakshmi Cement Limited,EQ,471.65,6900.0,5.466,8445.0,20.0,,,not penny/nano — price >= Rs100 and mcap >= Rs1000 Cr,False
ADVENZYMES,Advanced Enzyme Technologies Limited,EQ,270.05,3426.0,5.455,4781.0,20.0,,,not penny/nano — price >= Rs100 and mcap >= Rs1000 Cr,False
SILVERAG,,,212.92,,5.451,2388.0,,,,not in the NSE equity master (ETF / REIT / InvIT — not a company),False
TTML,Tata Teleservices (Maharashtra) Limited,EQ,34.01,7699.0,5.442,8014.0,20.0,,,"not penny/nano — too big on both arms: a Rs34 share of a Rs7,699 Cr company (the price arm's ceiling is Rs5,000 Cr — a cheap share is not a small company)",False
GANECOS,Ganesha Ecosphere Limited,EQ,998.9,2894.0,5.432,5148.0,20.0,,,not penny/nano — price >= Rs100 and mcap >= Rs1000 Cr,False
THOMASCOOK,Thomas Cook  (India)  Limited,EQ,100.54,4603.0,5.397,6062.0,20.0,,,not penny/nano — price >= Rs100 and mcap >= Rs1000 Cr,False
TIRUMALCHM,Thirumalai Chemicals Limited,EQ,147.91,1771.0,5.38,5773.0,20.0,,,not penny/nano — price >= Rs100 and mcap >= Rs1000 Cr,False
DCMSHRIRAM,DCM Shriram Limited,EQ,969.3,16436.0,5.377,6630.0,20.0,,,not penny/nano — price >= Rs100 and mcap >= Rs1000 Cr,False
CPSEETF,,,89.12,,5.369,6489.0,,,,not in the NSE equity master (ETF / REIT / InvIT — not a company),False
TRIDENT,Trident Limited,EQ,22.31,12801.0,5.344,11422.0,20.0,,,"not penny/nano — too big on both arms: a Rs22 share of a Rs12,801 Cr company (the price arm's ceiling is Rs5,000 Cr — a cheap share is not a small company)",False
GULFOILLUB,Gulf Oil Lubricants India Limited,EQ,1118.6,5256.0,5.326,5097.0,20.0,,,not penny/nano — price >= Rs100 and mcap >= Rs1000 Cr,False
SATIN,Satin Creditcare Network Limited,EQ,223.79,2513.0,5.3,4219.0,20.0,,,not penny/nano — price >= Rs100 and mcap >= Rs1000 Cr,False
HIRECT,Hirect Limited,EQ,1113.9,3985.0,5.296,4332.0,20.0,,,not penny/nano — price >= Rs100 and mcap >= Rs1000 Cr,False
FINPIPE,Finolex Industries Limited,EQ,153.91,9782.0,5.269,11750.0,20.0,,,not penny/nano — price >= Rs100 and mcap >= Rs1000 Cr,False
DATAMATICS,Datamatics Global Services Limited,EQ,763.8,4864.0,5.261,4419.0,20.0,,,not penny/nano — price >= Rs100 and mcap >= Rs1000 Cr,False
NIBE,NIBE Limited,EQ,1270.1,2131.0,5.224,3348.0,10.0,,,not penny/nano — price >= Rs100 and mcap >= Rs1000 Cr,False
MMFL,MM Forgings Limited,EQ,566.05,2761.0,5.218,5288.0,20.0,,,not penny/nano — price >= Rs100 and mcap >= Rs1000 Cr,False
RSYSTEMS,R Systems International Limited,EQ,252.35,2836.0,5.201,4814.0,20.0,,,not penny/nano — price >= Rs100 and mcap >= Rs1000 Cr,False
FERMENTA,Fermenta Biotech Limited,EQ,565.3,,5.19,5968.0,20.0,,,"listed 64d ago — under a year of history, no trend to read",False
VALIANTORG,Valiant Organics Limited,EQ,479.85,1177.0,5.188,2665.0,20.0,,ST Stage I,"ASM ST Stage I — surveillance: 100% margin, no intraday, no pledging",False
EMSLIMITED,EMS Limited,EQ,328.95,2177.0,5.187,4722.0,20.0,,,not penny/nano — price >= Rs100 and mcap >= Rs1000 Cr,False
BLUSPRING,Bluspring Enterprises Limited,EQ,142.71,1869.0,5.161,4694.0,10.0,,,not penny/nano — price >= Rs100 and mcap >= Rs1000 Cr,False
BSLGOLDETF,,,128.99,,5.102,2250.0,,,,not in the NSE equity master (ETF / REIT / InvIT — not a company),False
MIIL,Meghna Infracon Infrastructure Limited,EQ,667.5,,5.095,1486.0,20.0,,,"listed 51d ago — under a year of history, no trend to read",False
SPORTKING,Sportking India Limited,EQ,201.71,2650.0,5.07,6987.0,20.0,,,not penny/nano — price >= Rs100 and mcap >= Rs1000 Cr,False
SHARDAMOTR,Sharda Motor Industries Limited,EQ,924.85,5242.0,5.049,5847.0,20.0,,,not penny/nano — price >= Rs100 and mcap >= Rs1000 Cr,False
ASTEC,Astec LifeSciences Limited,EQ,748.2,1319.0,5.027,4232.0,20.0,,ST Stage I,"ASM ST Stage I — surveillance: 100% margin, no intraday, no pledging",False
DCXINDIA,DCX Systems Limited,EQ,157.88,1950.0,5.027,5510.0,20.0,,,not penny/nano — price >= Rs100 and mcap >= Rs1000 Cr,False
AUTOBEES,,,260.91,,5.008,3045.0,,,,not in the NSE equity master (ETF / REIT / InvIT — not a company),False
KIRLOSBROS,Kirloskar Brothers Limited,EQ,1712.8,15366.0,4.986,5197.0,20.0,,,not penny/nano — price >= Rs100 and mcap >= Rs1000 Cr,False
SKFINDIA,SKF India Limited,EQ,1428.9,8222.0,4.98,4883.0,20.0,,,not penny/nano — price >= Rs100 and mcap >= Rs1000 Cr,False
APCOTEXIND,Apcotex Industries Limited,EQ,592.7,3076.0,4.958,5048.0,20.0,,,not penny/nano — price >= Rs100 and mcap >= Rs1000 Cr,False
EUROPRATIK,Euro Pratik Sales Limited,EQ,179.12,2181.0,4.917,4218.0,20.0,,,not penny/nano — price >= Rs100 and mcap >= Rs1000 Cr,False
MAHLOG,Mahindra Logistics Limited,EQ,411.15,4134.0,4.871,7719.0,20.0,,,not penny/nano — price >= Rs100 and mcap >= Rs1000 Cr,False
INDOBORAX,Indo Borax & Chemicals Limited,EQ,480.9,1575.0,4.853,5244.0,20.0,,,not penny/nano — price >= Rs100 and mcap >= Rs1000 Cr,False
CARRARO,Carraro India Limited,EQ,533.85,2934.0,4.808,6021.0,20.0,,,not penny/nano — price >= Rs100 and mcap >= Rs1000 Cr,False
NIFTYETF,,,246.38,,4.781,1222.0,,,,not in the NSE equity master (ETF / REIT / InvIT — not a company),False
MAHSCOOTER,Maharashtra Scooters Limited,EQ,12242.0,15007.0,4.768,1193.0,20.0,,,not penny/nano — price >= Rs100 and mcap >= Rs1000 Cr,False
CAPACITE,Capacit'e Infraprojects Limited,EQ,181.72,1747.0,4.766,5148.0,20.0,,,not penny/nano — price >= Rs100 and mcap >= Rs1000 Cr,False
WESTLIFE,WESTLIFE FOODWORLD LIMITED,EQ,586.4,8952.0,4.745,5137.0,20.0,,,not penny/nano — price >= Rs100 and mcap >= Rs1000 Cr,False
ARIES,Aries Agro Limited,BE,485.95,631.0,4.734,3969.0,5.0,,,series BE (trade-to-trade / SME — not normal rolling settlement); 5% circuit band — cannot exit on bad news,False
HDFCBSE500,,,35.55,,4.713,345.0,,,,not in the NSE equity master (ETF / REIT / InvIT — not a company),False
KIRLFER,Kirloskar Ferrous Industries Limited,EQ,473.8,,4.702,5748.0,20.0,,,"listed 170d ago — under a year of history, no trend to read",False
ELITECON,Elitecon International Limited,EQ,7.53,,4.696,8348.0,5.0,,LT Stage I,"ASM LT Stage I — surveillance: 100% margin, no intraday, no pledging; 5% circuit band — cannot exit on bad news; listed 170d ago — under a year of history, no trend to read; closed at circuit on 48% of sessions — a stop cannot fill in a locked market",False
STEELCAS,Steelcast Limited,EQ,373.3,3607.0,4.692,4790.0,20.0,,,not penny/nano — price >= Rs100 and mcap >= Rs1000 Cr,False
BANCOINDIA,Banco Products (I) Limited,EQ,600.2,8954.0,4.691,6390.0,20.0,,,not penny/nano — price >= Rs100 and mcap >= Rs1000 Cr,False
ADOR,Ador Welding Limited,EQ,1552.1,2852.0,4.664,3890.0,20.0,,,not penny/nano — price >= Rs100 and mcap >= Rs1000 Cr,False
MENONBE,Menon Bearings Limited,EQ,301.45,1643.0,4.656,2719.0,20.0,,LT Stage I,"ASM LT Stage I — surveillance: 100% margin, no intraday, no pledging",False
KSCL,Kaveri Seed Company Limited,EQ,710.75,3995.0,4.656,3917.0,20.0,,,not penny/nano — price >= Rs100 and mcap >= Rs1000 Cr,False
CORONA,CORONA Remedies Limited,EQ,2041.1,,4.641,3126.0,20.0,,,"listed 296d ago — under a year of history, no trend to read",False
POLYPLEX,Polyplex Corporation Limited,EQ,1023.3,3227.0,4.63,3463.0,20.0,,,not penny/nano — price >= Rs100 and mcap >= Rs1000 Cr,False
SANATHAN,Sanathan Textiles Limited,EQ,522.85,4368.0,4.612,4685.0,10.0,,,not penny/nano — price >= Rs100 and mcap >= Rs1000 Cr,False
INA,Insolation Energy Limited,EQ,82.0,,4.566,4695.0,20.0,,,"listed 212d ago — under a year of history, no trend to read",False
EXCELSOFT,Excelsoft Technologies Limited,EQ,81.71,,4.529,5838.0,20.0,,,"listed 315d ago — under a year of history, no trend to read",False
TARC,TARC Limited,EQ,122.24,3569.0,4.524,4287.0,20.0,,,not penny/nano — price >= Rs100 and mcap >= Rs1000 Cr,False
EIHOTEL,EIH Limited,EQ,296.5,19880.0,4.519,8029.0,20.0,,,not penny/nano — price >= Rs100 and mcap >= Rs1000 Cr,False
GRINDWELL,Grindwell Norton Limited,EQ,2018.2,22523.0,4.507,5701.0,20.0,,,not penny/nano — price >= Rs100 and mcap >= Rs1000 Cr,False
GUJALKALI,Gujarat Alkalies and Chemicals Limited,EQ,616.0,5178.0,4.506,4998.0,20.0,,,not penny/nano — price >= Rs100 and mcap >= Rs1000 Cr,False
GREENPANEL,Greenpanel Industries Limited,EQ,159.12,1974.0,4.496,6150.0,20.0,,,not penny/nano — price >= Rs100 and mcap >= Rs1000 Cr,False
LGBBROSLTD,LG Balakrishnan & Bros Limited,EQ,1715.8,5131.0,4.478,3959.0,20.0,,,not penny/nano — price >= Rs100 and mcap >= Rs1000 Cr,False
PSPPROJECT,PSP Projects Limited,EQ,765.6,3668.0,4.478,3008.0,20.0,,,not penny/nano — price >= Rs100 and mcap >= Rs1000 Cr,False
VSSL,Vardhman Special Steels Limited,EQ,393.75,3707.0,4.469,4911.0,20.0,,,not penny/nano — price >= Rs100 and mcap >= Rs1000 Cr,False
UNICHEMLAB,Unichem Laboratories Limited,EQ,546.2,3767.0,4.452,4986.0,20.0,,,not penny/nano — price >= Rs100 and mcap >= Rs1000 Cr,False
PGHL,Procter & Gamble Health Limited,EQ,5234.0,9639.0,4.448,2546.0,20.0,,,not penny/nano — price >= Rs100 and mcap >= Rs1000 Cr,False
SAFARI,Safari Industries (India) Limited,EQ,1319.2,7334.0,4.439,5278.0,20.0,,,not penny/nano — price >= Rs100 and mcap >= Rs1000 Cr,False
NILKAMAL,Nilkamal Limited,EQ,1831.7,2793.0,4.43,3490.0,20.0,,,not penny/nano — price >= Rs100 and mcap >= Rs1000 Cr,False
DBL,Dilip Buildcon Limited,EQ,409.25,6743.0,4.386,4124.0,20.0,,,not penny/nano — price >= Rs100 and mcap >= Rs1000 Cr,False
MEDICAMEQ,Medicamen Biotech Limited,BE,346.3,372.0,4.368,4643.5,5.0,,,series BE (trade-to-trade / SME — not normal rolling settlement); 5% circuit band — cannot exit on bad news; closed at circuit on 25% of sessions — a stop cannot fill in a locked market,False
ANNU,Annu Projects Limited,EQ,45.53,,4.361,7622.0,20.0,,,"listed 35d ago — under a year of history, no trend to read",False
BOMDYEING,Bombay Dyeing & Mfg Company Limited,EQ,101.63,2306.0,4.358,3914.0,20.0,,,not penny/nano — price >= Rs100 and mcap >= Rs1000 Cr,False
ISGEC,Isgec Heavy Engineering Limited,EQ,901.75,6548.0,4.356,6029.0,20.0,,,not penny/nano — price >= Rs100 and mcap >= Rs1000 Cr,False
PVTBANIETF,,,27.5,,4.348,1492.0,,,,not in the NSE equity master (ETF / REIT / InvIT — not a company),False
NEXT50IETF,,,73.4,,4.345,5127.0,,,,not in the NSE equity master (ETF / REIT / InvIT — not a company),False
INDOTECH,Indo Tech Transformers Limited,EQ,3323.3,,4.335,2773.0,5.0,,,5% circuit band — cannot exit on bad news,False
ARMANFIN,Arman Financial Services Limited,EQ,1741.2,1861.0,4.307,3450.0,20.0,,,not penny/nano — price >= Rs100 and mcap >= Rs1000 Cr,False
MOMSBELIEF,Rays of Belief Limited,EQ,229.68,,4.299,3461.5,20.0,,,"listed 29d ago — under a year of history, no trend to read",False
EIMCOELECO,Eimco Elecon (India) Limited,EQ,2247.3,1309.0,4.282,2656.0,20.0,,,not penny/nano — price >= Rs100 and mcap >= Rs1000 Cr,False
GHCL,GHCL Limited,EQ,398.8,4123.0,4.275,4217.0,20.0,,,not penny/nano — price >= Rs100 and mcap >= Rs1000 Cr,False
UGARSUGAR,The Ugar Sugar Works Limited,BE,57.81,597.0,4.27,5305.5,5.0,,,series BE (trade-to-trade / SME — not normal rolling settlement); 5% circuit band — cannot exit on bad news; closed at circuit on 35% of sessions — a stop cannot fill in a locked market,False
DOMS,DOMS Industries Limited,EQ,2058.9,13383.0,4.245,4676.0,20.0,,,not penny/nano — price >= Rs100 and mcap >= Rs1000 Cr,False
BIRLACORPN,Birla Corporation Limited,EQ,814.4,6795.0,4.227,4574.0,20.0,,,not penny/nano — price >= Rs100 and mcap >= Rs1000 Cr,False
SANOFI,Sanofi India Limited,EQ,3023.8,7552.0,4.185,3058.0,20.0,,,not penny/nano — price >= Rs100 and mcap >= Rs1000 Cr,False
NESCO,Nesco Limited,EQ,1028.9,7303.0,4.183,4541.0,20.0,,,not penny/nano — price >= Rs100 and mcap >= Rs1000 Cr,False
SEIL,Shanti Educational Initiatives Limited,EQ,185.98,,4.144,1777.0,20.0,,,"listed 170d ago — under a year of history, no trend to read",False
AJAXENGG,Ajax Engineering Limited,EQ,582.75,6533.0,4.141,7043.0,10.0,,,not penny/nano — price >= Rs100 and mcap >= Rs1000 Cr,False
ARVSMART,Arvind SmartSpaces Limited,EQ,612.5,2721.0,4.138,2957.0,20.0,,,not penny/nano — price >= Rs100 and mcap >= Rs1000 Cr,False
SHK,S H Kelkar and Company Limited,EQ,141.62,2179.0,4.133,5481.0,20.0,,,not penny/nano — price >= Rs100 and mcap >= Rs1000 Cr,False
POKARNA,Pokarna Limited,EQ,704.45,2783.0,4.116,3635.0,20.0,,,not penny/nano — price >= Rs100 and mcap >= Rs1000 Cr,False
REDTAPE,Redtape Limited,EQ,113.63,6793.0,4.112,6272.0,20.0,,,not penny/nano — price >= Rs100 and mcap >= Rs1000 Cr,False
VAIBHAVGBL,Vaibhav Global Limited,EQ,200.75,3816.0,4.091,5628.0,20.0,,,not penny/nano — price >= Rs100 and mcap >= Rs1000 Cr,False
NITINSPIN,Nitin Spinners Limited,EQ,615.6,3343.0,4.073,4275.0,20.0,,,not penny/nano — price >= Rs100 and mcap >= Rs1000 Cr,False
CEINSYS,Ceinsys Tech Limited,EQ,691.15,,4.071,3688.0,20.0,,,"listed 230d ago — under a year of history, no trend to read",False
ARROWGREEN,Arrow Greentech Limited,EQ,893.35,1372.0,4.065,4036.5,20.0,,,not penny/nano — price >= Rs100 and mcap >= Rs1000 Cr,False
SKMEGGPROD,SKM Egg Products Export (India) Limited,EQ,215.37,,4.022,3872.0,20.0,,LT Stage I,"ASM LT Stage I — surveillance: 100% margin, no intraday, no pledging",False
ORIENTCEM,Orient Cement Limited,EQ,113.21,2702.0,4.021,3172.0,20.0,,,not penny/nano — price >= Rs100 and mcap >= Rs1000 Cr,False
GKENERGY,GK Energy Limited,EQ,114.63,2474.0,4.015,3942.0,10.0,,,not penny/nano — price >= Rs100 and mcap >= Rs1000 Cr,False
FDC,FDC Limited,EQ,328.55,5676.0,4.014,6598.0,20.0,,,not penny/nano — price >= Rs100 and mcap >= Rs1000 Cr,False
JNKINDIA,JNK India Limited,EQ,444.75,2285.0,3.983,3788.0,20.0,,,not penny/nano — price >= Rs100 and mcap >= Rs1000 Cr,False
IKIO,IKIO Technologies Limited,EQ,191.05,1476.0,3.976,4735.0,20.0,,,not penny/nano — price >= Rs100 and mcap >= Rs1000 Cr,False
TARSONS,Tarsons Products Limited,EQ,341.7,1750.0,3.972,4243.0,20.0,,,not penny/nano — price >= Rs100 and mcap >= Rs1000 Cr,False
BBL,Bharat Bijlee Limited,EQ,2042.0,2624.0,3.967,3214.0,20.0,,,not penny/nano — price >= Rs100 and mcap >= Rs1000 Cr,False
KMCSHIL,K M C Speciality Hospitals (India) Limited,EQ,183.22,,3.948,4552.0,20.0,,,"listed 51d ago — under a year of history, no trend to read",False
RAJRATAN,Rajratan Global Wire Limited,EQ,460.6,2584.0,3.946,4841.0,20.0,,,not penny/nano — price >= Rs100 and mcap >= Rs1000 Cr,False
VSTTILLERS,V.S.T Tillers Tractors Limited,EQ,4375.6,3776.0,3.936,2518.0,20.0,,,not penny/nano — price >= Rs100 and mcap >= Rs1000 Cr,False
JAYBARMARU,Jay Bharat Maruti Limited,EQ,132.78,,3.908,5507.0,5.0,,,5% circuit band — cannot exit on bad news,False
MMP,MMP Industries Limited,EQ,498.8,1174.0,3.882,3383.0,20.0,,,not penny/nano — price >= Rs100 and mcap >= Rs1000 Cr,False
MIDWESTLTD,Midwest Limited,EQ,1067.15,,3.88,3415.0,10.0,,,"listed 348d ago — under a year of history, no trend to read",False
GRAUWEIL,Grauer & Weil India Limited,EQ,81.05,,3.877,4490.0,20.0,,,"listed 170d ago — under a year of history, no trend to read",False
LTGILTBEES,,,29.51,,3.857,700.0,,,,not in the NSE equity master (ETF / REIT / InvIT — not a company),False
ITI,ITI Limited,EQ,245.84,26968.0,3.855,5025.0,20.0,,,not penny/nano — price >= Rs100 and mcap >= Rs1000 Cr,False
INDIACEM,The India Cements Limited,EQ,303.05,12613.0,3.844,5734.0,20.0,,,not penny/nano — price >= Rs100 and mcap >= Rs1000 Cr,False
ELANTAS,Elantas Beck India Limited,EQ,14022.0,,3.835,1428.0,20.0,,,"listed 170d ago — under a year of history, no trend to read",False
GMBREW,GM Breweries Limited,EQ,984.95,2010.0,3.816,3205.0,20.0,,,not penny/nano — price >= Rs100 and mcap >= Rs1000 Cr,False
SHAHALLOYS,Shah Alloys Limited,BE,112.46,,3.797,3545.5,5.0,,,series BE (trade-to-trade / SME — not normal rolling settlement); 5% circuit band — cannot exit on bad news; closed at circuit on 50% of sessions — a stop cannot fill in a locked market,False
STYL,Seshaasai Technologies Limited,EQ,369.7,5923.0,3.79,3594.0,10.0,,,not penny/nano — price >= Rs100 and mcap >= Rs1000 Cr,False
EPIGRAL,Epigral Limited,EQ,1030.0,4629.0,3.78,3440.0,20.0,,,not penny/nano — price >= Rs100 and mcap >= Rs1000 Cr,False
MOCAPITAL,,,52.91,,3.755,3441.0,,,,not in the NSE equity master (ETF / REIT / InvIT — not a company),False
BIRLAPREC,Birla Precision Technologies Limited,BE,54.5,,3.754,3905.5,5.0,,,"series BE (trade-to-trade / SME — not normal rolling settlement); 5% circuit band — cannot exit on bad news; listed 170d ago — under a year of history, no trend to read; closed at circuit on 50% of sessions — a stop cannot fill in a locked market",False
KAPSTON,Kapston Services Limited,EQ,545.45,,3.743,2572.0,20.0,,LT Stage I,"ASM LT Stage I — surveillance: 100% margin, no intraday, no pledging",False
CENTURYPLY,Century Plyboards (India) Limited,EQ,683.5,16938.0,3.726,7143.0,20.0,,,not penny/nano — price >= Rs100 and mcap >= Rs1000 Cr,False
COSMOFIRST,COSMO FIRST LIMITED,EQ,831.95,2490.0,3.723,3073.0,20.0,,,not penny/nano — price >= Rs100 and mcap >= Rs1000 Cr,False
SPAL,S. P. Apparels Limited,EQ,960.3,2404.0,3.702,3607.0,20.0,,,not penny/nano — price >= Rs100 and mcap >= Rs1000 Cr,False
TNPL,Tamil Nadu Newsprint & Papers Limited,EQ,143.35,1106.0,3.695,4539.0,20.0,,,not penny/nano — price >= Rs100 and mcap >= Rs1000 Cr,False
KITEX,Kitex Garments Limited,EQ,116.93,2523.0,3.686,4063.0,20.0,,,not penny/nano — price >= Rs100 and mcap >= Rs1000 Cr,False
SAATVIKGL,Saatvik Green Energy Limited,EQ,405.3,5385.0,3.684,2779.0,10.0,,,not penny/nano — price >= Rs100 and mcap >= Rs1000 Cr,False
IGPL,IG Petrochemicals Limited,EQ,586.25,1754.0,3.68,3480.0,20.0,,,not penny/nano — price >= Rs100 and mcap >= Rs1000 Cr,False
VOEPL,Virtuoso Optoelectronics Limited,EQ,526.9,,3.678,3120.0,20.0,,,"listed 98d ago — under a year of history, no trend to read",False
VRLLOG,VRL Logistics Limited,EQ,285.1,5196.0,3.673,4690.0,20.0,,,not penny/nano — price >= Rs100 and mcap >= Rs1000 Cr,False
AHLUCONT,Ahluwalia Contracts (India) Limited,EQ,561.5,4422.0,3.665,4370.0,20.0,,,not penny/nano — price >= Rs100 and mcap >= Rs1000 Cr,False
RELAXO,Relaxo Footwears Limited,EQ,287.75,9709.0,3.664,6528.0,20.0,,,not penny/nano — price >= Rs100 and mcap >= Rs1000 Cr,False
HNDFDS,Hindustan Foods Limited,EQ,580.4,7428.0,3.642,4651.0,20.0,,,not penny/nano — price >= Rs100 and mcap >= Rs1000 Cr,False
MUNJALAU,Munjal Auto Industries Limited,EQ,105.44,1041.0,3.624,5510.0,20.0,,,not penny/nano — price >= Rs100 and mcap >= Rs1000 Cr,False
CRIZAC,Crizac Limited,EQ,166.91,3024.0,3.623,4863.0,10.0,,,not penny/nano — price >= Rs100 and mcap >= Rs1000 Cr,False
TVSSRICHAK,TVS Srichakra Limited,EQ,4354.1,3629.0,3.616,1959.0,20.0,,,not penny/nano — price >= Rs100 and mcap >= Rs1000 Cr,False
TCC,TCC Concept Limited,EQ,46.1,,3.602,6166.0,20.0,,,"listed 224d ago — under a year of history, no trend to read",False
EFCIL,EFC (I) Limited,EQ,173.8,2835.0,3.581,3932.0,20.0,,,not penny/nano — price >= Rs100 and mcap >= Rs1000 Cr,False
WELSPLSOL,Welspun Specialty Solutions Limited,EQ,51.31,,3.565,4558.0,20.0,,,"listed 170d ago — under a year of history, no trend to read",False
APEX,Apex Frozen Foods Limited,EQ,343.4,1249.0,3.565,4041.0,20.0,,,not penny/nano — price >= Rs100 and mcap >= Rs1000 Cr,False
MOREALTY,,,82.77,,3.562,1943.0,,,,not in the NSE equity master (ETF / REIT / InvIT — not a company),False
IFBIND,IFB Industries Limited,EQ,1216.0,5653.0,3.557,3290.0,20.0,,,not penny/nano — price >= Rs100 and mcap >= Rs1000 Cr,False
SMARTWORKS,Smartworks Coworking Spaces Limited,EQ,489.35,5949.0,3.547,3881.0,20.0,,,not penny/nano — price >= Rs100 and mcap >= Rs1000 Cr,False
AJMERA,Ajmera Realty & Infra India Limited,EQ,117.99,2321.0,3.531,3824.0,20.0,,,not penny/nano — price >= Rs100 and mcap >= Rs1000 Cr,False
SOLARWORLD,Solarworld Energy Solutions Limited,EQ,131.25,1089.0,3.53,4237.0,20.0,,,not penny/nano — price >= Rs100 and mcap >= Rs1000 Cr,False
SUPRAJIT,Suprajit Engineering Limited,EQ,465.15,6933.0,3.526,5958.0,20.0,,,not penny/nano — price >= Rs100 and mcap >= Rs1000 Cr,False
PRABHA,Prabha Energy Limited,EQ,225.82,3389.0,3.525,3005.0,20.0,,,not penny/nano — price >= Rs100 and mcap >= Rs1000 Cr,False
INDOTHAI,Indo Thai Securities Limited,EQ,40.71,,3.503,3232.0,5.0,,LT Stage I,"ASM LT Stage I — surveillance: 100% margin, no intraday, no pledging; 5% circuit band — cannot exit on bad news; closed at circuit on 88% of sessions — a stop cannot fill in a locked market",False
SONAMLTD,SONAM LIMITED,BE,71.44,,3.499,5793.0,5.0,,,series BE (trade-to-trade / SME — not normal rolling settlement); 5% circuit band — cannot exit on bad news; closed at circuit on 50% of sessions — a stop cannot fill in a locked market,False
DOLPHIN,Dolphin Offshore Enterprises (India) Limited,EQ,652.9,2909.0,3.495,2919.0,10.0,,,not penny/nano — price >= Rs100 and mcap >= Rs1000 Cr,False
LANDMARK,Landmark Cars Limited,EQ,480.95,2102.0,3.44,3374.0,20.0,,,not penny/nano — price >= Rs100 and mcap >= Rs1000 Cr,False
TRAVELFOOD,Travel Food Services Limited,EQ,1189.6,17213.0,3.425,4062.0,10.0,,,not penny/nano — price >= Rs100 and mcap >= Rs1000 Cr,False
TGVSL,TGV Sraac Limited,EQ,126.26,,3.406,2998.0,20.0,,,"listed 51d ago — under a year of history, no trend to read",False
BLUEDART,Blue Dart Express Limited,EQ,4555.2,12062.0,3.402,2108.0,20.0,,,not penny/nano — price >= Rs100 and mcap >= Rs1000 Cr,False
ASTRAZEN,AstraZeneca Pharma India Limited,EQ,5918.0,18950.0,3.398,1709.0,20.0,,,not penny/nano — price >= Rs100 and mcap >= Rs1000 Cr,False
PURVA,Puravankara Limited,EQ,209.68,5202.0,3.393,4205.0,20.0,,,not penny/nano — price >= Rs100 and mcap >= Rs1000 Cr,False
GTLINFRA,GTL Infrastructure Limited,EQ,1.07,,3.369,10908.0,20.0,,,price Rs1.07 below the Rs5 floor (tick size ~1% of price; the spread eats the edge),False
JAIBALAJI,Jai Balaji Industries Limited,EQ,67.37,,3.357,3484.0,5.0,,,5% circuit band — cannot exit on bad news,False
VESUVIUS,Vesuvius India Limited,EQ,409.7,8772.0,3.349,5138.0,20.0,,,not penny/nano — price >= Rs100 and mcap >= Rs1000 Cr,False
DPABHUSHAN,D. P. Abhushan Limited,EQ,2262.7,,3.337,2335.0,10.0,,LT Stage II,"ASM LT Stage II — surveillance: 100% margin, no intraday, no pledging",False
ANUP,The Anup Engineering Limited,EQ,1547.0,3623.0,3.323,3581.0,20.0,,,not penny/nano — price >= Rs100 and mcap >= Rs1000 Cr,False
MARATHON,Marathon Nextgen Realty Limited,EQ,377.7,2376.0,3.308,2877.0,20.0,,,not penny/nano — price >= Rs100 and mcap >= Rs1000 Cr,False
MAHLIFE,Mahindra Lifespace Developers Limited,EQ,351.1,7533.0,3.308,6155.0,20.0,,,not penny/nano — price >= Rs100 and mcap >= Rs1000 Cr,False
ORKLAINDIA,Orkla India Limited,EQ,562.75,,3.301,4673.0,20.0,,,"listed 335d ago — under a year of history, no trend to read",False
TINNARUBR,Tinna Rubber and Infrastructure Limited,EQ,930.55,1881.0,3.292,3358.0,20.0,,,not penny/nano — price >= Rs100 and mcap >= Rs1000 Cr,False
WEL,Wonder Electricals Limited,EQ,74.96,1893.0,3.288,2929.0,5.0,,LT Stage I,"ASM LT Stage I — surveillance: 100% margin, no intraday, no pledging; 5% circuit band — cannot exit on bad news; closed at circuit on 28% of sessions — a stop cannot fill in a locked market",False
SAIPARENT,Sai Parenterals Limited,EQ,521.65,,3.258,3007.0,20.0,,,"listed 188d ago — under a year of history, no trend to read",False
HNGSNGBEES,,,463.23,,3.243,3699.0,,,,not in the NSE equity master (ETF / REIT / InvIT — not a company),False
BAJAJELEC,Bajaj Electricals Limited,EQ,300.7,4058.0,3.223,4345.0,20.0,,,not penny/nano — price >= Rs100 and mcap >= Rs1000 Cr,False
MARKOLINES,Markolines Pavement Technologies Limited,EQ,169.6,,3.222,1402.0,20.0,,,"listed 358d ago — under a year of history, no trend to read",False
SYMPHONY,Symphony Limited,EQ,558.1,4206.0,3.212,3354.0,20.0,,,not penny/nano — price >= Rs100 and mcap >= Rs1000 Cr,False
KANSAINER,Kansai Nerolac Paints Limited,EQ,192.4,16147.0,3.211,6241.0,20.0,,,not penny/nano — price >= Rs100 and mcap >= Rs1000 Cr,False
COCKERILL,John Cockerill India Limited,EQ,7856.0,,3.21,1167.0,20.0,,,"listed 170d ago — under a year of history, no trend to read",False
MUTHOOTMF,Muthoot Microfin Limited,EQ,172.91,3541.0,3.198,4028.0,20.0,,,not penny/nano — price >= Rs100 and mcap >= Rs1000 Cr,False
QGOLDHALF,,,121.3,,3.186,977.0,,,,not in the NSE equity master (ETF / REIT / InvIT — not a company),False
HGINFRA,H.G. Infra Engineering Limited,EQ,416.15,3280.0,3.172,4523.0,20.0,,,not penny/nano — price >= Rs100 and mcap >= Rs1000 Cr,False
GROWWSLVR,,,21.41,,3.151,2693.0,,,,not in the NSE equity master (ETF / REIT / InvIT — not a company),False
PDSL,PDS Limited,EQ,342.0,5230.0,3.14,4685.0,20.0,,,not penny/nano — price >= Rs100 and mcap >= Rs1000 Cr,False
GALLANTT,Gallantt Ispat Limited,EQ,514.55,13860.0,3.138,4423.0,10.0,,,not penny/nano — price >= Rs100 and mcap >= Rs1000 Cr,False
PRSMJOHNSN,Prism Johnson Limited,EQ,100.71,5435.0,3.129,4134.0,20.0,,,not penny/nano — price >= Rs100 and mcap >= Rs1000 Cr,False
SASKEN,Sasken Technologies Limited,EQ,1665.1,,3.126,2776.0,5.0,,,5% circuit band — cannot exit on bad news,False
SAKSOFT,Saksoft Limited,EQ,139.08,2161.0,3.124,3954.0,20.0,,,not penny/nano — price >= Rs100 and mcap >= Rs1000 Cr,False
PRINCEPIPE,Prince Pipes And Fittings Limited,EQ,256.65,3132.0,3.115,3705.0,20.0,,,not penny/nano — price >= Rs100 and mcap >= Rs1000 Cr,False
IVALUE,Ivalue Infosolutions Limited,EQ,232.04,1210.0,3.111,3944.0,20.0,,,not penny/nano — price >= Rs100 and mcap >= Rs1000 Cr,False
GUFICBIO,Gufic Biosciences Limited,EQ,422.55,4196.0,3.093,3494.0,20.0,,,not penny/nano — price >= Rs100 and mcap >= Rs1000 Cr,False
PANORAMA,Panorama Studios International Limited,EQ,66.29,,3.085,3347.0,20.0,,ST Stage I,"ASM ST Stage I — surveillance: 100% margin, no intraday, no pledging; listed 51d ago — under a year of history, no trend to read",False
BAJAJHCARE,Bajaj Healthcare Limited,EQ,323.3,1081.0,3.084,4388.0,20.0,,,not penny/nano — price >= Rs100 and mcap >= Rs1000 Cr,False
METROBRAND,Metro Brands Limited,EQ,825.1,24874.0,3.068,6457.0,20.0,,,not penny/nano — price >= Rs100 and mcap >= Rs1000 Cr,False
GALAPREC,Gala Precision Engineering Limited,EQ,1161.4,1484.0,3.063,3492.0,20.0,,,not penny/nano — price >= Rs100 and mcap >= Rs1000 Cr,False
SIKA,Sika Interplant Systems Limited,EQ,1068.6,,3.062,2928.0,20.0,,,"listed 170d ago — under a year of history, no trend to read",False
STARCEMENT,Star Cement Limited,EQ,174.88,7866.0,2.997,3757.0,20.0,,,not penny/nano — price >= Rs100 and mcap >= Rs1000 Cr,False
MPSLTD,MPS Limited,EQ,2697.1,,2.99,2198.0,20.0,,LT Stage I,"ASM LT Stage I — surveillance: 100% margin, no intraday, no pledging",False
HARIOMPIPE,Hariom Pipe Industries Limited,EQ,338.15,1079.0,2.985,3479.0,20.0,,,not penny/nano — price >= Rs100 and mcap >= Rs1000 Cr,False
LOWVOLIETF,,,20.53,,2.982,13339.0,,,,not in the NSE equity master (ETF / REIT / InvIT — not a company),False
HUHTAMAKI,Huhtamaki India Limited,EQ,231.19,1983.0,2.97,3982.0,20.0,,,not penny/nano — price >= Rs100 and mcap >= Rs1000 Cr,False
MANAKCOAT,Manaksia Coated Metals & Industries Limited,EQ,129.25,1337.0,2.957,2637.0,20.0,,,not penny/nano — price >= Rs100 and mcap >= Rs1000 Cr,False
DAMCAPITAL,Dam Capital Advisors Limited,EQ,148.74,1021.0,2.953,3712.0,20.0,,,not penny/nano — price >= Rs100 and mcap >= Rs1000 Cr,False
EMPOWER,Empower India Limited,EQ,1.76,,2.945,2217.0,5.0,,,"5% circuit band — cannot exit on bad news; price Rs1.76 below the Rs5 floor (tick size ~1% of price; the spread eats the edge); listed 170d ago — under a year of history, no trend to read",False
TSFINV,TSF INVESTMENTS LIMITED,EQ,409.6,9118.0,2.944,4196.0,20.0,,,not penny/nano — price >= Rs100 and mcap >= Rs1000 Cr,False
RIIL,Reliance Industrial Infrastructure Limited,EQ,705.05,1187.0,2.934,2233.0,20.0,,,not penny/nano — price >= Rs100 and mcap >= Rs1000 Cr,False
RAMCOSYS,Ramco Systems Limited,EQ,574.35,,2.923,2618.0,5.0,,,5% circuit band — cannot exit on bad news,False
ICICIB22,,,108.86,,2.918,2791.0,,,,not in the NSE equity master (ETF / REIT / InvIT — not a company),False
GROWWGOLD,,,14.31,,2.905,3761.0,,,,not in the NSE equity master (ETF / REIT / InvIT — not a company),False
OAL,Oriental Aromatics Limited,EQ,515.6,1642.0,2.903,2611.0,10.0,,,not penny/nano — price >= Rs100 and mcap >= Rs1000 Cr,False
JSWHL,JSW Holdings Limited,EQ,11272.0,12531.0,2.887,1077.0,20.0,,,not penny/nano — price >= Rs100 and mcap >= Rs1000 Cr,False
MBEL,M & B Engineering Limited,EQ,290.6,1565.0,2.886,4499.0,20.0,,,not penny/nano — price >= Rs100 and mcap >= Rs1000 Cr,False
BETA,Beta Drugs Limited,EQ,1991.4,,2.867,2146.0,20.0,,LT Stage I,"ASM LT Stage I — surveillance: 100% margin, no intraday, no pledging; listed 317d ago — under a year of history, no trend to read",False
HEMIPROP,Hemisphere Properties India Limited,EQ,112.87,3722.0,2.849,2803.0,20.0,,,not penny/nano — price >= Rs100 and mcap >= Rs1000 Cr,False
SHINDL,Sharat Industries Limited,EQ,157.72,,2.839,869.0,20.0,,,"listed 170d ago — under a year of history, no trend to read",False
SUNTECK,Sunteck Realty Limited,EQ,278.15,4376.0,2.83,3446.0,20.0,,,not penny/nano — price >= Rs100 and mcap >= Rs1000 Cr,False
KRSNAA,Krsnaa Diagnostics Limited,EQ,548.1,1822.0,2.813,3381.0,20.0,,,not penny/nano — price >= Rs100 and mcap >= Rs1000 Cr,False
MOLDTKPAC,Mold-Tek Packaging Limited,EQ,667.2,2261.0,2.801,3409.0,20.0,,,not penny/nano — price >= Rs100 and mcap >= Rs1000 Cr,False
UDS,Updater Services Limited,EQ,218.11,1408.0,2.8,3693.0,20.0,,,not penny/nano — price >= Rs100 and mcap >= Rs1000 Cr,False
ELIQUID,,,1050.83,,2.757,21.0,5.0,,,"not in the NSE equity master (ETF / REIT / InvIT — not a company); 5% circuit band — cannot exit on bad news; only 21 trades/day median — one operator's book, not a market",False
ATULAUTO,Atul Auto Limited,EQ,426.25,1365.0,2.745,3263.0,20.0,,,not penny/nano — price >= Rs100 and mcap >= Rs1000 Cr,False
DSSL,Dynacons Systems & Solutions Limited,EQ,1032.45,,2.74,2704.0,5.0,,,5% circuit band — cannot exit on bad news,False
LUXIND,Lux Industries Limited,EQ,1157.5,3664.0,2.737,2564.0,20.0,,,not penny/nano — price >= Rs100 and mcap >= Rs1000 Cr,False
MONARCH,Monarch Networth Capital Limited,EQ,347.15,3057.0,2.716,1772.0,20.0,,,not penny/nano — price >= Rs100 and mcap >= Rs1000 Cr,False
RAMCOIND,Ramco Industries Limited,EQ,299.7,2975.0,2.706,2381.0,20.0,,,not penny/nano — price >= Rs100 and mcap >= Rs1000 Cr,False
PANACEABIO,Panacea Biotec Limited,EQ,357.6,2511.0,2.706,2726.0,10.0,,,not penny/nano — price >= Rs100 and mcap >= Rs1000 Cr,False
GROWWLIQID,,,111.05,,2.699,200.0,5.0,,,"not in the NSE equity master (ETF / REIT / InvIT — not a company); 5% circuit band — cannot exit on bad news; only 200 trades/day median — one operator's book, not a market",False
TTKHLTCARE,TTK Healthcare Limited,EQ,1046.6,1558.0,2.696,2961.0,20.0,,,not penny/nano — price >= Rs100 and mcap >= Rs1000 Cr,False
SWARAJENG,Swaraj Engines Limited,EQ,3546.1,4320.0,2.691,1967.0,20.0,,,not penny/nano — price >= Rs100 and mcap >= Rs1000 Cr,False
AWHCL,Antony Waste Handling Cell Limited,EQ,348.7,1090.0,2.69,3892.0,20.0,,,not penny/nano — price >= Rs100 and mcap >= Rs1000 Cr,False
AYMSYNTEX,AYM Syntex Limited,EQ,277.5,1646.0,2.686,3242.0,20.0,,,not penny/nano — price >= Rs100 and mcap >= Rs1000 Cr,False
HDFCLIQUID,,,1081.05,,2.667,62.0,5.0,,,"not in the NSE equity master (ETF / REIT / InvIT — not a company); 5% circuit band — cannot exit on bad news; only 62 trades/day median — one operator's book, not a market",False
SOLEX,Solex Energy Limited,EQ,670.15,,2.664,2997.0,20.0,,,"listed 364d ago — under a year of history, no trend to read",False
BSLNIFTY,,,26.5,,2.646,4463.0,,,,not in the NSE equity master (ETF / REIT / InvIT — not a company),False
AASTHA,Aastha Spintex Limited,EQ,30.12,,2.645,3002.0,5.0,,,"5% circuit band — cannot exit on bad news; listed 93d ago — under a year of history, no trend to read; closed at circuit on 36% of sessions — a stop cannot fill in a locked market",False
GAUDIUMIVF,Gaudium IVF and Women Health Limited,EQ,107.5,,2.642,3151.0,10.0,,,"listed 222d ago — under a year of history, no trend to read",False
HEIDELBERG,HeidelbergCement India Limited,EQ,127.49,3655.0,2.641,3400.0,20.0,,,not penny/nano — price >= Rs100 and mcap >= Rs1000 Cr,False
METAL,,,12.46,,2.639,4842.0,,,,not in the NSE equity master (ETF / REIT / InvIT — not a company),False
JUNIPER,Juniper Hotels Limited,EQ,216.34,4674.0,2.636,3359.0,10.0,,,not penny/nano — price >= Rs100 and mcap >= Rs1000 Cr,False
TCI,Transport Corporation of India Limited,EQ,885.6,6911.0,2.619,4773.0,20.0,,,not penny/nano — price >= Rs100 and mcap >= Rs1000 Cr,False
SIMPLEXINF,Simplex Infrastructures Limited,EQ,255.77,1999.0,2.616,1981.0,20.0,,,not penny/nano — price >= Rs100 and mcap >= Rs1000 Cr,False
SHREEPUSHK,Shree Pushkar Chemicals & Fertilisers Limited,EQ,517.5,1589.0,2.61,3078.0,20.0,,,not penny/nano — price >= Rs100 and mcap >= Rs1000 Cr,False
SURAKSHA,Suraksha Diagnostic Limited,EQ,321.7,1824.0,2.574,3142.0,20.0,,,not penny/nano — price >= Rs100 and mcap >= Rs1000 Cr,False
DAVANGERE,Davangere Sugar Company Limited,EQ,2.36,,2.567,3524.0,10.0,,,price Rs2.36 below the Rs5 floor (tick size ~1% of price; the spread eats the edge),False
EVERESTIND,Everest Industries Limited,EQ,499.35,,2.566,1310.0,20.0,,,"held pending a market-cap read — passes every tradability gate, price >= Rs100, and its market cap is not in the fundamentals cache yet (resolves on a later penny_fundamentals run)",True
NIFTY1,,,251.29,,2.538,1491.0,,,,not in the NSE equity master (ETF / REIT / InvIT — not a company),False
CANTABIL,Cantabil Retail India Limited,EQ,228.22,2029.0,2.533,2045.0,20.0,,,not penny/nano — price >= Rs100 and mcap >= Rs1000 Cr,False
SULA,Sula Vineyards Limited,EQ,133.41,1231.0,2.532,3725.0,20.0,,,not penny/nano — price >= Rs100 and mcap >= Rs1000 Cr,False
SURYODAY,Suryoday Small Finance Bank Limited,EQ,155.54,1600.0,2.527,2798.0,20.0,,,not penny/nano — price >= Rs100 and mcap >= Rs1000 Cr,False
ROSSARI,Rossari Biotech Limited,EQ,422.9,2779.0,2.515,3269.0,20.0,,,not penny/nano — price >= Rs100 and mcap >= Rs1000 Cr,False
SETFNIFBK,,,566.09,,2.51,988.0,,,,not in the NSE equity master (ETF / REIT / InvIT — not a company),False
KIOCL,KIOCL Limited,EQ,349.35,23587.0,2.499,2603.0,20.0,,,not penny/nano — price >= Rs100 and mcap >= Rs1000 Cr,False
TEXINFRA,Texmaco Infrastructure & Holdings Limited,EQ,121.24,1521.0,2.495,1957.0,20.0,,,not penny/nano — price >= Rs100 and mcap >= Rs1000 Cr,False
CERA,Cera Sanitaryware Limited,EQ,5038.5,7565.0,2.486,1376.0,20.0,,,not penny/nano — price >= Rs100 and mcap >= Rs1000 Cr,False
NEXT50,,,718.03,,2.485,2690.0,,,,not in the NSE equity master (ETF / REIT / InvIT — not a company),False
HPL,HPL Electric & Power Limited,EQ,266.3,2041.0,2.477,3489.0,20.0,,,not penny/nano — price >= Rs100 and mcap >= Rs1000 Cr,False
SETFNN50,,,746.57,,2.448,1552.0,,,,not in the NSE equity master (ETF / REIT / InvIT — not a company),False
BANSALWIRE,Bansal Wire Industries Limited,EQ,324.0,5046.0,2.447,3889.0,20.0,,,not penny/nano — price >= Rs100 and mcap >= Rs1000 Cr,False
KOVAI,Kovai Medical Center & Hospital Limited,EQ,5919.5,,2.446,1037.0,20.0,,,"listed 170d ago — under a year of history, no trend to read",False
GOPAL,Gopal Snacks Limited,EQ,255.4,3519.0,2.443,4445.0,10.0,,,not penny/nano — price >= Rs100 and mcap >= Rs1000 Cr,False
PAUSHAKLTD,Paushak Limited,EQ,697.55,,2.425,2333.0,20.0,,,"listed 310d ago — under a year of history, no trend to read",False
BLUECLOUDS,Blue Cloud Softech Solutions Limited,EQ,20.35,,2.424,3031.0,20.0,,,"listed 51d ago — under a year of history, no trend to read",False
NGLFINE,NGL Fine-Chem Limited,EQ,3134.2,1758.0,2.424,1607.0,20.0,,,not penny/nano — price >= Rs100 and mcap >= Rs1000 Cr,False
TOP10ADD,,,83.76,,2.418,716.0,,,,not in the NSE equity master (ETF / REIT / InvIT — not a company),False
ALICON,Alicon Castalloy Limited,EQ,901.4,1165.0,2.415,2636.0,20.0,,,not penny/nano — price >= Rs100 and mcap >= Rs1000 Cr,False
TASTYBITE,Tasty Bite Eatables Limited,EQ,9373.0,2529.0,2.407,662.0,20.0,,,not penny/nano — price >= Rs100 and mcap >= Rs1000 Cr,False
DCAL,Dishman Carbogen Amcis Limited,EQ,152.46,2721.0,2.396,2942.0,20.0,,,not penny/nano — price >= Rs100 and mcap >= Rs1000 Cr,False
KOLTEPATIL,Kolte - Patil Developers Limited,EQ,435.9,3714.0,2.392,3227.0,20.0,,,not penny/nano — price >= Rs100 and mcap >= Rs1000 Cr,False
WONDERLA,Wonderla Holidays Limited,EQ,519.6,3142.0,2.391,2622.0,20.0,,,not penny/nano — price >= Rs100 and mcap >= Rs1000 Cr,False
MUKANDLTD,Mukand Limited,EQ,185.92,1943.0,2.381,2852.0,20.0,,ST Stage I,"ASM ST Stage I — surveillance: 100% margin, no intraday, no pledging",False
DHANUKA,Dhanuka Agritech Limited,EQ,891.8,4377.0,2.378,1979.0,20.0,,,not penny/nano — price >= Rs100 and mcap >= Rs1000 Cr,False
MONTECARLO,Monte Carlo Fashions Limited,EQ,525.7,1145.0,2.375,2152.0,20.0,,,not penny/nano — price >= Rs100 and mcap >= Rs1000 Cr,False
GARFIBRES,Garware Technical Fibres Limited,EQ,773.75,7770.0,2.37,4519.0,20.0,,,not penny/nano — price >= Rs100 and mcap >= Rs1000 Cr,False
BANKIETF,,,56.59,,2.368,1676.0,,,,not in the NSE equity master (ETF / REIT / InvIT — not a company),False
JKIL,J.Kumar Infraprojects Limited,EQ,442.2,3831.0,2.368,2639.0,20.0,,,not penny/nano — price >= Rs100 and mcap >= Rs1000 Cr,False
MOMENTUM50,,,52.97,,2.349,12891.0,,,,not in the NSE equity master (ETF / REIT / InvIT — not a company),False
REPCOHOME,Repco Home Finance Limited,EQ,339.8,2246.0,2.347,2160.0,20.0,,,not penny/nano — price >= Rs100 and mcap >= Rs1000 Cr,False
INFOBEAN,InfoBeans Technologies Limited,EQ,147.24,1527.0,2.34,2525.0,20.0,,,not penny/nano — price >= Rs100 and mcap >= Rs1000 Cr,False
ADFFOODS,ADF Foods Limited,EQ,291.7,2993.0,2.323,3112.0,20.0,,,not penny/nano — price >= Rs100 and mcap >= Rs1000 Cr,False
TTKPRESTIG,TTK Prestige Limited,EQ,517.85,8104.0,2.311,4365.0,20.0,,,not penny/nano — price >= Rs100 and mcap >= Rs1000 Cr,False
WINDMACHIN,Windsor Machines Limited,EQ,303.05,3033.0,2.307,1302.0,20.0,,,not penny/nano — price >= Rs100 and mcap >= Rs1000 Cr,False
JLHL,Jupiter Life Line Hospitals Limited,EQ,250.0,10409.0,2.299,4014.0,20.0,,,not penny/nano — price >= Rs100 and mcap >= Rs1000 Cr,False
ESILVER,,,218.59,,2.267,1126.0,,,,not in the NSE equity master (ETF / REIT / InvIT — not a company),False
ORISSAMINE,The Orissa Minerals Development Company Limited,EQ,3581.3,2770.0,2.258,1485.0,20.0,,,not penny/nano — price >= Rs100 and mcap >= Rs1000 Cr,False
SPMLINFRA,SPML Infra Limited,EQ,160.02,1637.0,2.257,2251.0,20.0,,,not penny/nano — price >= Rs100 and mcap >= Rs1000 Cr,False
INDOSTAR,IndoStar Capital Finance Limited,EQ,200.12,4201.0,2.254,1984.0,20.0,,,not penny/nano — price >= Rs100 and mcap >= Rs1000 Cr,False
MOM100,,,64.14,,2.236,2617.0,,,,not in the NSE equity master (ETF / REIT / InvIT — not a company),False
WAAREEINDO,Indosolar Limited,EQ,207.15,,2.205,2274.0,5.0,,,5% circuit band — cannot exit on bad news,False
MIDCAPIETF,,,22.61,,2.185,2530.0,,,,not in the NSE equity master (ETF / REIT / InvIT — not a company),False
3BBLACKBIO,3B Blackbio Dx Limited,EQ,1615.5,,2.163,2078.0,20.0,,,"listed 170d ago — under a year of history, no trend to read",False
MAMATA,Mamata Machinery Limited,EQ,395.95,1034.0,2.162,2226.0,20.0,,,not penny/nano — price >= Rs100 and mcap >= Rs1000 Cr,False
BFUTILITIE,BF Utilities Limited,EQ,496.2,1961.0,2.157,1984.0,20.0,,,not penny/nano — price >= Rs100 and mcap >= Rs1000 Cr,False
DLINKINDIA,D-Link (India) Limited,EQ,419.2,1547.0,2.14,2293.0,20.0,,,not penny/nano — price >= Rs100 and mcap >= Rs1000 Cr,False
SPANDANA,Spandana Sphoorty Financial Limited,EQ,218.19,1937.0,2.132,3230.0,20.0,,,not penny/nano — price >= Rs100 and mcap >= Rs1000 Cr,False
NIITMTS,NIIT Learning Systems Limited,EQ,203.37,3158.0,2.129,4941.0,20.0,,,not penny/nano — price >= Rs100 and mcap >= Rs1000 Cr,False
AAREYDRUGS,Aarey Drugs & Pharmaceuticals Limited,EQ,108.81,,2.124,1593.0,5.0,,LT Stage I,"ASM LT Stage I — surveillance: 100% margin, no intraday, no pledging; 5% circuit band — cannot exit on bad news",False
TCPLPACK,TCPL Packaging Limited,EQ,4031.5,3574.0,2.112,1609.0,20.0,,,not penny/nano — price >= Rs100 and mcap >= Rs1000 Cr,False
ULTRAMAR,Ultramarine & Pigments Limited,EQ,409.6,,2.105,2506.0,20.0,,,"listed 170d ago — under a year of history, no trend to read",False
IGARASHI,Igarashi Motors India Limited,EQ,403.45,1346.0,2.096,2061.0,20.0,,,not penny/nano — price >= Rs100 and mcap >= Rs1000 Cr,False
AGL,Allcargo Global Limited,EQ,12.63,,2.086,3355.0,20.0,,,"listed 96d ago — under a year of history, no trend to read",False
SALASAR,Salasar Techno Engineering Limited,EQ,4.17,1037.0,2.078,4141.0,20.0,,,price Rs4.17 below the Rs5 floor (tick size ~1% of price; the spread eats the edge),False
ORIENTTECH,Orient Technologies Limited,EQ,239.8,1128.0,2.078,2607.0,20.0,,,not penny/nano — price >= Rs100 and mcap >= Rs1000 Cr,False
AMRUTANJAN,Amrutanjan Health Care Limited,EQ,521.55,1518.0,2.074,2221.0,20.0,,,not penny/nano — price >= Rs100 and mcap >= Rs1000 Cr,False
SUBROS,Subros Limited,EQ,675.5,4783.0,2.073,2466.0,20.0,,,not penny/nano — price >= Rs100 and mcap >= Rs1000 Cr,False
ORIENTELEC,Orient Electric Limited,EQ,160.73,3885.0,2.067,3399.0,20.0,,,not penny/nano — price >= Rs100 and mcap >= Rs1000 Cr,False
KIRLOSIND,Kirloskar Industries Limited,EQ,3531.2,3650.0,2.054,1148.0,20.0,,,not penny/nano — price >= Rs100 and mcap >= Rs1000 Cr,False
ESABINDIA,Esab India Limited,EQ,5627.0,9507.0,2.047,1316.0,20.0,,,not penny/nano — price >= Rs100 and mcap >= Rs1000 Cr,False
BAJEL,Bajel Projects Limited,EQ,162.34,2181.0,2.046,2414.0,20.0,,,not penny/nano — price >= Rs100 and mcap >= Rs1000 Cr,False
DODLA,Dodla Dairy Limited,EQ,1013.3,6874.0,2.043,2727.0,20.0,,,not penny/nano — price >= Rs100 and mcap >= Rs1000 Cr,False
AURUM,Aurum PropTech Limited,EQ,231.2,1672.0,2.008,1882.0,20.0,,,not penny/nano — price >= Rs100 and mcap >= Rs1000 Cr,False
BHARATWIRE,Bharat Wire Ropes Limited,EQ,171.99,1277.0,2.004,2832.0,20.0,,,not penny/nano — price >= Rs100 and mcap >= Rs1000 Cr,False
VSTIND,VST Industries Limited,EQ,201.33,3613.0,2.002,3198.0,20.0,,,not penny/nano — price >= Rs100 and mcap >= Rs1000 Cr,False
BHARATSE,Bharat Seats Limited,EQ,204.59,1444.0,1.995,3689.0,20.0,,,not penny/nano — price >= Rs100 and mcap >= Rs1000 Cr,False
MHRIL,Mahindra Holidays & Resorts India Limited,EQ,195.07,4472.0,1.995,2885.0,20.0,,,not penny/nano — price >= Rs100 and mcap >= Rs1000 Cr,False
BALMLAWRIE,Balmer Lawrie & Company Limited,EQ,158.88,2998.0,1.985,2188.0,20.0,,,not penny/nano — price >= Rs100 and mcap >= Rs1000 Cr,False
FRONTSP,Frontier Springs Limited,EQ,1431.2,,1.984,1931.0,20.0,,,"listed 170d ago — under a year of history, no trend to read",False
RELTD,Ravindra Energy Limited,EQ,148.58,3328.0,1.982,2421.0,20.0,,,not penny/nano — price >= Rs100 and mcap >= Rs1000 Cr,False
GOCOLORS,Go Fashion (India) Limited,EQ,306.15,1795.0,1.966,2508.0,20.0,,,not penny/nano — price >= Rs100 and mcap >= Rs1000 Cr,False
GROWWDEFNC,,,92.51,,1.958,2693.0,,,,not in the NSE equity master (ETF / REIT / InvIT — not a company),False
DDEVPLSTIK,Ddev Plastiks Industries Limited,EQ,254.05,2875.0,1.953,2270.0,20.0,,,not penny/nano — price >= Rs100 and mcap >= Rs1000 Cr,False
GULPOLY,Gulshan Polyols Limited,EQ,166.63,1165.0,1.946,2333.0,20.0,,,not penny/nano — price >= Rs100 and mcap >= Rs1000 Cr,False
PARIN,Parin Enterprises Limited,EQ,704.3,,1.943,1316.0,20.0,,,"listed 12d ago — under a year of history, no trend to read",False
RPSGVENT,RPSG VENTURES LIMITED,EQ,870.15,2862.0,1.939,1090.0,10.0,,,not penny/nano — price >= Rs100 and mcap >= Rs1000 Cr,False
MOSMALL250,,,17.95,,1.934,1936.0,,,,not in the NSE equity master (ETF / REIT / InvIT — not a company),False
STUDDS,Studds Accessories Limited,EQ,420.45,,1.916,2708.0,20.0,,,"listed 334d ago — under a year of history, no trend to read",False
GAYAPROJ,Gayatri Projects Limited,EQ,21.05,,1.916,3000.0,5.0,,LT Stage I,"ASM LT Stage I — surveillance: 100% margin, no intraday, no pledging; 5% circuit band — cannot exit on bad news",False
ARKADE,Arkade Developers Limited,EQ,119.73,2432.0,1.915,2303.0,20.0,,,not penny/nano — price >= Rs100 and mcap >= Rs1000 Cr,False
DOLLAR,Dollar Industries Limited,EQ,278.95,1549.0,1.909,2164.0,20.0,,,not penny/nano — price >= Rs100 and mcap >= Rs1000 Cr,False
EVEREADY,Eveready Industries India Limited,EQ,320.5,2536.0,1.907,2407.0,20.0,,,not penny/nano — price >= Rs100 and mcap >= Rs1000 Cr,False
CENTENKA,Century Enka Limited,EQ,569.9,1175.0,1.904,2554.0,20.0,,,not penny/nano — price >= Rs100 and mcap >= Rs1000 Cr,False
FINOPB,Fino Payments Bank Limited,EQ,128.76,1214.0,1.896,2127.0,20.0,,,not penny/nano — price >= Rs100 and mcap >= Rs1000 Cr,False
CLSEL,Chaman Lal Setia Exports Limited,EQ,295.15,1402.0,1.876,2038.0,20.0,,,not penny/nano — price >= Rs100 and mcap >= Rs1000 Cr,False
IPL,India Pesticides Limited,EQ,130.39,1621.0,1.871,2203.0,20.0,,,not penny/nano — price >= Rs100 and mcap >= Rs1000 Cr,False
GROWWPOWER,,,10.88,,1.87,2548.0,,,,not in the NSE equity master (ETF / REIT / InvIT — not a company),False
BHAGCHEM,Bhagiradha Chemicals & Industries Limited,EQ,235.82,3649.0,1.869,1250.0,20.0,,,not penny/nano — price >= Rs100 and mcap >= Rs1000 Cr,False
ALLTIME,All Time Plastics Limited,EQ,184.43,1302.0,1.864,2294.0,20.0,,,not penny/nano — price >= Rs100 and mcap >= Rs1000 Cr,False
VIVIANA,Viviana Power Tech Limited,EQ,817.85,,1.86,1445.0,20.0,,,"listed 127d ago — under a year of history, no trend to read",False
VISAKAIND,Visaka Industries Limited,BE,90.98,756.0,1.86,2926.5,5.0,,,series BE (trade-to-trade / SME — not normal rolling settlement); 5% circuit band — cannot exit on bad news,False
SRM,SRM Contractors Limited,EQ,421.45,1073.0,1.831,2242.0,20.0,,,not penny/nano — price >= Rs100 and mcap >= Rs1000 Cr,False
ASALCBR,Associated Alcohols & Breweries Ltd.,EQ,590.1,1451.0,1.826,2514.0,20.0,,,not penny/nano — price >= Rs100 and mcap >= Rs1000 Cr,False
GPTINFRA,GPT Infraprojects Limited,EQ,130.06,1441.0,1.805,2051.0,20.0,,,not penny/nano — price >= Rs100 and mcap >= Rs1000 Cr,False
TEAMLEASE,Teamlease Services Limited,EQ,1101.0,1903.0,1.804,2853.0,20.0,,,not penny/nano — price >= Rs100 and mcap >= Rs1000 Cr,False
HEALTHIETF,,,164.41,,1.801,1685.0,,,,not in the NSE equity master (ETF / REIT / InvIT — not a company),False
CNL,Creative Newtech Limited,EQ,1079.0,1827.0,1.793,1576.0,20.0,,LT Stage I,"ASM LT Stage I — surveillance: 100% margin, no intraday, no pledging",False
YUKEN,Yuken India Limited,EQ,1216.5,1352.0,1.79,1833.0,20.0,,,not penny/nano — price >= Rs100 and mcap >= Rs1000 Cr,False
DEFENCE,,,76.96,,1.788,957.0,,,,not in the NSE equity master (ETF / REIT / InvIT — not a company),False
PSB,Punjab & Sind Bank,EQ,21.06,16866.0,1.783,3463.0,20.0,,,"not penny/nano — too big on both arms: a Rs21 share of a Rs16,866 Cr company (the price arm's ceiling is Rs5,000 Cr — a cheap share is not a small company)",False
GANESHHOU,GANESH HOUSING LIMITED,EQ,701.1,6900.0,1.783,1442.0,20.0,,,not penny/nano — price >= Rs100 and mcap >= Rs1000 Cr,False
KCP,KCP Limited,EQ,154.33,2226.0,1.773,1900.0,20.0,,,not penny/nano — price >= Rs100 and mcap >= Rs1000 Cr,False
SANOFICONR,Sanofi Consumer Healthcare India Limited,EQ,3722.9,9615.0,1.767,1307.0,20.0,,,not penny/nano — price >= Rs100 and mcap >= Rs1000 Cr,False
PIXTRANS,Pix Transmissions Limited,EQ,1788.4,2470.0,1.758,1475.0,20.0,,,not penny/nano — price >= Rs100 and mcap >= Rs1000 Cr,False
BANKETF,,,561.26,,1.756,873.0,,,,not in the NSE equity master (ETF / REIT / InvIT — not a company),False
INDIANHUME,Indian Hume Pipe Company Limited,EQ,355.45,2065.0,1.735,1903.0,20.0,,,not penny/nano — price >= Rs100 and mcap >= Rs1000 Cr,False
TAJGVK,Taj GVK Hotels & Resorts Limited,EQ,320.45,2197.0,1.73,2150.0,20.0,,,not penny/nano — price >= Rs100 and mcap >= Rs1000 Cr,False
MOMMIDCAP,,,12.56,,1.71,688.0,,,,not in the NSE equity master (ETF / REIT / InvIT — not a company),False
FLAIR,Flair Writing Industries Limited,EQ,227.97,2661.0,1.669,1872.0,10.0,,,not penny/nano — price >= Rs100 and mcap >= Rs1000 Cr,False
TCIEXP,TCI Express Limited,EQ,499.75,2077.0,1.669,2128.0,20.0,,,not penny/nano — price >= Rs100 and mcap >= Rs1000 Cr,False
BANKNIFTY1,,,57.1,,1.633,895.0,,,,not in the NSE equity master (ETF / REIT / InvIT — not a company),False
PARKHOTELS,Apeejay Surrendra Park Hotels Limited,EQ,103.62,2502.0,1.632,2092.0,20.0,,,not penny/nano — price >= Rs100 and mcap >= Rs1000 Cr,False
BHARATRAS,Bharat Rasayan Limited,EQ,985.2,2116.0,1.631,2084.0,20.0,,,not penny/nano — price >= Rs100 and mcap >= Rs1000 Cr,False
MOM30IETF,,,30.19,,1.624,1831.0,,,,not in the NSE equity master (ETF / REIT / InvIT — not a company),False
ITIETF,,,30.91,,1.624,1515.0,,,,not in the NSE equity master (ETF / REIT / InvIT — not a company),False
CSM,CSM Technologies Limited,EQ,91.82,,1.582,2170.0,20.0,,,"listed 97d ago — under a year of history, no trend to read",False
LAOPALA,La Opala RG Limited,EQ,155.04,1922.0,1.581,3132.0,20.0,,,not penny/nano — price >= Rs100 and mcap >= Rs1000 Cr,False
GNRL,Gujarat Natural Resources Limited,EQ,97.67,,1.579,2378.0,20.0,,,"listed 170d ago — under a year of history, no trend to read",False
AUTOIETF,,,26.14,,1.577,2257.0,,,,not in the NSE equity master (ETF / REIT / InvIT — not a company),False
CALSOFT,California Software Company Limited,BE,41.08,,1.575,858.5,5.0,,,series BE (trade-to-trade / SME — not normal rolling settlement); 5% circuit band — cannot exit on bad news; closed at circuit on 100% of sessions — a stop cannot fill in a locked market,False
MID150CASE,,,11.02,,1.57,3513.0,,,,not in the NSE equity master (ETF / REIT / InvIT — not a company),False
LANCORHOL,Lancor Holdings Limited,BE,38.02,251.0,1.564,2781.0,5.0,,,series BE (trade-to-trade / SME — not normal rolling settlement); 5% circuit band — cannot exit on bad news; closed at circuit on 33% of sessions — a stop cannot fill in a locked market,False
SML100CASE,,,11.06,,1.563,1742.0,,,,not in the NSE equity master (ETF / REIT / InvIT — not a company),False
REMSONSIND,Remsons Industries Limited,EQ,104.02,322.0,1.561,3565.0,20.0,,ST Stage I,"ASM ST Stage I — surveillance: 100% margin, no intraday, no pledging",False
AONELIQUID,,,1080.02,,1.561,94.0,5.0,,,"not in the NSE equity master (ETF / REIT / InvIT — not a company); 5% circuit band — cannot exit on bad news; only 94 trades/day median — one operator's book, not a market",False
DIAMONDYD,Prataap Snacks Limited,EQ,1079.2,2817.0,1.556,893.0,20.0,,,not penny/nano — price >= Rs100 and mcap >= Rs1000 Cr,False
RUSTOMJEE,Keystone Realtors Limited,EQ,379.3,4778.0,1.555,1484.0,20.0,,,not penny/nano — price >= Rs100 and mcap >= Rs1000 Cr,False
IRMENERGY,IRM Energy Limited,EQ,263.0,1146.0,1.554,2516.0,10.0,,,not penny/nano — price >= Rs100 and mcap >= Rs1000 Cr,False
UNITECH,Unitech Limited,EQ,4.1,,1.554,2515.0,10.0,,,price Rs4.1 below the Rs5 floor (tick size ~1% of price; the spread eats the edge),False
MANBRO,,,51.06,,1.549,1419.0,,,,"not in the NSE equity master (ETF / REIT / InvIT — not a company); GSM stage nan — exchange surveillance, periodic call auction",False
GPTHEALTH,GPT Healthcare Limited,EQ,146.34,1323.0,1.549,2435.0,20.0,,,not penny/nano — price >= Rs100 and mcap >= Rs1000 Cr,False
EXPLEOSOL,Expleo Solutions Limited,EQ,862.65,1362.0,1.543,1681.0,20.0,,,not penny/nano — price >= Rs100 and mcap >= Rs1000 Cr,False
LINCOLN,Lincoln Pharmaceuticals Limited,EQ,563.85,1222.0,1.53,1568.0,20.0,,,not penny/nano — price >= Rs100 and mcap >= Rs1000 Cr,False
LOKESHMACH,Lokesh Machines Limited,EQ,465.45,863.0,1.522,1523.0,20.0,,ST Stage I,"ASM ST Stage I — surveillance: 100% margin, no intraday, no pledging",False
GODAVARIB,Godavari Biorefineries Limited,EQ,226.24,1250.0,1.517,1829.0,20.0,,,not penny/nano — price >= Rs100 and mcap >= Rs1000 Cr,False
VPRPL,Vishnu Prakash R Punglia Limited,EQ,28.32,,1.505,2569.0,20.0,,LT Stage I,"ASM LT Stage I — surveillance: 100% margin, no intraday, no pledging",False
KOTYARK,Kotyark Industries Limited,EQ,31.1,,1.5,1669.0,20.0,,,"listed 209d ago — under a year of history, no trend to read",False
ADVENTHTL,Advent Hotels International Limited,EQ,121.77,,1.497,2131.0,20.0,,,"listed 328d ago — under a year of history, no trend to read",False
SANSTAR,Sanstar Limited,EQ,104.23,2063.0,1.492,2590.0,20.0,,,not penny/nano — price >= Rs100 and mcap >= Rs1000 Cr,False
PRECAM,Precision Camshafts Limited,EQ,113.85,1241.0,1.471,2674.0,20.0,,,not penny/nano — price >= Rs100 and mcap >= Rs1000 Cr,False
HINDWAREAP,Hindware Home Innovation Limited,EQ,170.19,1635.0,1.468,2613.0,20.0,,,not penny/nano — price >= Rs100 and mcap >= Rs1000 Cr,False
EBBETF0430,,,1605.78,,1.455,336.0,,,,not in the NSE equity master (ETF / REIT / InvIT — not a company),False
NRAIL,N R Agarwal Industries Limited,EQ,660.9,1111.0,1.452,1778.0,20.0,,,not penny/nano — price >= Rs100 and mcap >= Rs1000 Cr,False
SHALBY,Shalby Limited,EQ,134.62,1671.0,1.445,1971.0,20.0,,,not penny/nano — price >= Rs100 and mcap >= Rs1000 Cr,False
SIYSIL,Siyaram Silk Mills Limited,EQ,554.45,2751.0,1.442,2471.0,20.0,,,not penny/nano — price >= Rs100 and mcap >= Rs1000 Cr,False
SHOPERSTOP,Shoppers Stop Limited,EQ,392.4,4395.0,1.442,2372.0,20.0,,,not penny/nano — price >= Rs100 and mcap >= Rs1000 Cr,False
MERCURYEV,Mercury Ev-Tech Limited,EQ,37.88,,1.44,2142.0,10.0,,,"listed 127d ago — under a year of history, no trend to read",False
RUPA,Rupa & Company Limited,EQ,127.62,1208.0,1.44,3738.0,20.0,,,not penny/nano — price >= Rs100 and mcap >= Rs1000 Cr,False
THOMASCOTT,Thomas Scott (India) Limited,EQ,278.85,367.0,1.438,2025.0,20.0,,ST Stage I,"ASM ST Stage I — surveillance: 100% margin, no intraday, no pledging",False
JAGSNPHARM,Jagsonpal Pharmaceuticals Limited,EQ,235.4,1528.0,1.435,2748.0,20.0,,,not penny/nano — price >= Rs100 and mcap >= Rs1000 Cr,False
EKC,Everest Kanto Cylinder Limited,EQ,105.52,1111.0,1.419,2104.0,20.0,,,not penny/nano — price >= Rs100 and mcap >= Rs1000 Cr,False
GROWWHOSPI,,,46.7,,1.409,1101.0,,,,not in the NSE equity master (ETF / REIT / InvIT — not a company),False
GROWWRAIL,,,25.99,,1.405,2632.0,,,,not in the NSE equity master (ETF / REIT / InvIT — not a company),False
JUBLCPL,Jubilant Agri and Consumer Products Limited,EQ,1988.0,3282.0,1.401,969.0,20.0,,,not penny/nano — price >= Rs100 and mcap >= Rs1000 Cr,False
ADVANCE,Advance Agrolife Limited,EQ,117.49,,1.389,1586.0,20.0,,,"listed 364d ago — under a year of history, no trend to read",False
KKCL,Kewal Kiran Clothing Limited,EQ,475.55,3189.0,1.385,1642.0,20.0,,,not penny/nano — price >= Rs100 and mcap >= Rs1000 Cr,False
WPIL,WPIL Limited,EQ,435.5,,1.384,1839.0,20.0,,,"listed 170d ago — under a year of history, no trend to read",False
VENTIVE,Ventive Hospitality Limited,EQ,582.4,13851.0,1.371,1265.0,10.0,,,not penny/nano — price >= Rs100 and mcap >= Rs1000 Cr,False
MAHKTECH,,,23.0,,1.364,5291.0,,,,not in the NSE equity master (ETF / REIT / InvIT — not a company),False
GRINFRA,G R Infraprojects Limited,EQ,798.4,8453.0,1.349,2034.0,20.0,,,not penny/nano — price >= Rs100 and mcap >= Rs1000 Cr,False
SIGNPOST,Signpost India Limited,EQ,267.45,1415.0,1.32,1853.0,20.0,,,not penny/nano — price >= Rs100 and mcap >= Rs1000 Cr,False
SANGAMIND,Sangam (India) Limited,EQ,624.05,3188.0,1.317,1529.0,20.0,,,not penny/nano — price >= Rs100 and mcap >= Rs1000 Cr,False
ICEMAKE,Ice Make Refrigeration Limited,EQ,673.35,1152.0,1.306,1454.0,20.0,,,not penny/nano — price >= Rs100 and mcap >= Rs1000 Cr,False
EGOLD,,,146.5,,1.304,529.0,,,,not in the NSE equity master (ETF / REIT / InvIT — not a company),False
SGRL,Shree Ganesh Remedies Limited,EQ,715.1,,1.303,1259.0,20.0,,,"listed 51d ago — under a year of history, no trend to read",False
TANAA,Taneja Aerospace & Aviation Limited,EQ,349.25,,1.301,2067.0,20.0,,,"listed 51d ago — under a year of history, no trend to read",False
MENNPIS,Menon Pistons Limited,BE,80.43,,1.284,2197.0,5.0,,,"series BE (trade-to-trade / SME — not normal rolling settlement); 5% circuit band — cannot exit on bad news; listed 170d ago — under a year of history, no trend to read",False
ALPHAETF,,,25.49,,1.283,849.0,,,,not in the NSE equity master (ETF / REIT / InvIT — not a company),False
LIQUIDSHRI,,,1124.55,,1.28,24.0,5.0,,,"not in the NSE equity master (ETF / REIT / InvIT — not a company); 5% circuit band — cannot exit on bad news; only 24 trades/day median — one operator's book, not a market",False
SUMEETINDS,Sumeet Industries Limited,EQ,12.0,,1.275,1434.0,5.0,,LT Stage II,"ASM LT Stage II — surveillance: 100% margin, no intraday, no pledging; 5% circuit band — cannot exit on bad news; closed at circuit on 48% of sessions — a stop cannot fill in a locked market",False
DBCORP,D.B.Corp Limited,EQ,171.05,3672.0,1.254,2168.0,20.0,,,not penny/nano — price >= Rs100 and mcap >= Rs1000 Cr,False
MIDSMALL,,,50.3,,1.247,1090.0,,,,not in the NSE equity master (ETF / REIT / InvIT — not a company),False
HAWKINCOOK,Hawkins Cookers Limited,EQ,7973.5,,1.243,511.0,20.0,,,"listed 170d ago — under a year of history, no trend to read",False
HALDYNGL,Haldyn Glass Limited,EQ,140.78,,1.24,1198.0,20.0,,,"listed 170d ago — under a year of history, no trend to read",False
RUBYMILLS,The Ruby Mills Limited,EQ,509.8,1493.0,1.228,1395.0,20.0,,,not penny/nano — price >= Rs100 and mcap >= Rs1000 Cr,False
AQYLON,Aqylon Nexus Limited,EQ,15.79,,1.223,1703.0,5.0,0,,"GSM stage 0 — exchange surveillance, periodic call auction; 5% circuit band — cannot exit on bad news; closed at circuit on 28% of sessions — a stop cannot fill in a locked market",False
VEEDOL,Veedol Corporation Limited,EQ,1383.0,2561.0,1.218,1057.0,20.0,,,not penny/nano — price >= Rs100 and mcap >= Rs1000 Cr,False
GILT5YBEES,,,65.54,,1.217,489.0,,,,not in the NSE equity master (ETF / REIT / InvIT — not a company),False
RANEHOLDIN,Rane Holdings Limited,EQ,1536.6,2291.0,1.214,1005.0,20.0,,,not penny/nano — price >= Rs100 and mcap >= Rs1000 Cr,False
INFRAIETF,,,89.87,,1.209,3665.0,,,,not in the NSE equity master (ETF / REIT / InvIT — not a company),False
THEJO,Thejo Engineering Limited,EQ,2100.4,2370.0,1.19,746.0,20.0,,,not penny/nano — price >= Rs100 and mcap >= Rs1000 Cr,False
ONIDA,Onida Electronics Limited,EQ,30.67,,1.189,1647.0,5.0,,,5% circuit band — cannot exit on bad news,False
OMPOWER,Om Power Transmission Limited,EQ,165.75,,1.181,1187.0,20.0,,,"listed 173d ago — under a year of history, no trend to read",False
CYBERTECH,Cybertech Systems And Software Limited,EQ,137.7,,1.181,1671.0,20.0,,,"held pending a market-cap read — passes every tradability gate, price >= Rs100, and its market cap is not in the fundamentals cache yet (resolves on a later penny_fundamentals run)",True
ASHIANA,Ashiana Housing Limited,EQ,379.2,3860.0,1.178,1257.0,20.0,,,not penny/nano — price >= Rs100 and mcap >= Rs1000 Cr,False
MONIFTY500,,,22.59,,1.176,1614.0,,,,not in the NSE equity master (ETF / REIT / InvIT — not a company),False
LAXMIDENTL,Laxmi Dental Limited,EQ,197.12,1059.0,1.175,1887.0,20.0,,,not penny/nano — price >= Rs100 and mcap >= Rs1000 Cr,False
BIL,Bhartiya International Limited,EQ,1072.9,1227.0,1.156,686.0,20.0,,,not penny/nano — price >= Rs100 and mcap >= Rs1000 Cr,False
HDFCMID150,,,22.05,,1.156,1513.0,,,,not in the NSE equity master (ETF / REIT / InvIT — not a company),False
RAMKY,Ramky Infrastructure Limited,EQ,281.7,2619.0,1.147,1265.0,20.0,,,not penny/nano — price >= Rs100 and mcap >= Rs1000 Cr,False
KALPATARU,Kalpataru Limited,EQ,267.3,5848.0,1.131,1031.0,10.0,,,not penny/nano — price >= Rs100 and mcap >= Rs1000 Cr,False
ISFT,Intrasoft Technologies Limited,BE,98.79,130.0,1.118,1527.5,5.0,,,series BE (trade-to-trade / SME — not normal rolling settlement); 5% circuit band — cannot exit on bad news; closed at circuit on 28% of sessions — a stop cannot fill in a locked market,False
JTEKTINDIA,Jtekt India Limited,EQ,114.46,3513.0,1.11,1570.0,20.0,,,not penny/nano — price >= Rs100 and mcap >= Rs1000 Cr,False
GREENLAM,Greenlam Industries Limited,EQ,210.5,6455.0,1.109,1402.0,20.0,,,not penny/nano — price >= Rs100 and mcap >= Rs1000 Cr,False
ITETF,,,29.48,,1.104,822.0,,,,not in the NSE equity master (ETF / REIT / InvIT — not a company),False
MCLEODRUSS,Mcleod Russel India Limited,EQ,42.0,,1.092,1232.0,5.0,,,5% circuit band — cannot exit on bad news,False
IT,,,30.74,,1.063,1122.0,,,,not in the NSE equity master (ETF / REIT / InvIT — not a company),False
THEMISMED,Themis Medicare Limited,EQ,115.47,1042.0,1.061,1622.0,20.0,,,not penny/nano — price >= Rs100 and mcap >= Rs1000 Cr,False
ENERGY,,,36.98,,1.054,988.0,,,,not in the NSE equity master (ETF / REIT / InvIT — not a company),False
PLATIND,Platinum Industries Limited,EQ,200.56,1140.0,1.045,1566.0,20.0,,,not penny/nano — price >= Rs100 and mcap >= Rs1000 Cr,False
SRHHYPOLTD,Sree Rayalaseema Hi-Strength Hypo Limited,EQ,549.15,1041.0,1.044,1269.0,20.0,,,not penny/nano — price >= Rs100 and mcap >= Rs1000 Cr,False
NIF100BEES,,,251.24,,1.036,704.0,,,,not in the NSE equity master (ETF / REIT / InvIT — not a company),False
SENSEXIETF,,,836.45,,1.035,447.0,,,,not in the NSE equity master (ETF / REIT / InvIT — not a company),False
NELCAST,Nelcast Limited,EQ,146.29,1005.0,1.034,1864.0,20.0,,,not penny/nano — price >= Rs100 and mcap >= Rs1000 Cr,False
ALPINETEX,Alpine Texworld Limited,EQ,46.04,,1.034,2236.0,20.0,,,"listed 78d ago — under a year of history, no trend to read",False
RMC,RMC Switchgears Limited,EQ,196.41,,1.026,1853.0,20.0,,,"listed 189d ago — under a year of history, no trend to read",False
NAVNETEDUL,Navneet Education Limited,EQ,123.95,2955.0,1.02,1495.0,20.0,,,not penny/nano — price >= Rs100 and mcap >= Rs1000 Cr,False
BIRLANU,BirlaNu Limited,EQ,1321.3,1157.0,1.003,1094.0,20.0,,,not penny/nano — price >= Rs100 and mcap >= Rs1000 Cr,False
OILIETF,,,10.78,,0.998,2127.0,,,,not in the NSE equity master (ETF / REIT / InvIT — not a company),False
RSWM,RSWM Limited,EQ,203.83,1064.0,0.993,1441.5,20.0,,,not penny/nano — price >= Rs100 and mcap >= Rs1000 Cr,False
GOACARBON,Goa Carbon Limited,EQ,407.8,,0.974,1305.0,20.0,,LT Stage I,"ASM LT Stage I — surveillance: 100% margin, no intraday, no pledging",False
JINDALPOLY,Jindal Poly Films Limited,EQ,653.25,2791.0,0.972,1081.0,10.0,,,not penny/nano — price >= Rs100 and mcap >= Rs1000 Cr,False
KSHITIJPOL,Kshitij Polyline Limited,BE,4.57,,0.963,1231.0,5.0,,,series BE (trade-to-trade / SME — not normal rolling settlement); 5% circuit band — cannot exit on bad news; price Rs4.57 below the Rs5 floor (tick size ~1% of price; the spread eats the edge); closed at circuit on 26% of sessions — a stop cannot fill in a locked market,False
LICMFGOLD,,,132.25,,0.962,629.0,,,,not in the NSE equity master (ETF / REIT / InvIT — not a company),False
INFRABEES,,,905.74,,0.96,539.0,,,,not in the NSE equity master (ETF / REIT / InvIT — not a company),False
NUCLEUS,Nucleus Software Exports Limited,EQ,628.85,1927.0,0.951,1211.0,20.0,,,not penny/nano — price >= Rs100 and mcap >= Rs1000 Cr,False
5PAISA,5Paisa Capital Limited,EQ,348.0,1772.0,0.942,1640.0,20.0,,,not penny/nano — price >= Rs100 and mcap >= Rs1000 Cr,False
NEXT50BETA,,,75.08,,0.942,837.0,,,,not in the NSE equity master (ETF / REIT / InvIT — not a company),False
ORIRAIL,Oriental Rail Infrastructure Limited,EQ,120.66,,0.932,1434.0,20.0,,,"listed 51d ago — under a year of history, no trend to read",False
AAATECH,AAA Technologies Limited,EQ,106.79,,0.928,499.0,20.0,,,"held pending a market-cap read — passes every tradability gate, price >= Rs100, and its market cap is not in the fundamentals cache yet (resolves on a later penny_fundamentals run)",True
NDRAUTO,Ndr Auto Components Limited,EQ,716.6,1760.0,0.925,1370.0,20.0,,,not penny/nano — price >= Rs100 and mcap >= Rs1000 Cr,False
MODIS,Modis Navnirman Limited,EQ,382.8,,0.921,810.0,20.0,,,"listed 327d ago — under a year of history, no trend to read",False
TOP100CASE,,,9.97,,0.899,1327.0,,,,not in the NSE equity master (ETF / REIT / InvIT — not a company),False
EXCELINDUS,Excel Industries Limited,EQ,923.9,1357.0,0.896,1047.0,20.0,,,not penny/nano — price >= Rs100 and mcap >= Rs1000 Cr,False
SESHAPAPER,Seshasayee Paper and Boards Limited,EQ,231.31,1441.0,0.881,979.0,20.0,,,not penny/nano — price >= Rs100 and mcap >= Rs1000 Cr,False
BANKBETA,,,57.03,,0.876,501.0,,,,not in the NSE equity master (ETF / REIT / InvIT — not a company),False
ASIANHOTNR,Asian Hotels (North) Limited,EQ,330.25,1642.0,0.872,710.0,20.0,,,not penny/nano — price >= Rs100 and mcap >= Rs1000 Cr,False
NIFTYCASE,,,9.09,,0.869,2028.0,,,,not in the NSE equity master (ETF / REIT / InvIT — not a company),False
GYFTR,Gyftr Limited,EQ,169.52,,0.867,1545.0,20.0,,,"listed 89d ago — under a year of history, no trend to read",False
EQUAL50ADD,,,321.69,,0.86,340.0,,,,not in the NSE equity master (ETF / REIT / InvIT — not a company),False
INSUREIETF,,,14.68,,0.859,305.0,,,,not in the NSE equity master (ETF / REIT / InvIT — not a company),False
MIDCAP,,,17.32,,0.858,1121.0,,,,not in the NSE equity master (ETF / REIT / InvIT — not a company),False
LOWVOL1,,,19.57,,0.854,11090.0,,,,not in the NSE equity master (ETF / REIT / InvIT — not a company),False
INSECTICID,Insecticides (India) Limited,EQ,586.6,1678.0,0.85,1093.0,20.0,,,not penny/nano — price >= Rs100 and mcap >= Rs1000 Cr,False
DRAGARWQ,Dr Agarwals Eye Hospital Limited,EQ,5198.0,,0.847,432.0,20.0,,,"listed 170d ago — under a year of history, no trend to read",False
GROWWEV,,,30.29,,0.841,2060.0,,,,not in the NSE equity master (ETF / REIT / InvIT — not a company),False
EBBETF0431,,,1423.34,,0.832,99.0,,,,"not in the NSE equity master (ETF / REIT / InvIT — not a company); only 99 trades/day median — one operator's book, not a market",False
NIFTYBETA,,,250.97,,0.825,514.0,,,,not in the NSE equity master (ETF / REIT / InvIT — not a company),False
FINIETF,,,30.68,,0.823,1478.0,,,,not in the NSE equity master (ETF / REIT / InvIT — not a company),False
NSIL,Nalwa Sons Investments Limited,EQ,5266.5,2970.0,0.822,369.0,20.0,,,not penny/nano — price >= Rs100 and mcap >= Rs1000 Cr,False
CHEMICAL,,,28.36,,0.817,1141.0,,,,not in the NSE equity master (ETF / REIT / InvIT — not a company),False
PPL,Prakash Pipes Limited,EQ,247.6,,0.817,915.0,20.0,,,"held pending a market-cap read — passes every tradability gate, price >= Rs100, and its market cap is not in the fundamentals cache yet (resolves on a later penny_fundamentals run)",True
VIDHIING,Vidhi Specialty Food Ingredients Limited,EQ,348.2,1766.0,0.803,943.0,20.0,,,not penny/nano — price >= Rs100 and mcap >= Rs1000 Cr,False
CONSUMBEES,,,122.49,,0.801,1091.0,,,,not in the NSE equity master (ETF / REIT / InvIT — not a company),False
MEDICO,Medico Remedies Limited,EQ,22.37,295.0,0.794,1638.0,10.0,,ST Stage I,"ASM ST Stage I — surveillance: 100% margin, no intraday, no pledging",False
PSUBANK,,,80.92,,0.787,614.0,,,,not in the NSE equity master (ETF / REIT / InvIT — not a company),False
BUTTERFLY,Butterfly Gandhimathi Appliances Limited,EQ,545.0,1152.0,0.787,807.0,20.0,,,not penny/nano — price >= Rs100 and mcap >= Rs1000 Cr,False
INDIQUBE,Indiqube Spaces Limited,EQ,194.57,4065.0,0.783,1369.0,20.0,,,not penny/nano — price >= Rs100 and mcap >= Rs1000 Cr,False
GEEKAYWIRE,Geekay Wires Limited,EQ,33.14,,0.78,1470.0,20.0,,ST Stage I,"ASM ST Stage I — surveillance: 100% margin, no intraday, no pledging",False
AUTOAXLES,Automotive Axles Limited,EQ,1651.4,2611.0,0.78,636.0,20.0,,,not penny/nano — price >= Rs100 and mcap >= Rs1000 Cr,False
SREEL,Sreeleathers Limited,BE,333.27,,0.765,797.0,5.0,,,series BE (trade-to-trade / SME — not normal rolling settlement); 5% circuit band — cannot exit on bad news; closed at circuit on 44% of sessions — a stop cannot fill in a locked market,False
HDFCNEXT50,,,71.03,,0.761,700.0,,,,not in the NSE equity master (ETF / REIT / InvIT — not a company),False
KAMAHOLD,Kama Holdings Limited,EQ,2236.2,,0.758,441.0,20.0,,,"listed 170d ago — under a year of history, no trend to read",False
PRAVEG,Praveg Limited,EQ,242.27,,0.758,1156.0,20.0,,,"listed 170d ago — under a year of history, no trend to read",False
GROWWNET,,,10.28,,0.732,762.0,,,,not in the NSE equity master (ETF / REIT / InvIT — not a company),False
NATCAPSUQ,Natural Capsules Limited,BE,216.18,,0.728,1214.0,5.0,,,series BE (trade-to-trade / SME — not normal rolling settlement); 5% circuit band — cannot exit on bad news; closed at circuit on 100% of sessions — a stop cannot fill in a locked market,False
HESTERBIO,Hester Biosciences Limited,EQ,2167.2,2012.0,0.724,648.0,20.0,,,not penny/nano — price >= Rs100 and mcap >= Rs1000 Cr,False
SMALL250,,,17.93,,0.716,751.0,,,,not in the NSE equity master (ETF / REIT / InvIT — not a company),False
GROWWNIFTY,,,9.16,,0.707,3595.0,,,,not in the NSE equity master (ETF / REIT / InvIT — not a company),False
BOROSCI,Borosil Scientific Limited,EQ,115.03,1110.0,0.703,1197.0,20.0,,,not penny/nano — price >= Rs100 and mcap >= Rs1000 Cr,False
AKI,AKI India Limited,BE,7.15,,0.703,1053.5,5.0,,,series BE (trade-to-trade / SME — not normal rolling settlement); 5% circuit band — cannot exit on bad news; closed at circuit on 100% of sessions — a stop cannot fill in a locked market,False
PRIMESECU,Prime Securities Limited,EQ,295.8,1037.0,0.703,490.0,20.0,,,not penny/nano — price >= Rs100 and mcap >= Rs1000 Cr,False
FAZE3Q,Faze Three Limited,EQ,450.1,1198.0,0.698,860.0,10.0,,,not penny/nano — price >= Rs100 and mcap >= Rs1000 Cr,False
DCMSIL,DCM Shriram International Limited,EQ,79.22,,0.663,1289.0,10.0,,,"listed 232d ago — under a year of history, no trend to read",False
MOSILVER,,,216.16,,0.66,951.0,,,,not in the NSE equity master (ETF / REIT / InvIT — not a company),False
ALMONDZ,Almondz Global Securities Limited,BE,21.38,,0.66,803.5,5.0,,,series BE (trade-to-trade / SME — not normal rolling settlement); 5% circuit band — cannot exit on bad news; closed at circuit on 22% of sessions — a stop cannot fill in a locked market,False
ALPL30IETF,,,25.78,,0.66,948.0,,,,not in the NSE equity master (ETF / REIT / InvIT — not a company),False
BFINVEST,BF Investment Limited,EQ,439.1,1683.0,0.657,1023.0,20.0,,,not penny/nano — price >= Rs100 and mcap >= Rs1000 Cr,False
CAPITALSFB,Capital Small Finance Bank Limited,EQ,274.2,1282.0,0.646,665.0,20.0,,,not penny/nano — price >= Rs100 and mcap >= Rs1000 Cr,False
NIFTYAXIS,,,250.5,,0.637,243.0,,,,"not in the NSE equity master (ETF / REIT / InvIT — not a company); only 243 trades/day median — one operator's book, not a market",False
KESORAMIND,Kesoram Industries Limited,EQ,10.81,,0.636,1613.0,5.0,,,5% circuit band — cannot exit on bad news,False
SAGCEM,Sagar Cements Limited,EQ,143.91,1912.0,0.636,992.0,20.0,,,not penny/nano — price >= Rs100 and mcap >= Rs1000 Cr,False
PLAZACABLE,Plaza Wires Limited,EQ,58.2,,0.624,1358.0,5.0,,,5% circuit band — cannot exit on bad news,False
TNIDETF,,,84.55,,0.613,558.0,,,,not in the NSE equity master (ETF / REIT / InvIT — not a company),False
ACCELYA,Accelya Solutions India Limited,EQ,1100.1,1693.0,0.607,627.0,20.0,,,not penny/nano — price >= Rs100 and mcap >= Rs1000 Cr,False
AMAL,Amal Limited,EQ,798.05,,0.607,677.0,20.0,,,"listed 51d ago — under a year of history, no trend to read",False
HALDER,Halder Venture Limited,EQ,262.9,,0.604,211.0,20.0,,,"listed 261d ago — under a year of history, no trend to read; only 211 trades/day median — one operator's book, not a market",False
MANUGRAPH,Manugraph India Limited,BE,19.82,,0.604,1668.0,5.0,,,series BE (trade-to-trade / SME — not normal rolling settlement); 5% circuit band — cannot exit on bad news; closed at circuit on 56% of sessions — a stop cannot fill in a locked market,False
PILANIINVS,Pilani Investment and Industries Corporation Limited,EQ,4076.3,4503.0,0.598,283.0,20.0,,,"only 283 trades/day median — one operator's book, not a market",False
PSUBNKIETF,,,82.34,,0.595,719.0,,,,not in the NSE equity master (ETF / REIT / InvIT — not a company),False
CUBEXTUB,Cubex Tubings Limited,BE,167.46,,0.594,1605.0,5.0,,,series BE (trade-to-trade / SME — not normal rolling settlement); 5% circuit band — cannot exit on bad news; closed at circuit on 32% of sessions — a stop cannot fill in a locked market,False
TIJARIA,Tijaria Polypipes Limited,BE,9.09,,0.593,1127.0,5.0,0,,"series BE (trade-to-trade / SME — not normal rolling settlement); GSM stage 0 — exchange surveillance, periodic call auction; 5% circuit band — cannot exit on bad news; closed at circuit on 100% of sessions — a stop cannot fill in a locked market",False
NAHARSPING,Nahar Spinning Mills Limited,EQ,264.3,1075.0,0.587,827.0,20.0,,,not penny/nano — price >= Rs100 and mcap >= Rs1000 Cr,False
KMSUGAR,K.M.Sugar Mills Limited,BE,33.68,263.0,0.58,1292.0,5.0,,,series BE (trade-to-trade / SME — not normal rolling settlement); 5% circuit band — cannot exit on bad news,False
GROWWCAPM,,,11.09,,0.579,996.0,,,,not in the NSE equity master (ETF / REIT / InvIT — not a company),False
BALPHARMA,Bal Pharma Limited,BE,106.79,,0.578,1175.0,5.0,,,series BE (trade-to-trade / SME — not normal rolling settlement); 5% circuit band — cannot exit on bad news; closed at circuit on 26% of sessions — a stop cannot fill in a locked market,False
ONEGLOBAL,One Global Service Provider Limited,EQ,585.0,,0.578,722.0,5.0,,,"5% circuit band — cannot exit on bad news; listed 51d ago — under a year of history, no trend to read",False
NIMBSPROJ,Nimbus Projects Limited,EQ,191.61,,0.577,371.0,5.0,,LT Stage I,"ASM LT Stage I — surveillance: 100% margin, no intraday, no pledging; 5% circuit band — cannot exit on bad news; listed 184d ago — under a year of history, no trend to read",False
ABSLLIQUID,,,999.99,,0.577,23.0,5.0,,,"not in the NSE equity master (ETF / REIT / InvIT — not a company); 5% circuit band — cannot exit on bad news; only 23 trades/day median — one operator's book, not a market",False
MATRIMONY,Matrimony.Com Limited,EQ,517.5,1067.0,0.576,736.0,20.0,,,not penny/nano — price >= Rs100 and mcap >= Rs1000 Cr,False
EVINDIA,,,30.07,,0.571,1647.0,,,,not in the NSE equity master (ETF / REIT / InvIT — not a company),False
HAZOOR,Hazoor Multi Projects Limited,EQ,18.58,,0.563,799.0,20.0,,,"listed 51d ago — under a year of history, no trend to read",False
MOVALUE,,,106.5,,0.558,653.0,,,,not in the NSE equity master (ETF / REIT / InvIT — not a company),False
GANDHITUBE,Gandhi Special Tubes Limited,EQ,974.15,1092.0,0.557,496.0,20.0,,,not penny/nano — price >= Rs100 and mcap >= Rs1000 Cr,False
HEALTHY,,,16.49,,0.556,987.0,,,,not in the NSE equity master (ETF / REIT / InvIT — not a company),False
SUNCLAY,Sundaram Clayton Limited,EQ,1131.8,2823.0,0.556,547.0,20.0,,,not penny/nano — price >= Rs100 and mcap >= Rs1000 Cr,False
SINGERIND,Singer India Limited,EQ,77.45,,0.555,987.0,20.0,,,"listed 202d ago — under a year of history, no trend to read",False
SUNDROP,Sundrop Brands Limited,EQ,745.9,2438.0,0.553,616.0,20.0,,,not penny/nano — price >= Rs100 and mcap >= Rs1000 Cr,False
ALKALI,Alkali Metals Limited,BE,96.37,,0.551,975.0,5.0,,,series BE (trade-to-trade / SME — not normal rolling settlement); 5% circuit band — cannot exit on bad news; closed at circuit on 54% of sessions — a stop cannot fill in a locked market,False
NV20IETF,,,12.83,,0.549,1811.0,,,,not in the NSE equity master (ETF / REIT / InvIT — not a company),False
GICL,Globe International Carriers Limited,BE,24.33,,0.545,524.0,5.0,,,"series BE (trade-to-trade / SME — not normal rolling settlement); 5% circuit band — cannot exit on bad news; listed 231d ago — under a year of history, no trend to read",False
ICDSLTD,ICDS Limited,BE,61.26,,0.539,668.5,5.0,,,series BE (trade-to-trade / SME — not normal rolling settlement); 5% circuit band — cannot exit on bad news; closed at circuit on 100% of sessions — a stop cannot fill in a locked market,False
SARVESHWAR,Sarveshwar Foods Limited,EQ,3.61,,0.533,1963.0,10.0,,,price Rs3.61 below the Rs5 floor (tick size ~1% of price; the spread eats the edge),False
MAKEINDIA,,,155.25,,0.53,487.0,,,,not in the NSE equity master (ETF / REIT / InvIT — not a company),False
GROWWMETAL,,,11.77,,0.528,1299.0,,,,not in the NSE equity master (ETF / REIT / InvIT — not a company),False
CYBERMEDIA,Cyber Media (India) Limited,BE,23.92,,0.525,626.0,5.0,,,series BE (trade-to-trade / SME — not normal rolling settlement); 5% circuit band — cannot exit on bad news; closed at circuit on 67% of sessions — a stop cannot fill in a locked market,False
HDFCMOMENT,,,30.07,,0.522,629.0,,,,not in the NSE equity master (ETF / REIT / InvIT — not a company),False
ALUFLUOR,Alufluoride Limited,EQ,649.15,,0.522,498.0,20.0,,,"listed 51d ago — under a year of history, no trend to read",False
MIDSELIETF,,,18.47,,0.518,762.0,,,,not in the NSE equity master (ETF / REIT / InvIT — not a company),False
BLIL,Balmer Lawrie Investments Limited,EQ,65.28,,0.517,1314.0,20.0,,,"listed 170d ago — under a year of history, no trend to read",False
EVIETF,,,30.06,,0.516,787.0,,,,not in the NSE equity master (ETF / REIT / InvIT — not a company),False
ANNAPURNA,Annapurna Swadisht Limited,EQ,129.4,,0.512,652.0,20.0,,,"listed 56d ago — under a year of history, no trend to read",False
AONEGOLD,,,13.69,,0.511,1616.0,,,,not in the NSE equity master (ETF / REIT / InvIT — not a company),False
KSR,KSR Footwear Limited,BE,44.3,,0.495,613.0,5.0,,,"series BE (trade-to-trade / SME — not normal rolling settlement); 5% circuit band — cannot exit on bad news; listed 314d ago — under a year of history, no trend to read; illiquid: Rs50 lakh median daily turnover (floor Rs50 lakh); closed at circuit on 33% of sessions — a stop cannot fill in a locked market",False
IFGLEXPOR,IFGL Refractories Limited,EQ,183.05,1556.0,0.495,1082.0,20.0,,,illiquid: Rs50 lakh median daily turnover (floor Rs50 lakh),False
IVZINGOLD,,,127.7,,0.493,298.0,,,,"not in the NSE equity master (ETF / REIT / InvIT — not a company); illiquid: Rs49 lakh median daily turnover (floor Rs50 lakh); only 298 trades/day median — one operator's book, not a market",False
URJA,Urja Global Limited,EQ,8.51,445.0,0.493,2076.0,20.0,,,illiquid: Rs49 lakh median daily turnover (floor Rs50 lakh),False
RANASUG,Rana Sugars Limited,EQ,13.82,,0.49,810.0,20.0,,LT Stage I,"ASM LT Stage I — surveillance: 100% margin, no intraday, no pledging; illiquid: Rs49 lakh median daily turnover (floor Rs50 lakh)",False
PKTEA,The Peria Karamalai Tea & Produce Company Limited,BE,921.25,,0.49,437.0,5.0,,,series BE (trade-to-trade / SME — not normal rolling settlement); 5% circuit band — cannot exit on bad news; illiquid: Rs49 lakh median daily turnover (floor Rs50 lakh); closed at circuit on 42% of sessions — a stop cannot fill in a locked market,False
HONDAPOWER,Honda India Power Products Limited,EQ,1871.4,2085.0,0.486,476.0,20.0,,,illiquid: Rs49 lakh median daily turnover (floor Rs50 lakh),False
SGIL,Synergy Green Industries Limited,EQ,604.55,1026.0,0.484,418.0,20.0,,,illiquid: Rs48 lakh median daily turnover (floor Rs50 lakh),False
NITTAGELA,Nitta Gelatin India Limited,EQ,1668.4,,0.484,562.0,20.0,,,"listed 170d ago — under a year of history, no trend to read; illiquid: Rs48 lakh median daily turnover (floor Rs50 lakh)",False
BLACKROSE,Black Rose Inds. Limited,EQ,110.78,,0.482,789.0,20.0,,,"listed 170d ago — under a year of history, no trend to read; illiquid: Rs48 lakh median daily turnover (floor Rs50 lakh)",False
KICL,Kalyani Investment Company Limited,EQ,4881.9,,0.481,214.0,20.0,,,"illiquid: Rs48 lakh median daily turnover (floor Rs50 lakh); only 214 trades/day median — one operator's book, not a market",False
OMFREIGHT,Om Freight Forwarders Limited,EQ,106.63,,0.474,487.0,20.0,,,"listed 364d ago — under a year of history, no trend to read; illiquid: Rs47 lakh median daily turnover (floor Rs50 lakh)",False
SHIVAUM,Shiv Aum Steels Limited,EQ,551.4,,0.473,127.0,20.0,,,"listed 327d ago — under a year of history, no trend to read; illiquid: Rs47 lakh median daily turnover (floor Rs50 lakh); only 127 trades/day median — one operator's book, not a market",False
LTGILTCASE,,,30.06,,0.468,205.0,,,,"not in the NSE equity master (ETF / REIT / InvIT — not a company); illiquid: Rs47 lakh median daily turnover (floor Rs50 lakh); only 205 trades/day median — one operator's book, not a market",False
ECOSMOBLTY,Ecos (India) Mobility & Hospitality Limited,EQ,108.24,643.0,0.464,1183.0,20.0,,,illiquid: Rs46 lakh median daily turnover (floor Rs50 lakh),False
JYOTIRES,Jyoti Resins & Adhesives Limited,EQ,842.95,,0.464,676.0,20.0,,,"listed 51d ago — under a year of history, no trend to read; illiquid: Rs46 lakh median daily turnover (floor Rs50 lakh)",False
AXITA,Axita Cotton Limited,EQ,7.44,303.0,0.459,726.0,20.0,,,illiquid: Rs46 lakh median daily turnover (floor Rs50 lakh),False
KRISHIVAL,Krishival Foods Limited,EQ,397.4,1158.0,0.459,330.0,20.0,,,illiquid: Rs46 lakh median daily turnover (floor Rs50 lakh),False
HDFCNIFBAN,,,56.71,,0.456,473.0,,,,not in the NSE equity master (ETF / REIT / InvIT — not a company); illiquid: Rs46 lakh median daily turnover (floor Rs50 lakh),False
ESTER,Ester Industries Limited,EQ,94.55,914.0,0.455,1146.0,20.0,,,illiquid: Rs46 lakh median daily turnover (floor Rs50 lakh),False
LEMERITE,Le Merite Exports Limited,EQ,19.26,,0.449,436.0,5.0,,,"5% circuit band — cannot exit on bad news; listed 299d ago — under a year of history, no trend to read; illiquid: Rs45 lakh median daily turnover (floor Rs50 lakh)",False
ECORECO,Eco Recycling Limited,EQ,424.25,,0.448,855.0,10.0,,,"listed 51d ago — under a year of history, no trend to read; illiquid: Rs45 lakh median daily turnover (floor Rs50 lakh)",False
ASAL,Automotive Stampings and Assemblies Limited,EQ,423.3,695.0,0.444,613.0,20.0,,,illiquid: Rs44 lakh median daily turnover (floor Rs50 lakh),False
MOENERGY,,,36.81,,0.443,582.0,,,,not in the NSE equity master (ETF / REIT / InvIT — not a company); illiquid: Rs44 lakh median daily turnover (floor Rs50 lakh),False
AMDIND,AMD Industries Limited,BE,66.58,,0.44,1203.0,5.0,,,series BE (trade-to-trade / SME — not normal rolling settlement); 5% circuit band — cannot exit on bad news; illiquid: Rs44 lakh median daily turnover (floor Rs50 lakh); closed at circuit on 33% of sessions — a stop cannot fill in a locked market,False
IRIS,IRIS RegTech Solutions Limited,EQ,223.23,469.0,0.439,767.0,20.0,,,illiquid: Rs44 lakh median daily turnover (floor Rs50 lakh),False
HDFCSENSEX,,,82.58,,0.434,752.0,,,,not in the NSE equity master (ETF / REIT / InvIT — not a company); illiquid: Rs43 lakh median daily turnover (floor Rs50 lakh),False
NDTV,New Delhi Television Limited,EQ,66.48,789.0,0.434,1027.0,20.0,,,illiquid: Rs43 lakh median daily turnover (floor Rs50 lakh),False
REPRO,Repro India Limited,EQ,295.7,444.0,0.433,609.0,20.0,,,illiquid: Rs43 lakh median daily turnover (floor Rs50 lakh),False
JAYAGROGN,Jayant Agro Organics Limited,EQ,213.0,,0.432,551.0,20.0,,,illiquid: Rs43 lakh median daily turnover (floor Rs50 lakh),False
EBBETF0433,,,1298.74,,0.432,130.0,,,,"not in the NSE equity master (ETF / REIT / InvIT — not a company); illiquid: Rs43 lakh median daily turnover (floor Rs50 lakh); only 130 trades/day median — one operator's book, not a market",False
BFSI,,,25.99,,0.429,818.0,,,,not in the NSE equity master (ETF / REIT / InvIT — not a company); illiquid: Rs43 lakh median daily turnover (floor Rs50 lakh),False
SEJALLTD,Sejal Glass Limited,EQ,680.55,,0.428,502.0,5.0,,,5% circuit band — cannot exit on bad news; illiquid: Rs43 lakh median daily turnover (floor Rs50 lakh),False
POEL,POCL Enterprises Limited,EQ,135.86,,0.427,879.0,20.0,,,"listed 51d ago — under a year of history, no trend to read; illiquid: Rs43 lakh median daily turnover (floor Rs50 lakh)",False
GFLLIMITED,GFL Limited,EQ,57.83,637.0,0.426,1473.0,20.0,,,illiquid: Rs43 lakh median daily turnover (floor Rs50 lakh),False
GANGAFORGE,Ganga Forging Limited,EQ,1.58,,0.419,1304.0,5.0,,LT Stage I,"ASM LT Stage I — surveillance: 100% margin, no intraday, no pledging; 5% circuit band — cannot exit on bad news; price Rs1.58 below the Rs5 floor (tick size ~1% of price; the spread eats the edge); illiquid: Rs42 lakh median daily turnover (floor Rs50 lakh)",False
DISHTV,Dish TV India Limited,EQ,2.14,,0.414,1670.0,5.0,,,5% circuit band — cannot exit on bad news; price Rs2.14 below the Rs5 floor (tick size ~1% of price; the spread eats the edge); illiquid: Rs41 lakh median daily turnover (floor Rs50 lakh),False
MUFTI,Credo Brands Marketing Limited,EQ,69.96,479.0,0.414,945.0,20.0,,,illiquid: Rs41 lakh median daily turnover (floor Rs50 lakh),False
LIBERTSHOE,Liberty Shoes Limited,EQ,216.48,418.0,0.414,743.0,20.0,,,illiquid: Rs41 lakh median daily turnover (floor Rs50 lakh),False
CPCAP,CP Capital Limited,EQ,155.22,,0.413,1091.0,20.0,,,illiquid: Rs41 lakh median daily turnover (floor Rs50 lakh),False
BSE500IETF,,,37.4,,0.412,1212.0,,,,not in the NSE equity master (ETF / REIT / InvIT — not a company); illiquid: Rs41 lakh median daily turnover (floor Rs50 lakh),False
HGS,Hinduja Global Solutions Limited,EQ,363.0,1877.0,0.411,782.0,20.0,,,illiquid: Rs41 lakh median daily turnover (floor Rs50 lakh),False
UDAYJEW,Uday Jewellery Industries Limited,EQ,161.13,,0.408,630.0,20.0,,,"listed 12d ago — under a year of history, no trend to read; illiquid: Rs41 lakh median daily turnover (floor Rs50 lakh)",False
SNOWMAN,Snowman Logistics Limited,EQ,34.32,629.0,0.407,1153.0,20.0,,,illiquid: Rs41 lakh median daily turnover (floor Rs50 lakh),False
DAICHI,Dai-Ichi Karkaria Limited,BE,364.8,,0.407,203.5,5.0,,,"series BE (trade-to-trade / SME — not normal rolling settlement); 5% circuit band — cannot exit on bad news; listed 170d ago — under a year of history, no trend to read; illiquid: Rs41 lakh median daily turnover (floor Rs50 lakh); only 203 trades/day median — one operator's book, not a market; closed at circuit on 25% of sessions — a stop cannot fill in a locked market",False
COMMOIETF,,,93.13,,0.406,1377.0,,,,not in the NSE equity master (ETF / REIT / InvIT — not a company); illiquid: Rs41 lakh median daily turnover (floor Rs50 lakh),False
HDFCNIFIT,,,29.61,,0.406,351.0,,,,not in the NSE equity master (ETF / REIT / InvIT — not a company); illiquid: Rs41 lakh median daily turnover (floor Rs50 lakh),False
SHAH,Shah Metacorp Limited,EQ,3.01,,0.404,802.0,20.0,,,price Rs3.01 below the Rs5 floor (tick size ~1% of price; the spread eats the edge); illiquid: Rs40 lakh median daily turnover (floor Rs50 lakh),False
PIGL,Power & Instrumentation (Gujarat) Limited,EQ,97.09,216.0,0.404,694.0,20.0,,,illiquid: Rs40 lakh median daily turnover (floor Rs50 lakh),False
PUNJABCHEM,Punjab Chemicals & Crop Protection Limited,EQ,1044.1,1373.0,0.402,534.0,20.0,,,illiquid: Rs40 lakh median daily turnover (floor Rs50 lakh),False
ATL,Allcargo Terminals Limited,EQ,25.67,708.0,0.4,1475.0,20.0,,,illiquid: Rs40 lakh median daily turnover (floor Rs50 lakh),False
GUJAPOLLO,Gujarat Apollo Industries Limited,EQ,341.8,,0.399,460.0,20.0,,,illiquid: Rs40 lakh median daily turnover (floor Rs50 lakh),False
EIHAHOTELS,EIH Associated Hotels Limited,EQ,297.3,,0.394,977.0,20.0,,,illiquid: Rs39 lakh median daily turnover (floor Rs50 lakh),False
XCHANGING,Xchanging Solutions Limited,EQ,61.04,678.0,0.394,1004.0,20.0,,,illiquid: Rs39 lakh median daily turnover (floor Rs50 lakh),False
PRIMO,Primo Chemicals Limited,EQ,25.62,,0.394,1324.0,20.0,,ST Stage I,"ASM ST Stage I — surveillance: 100% margin, no intraday, no pledging; illiquid: Rs39 lakh median daily turnover (floor Rs50 lakh)",False
DVL,Dhunseri Ventures Limited,EQ,275.9,979.0,0.394,452.0,20.0,,,illiquid: Rs39 lakh median daily turnover (floor Rs50 lakh),False
LIQUIDSBI,,,1000.01,,0.392,25.0,5.0,,,"not in the NSE equity master (ETF / REIT / InvIT — not a company); 5% circuit band — cannot exit on bad news; illiquid: Rs39 lakh median daily turnover (floor Rs50 lakh); only 25 trades/day median — one operator's book, not a market",False
GOLDBND,,,146.4,,0.389,168.0,,,,"not in the NSE equity master (ETF / REIT / InvIT — not a company); illiquid: Rs39 lakh median daily turnover (floor Rs50 lakh); only 168 trades/day median — one operator's book, not a market",False
HDFCPVTBAN,,,27.75,,0.389,379.0,,,,not in the NSE equity master (ETF / REIT / InvIT — not a company); illiquid: Rs39 lakh median daily turnover (floor Rs50 lakh),False
SSDL,Saraswati Saree Depot Limited,EQ,66.2,,0.389,1350.0,20.0,,ST Stage I,"ASM ST Stage I — surveillance: 100% margin, no intraday, no pledging; illiquid: Rs39 lakh median daily turnover (floor Rs50 lakh)",False
ALLDIGI,Alldigi Tech Limited,EQ,783.8,1241.0,0.388,556.0,20.0,,,illiquid: Rs39 lakh median daily turnover (floor Rs50 lakh),False
MOMIDMTM,,,62.23,,0.387,339.0,,,,not in the NSE equity master (ETF / REIT / InvIT — not a company); illiquid: Rs39 lakh median daily turnover (floor Rs50 lakh),False
UEL,Ujaas Energy Limited,EQ,177.64,,0.385,714.0,5.0,,,5% circuit band — cannot exit on bad news; illiquid: Rs38 lakh median daily turnover (floor Rs50 lakh); closed at circuit on 40% of sessions — a stop cannot fill in a locked market,False
SHARIABEES,,,419.52,,0.384,578.0,,,,not in the NSE equity master (ETF / REIT / InvIT — not a company); illiquid: Rs38 lakh median daily turnover (floor Rs50 lakh),False
SRIKPRIND,Sri KPR Industries Limited,BE,33.82,,0.383,704.0,5.0,,,"series BE (trade-to-trade / SME — not normal rolling settlement); 5% circuit band — cannot exit on bad news; listed 51d ago — under a year of history, no trend to read; illiquid: Rs38 lakh median daily turnover (floor Rs50 lakh); closed at circuit on 60% of sessions — a stop cannot fill in a locked market",False
RUSHIL,Rushil Decor Limited,EQ,15.17,478.0,0.38,699.0,20.0,,,illiquid: Rs38 lakh median daily turnover (floor Rs50 lakh),False
MOMOMENTUM,,,59.98,,0.38,407.0,,,,not in the NSE equity master (ETF / REIT / InvIT — not a company); illiquid: Rs38 lakh median daily turnover (floor Rs50 lakh),False
SAURASHCEM,Saurashtra Cement Limited,EQ,50.6,622.0,0.38,1074.0,20.0,,,illiquid: Rs38 lakh median daily turnover (floor Rs50 lakh),False
SPELS,,,145.65,,0.376,1009.0,,,,"not in the NSE equity master (ETF / REIT / InvIT — not a company); GSM stage nan — exchange surveillance, periodic call auction; illiquid: Rs38 lakh median daily turnover (floor Rs50 lakh)",False
FOODSIN,Foods & Inns Limited,EQ,50.05,405.0,0.372,1022.0,20.0,,,illiquid: Rs37 lakh median daily turnover (floor Rs50 lakh),False
INTERNET,,,13.86,,0.372,274.0,,,,"not in the NSE equity master (ETF / REIT / InvIT — not a company); illiquid: Rs37 lakh median daily turnover (floor Rs50 lakh); only 274 trades/day median — one operator's book, not a market",False
KOHINOOR,Kohinoor Foods Limited,EQ,29.42,,0.372,2267.0,10.0,,,illiquid: Rs37 lakh median daily turnover (floor Rs50 lakh),False
CIFL,Capital India Finance Limited,EQ,20.97,,0.368,637.0,20.0,,,illiquid: Rs37 lakh median daily turnover (floor Rs50 lakh),False
MOGOLD,,,144.95,,0.365,436.0,,,,not in the NSE equity master (ETF / REIT / InvIT — not a company); illiquid: Rs36 lakh median daily turnover (floor Rs50 lakh),False
ROHLTD,Royal Orchid Hotels Limited,EQ,297.25,840.0,0.365,692.0,20.0,,,illiquid: Rs36 lakh median daily turnover (floor Rs50 lakh),False
DUCON,Ducon Infratechnologies Limited,EQ,1.49,,0.364,1034.0,5.0,,ST Stage II,"ASM ST Stage II — surveillance: 100% margin, no intraday, no pledging; 5% circuit band — cannot exit on bad news; price Rs1.49 below the Rs5 floor (tick size ~1% of price; the spread eats the edge); illiquid: Rs36 lakh median daily turnover (floor Rs50 lakh); closed at circuit on 36% of sessions — a stop cannot fill in a locked market",False
TREL,Transindia Real Estate Limited,EQ,26.71,,0.363,3903.0,20.0,,,illiquid: Rs36 lakh median daily turnover (floor Rs50 lakh),False
SIGMA,Sigma Solve Limited,EQ,45.71,483.0,0.36,1153.0,10.0,,,illiquid: Rs36 lakh median daily turnover (floor Rs50 lakh),False
RACE,Race Eco Chain Limited,EQ,103.75,,0.359,365.0,20.0,,,illiquid: Rs36 lakh median daily turnover (floor Rs50 lakh),False
JETFREIGHT,Jet Freight Logistics Limited,EQ,19.72,103.0,0.358,1449.0,20.0,,,illiquid: Rs36 lakh median daily turnover (floor Rs50 lakh),False
SILGO,Silgo Retail Limited,EQ,70.16,224.0,0.357,444.0,20.0,,,illiquid: Rs36 lakh median daily turnover (floor Rs50 lakh),False
AVANCE,Avance Technologies Limited,EQ,0.78,,0.355,1422.0,20.0,,,"price Rs0.78 below the Rs5 floor (tick size ~1% of price; the spread eats the edge); listed 51d ago — under a year of history, no trend to read; illiquid: Rs36 lakh median daily turnover (floor Rs50 lakh)",False
BANARISUG,Bannari Amman Sugars Limited,EQ,3375.3,4411.0,0.355,269.0,20.0,,,"illiquid: Rs36 lakh median daily turnover (floor Rs50 lakh); only 269 trades/day median — one operator's book, not a market",False
OMINFRAL,OM INFRA LIMITED,EQ,72.45,788.0,0.353,1142.0,20.0,,,illiquid: Rs35 lakh median daily turnover (floor Rs50 lakh),False
FINKURVE,Finkurve Financial Services Limited,EQ,67.53,,0.352,987.0,20.0,,,illiquid: Rs35 lakh median daily turnover (floor Rs50 lakh),False
RUBFILA,Rubfila International Limited,EQ,64.9,,0.351,666.0,20.0,,,illiquid: Rs35 lakh median daily turnover (floor Rs50 lakh),False
VGL,VARVEE GLOBAL LIMITED,EQ,62.92,,0.351,566.0,20.0,,LT Stage I,"ASM LT Stage I — surveillance: 100% margin, no intraday, no pledging; illiquid: Rs35 lakh median daily turnover (floor Rs50 lakh)",False
SARLAPOLY,Sarla Performance Fibers Limited,EQ,96.7,852.0,0.35,691.0,20.0,,,illiquid: Rs35 lakh median daily turnover (floor Rs50 lakh),False
ORBTEXP,Orbit Exports Limited,EQ,242.9,637.0,0.349,333.0,20.0,,,illiquid: Rs35 lakh median daily turnover (floor Rs50 lakh),False
MAFATIND,Mafatlal Industries Limited,EQ,115.95,,0.347,809.0,20.0,,,"listed 170d ago — under a year of history, no trend to read; illiquid: Rs35 lakh median daily turnover (floor Rs50 lakh)",False
ABSLBANETF,,,56.5,,0.343,320.0,,,,not in the NSE equity master (ETF / REIT / InvIT — not a company); illiquid: Rs34 lakh median daily turnover (floor Rs50 lakh),False
AONESILVER,,,8.36,,0.342,1222.0,,,,not in the NSE equity master (ETF / REIT / InvIT — not a company); illiquid: Rs34 lakh median daily turnover (floor Rs50 lakh),False
AFIL,Akme Fintrade (India) Limited,EQ,7.54,426.0,0.342,503.0,20.0,,,illiquid: Rs34 lakh median daily turnover (floor Rs50 lakh),False
HILINFRA,Highway Infrastructure Limited,EQ,47.6,,0.341,768.0,20.0,,,illiquid: Rs34 lakh median daily turnover (floor Rs50 lakh),False
BPLPHARMA,Bharat Parenterals Limited,EQ,1881.2,,0.34,167.0,20.0,,ST Stage I,"ASM ST Stage I — surveillance: 100% margin, no intraday, no pledging; listed 51d ago — under a year of history, no trend to read; illiquid: Rs34 lakh median daily turnover (floor Rs50 lakh); only 167 trades/day median — one operator's book, not a market",False
MINDTECK,Mindteck (India) Limited,EQ,140.12,562.0,0.339,783.0,20.0,,,illiquid: Rs34 lakh median daily turnover (floor Rs50 lakh),False
BMWVENTLTD,BMW Ventures Limited,EQ,50.11,,0.338,1074.0,20.0,,,illiquid: Rs34 lakh median daily turnover (floor Rs50 lakh),False
AZADIND,Azad India Mobility Limited,EQ,82.85,,0.336,731.0,20.0,,,"listed 51d ago — under a year of history, no trend to read; illiquid: Rs34 lakh median daily turnover (floor Rs50 lakh)",False
DEVX,Dev Accelerator Limited,EQ,40.37,,0.334,759.0,20.0,,,illiquid: Rs33 lakh median daily turnover (floor Rs50 lakh),False
SCHAND,S Chand And Company Limited,EQ,144.15,,0.333,835.0,20.0,,,illiquid: Rs33 lakh median daily turnover (floor Rs50 lakh),False
DIVOPPBEES,,,71.69,,0.331,776.0,,,,not in the NSE equity master (ETF / REIT / InvIT — not a company); illiquid: Rs33 lakh median daily turnover (floor Rs50 lakh),False
DENORA,De Nora India Limited,EQ,720.65,,0.329,392.0,20.0,,,illiquid: Rs33 lakh median daily turnover (floor Rs50 lakh),False
TAKE,TAKE Limited,EQ,12.12,,0.328,539.0,5.0,,LT Stage I,"ASM LT Stage I — surveillance: 100% margin, no intraday, no pledging; 5% circuit band — cannot exit on bad news; illiquid: Rs33 lakh median daily turnover (floor Rs50 lakh); closed at circuit on 68% of sessions — a stop cannot fill in a locked market",False
MANAKSIA,Manaksia Limited,EQ,58.26,,0.327,1011.0,20.0,,,illiquid: Rs33 lakh median daily turnover (floor Rs50 lakh),False
BELLACASA,Bella Casa Fashion & Retail Limited,EQ,251.77,,0.325,681.0,20.0,,,illiquid: Rs32 lakh median daily turnover (floor Rs50 lakh),False
SILVER360,,,215.26,,0.325,365.0,,,,not in the NSE equity master (ETF / REIT / InvIT — not a company); illiquid: Rs32 lakh median daily turnover (floor Rs50 lakh),False
TOLINS,Tolins Tyres Limited,EQ,90.08,,0.324,1021.0,20.0,,,illiquid: Rs32 lakh median daily turnover (floor Rs50 lakh),False
CENTEXT,Century Extrusions Limited,EQ,17.82,211.0,0.323,829.0,20.0,,,illiquid: Rs32 lakh median daily turnover (floor Rs50 lakh),False
ALBERTDAVD,Albert David Limited,EQ,812.75,482.0,0.322,363.0,20.0,,,illiquid: Rs32 lakh median daily turnover (floor Rs50 lakh),False
JPOLYINVST,Jindal Poly Investment and Finance Company Limited,EQ,901.1,1077.0,0.32,584.0,20.0,,,illiquid: Rs32 lakh median daily turnover (floor Rs50 lakh),False
AVONMORE,Avonmore Capital & Management Services Limited,EQ,12.8,,0.32,829.0,20.0,,,illiquid: Rs32 lakh median daily turnover (floor Rs50 lakh),False
NIRLON,Nirlon Limited,EQ,620.1,,0.319,508.0,20.0,,,"listed 170d ago — under a year of history, no trend to read; illiquid: Rs32 lakh median daily turnover (floor Rs50 lakh)",False
NILE,Nile Limited,EQ,1258.6,,0.317,384.0,20.0,,,"listed 170d ago — under a year of history, no trend to read; illiquid: Rs32 lakh median daily turnover (floor Rs50 lakh)",False
SAHYADRI,Sahyadri Industries Limited,EQ,352.1,428.0,0.317,554.0,20.0,,,illiquid: Rs32 lakh median daily turnover (floor Rs50 lakh),False
RNBDENIMS,R&B Denims Limited,BE,10.27,,0.315,463.5,5.0,,,series BE (trade-to-trade / SME — not normal rolling settlement); 5% circuit band — cannot exit on bad news; illiquid: Rs32 lakh median daily turnover (floor Rs50 lakh); closed at circuit on 100% of sessions — a stop cannot fill in a locked market,False
AFFORDABLE,Affordable Robotic & Automation Limited,EQ,165.3,,0.313,596.0,5.0,,,5% circuit band — cannot exit on bad news; illiquid: Rs31 lakh median daily turnover (floor Rs50 lakh),False
SILVERBND,,,219.27,,0.312,157.0,,,,"not in the NSE equity master (ETF / REIT / InvIT — not a company); illiquid: Rs31 lakh median daily turnover (floor Rs50 lakh); only 157 trades/day median — one operator's book, not a market",False
JAYSREETEA,Jayshree Tea & Industries Limited,EQ,83.41,,0.312,647.0,20.0,,LT Stage I,"ASM LT Stage I — surveillance: 100% margin, no intraday, no pledging; illiquid: Rs31 lakh median daily turnover (floor Rs50 lakh)",False
BIRLAMONEY,Aditya Birla Money Limited,EQ,118.98,,0.307,862.0,20.0,,,illiquid: Rs31 lakh median daily turnover (floor Rs50 lakh),False
GRADIENTE,Gradiente Infotainment Limited,BE,2.46,,0.307,351.0,5.0,,,"series BE (trade-to-trade / SME — not normal rolling settlement); 5% circuit band — cannot exit on bad news; price Rs2.46 below the Rs5 floor (tick size ~1% of price; the spread eats the edge); listed 152d ago — under a year of history, no trend to read; illiquid: Rs31 lakh median daily turnover (floor Rs50 lakh)",False
ORIENTPPR,Orient Paper & Industries Limited,EQ,15.99,,0.307,810.0,20.0,,,illiquid: Rs31 lakh median daily turnover (floor Rs50 lakh),False
ORIENTCER,ORIENT CERATECH LIMITED,EQ,42.87,,0.306,1551.0,20.0,,,illiquid: Rs31 lakh median daily turnover (floor Rs50 lakh),False
MUNJALSHOW,Munjal Showa Limited,EQ,125.58,525.0,0.305,531.0,20.0,,,illiquid: Rs30 lakh median daily turnover (floor Rs50 lakh),False
MANORG,Mangalam Organics Limited,EQ,438.0,,0.305,365.0,5.0,,,5% circuit band — cannot exit on bad news; illiquid: Rs30 lakh median daily turnover (floor Rs50 lakh),False
SUNSHIEL,Sunshield Chemicals Limited,EQ,1103.5,,0.305,328.0,20.0,,,"listed 51d ago — under a year of history, no trend to read; illiquid: Rs30 lakh median daily turnover (floor Rs50 lakh)",False
AERONEU,Aeroflex Neu Limited,EQ,70.21,,0.303,528.0,20.0,,,illiquid: Rs30 lakh median daily turnover (floor Rs50 lakh),False
SBIMIDMOM,,,61.62,,0.301,171.0,,,,"not in the NSE equity master (ETF / REIT / InvIT — not a company); illiquid: Rs30 lakh median daily turnover (floor Rs50 lakh); only 171 trades/day median — one operator's book, not a market",False
FILATFASH,Filatex Fashions Limited,EQ,0.18,,0.301,1613.0,5.0,,,5% circuit band — cannot exit on bad news; price Rs0.18 below the Rs5 floor (tick size ~1% of price; the spread eats the edge); illiquid: Rs30 lakh median daily turnover (floor Rs50 lakh),False
SUMMITSEC,Summit Securities Limited,EQ,1320.4,,0.3,334.0,20.0,,,illiquid: Rs30 lakh median daily turnover (floor Rs50 lakh),False
KOTIC,Kothari Industrial Corporation Limited,EQ,143.91,,0.3,585.0,20.0,,,"listed 170d ago — under a year of history, no trend to read; illiquid: Rs30 lakh median daily turnover (floor Rs50 lakh)",False
SELECTIPO,,,46.55,,0.299,146.0,,,,"not in the NSE equity master (ETF / REIT / InvIT — not a company); illiquid: Rs30 lakh median daily turnover (floor Rs50 lakh); only 146 trades/day median — one operator's book, not a market",False
NV20BEES,,,131.77,,0.299,317.0,,,,not in the NSE equity master (ETF / REIT / InvIT — not a company); illiquid: Rs30 lakh median daily turnover (floor Rs50 lakh),False
LANCER,Lancer Container Lines Limited,EQ,10.98,,0.298,807.0,20.0,,,"listed 51d ago — under a year of history, no trend to read; illiquid: Rs30 lakh median daily turnover (floor Rs50 lakh)",False
INTLCONV,International Conveyors Limited,EQ,80.17,,0.296,1257.0,20.0,,,illiquid: Rs30 lakh median daily turnover (floor Rs50 lakh),False
VTMLTD,VTM Limited,EQ,34.11,,0.294,912.0,20.0,,,"listed 14d ago — under a year of history, no trend to read; illiquid: Rs29 lakh median daily turnover (floor Rs50 lakh)",False
MOHEALTH,,,50.39,,0.294,543.0,,,,not in the NSE equity master (ETF / REIT / InvIT — not a company); illiquid: Rs29 lakh median daily turnover (floor Rs50 lakh),False
EMPIND,Empire Industries Limited,EQ,1032.9,,0.29,260.0,20.0,,,"listed 51d ago — under a year of history, no trend to read; illiquid: Rs29 lakh median daily turnover (floor Rs50 lakh); only 260 trades/day median — one operator's book, not a market",False
DTIL,Dhunseri Tea & Industries Limited,BE,149.95,,0.286,799.0,5.0,,,series BE (trade-to-trade / SME — not normal rolling settlement); 5% circuit band — cannot exit on bad news; illiquid: Rs29 lakh median daily turnover (floor Rs50 lakh); closed at circuit on 50% of sessions — a stop cannot fill in a locked market,False
GOODYEAR,Goodyear India Limited,EQ,685.05,,0.286,498.0,20.0,,,"listed 170d ago — under a year of history, no trend to read; illiquid: Rs29 lakh median daily turnover (floor Rs50 lakh)",False
MCL,M TEK COPPER LIMITED,EQ,55.27,,0.285,1448.0,20.0,,,illiquid: Rs28 lakh median daily turnover (floor Rs50 lakh),False
DSFCL,DCM Shriram Fine Chemicals Limited,BE,28.94,,0.284,502.0,5.0,,,"series BE (trade-to-trade / SME — not normal rolling settlement); 5% circuit band — cannot exit on bad news; listed 232d ago — under a year of history, no trend to read; illiquid: Rs28 lakh median daily turnover (floor Rs50 lakh); closed at circuit on 38% of sessions — a stop cannot fill in a locked market",False
ESSARSHPNG,Essar Shipping Limited,EQ,16.66,,0.283,832.0,20.0,,,illiquid: Rs28 lakh median daily turnover (floor Rs50 lakh),False
TVTODAY,TV Today Network Limited,EQ,101.3,,0.281,584.0,20.0,,,illiquid: Rs28 lakh median daily turnover (floor Rs50 lakh),False
SUPREMEINF,Supreme Infrastructure India Limited,EQ,54.67,802.0,0.281,1121.0,20.0,,,illiquid: Rs28 lakh median daily turnover (floor Rs50 lakh),False
VIRAT,Virat Industries Limited,EQ,382.45,,0.28,369.0,10.0,,,"listed 51d ago — under a year of history, no trend to read; illiquid: Rs28 lakh median daily turnover (floor Rs50 lakh)",False
SBIBPB,,,46.74,,0.277,379.0,,,,not in the NSE equity master (ETF / REIT / InvIT — not a company); illiquid: Rs28 lakh median daily turnover (floor Rs50 lakh),False
SUNRAKSHAK,Sunrakshakk Industries India Limited,EQ,356.9,,0.277,240.0,20.0,,,"listed 51d ago — under a year of history, no trend to read; illiquid: Rs28 lakh median daily turnover (floor Rs50 lakh); only 240 trades/day median — one operator's book, not a market",False
DICIND,DIC India Limited,EQ,610.35,,0.275,293.0,20.0,,,"illiquid: Rs28 lakh median daily turnover (floor Rs50 lakh); only 293 trades/day median — one operator's book, not a market",False
BLAL,BEML Land Assets Limited,EQ,156.57,,0.275,510.0,20.0,0,,"GSM stage 0 — exchange surveillance, periodic call auction; illiquid: Rs28 lakh median daily turnover (floor Rs50 lakh)",False
IVC,IL&FS Investment Managers Limited,EQ,7.95,,0.274,1251.0,20.0,,LT Stage I,"ASM LT Stage I — surveillance: 100% margin, no intraday, no pledging; illiquid: Rs27 lakh median daily turnover (floor Rs50 lakh)",False
BANSWRAS,Banswara Syntex Limited,EQ,105.44,,0.272,526.0,20.0,,,illiquid: Rs27 lakh median daily turnover (floor Rs50 lakh),False
SEKURITIND,Saint Gobain Sekurit India Limited,EQ,109.99,,0.27,425.0,20.0,,,"listed 51d ago — under a year of history, no trend to read; illiquid: Rs27 lakh median daily turnover (floor Rs50 lakh)",False
IFBAGRO,IFB Agro Industries Limited,EQ,875.35,858.0,0.269,283.0,20.0,,,"illiquid: Rs27 lakh median daily turnover (floor Rs50 lakh); only 283 trades/day median — one operator's book, not a market",False
TREJHARA,TREJHARA SOLUTIONS LIMITED,EQ,127.48,,0.265,558.0,20.0,,,illiquid: Rs26 lakh median daily turnover (floor Rs50 lakh),False
VMSTMT,VMS TMT Limited,EQ,45.76,,0.263,476.0,20.0,,,illiquid: Rs26 lakh median daily turnover (floor Rs50 lakh),False
NDL,Nandan Denim Limited,EQ,2.6,,0.262,1210.0,20.0,,,price Rs2.6 below the Rs5 floor (tick size ~1% of price; the spread eats the edge); illiquid: Rs26 lakh median daily turnover (floor Rs50 lakh),False
RUCHIRA,Ruchira Papers Limited,EQ,103.15,,0.261,629.0,20.0,,,illiquid: Rs26 lakh median daily turnover (floor Rs50 lakh),False
MALLCOM,Mallcom (India) Limited,EQ,902.1,,0.26,234.0,20.0,,,"illiquid: Rs26 lakh median daily turnover (floor Rs50 lakh); only 234 trades/day median — one operator's book, not a market",False
NINSYS,NINtec Systems Limited,EQ,829.75,,0.26,410.0,5.0,,,5% circuit band — cannot exit on bad news; illiquid: Rs26 lakh median daily turnover (floor Rs50 lakh),False
GTPL,GTPL Hathway Limited,EQ,55.92,,0.259,690.0,20.0,,,illiquid: Rs26 lakh median daily turnover (floor Rs50 lakh),False
ELGIRUBCO,Elgi Rubber Company Limited,EQ,57.85,,0.259,746.0,20.0,,,illiquid: Rs26 lakh median daily turnover (floor Rs50 lakh),False
GLOTTIS,Glottis Limited,EQ,58.71,,0.259,623.0,20.0,,,illiquid: Rs26 lakh median daily turnover (floor Rs50 lakh),False
BTML,Bodhi Tree Multimedia Limited,EQ,7.14,132.0,0.258,389.0,20.0,,,illiquid: Rs26 lakh median daily turnover (floor Rs50 lakh),False
EBIX,EBIX Limited,BE,20.03,,0.258,316.5,5.0,,,"series BE (trade-to-trade / SME — not normal rolling settlement); 5% circuit band — cannot exit on bad news; listed 51d ago — under a year of history, no trend to read; illiquid: Rs26 lakh median daily turnover (floor Rs50 lakh)",False
PERMAGN,Permanent Magnets Limited,EQ,881.6,,0.257,329.0,20.0,,,"listed 51d ago — under a year of history, no trend to read; illiquid: Rs26 lakh median daily turnover (floor Rs50 lakh)",False
RELIABLE,Reliable Data Services Limited,EQ,141.58,,0.256,544.0,20.0,,,illiquid: Rs26 lakh median daily turnover (floor Rs50 lakh),False
VINEETLAB,Vineet Laboratories Limited,EQ,36.65,,0.255,561.0,5.0,,,5% circuit band — cannot exit on bad news; illiquid: Rs26 lakh median daily turnover (floor Rs50 lakh),False
SAKHTISUG,Sakthi Sugars Limited,EQ,18.63,218.0,0.254,742.0,20.0,,,illiquid: Rs25 lakh median daily turnover (floor Rs50 lakh),False
BAJAJINDEF,Indef Manufacturing Limited,EQ,203.96,,0.253,416.0,20.0,,,illiquid: Rs25 lakh median daily turnover (floor Rs50 lakh),False
NIFTY100EW,,,33.38,,0.252,320.0,,,,not in the NSE equity master (ETF / REIT / InvIT — not a company); illiquid: Rs25 lakh median daily turnover (floor Rs50 lakh),False
A2ZINFRA,A2Z Infra Engineering Limited,EQ,14.1,,0.25,455.0,5.0,,LT Stage I,"ASM LT Stage I — surveillance: 100% margin, no intraday, no pledging; 5% circuit band — cannot exit on bad news; illiquid: Rs25 lakh median daily turnover (floor Rs50 lakh)",False
MNC,,,31.16,,0.249,467.0,,,,not in the NSE equity master (ETF / REIT / InvIT — not a company); illiquid: Rs25 lakh median daily turnover (floor Rs50 lakh),False
INNOVISION,Innovision Limited,EQ,256.0,,0.248,600.0,20.0,,,"listed 198d ago — under a year of history, no trend to read; illiquid: Rs25 lakh median daily turnover (floor Rs50 lakh)",False
CPL,Captain Polyplast Limited,EQ,61.1,,0.247,588.0,20.0,,,"listed 76d ago — under a year of history, no trend to read; illiquid: Rs25 lakh median daily turnover (floor Rs50 lakh)",False
BAJAJST,Bajaj Steel Industries Limited,EQ,331.4,,0.247,416.0,20.0,,,"listed 170d ago — under a year of history, no trend to read; illiquid: Rs25 lakh median daily turnover (floor Rs50 lakh)",False
DREAMFOLKS,Dreamfolks Services Limited,EQ,60.13,,0.246,950.0,20.0,,,illiquid: Rs25 lakh median daily turnover (floor Rs50 lakh),False
ZFSTEERING,ZF Steering Gear (India) Limited,EQ,691.7,,0.245,275.0,20.0,,,"listed 170d ago — under a year of history, no trend to read; illiquid: Rs24 lakh median daily turnover (floor Rs50 lakh); only 275 trades/day median — one operator's book, not a market",False
VAL30IETF,,,14.29,,0.243,501.0,,,,not in the NSE equity master (ETF / REIT / InvIT — not a company); illiquid: Rs24 lakh median daily turnover (floor Rs50 lakh),False
NECCLTD,North Eastern Carrying Corporation Limited,EQ,18.87,,0.241,436.0,20.0,,,illiquid: Rs24 lakh median daily turnover (floor Rs50 lakh),False
STEL,Stel Holdings Limited,EQ,568.6,,0.24,365.0,20.0,,,illiquid: Rs24 lakh median daily turnover (floor Rs50 lakh),False
COASTCORP,Coastal Corporation Limited,EQ,36.98,,0.238,673.0,20.0,,,illiquid: Rs24 lakh median daily turnover (floor Rs50 lakh),False
SHREERAMA,Shree Rama Multi-Tech Limited,EQ,43.36,,0.238,909.0,20.0,,,illiquid: Rs24 lakh median daily turnover (floor Rs50 lakh),False
ANMOL,Anmol India Limited,BE,14.39,,0.237,684.0,5.0,,,series BE (trade-to-trade / SME — not normal rolling settlement); 5% circuit band — cannot exit on bad news; illiquid: Rs24 lakh median daily turnover (floor Rs50 lakh); closed at circuit on 55% of sessions — a stop cannot fill in a locked market,False
DYNPRO,Dynemic Products Limited,EQ,226.7,,0.236,343.0,20.0,,,illiquid: Rs24 lakh median daily turnover (floor Rs50 lakh),False
TRF,TRF Limited,EQ,198.02,,0.236,403.0,20.0,,,illiquid: Rs24 lakh median daily turnover (floor Rs50 lakh),False
BATLIBOI,Batliboi Limited,EQ,94.8,,0.233,1040.0,20.0,,,"listed 170d ago — under a year of history, no trend to read; illiquid: Rs23 lakh median daily turnover (floor Rs50 lakh)",False
GROWWRLTY,,,9.21,,0.233,631.0,,,,not in the NSE equity master (ETF / REIT / InvIT — not a company); illiquid: Rs23 lakh median daily turnover (floor Rs50 lakh),False
RPPINFRA,R.P.P. Infra Projects Limited,EQ,51.43,,0.232,677.0,20.0,,,illiquid: Rs23 lakh median daily turnover (floor Rs50 lakh),False
GRPLTD,GRP Limited,EQ,1847.0,,0.232,211.0,20.0,,,"illiquid: Rs23 lakh median daily turnover (floor Rs50 lakh); only 211 trades/day median — one operator's book, not a market",False
HSBCGOLD,,,127.56,,0.231,83.0,,,,"not in the NSE equity master (ETF / REIT / InvIT — not a company); illiquid: Rs23 lakh median daily turnover (floor Rs50 lakh); only 83 trades/day median — one operator's book, not a market",False
MIRZAINT,Mirza International Limited,EQ,27.85,439.0,0.231,832.0,20.0,,,illiquid: Rs23 lakh median daily turnover (floor Rs50 lakh),False
MUTHOOTCAP,Muthoot Capital Services Limited,EQ,213.53,,0.23,465.0,20.0,,,illiquid: Rs23 lakh median daily turnover (floor Rs50 lakh),False
HDFCPSUBK,,,81.58,,0.227,218.0,,,,"not in the NSE equity master (ETF / REIT / InvIT — not a company); illiquid: Rs23 lakh median daily turnover (floor Rs50 lakh); only 218 trades/day median — one operator's book, not a market",False
PVSL,Popular Vehicles and Services Limited,EQ,95.37,,0.226,536.0,20.0,,,illiquid: Rs23 lakh median daily turnover (floor Rs50 lakh),False
ZODIAC,Zodiac Energy Limited,EQ,214.34,,0.225,548.0,10.0,,,illiquid: Rs22 lakh median daily turnover (floor Rs50 lakh),False
TARACHAND,Tara Chand InfraLogistic Solutions Limited,EQ,46.26,,0.225,1186.0,20.0,,,illiquid: Rs22 lakh median daily turnover (floor Rs50 lakh),False
MADRASFERT,Madras Fertilizers Limited,EQ,58.89,,0.225,750.0,20.0,,,illiquid: Rs22 lakh median daily turnover (floor Rs50 lakh),False
FCSSOFT,FCS Software Solutions Limited,EQ,1.4,,0.224,1119.0,10.0,,,price Rs1.4 below the Rs5 floor (tick size ~1% of price; the spread eats the edge); illiquid: Rs22 lakh median daily turnover (floor Rs50 lakh),False
INDOKEM,Indokem Limited,EQ,580.95,,0.223,308.0,10.0,,,"listed 51d ago — under a year of history, no trend to read; illiquid: Rs22 lakh median daily turnover (floor Rs50 lakh)",False
HCL-INSYS,HCL Infosystems Limited,EQ,10.05,,0.223,822.0,20.0,0,,"GSM stage 0 — exchange surveillance, periodic call auction; illiquid: Rs22 lakh median daily turnover (floor Rs50 lakh)",False
NIF100IETF,,,26.51,,0.222,1460.0,,,,not in the NSE equity master (ETF / REIT / InvIT — not a company); illiquid: Rs22 lakh median daily turnover (floor Rs50 lakh),False
PENINLAND,Peninsula Land Limited,EQ,14.66,,0.22,643.0,20.0,,,illiquid: Rs22 lakh median daily turnover (floor Rs50 lakh),False
BENGALASM,Bengal & Assam Company Limited,EQ,6036.0,,0.22,150.0,20.0,,,"listed 170d ago — under a year of history, no trend to read; illiquid: Rs22 lakh median daily turnover (floor Rs50 lakh); only 150 trades/day median — one operator's book, not a market",False
LANDSMILL,Landsmill Green Limited,BE,0.93,,0.219,1152.0,5.0,,,series BE (trade-to-trade / SME — not normal rolling settlement); 5% circuit band — cannot exit on bad news; price Rs0.93 below the Rs5 floor (tick size ~1% of price; the spread eats the edge); illiquid: Rs22 lakh median daily turnover (floor Rs50 lakh); closed at circuit on 33% of sessions — a stop cannot fill in a locked market,False
PRECOT,Precot Limited,EQ,613.1,,0.219,202.0,20.0,,,"illiquid: Rs22 lakh median daily turnover (floor Rs50 lakh); only 202 trades/day median — one operator's book, not a market",False
SINCLAIR,Sinclairs Hotels Limited,EQ,75.1,,0.219,476.0,20.0,,,illiquid: Rs22 lakh median daily turnover (floor Rs50 lakh),False
VIKASLIFE,Vikas Lifecare Limited,EQ,1.19,,0.218,8062.0,20.0,,,price Rs1.19 below the Rs5 floor (tick size ~1% of price; the spread eats the edge); illiquid: Rs22 lakh median daily turnover (floor Rs50 lakh),False
TRITONV,Triton Valves Limited,EQ,1050.2,,0.217,280.0,20.0,,,"listed 51d ago — under a year of history, no trend to read; illiquid: Rs22 lakh median daily turnover (floor Rs50 lakh); only 280 trades/day median — one operator's book, not a market",False
VALUEAXIS,,,30.93,,0.217,314.0,,,,not in the NSE equity master (ETF / REIT / InvIT — not a company); illiquid: Rs22 lakh median daily turnover (floor Rs50 lakh),False
SUKHJITS,Sukhjit Starch & Chemicals Limited,EQ,149.56,,0.217,357.0,20.0,,,illiquid: Rs22 lakh median daily turnover (floor Rs50 lakh),False
CFEL,Confidence Futuristic Energetech Limited,BE,46.0,,0.214,186.0,5.0,,,"series BE (trade-to-trade / SME — not normal rolling settlement); 5% circuit band — cannot exit on bad news; listed 51d ago — under a year of history, no trend to read; illiquid: Rs21 lakh median daily turnover (floor Rs50 lakh); only 186 trades/day median — one operator's book, not a market; closed at circuit on 36% of sessions — a stop cannot fill in a locked market",False
HTMEDIA,HT Media Limited,EQ,22.59,,0.213,466.0,20.0,,,illiquid: Rs21 lakh median daily turnover (floor Rs50 lakh),False
AONETOTAL,,,11.3,,0.212,1060.0,,,,not in the NSE equity master (ETF / REIT / InvIT — not a company); illiquid: Rs21 lakh median daily turnover (floor Rs50 lakh),False
ESSENTIA,Integra Essentia Limited,EQ,1.0,,0.211,689.0,5.0,,,5% circuit band — cannot exit on bad news; price Rs1.0 below the Rs5 floor (tick size ~1% of price; the spread eats the edge); illiquid: Rs21 lakh median daily turnover (floor Rs50 lakh),False
ZEELEARN,Zee Learn Limited,EQ,6.29,,0.21,732.0,20.0,,,illiquid: Rs21 lakh median daily turnover (floor Rs50 lakh),False
NAHARINDUS,Nahar Industrial Enterprises Limited,EQ,133.93,,0.21,426.0,20.0,,,illiquid: Rs21 lakh median daily turnover (floor Rs50 lakh),False
TIGERLOGS,Tiger Logistics (India) Limited,EQ,26.17,,0.21,613.0,20.0,,,illiquid: Rs21 lakh median daily turnover (floor Rs50 lakh),False
DCMNVL,DCM Nouvelle Limited,BE,171.37,,0.209,430.0,5.0,,,series BE (trade-to-trade / SME — not normal rolling settlement); 5% circuit band — cannot exit on bad news; illiquid: Rs21 lakh median daily turnover (floor Rs50 lakh),False
SBIETFIT,,,308.87,,0.209,270.0,,,,"not in the NSE equity master (ETF / REIT / InvIT — not a company); illiquid: Rs21 lakh median daily turnover (floor Rs50 lakh); only 270 trades/day median — one operator's book, not a market",False
BLBLIMITED,BLB Limited,EQ,16.91,,0.208,468.0,20.0,,,illiquid: Rs21 lakh median daily turnover (floor Rs50 lakh),False
IMPAL,India Motor Parts and Accessories Limited,EQ,1000.2,,0.207,278.0,20.0,,,"illiquid: Rs21 lakh median daily turnover (floor Rs50 lakh); only 278 trades/day median — one operator's book, not a market",False
WSI,W S Industries (I) Limited,EQ,52.1,,0.207,459.0,20.0,,,illiquid: Rs21 lakh median daily turnover (floor Rs50 lakh),False
CHEMBOND,Chembond Material Technologies Limited,EQ,188.56,,0.206,507.0,20.0,,,illiquid: Rs21 lakh median daily turnover (floor Rs50 lakh),False
MULTICAP,,,15.95,,0.206,528.0,,,,not in the NSE equity master (ETF / REIT / InvIT — not a company); illiquid: Rs21 lakh median daily turnover (floor Rs50 lakh),False
ORICONENT,Oricon Enterprises Limited,EQ,52.27,,0.205,555.0,20.0,,,illiquid: Rs20 lakh median daily turnover (floor Rs50 lakh),False
SENSEXETF,,,75.05,,0.204,271.0,,,,"not in the NSE equity master (ETF / REIT / InvIT — not a company); illiquid: Rs20 lakh median daily turnover (floor Rs50 lakh); only 271 trades/day median — one operator's book, not a market",False
NIFTYADD,,,238.12,,0.201,174.0,,,,"not in the NSE equity master (ETF / REIT / InvIT — not a company); illiquid: Rs20 lakh median daily turnover (floor Rs50 lakh); only 174 trades/day median — one operator's book, not a market",False
SPCENET,Spacenet Enterprises India Limited,EQ,3.33,,0.201,548.0,10.0,,,price Rs3.33 below the Rs5 floor (tick size ~1% of price; the spread eats the edge); illiquid: Rs20 lakh median daily turnover (floor Rs50 lakh),False
OSWALGREEN,Oswal Greentech Limited,EQ,18.99,,0.2,838.0,20.0,,,illiquid: Rs20 lakh median daily turnover (floor Rs50 lakh),False
BRAHMINFRA,Brahmaputra Infrastructure Limited,EQ,142.98,,0.2,399.0,20.0,,,"listed 51d ago — under a year of history, no trend to read; illiquid: Rs20 lakh median daily turnover (floor Rs50 lakh)",False
ANDREWYU,Andrew Yule & Company Limited,EQ,24.63,,0.199,475.0,20.0,,,"listed 51d ago — under a year of history, no trend to read; illiquid: Rs20 lakh median daily turnover (floor Rs50 lakh)",False
SOFTTECH,Softtech Engineers Limited,EQ,458.05,,0.199,188.0,5.0,,,"5% circuit band — cannot exit on bad news; illiquid: Rs20 lakh median daily turnover (floor Rs50 lakh); only 188 trades/day median — one operator's book, not a market",False
LAMBODHARA,Lambodhara Textiles Limited,EQ,133.74,,0.198,435.0,20.0,,,illiquid: Rs20 lakh median daily turnover (floor Rs50 lakh),False
CONSUMER,,,11.26,,0.196,332.0,,,,not in the NSE equity master (ETF / REIT / InvIT — not a company); illiquid: Rs20 lakh median daily turnover (floor Rs50 lakh),False
SAHLIBHFI,Shalibhadra Finance Limited,EQ,76.31,,0.191,499.0,20.0,,,"listed 180d ago — under a year of history, no trend to read; illiquid: Rs19 lakh median daily turnover (floor Rs50 lakh)",False
TRIGYN,Trigyn Technologies Limited,EQ,51.63,,0.19,806.0,20.0,,,illiquid: Rs19 lakh median daily turnover (floor Rs50 lakh),False
CINELINE,Cineline India Limited,EQ,93.35,,0.19,372.0,20.0,,,illiquid: Rs19 lakh median daily turnover (floor Rs50 lakh),False
BROOKS,Brooks Laboratories Limited,EQ,58.78,,0.189,546.0,10.0,,,illiquid: Rs19 lakh median daily turnover (floor Rs50 lakh),False
AXTEL,Axtel Industries Limited,EQ,435.5,,0.187,239.0,20.0,,,"listed 51d ago — under a year of history, no trend to read; illiquid: Rs19 lakh median daily turnover (floor Rs50 lakh); only 239 trades/day median — one operator's book, not a market",False
KOKUYOCMLN,Kokuyo Camlin Limited,EQ,73.0,,0.187,438.0,20.0,,,illiquid: Rs19 lakh median daily turnover (floor Rs50 lakh),False
CCCL,Consolidated Construction Consortium Limited,EQ,12.99,,0.186,477.0,20.0,,,illiquid: Rs19 lakh median daily turnover (floor Rs50 lakh),False
TTL,T T Limited,EQ,7.29,,0.186,449.0,20.0,,,illiquid: Rs19 lakh median daily turnover (floor Rs50 lakh),False
MOMENTUM,,,30.17,,0.185,206.0,,,,"not in the NSE equity master (ETF / REIT / InvIT — not a company); illiquid: Rs18 lakh median daily turnover (floor Rs50 lakh); only 206 trades/day median — one operator's book, not a market",False
ROSSELLIND,Rossell India Limited,EQ,52.26,,0.184,604.0,20.0,,,illiquid: Rs18 lakh median daily turnover (floor Rs50 lakh),False
SUDARCOLOR,Sudarshan Colorants India Limited,EQ,364.55,,0.184,261.0,20.0,,,"illiquid: Rs18 lakh median daily turnover (floor Rs50 lakh); only 261 trades/day median — one operator's book, not a market",False
AKCAPIT,AK Capital Services Limited,EQ,1747.2,,0.183,128.0,20.0,,,"listed 170d ago — under a year of history, no trend to read; illiquid: Rs18 lakh median daily turnover (floor Rs50 lakh); only 128 trades/day median — one operator's book, not a market",False
ARCHIDPLY,Archidply Industries Limited,EQ,102.73,,0.183,277.0,20.0,,,"illiquid: Rs18 lakh median daily turnover (floor Rs50 lakh); only 277 trades/day median — one operator's book, not a market",False
SRGHFL,SRG Housing Finance Limited,EQ,126.61,,0.183,213.0,5.0,,LT Stage I,"ASM LT Stage I — surveillance: 100% margin, no intraday, no pledging; 5% circuit band — cannot exit on bad news; illiquid: Rs18 lakh median daily turnover (floor Rs50 lakh); only 213 trades/day median — one operator's book, not a market; closed at circuit on 36% of sessions — a stop cannot fill in a locked market",False
ELM250,,,15.58,,0.183,282.0,,,,"not in the NSE equity master (ETF / REIT / InvIT — not a company); illiquid: Rs18 lakh median daily turnover (floor Rs50 lakh); only 282 trades/day median — one operator's book, not a market",False
RKSWAMY,R K Swamy Limited,EQ,88.16,,0.182,514.0,20.0,,,illiquid: Rs18 lakh median daily turnover (floor Rs50 lakh),False
JENBURPH,Jenburkt Pharmaceuticals Limited,EQ,891.4,,0.181,108.0,20.0,,,"listed 51d ago — under a year of history, no trend to read; illiquid: Rs18 lakh median daily turnover (floor Rs50 lakh); only 108 trades/day median — one operator's book, not a market",False
AVG,AVG Logistics Limited,EQ,169.65,,0.18,215.0,20.0,,,"illiquid: Rs18 lakh median daily turnover (floor Rs50 lakh); only 215 trades/day median — one operator's book, not a market",False
GROWWMOM50,,,10.7,,0.18,531.0,,,,not in the NSE equity master (ETF / REIT / InvIT — not a company); illiquid: Rs18 lakh median daily turnover (floor Rs50 lakh),False
VARDHACRLC,Vardhman Acrylics Limited,EQ,43.72,,0.179,344.0,20.0,,,illiquid: Rs18 lakh median daily turnover (floor Rs50 lakh),False
NATIONSTD,National Standard (India) Limited,EQ,110.21,,0.178,501.0,5.0,,LT Stage I,"ASM LT Stage I — surveillance: 100% margin, no intraday, no pledging; 5% circuit band — cannot exit on bad news; listed 170d ago — under a year of history, no trend to read; illiquid: Rs18 lakh median daily turnover (floor Rs50 lakh)",False
RAMAPHO,Rama Phosphates Limited,EQ,115.17,,0.178,344.0,20.0,,,illiquid: Rs18 lakh median daily turnover (floor Rs50 lakh),False
VHL,Vardhman Holdings Limited,EQ,3598.8,,0.177,104.0,20.0,,,"illiquid: Rs18 lakh median daily turnover (floor Rs50 lakh); only 104 trades/day median — one operator's book, not a market",False
AVROIND,AVRO INDIA LIMITED,EQ,6.13,,0.176,598.0,20.0,,,illiquid: Rs18 lakh median daily turnover (floor Rs50 lakh),False
KDGREEN,KD Green Industries Limited,EQ,48.53,,0.176,528.0,10.0,,,"listed 51d ago — under a year of history, no trend to read; illiquid: Rs18 lakh median daily turnover (floor Rs50 lakh)",False
PSUBANKADD,,,81.72,,0.175,240.0,,,,"not in the NSE equity master (ETF / REIT / InvIT — not a company); illiquid: Rs18 lakh median daily turnover (floor Rs50 lakh); only 240 trades/day median — one operator's book, not a market",False
PVTBANKADD,,,27.48,,0.173,150.0,,,,"not in the NSE equity master (ETF / REIT / InvIT — not a company); illiquid: Rs17 lakh median daily turnover (floor Rs50 lakh); only 150 trades/day median — one operator's book, not a market",False
BPL,BPL Limited,EQ,44.22,,0.172,720.0,20.0,,,illiquid: Rs17 lakh median daily turnover (floor Rs50 lakh),False
VISHWARAJ,Vishwaraj Sugar Industries Limited,EQ,5.51,,0.172,667.0,20.0,,LT Stage I,"ASM LT Stage I — surveillance: 100% margin, no intraday, no pledging; illiquid: Rs17 lakh median daily turnover (floor Rs50 lakh)",False
TARMAT,Tarmat Limited,EQ,56.78,,0.171,623.0,20.0,,,illiquid: Rs17 lakh median daily turnover (floor Rs50 lakh),False
LGHL,Laxmi Goldorna House Limited,EQ,215.12,,0.171,350.0,20.0,,LT Stage I,"ASM LT Stage I — surveillance: 100% margin, no intraday, no pledging; illiquid: Rs17 lakh median daily turnover (floor Rs50 lakh)",False
MID150,,,22.26,,0.168,265.0,,,,"not in the NSE equity master (ETF / REIT / InvIT — not a company); illiquid: Rs17 lakh median daily turnover (floor Rs50 lakh); only 265 trades/day median — one operator's book, not a market",False
ELPROINTL,Elpro International Limited,EQ,174.86,,0.168,166.0,10.0,,,"listed 170d ago — under a year of history, no trend to read; illiquid: Rs17 lakh median daily turnover (floor Rs50 lakh); only 166 trades/day median — one operator's book, not a market",False
NIFTYJBLK,,,11.61,,0.166,700.0,,,,not in the NSE equity master (ETF / REIT / InvIT — not a company); illiquid: Rs17 lakh median daily turnover (floor Rs50 lakh),False
MANAKALUCO,Manaksia Aluminium Company Limited,EQ,32.21,,0.166,613.0,20.0,,,illiquid: Rs17 lakh median daily turnover (floor Rs50 lakh),False
ARVEE,Arvee Laboratories (India) Limited,EQ,211.79,,0.166,343.0,10.0,,LT Stage I,"ASM LT Stage I — surveillance: 100% margin, no intraday, no pledging; illiquid: Rs17 lakh median daily turnover (floor Rs50 lakh)",False
HINDCOMPOS,Hindustan Composites Limited,EQ,403.75,,0.165,272.0,20.0,,,"illiquid: Rs16 lakh median daily turnover (floor Rs50 lakh); only 272 trades/day median — one operator's book, not a market",False
SENSEXBETA,,,804.11,,0.165,170.0,,,,"not in the NSE equity master (ETF / REIT / InvIT — not a company); illiquid: Rs16 lakh median daily turnover (floor Rs50 lakh); only 170 trades/day median — one operator's book, not a market",False
MONEYBOXX,Moneyboxx Finance Limited,BE,52.28,,0.164,199.0,5.0,,,"series BE (trade-to-trade / SME — not normal rolling settlement); 5% circuit band — cannot exit on bad news; listed 357d ago — under a year of history, no trend to read; illiquid: Rs16 lakh median daily turnover (floor Rs50 lakh); only 199 trades/day median — one operator's book, not a market; closed at circuit on 52% of sessions — a stop cannot fill in a locked market",False
QUAL30IETF,,,19.62,,0.162,280.0,,,,"not in the NSE equity master (ETF / REIT / InvIT — not a company); illiquid: Rs16 lakh median daily turnover (floor Rs50 lakh); only 280 trades/day median — one operator's book, not a market",False
DISAQ,Disa India Limited,EQ,11419.0,,0.162,71.0,20.0,,,"listed 170d ago — under a year of history, no trend to read; illiquid: Rs16 lakh median daily turnover (floor Rs50 lakh); only 71 trades/day median — one operator's book, not a market",False
HDFCNIMEG,,,123.33,,0.161,87.0,,,,"not in the NSE equity master (ETF / REIT / InvIT — not a company); illiquid: Rs16 lakh median daily turnover (floor Rs50 lakh); only 87 trades/day median — one operator's book, not a market",False
TECHNVISN,TechNVision Ventures Limited,EQ,4213.5,,0.16,102.0,5.0,,,"5% circuit band — cannot exit on bad news; listed 170d ago — under a year of history, no trend to read; illiquid: Rs16 lakh median daily turnover (floor Rs50 lakh); only 102 trades/day median — one operator's book, not a market; closed at circuit on 28% of sessions — a stop cannot fill in a locked market",False
LORDSCHLO,Lords Chloro Alkali Limited,EQ,139.5,,0.159,437.0,20.0,,,illiquid: Rs16 lakh median daily turnover (floor Rs50 lakh),False
VLSFINANCE,VLS Finance Limited,EQ,229.97,,0.159,227.0,20.0,,,"illiquid: Rs16 lakh median daily turnover (floor Rs50 lakh); only 227 trades/day median — one operator's book, not a market",False
VIKASECO,Vikas EcoTech Limited,EQ,1.02,,0.159,1016.0,20.0,,,price Rs1.02 below the Rs5 floor (tick size ~1% of price; the spread eats the edge); illiquid: Rs16 lakh median daily turnover (floor Rs50 lakh),False
GSLSU,Global Surfaces Limited,EQ,28.88,,0.159,573.0,5.0,,LT Stage I,"ASM LT Stage I — surveillance: 100% margin, no intraday, no pledging; 5% circuit band — cannot exit on bad news; illiquid: Rs16 lakh median daily turnover (floor Rs50 lakh); closed at circuit on 28% of sessions — a stop cannot fill in a locked market",False
HILTON,Hilton Metal Forging Limited,EQ,16.58,,0.156,439.0,5.0,,,5% circuit band — cannot exit on bad news; illiquid: Rs16 lakh median daily turnover (floor Rs50 lakh),False
HDFCGROWTH,,,108.34,,0.155,161.0,,,,"not in the NSE equity master (ETF / REIT / InvIT — not a company); illiquid: Rs16 lakh median daily turnover (floor Rs50 lakh); only 161 trades/day median — one operator's book, not a market",False
AIRAN,Airan Limited,EQ,15.32,,0.155,490.0,20.0,,,illiquid: Rs16 lakh median daily turnover (floor Rs50 lakh),False
UFO,UFO Moviez India Limited,EQ,56.88,,0.155,419.0,20.0,,,illiquid: Rs16 lakh median daily turnover (floor Rs50 lakh),False
AONENIFTY,,,9.34,,0.154,1241.0,,,,not in the NSE equity master (ETF / REIT / InvIT — not a company); illiquid: Rs15 lakh median daily turnover (floor Rs50 lakh),False
HARRMALAYA,Harrisons  Malayalam Limited,EQ,173.9,,0.153,325.0,20.0,,,illiquid: Rs15 lakh median daily turnover (floor Rs50 lakh),False
MODINATUR,Modi Naturals Limited,EQ,299.6,,0.153,214.0,20.0,,,"listed 300d ago — under a year of history, no trend to read; illiquid: Rs15 lakh median daily turnover (floor Rs50 lakh); only 214 trades/day median — one operator's book, not a market",False
WARDINMOBI,Wardwizard Innovations & Mobility Limited,BZ,5.31,,0.153,769.5,5.0,,,"series BZ (trade-to-trade / SME — not normal rolling settlement); 5% circuit band — cannot exit on bad news; listed 51d ago — under a year of history, no trend to read; illiquid: Rs15 lakh median daily turnover (floor Rs50 lakh)",False
KSE,KSE Limited,EQ,176.84,,0.153,277.0,20.0,,,"listed 51d ago — under a year of history, no trend to read; illiquid: Rs15 lakh median daily turnover (floor Rs50 lakh); only 277 trades/day median — one operator's book, not a market",False
LOTUSCHO,Lotus Chocolate Company Limited,EQ,646.85,,0.152,330.0,20.0,,,"listed 51d ago — under a year of history, no trend to read; illiquid: Rs15 lakh median daily turnover (floor Rs50 lakh)",False
UMIYA-MRO,UMIYA BUILDCON LIMITED,EQ,92.22,,0.151,332.0,20.0,,,illiquid: Rs15 lakh median daily turnover (floor Rs50 lakh),False
JINDALPHOT,Jindal Photo Limited,EQ,1032.8,,0.151,187.0,20.0,,,"illiquid: Rs15 lakh median daily turnover (floor Rs50 lakh); only 187 trades/day median — one operator's book, not a market",False
VRAJ,Vraj Iron and Steel Limited,EQ,121.86,,0.149,466.0,20.0,,,illiquid: Rs15 lakh median daily turnover (floor Rs50 lakh),False
CROWN,Crown Lifters Limited,EQ,112.44,,0.149,217.0,20.0,,,"illiquid: Rs15 lakh median daily turnover (floor Rs50 lakh); only 217 trades/day median — one operator's book, not a market",False
HPAL,HP Adhesives Limited,EQ,34.62,,0.148,593.0,20.0,,,illiquid: Rs15 lakh median daily turnover (floor Rs50 lakh),False
VAISHALI,Vaishali Pharma Limited,EQ,8.1,,0.147,346.0,10.0,,,illiquid: Rs15 lakh median daily turnover (floor Rs50 lakh),False
NAHARPOLY,Nahar Poly Films Limited,EQ,222.13,,0.146,291.0,20.0,,,"illiquid: Rs15 lakh median daily turnover (floor Rs50 lakh); only 291 trades/day median — one operator's book, not a market",False
NECLIFE,Nectar Lifesciences Limited,EQ,10.59,,0.144,390.0,5.0,,LT Stage I,"ASM LT Stage I — surveillance: 100% margin, no intraday, no pledging; 5% circuit band — cannot exit on bad news; illiquid: Rs14 lakh median daily turnover (floor Rs50 lakh)",False
BCONCEPTS,Brand Concepts Limited,EQ,143.73,,0.144,474.0,20.0,,,illiquid: Rs14 lakh median daily turnover (floor Rs50 lakh),False
GVPTECH,GVP Infotech Limited,BE,8.33,,0.144,655.5,5.0,,,series BE (trade-to-trade / SME — not normal rolling settlement); 5% circuit band — cannot exit on bad news; illiquid: Rs14 lakh median daily turnover (floor Rs50 lakh),False
LINC,Linc Limited,EQ,86.84,,0.144,394.0,20.0,,,illiquid: Rs14 lakh median daily turnover (floor Rs50 lakh),False
BASML,Bannari Amman Spinning Mills Limited,EQ,22.69,,0.144,217.0,20.0,,,"illiquid: Rs14 lakh median daily turnover (floor Rs50 lakh); only 217 trades/day median — one operator's book, not a market",False
VERTOZ,Vertoz Limited,EQ,33.06,,0.143,415.0,20.0,,,illiquid: Rs14 lakh median daily turnover (floor Rs50 lakh),False
PRAENG,Prajay Engineers Syndicate Limited,EQ,19.37,,0.143,471.0,20.0,,LT Stage I,"ASM LT Stage I — surveillance: 100% margin, no intraday, no pledging; illiquid: Rs14 lakh median daily turnover (floor Rs50 lakh)",False
DBEIL,Deepak Builders & Engineers India Limited,EQ,6.55,331.0,0.143,462.0,20.0,,,illiquid: Rs14 lakh median daily turnover (floor Rs50 lakh),False
QNIFTY,,,249.49,,0.141,148.0,,,,"not in the NSE equity master (ETF / REIT / InvIT — not a company); illiquid: Rs14 lakh median daily turnover (floor Rs50 lakh); only 148 trades/day median — one operator's book, not a market",False
GOLD360,,,142.75,,0.141,249.0,,,,"not in the NSE equity master (ETF / REIT / InvIT — not a company); illiquid: Rs14 lakh median daily turnover (floor Rs50 lakh); only 249 trades/day median — one operator's book, not a market",False
BIGBLOC,Bigbloc Construction Limited,EQ,36.47,,0.141,574.0,20.0,,,illiquid: Rs14 lakh median daily turnover (floor Rs50 lakh),False
ASHIMASYN,Ashima Limited,EQ,14.51,,0.141,336.0,20.0,,LT Stage I,"ASM LT Stage I — surveillance: 100% margin, no intraday, no pledging; illiquid: Rs14 lakh median daily turnover (floor Rs50 lakh)",False
SVLL,Shree Vasu Logistics Limited,EQ,824.9,,0.14,81.0,20.0,,,"illiquid: Rs14 lakh median daily turnover (floor Rs50 lakh); only 81 trades/day median — one operator's book, not a market",False
CHEVIOT,Cheviot Company Limited,EQ,1148.4,,0.139,142.0,20.0,,,"illiquid: Rs14 lakh median daily turnover (floor Rs50 lakh); only 142 trades/day median — one operator's book, not a market",False
ARIHANT,Arihant Foundations & Housing Limited,EQ,929.9,,0.138,205.0,20.0,,,"listed 170d ago — under a year of history, no trend to read; illiquid: Rs14 lakh median daily turnover (floor Rs50 lakh); only 205 trades/day median — one operator's book, not a market",False
STCINDIA,The State Trading Corporation of India Limited,EQ,104.5,,0.135,302.0,20.0,,,illiquid: Rs14 lakh median daily turnover (floor Rs50 lakh),False
BBETF0432,,,1337.0,,0.134,42.0,,,,"not in the NSE equity master (ETF / REIT / InvIT — not a company); illiquid: Rs13 lakh median daily turnover (floor Rs50 lakh); only 42 trades/day median — one operator's book, not a market",False
NATHBIOGEN,Nath Bio-Genes (India) Limited,EQ,136.87,,0.132,248.0,20.0,,,"illiquid: Rs13 lakh median daily turnover (floor Rs50 lakh); only 248 trades/day median — one operator's book, not a market",False
KNAGRI,KN Agri Resources Limited,EQ,205.9,,0.132,213.0,20.0,,,"listed 302d ago — under a year of history, no trend to read; illiquid: Rs13 lakh median daily turnover (floor Rs50 lakh); only 213 trades/day median — one operator's book, not a market",False
MAHEPC,Mahindra EPC Irrigation Limited,EQ,98.37,,0.13,351.0,20.0,,,illiquid: Rs13 lakh median daily turnover (floor Rs50 lakh),False
INTENTECH,Intense Technologies Limited,EQ,80.92,,0.13,283.0,20.0,,,"illiquid: Rs13 lakh median daily turnover (floor Rs50 lakh); only 283 trades/day median — one operator's book, not a market",False
SAKUMA,Sakuma Exports Limited,EQ,1.5,,0.13,918.0,10.0,,,price Rs1.5 below the Rs5 floor (tick size ~1% of price; the spread eats the edge); illiquid: Rs13 lakh median daily turnover (floor Rs50 lakh),False
BURNPUR,Burnpur Cement Limited,BE,19.47,,0.129,195.5,5.0,,,"series BE (trade-to-trade / SME — not normal rolling settlement); 5% circuit band — cannot exit on bad news; illiquid: Rs13 lakh median daily turnover (floor Rs50 lakh); only 195 trades/day median — one operator's book, not a market; closed at circuit on 100% of sessions — a stop cannot fill in a locked market",False
MANGALAM,Mangalam Drugs And Organics Limited,EQ,33.09,,0.129,509.0,10.0,,LT Stage I,"ASM LT Stage I — surveillance: 100% margin, no intraday, no pledging; illiquid: Rs13 lakh median daily turnover (floor Rs50 lakh)",False
GTL,GTL Limited,EQ,6.9,,0.129,593.0,20.0,,,illiquid: Rs13 lakh median daily turnover (floor Rs50 lakh),False
EQUAL50,,,310.32,,0.129,43.0,,,,"not in the NSE equity master (ETF / REIT / InvIT — not a company); illiquid: Rs13 lakh median daily turnover (floor Rs50 lakh); only 43 trades/day median — one operator's book, not a market",False
GROWWCHEM,,,28.79,,0.128,296.0,,,,"not in the NSE equity master (ETF / REIT / InvIT — not a company); illiquid: Rs13 lakh median daily turnover (floor Rs50 lakh); only 296 trades/day median — one operator's book, not a market",False
ASMS,Avio Smart Market Stack Limited,EQ,5.95,,0.127,678.5,20.0,,,illiquid: Rs13 lakh median daily turnover (floor Rs50 lakh),False
SWISSMLTRY,Swiss Military Consumer Goods Limited,BE,15.89,,0.127,518.0,5.0,,,"series BE (trade-to-trade / SME — not normal rolling settlement); 5% circuit band — cannot exit on bad news; listed 51d ago — under a year of history, no trend to read; illiquid: Rs13 lakh median daily turnover (floor Rs50 lakh)",False
WEALTH,Wealth First Portfolio Managers Limited,EQ,833.45,,0.127,168.0,20.0,,,"illiquid: Rs13 lakh median daily turnover (floor Rs50 lakh); only 168 trades/day median — one operator's book, not a market",False
GROWWSC250,,,10.36,,0.126,560.0,,,,not in the NSE equity master (ETF / REIT / InvIT — not a company); illiquid: Rs13 lakh median daily turnover (floor Rs50 lakh),False
NV20,,,13.08,,0.125,292.0,,,,"not in the NSE equity master (ETF / REIT / InvIT — not a company); illiquid: Rs12 lakh median daily turnover (floor Rs50 lakh); only 292 trades/day median — one operator's book, not a market",False
EXXARO,Exxaro Tiles Limited,EQ,6.13,,0.124,516.0,20.0,,,illiquid: Rs12 lakh median daily turnover (floor Rs50 lakh),False
DIGISPICE,DiGiSPICE Technologies Limited,EQ,15.28,,0.124,277.0,5.0,,,"5% circuit band — cannot exit on bad news; illiquid: Rs12 lakh median daily turnover (floor Rs50 lakh); only 277 trades/day median — one operator's book, not a market",False
XELPMOC,Xelpmoc Design And Tech Limited,EQ,91.32,,0.122,358.0,20.0,,ST Stage I,"ASM ST Stage I — surveillance: 100% margin, no intraday, no pledging; illiquid: Rs12 lakh median daily turnover (floor Rs50 lakh)",False
VEDAVAAG,VEDAVAAG Systems Limited,EQ,22.84,,0.121,332.0,20.0,,,"listed 51d ago — under a year of history, no trend to read; illiquid: Rs12 lakh median daily turnover (floor Rs50 lakh)",False
GENUSPAPER,Genus Paper & Boards Limited,EQ,10.47,,0.12,398.0,20.0,,,illiquid: Rs12 lakh median daily turnover (floor Rs50 lakh),False
VISACHROME,VISA Chrome Limited,EQ,35.22,,0.119,250.0,5.0,,,"5% circuit band — cannot exit on bad news; illiquid: Rs12 lakh median daily turnover (floor Rs50 lakh); only 250 trades/day median — one operator's book, not a market; closed at circuit on 40% of sessions — a stop cannot fill in a locked market",False
VINYLINDIA,Vinyl Chemicals (India) Limited,EQ,215.53,,0.119,314.0,20.0,,,illiquid: Rs12 lakh median daily turnover (floor Rs50 lakh),False
SBINEQWETF,,,31.31,,0.118,248.0,,,,"not in the NSE equity master (ETF / REIT / InvIT — not a company); illiquid: Rs12 lakh median daily turnover (floor Rs50 lakh); only 248 trades/day median — one operator's book, not a market",False
ENIL,Entertainment Network (India) Limited,EQ,92.0,,0.118,300.0,20.0,,,illiquid: Rs12 lakh median daily turnover (floor Rs50 lakh),False
HALEOSLABS,HALEOS LABS LIMITED,EQ,1584.7,,0.118,63.0,20.0,,,"illiquid: Rs12 lakh median daily turnover (floor Rs50 lakh); only 63 trades/day median — one operator's book, not a market",False
ACGL,Automobile Corporation of Goa Limited,EQ,1703.8,,0.117,147.0,20.0,,,"listed 51d ago — under a year of history, no trend to read; illiquid: Rs12 lakh median daily turnover (floor Rs50 lakh); only 147 trades/day median — one operator's book, not a market",False
CONSUMIETF,,,115.33,,0.116,179.0,,,,"not in the NSE equity master (ETF / REIT / InvIT — not a company); illiquid: Rs12 lakh median daily turnover (floor Rs50 lakh); only 179 trades/day median — one operator's book, not a market",False
RAJSREESUG,Rajshree Sugars & Chemicals Limited,EQ,27.4,,0.116,498.0,20.0,,LT Stage I,"ASM LT Stage I — surveillance: 100% margin, no intraday, no pledging; illiquid: Rs12 lakh median daily turnover (floor Rs50 lakh)",False
VIPCLOTHNG,VIP Clothing Limited,EQ,20.02,,0.115,208.0,10.0,,,"illiquid: Rs12 lakh median daily turnover (floor Rs50 lakh); only 208 trades/day median — one operator's book, not a market",False
AARON,Aaron Industries Limited,EQ,122.5,,0.115,359.0,20.0,,,illiquid: Rs12 lakh median daily turnover (floor Rs50 lakh),False
PATINTLOG,Patel Integrated Logistics Limited,EQ,13.11,99.2,0.114,358.0,20.0,,,illiquid: Rs11 lakh median daily turnover (floor Rs50 lakh),False
AARVI,Aarvi Encon Limited,EQ,140.71,,0.114,225.0,20.0,,,"illiquid: Rs11 lakh median daily turnover (floor Rs50 lakh); only 225 trades/day median — one operator's book, not a market",False
GLOBECIVIL,Globe Civil Projects Limited,EQ,40.89,,0.114,445.0,20.0,,,illiquid: Rs11 lakh median daily turnover (floor Rs50 lakh),False
CREST,Crest Ventures Limited,EQ,362.85,,0.113,122.0,20.0,,,"illiquid: Rs11 lakh median daily turnover (floor Rs50 lakh); only 122 trades/day median — one operator's book, not a market",False
MOM50,,,236.09,,0.112,126.0,,,,"not in the NSE equity master (ETF / REIT / InvIT — not a company); illiquid: Rs11 lakh median daily turnover (floor Rs50 lakh); only 126 trades/day median — one operator's book, not a market",False
EKI,EKI Energy Services Limited,BE,94.99,,0.111,422.0,5.0,,,"series BE (trade-to-trade / SME — not normal rolling settlement); 5% circuit band — cannot exit on bad news; listed 51d ago — under a year of history, no trend to read; illiquid: Rs11 lakh median daily turnover (floor Rs50 lakh)",False
PODDARMENT,Poddar Pigments Limited,EQ,254.8,,0.111,146.0,20.0,,,"illiquid: Rs11 lakh median daily turnover (floor Rs50 lakh); only 146 trades/day median — one operator's book, not a market",False
HDFCVALUE,,,118.56,,0.111,119.0,,,,"not in the NSE equity master (ETF / REIT / InvIT — not a company); illiquid: Rs11 lakh median daily turnover (floor Rs50 lakh); only 119 trades/day median — one operator's book, not a market",False
CHEMFAB,Chemfab Alkalis Limited,EQ,331.8,,0.11,193.0,20.0,,,"illiquid: Rs11 lakh median daily turnover (floor Rs50 lakh); only 193 trades/day median — one operator's book, not a market",False
FLEXIADD,,,9.46,,0.11,459.0,,,,not in the NSE equity master (ETF / REIT / InvIT — not a company); illiquid: Rs11 lakh median daily turnover (floor Rs50 lakh),False
STARPAPER,Star Paper Mills Limited,EQ,151.5,,0.11,188.0,20.0,,,"illiquid: Rs11 lakh median daily turnover (floor Rs50 lakh); only 188 trades/day median — one operator's book, not a market",False
MARALOVER,Maral Overseas Limited,EQ,58.48,,0.11,247.0,20.0,,,"illiquid: Rs11 lakh median daily turnover (floor Rs50 lakh); only 247 trades/day median — one operator's book, not a market",False
AFSL,Abans Financial Services Limited,EQ,201.0,,0.11,98.0,20.0,,,"illiquid: Rs11 lakh median daily turnover (floor Rs50 lakh); only 98 trades/day median — one operator's book, not a market",False
PTL,PTL Enterprises Limited,EQ,38.2,,0.109,751.0,20.0,,,illiquid: Rs11 lakh median daily turnover (floor Rs50 lakh),False
HEALTHX,Health X Platform Limited,EQ,284.15,,0.108,107.0,20.0,,,"illiquid: Rs11 lakh median daily turnover (floor Rs50 lakh); only 107 trades/day median — one operator's book, not a market",False
HDFCNIF100,,,24.55,,0.107,275.0,,,,"not in the NSE equity master (ETF / REIT / InvIT — not a company); illiquid: Rs11 lakh median daily turnover (floor Rs50 lakh); only 275 trades/day median — one operator's book, not a market",False
MANUFGBEES,,,153.85,,0.107,132.0,,,,"not in the NSE equity master (ETF / REIT / InvIT — not a company); illiquid: Rs11 lakh median daily turnover (floor Rs50 lakh); only 132 trades/day median — one operator's book, not a market",False
SADBHAV,Sadbhav Engineering Limited,EQ,6.92,,0.107,405.0,5.0,,,5% circuit band — cannot exit on bad news; illiquid: Rs11 lakh median daily turnover (floor Rs50 lakh),False
ECAPINSURE,,,23.28,,0.105,294.0,,,,"not in the NSE equity master (ETF / REIT / InvIT — not a company); illiquid: Rs10 lakh median daily turnover (floor Rs50 lakh); only 294 trades/day median — one operator's book, not a market",False
BBTCL,B&B Triplewall Containers Limited,EQ,225.66,,0.105,229.0,20.0,,,"illiquid: Rs10 lakh median daily turnover (floor Rs50 lakh); only 229 trades/day median — one operator's book, not a market",False
MEGASTAR,Megastar Foods Limited,EQ,309.06,,0.105,160.0,20.0,,,"illiquid: Rs10 lakh median daily turnover (floor Rs50 lakh); only 160 trades/day median — one operator's book, not a market",False
SBGLP,Suratwwala Business Group Limited,EQ,22.72,,0.104,363.0,20.0,,,illiquid: Rs10 lakh median daily turnover (floor Rs50 lakh),False
TECH,,,30.48,,0.104,217.0,,,,"not in the NSE equity master (ETF / REIT / InvIT — not a company); illiquid: Rs10 lakh median daily turnover (floor Rs50 lakh); only 217 trades/day median — one operator's book, not a market",False
ARIHANTSUP,Arihant Superstructures Limited,EQ,231.18,,0.104,163.0,20.0,,,"illiquid: Rs10 lakh median daily turnover (floor Rs50 lakh); only 163 trades/day median — one operator's book, not a market",False
ADVANIHOTR,Advani Hotels & Resorts (India) Limited,EQ,47.91,,0.103,373.0,20.0,,,illiquid: Rs10 lakh median daily turnover (floor Rs50 lakh),False
TOP15IETF,,,9.24,,0.102,257.0,,,,"not in the NSE equity master (ETF / REIT / InvIT — not a company); illiquid: Rs10 lakh median daily turnover (floor Rs50 lakh); only 257 trades/day median — one operator's book, not a market",False
LIBAS,Libas Consumer Products Limited,EQ,11.55,,0.102,291.0,20.0,,,"illiquid: Rs10 lakh median daily turnover (floor Rs50 lakh); only 291 trades/day median — one operator's book, not a market",False
MOMENTUM30,,,29.74,,0.101,102.0,,,,"not in the NSE equity master (ETF / REIT / InvIT — not a company); illiquid: Rs10 lakh median daily turnover (floor Rs50 lakh); only 102 trades/day median — one operator's book, not a market",False
NILAINFRA,Nila Infrastructures Limited,EQ,6.63,,0.101,509.0,20.0,,,illiquid: Rs10 lakh median daily turnover (floor Rs50 lakh),False
S&SPOWER,S&S Power Switchgears Limited,EQ,290.6,,0.1,126.0,5.0,,,"5% circuit band — cannot exit on bad news; illiquid: Rs10 lakh median daily turnover (floor Rs50 lakh); only 126 trades/day median — one operator's book, not a market",False
INDBANK,Indbank Merchant Banking Services Limited,EQ,26.11,,0.1,543.0,20.0,,,illiquid: Rs10 lakh median daily turnover (floor Rs50 lakh),False
ISHANCH,Ishan Dyes and Chemicals Limited,EQ,47.08,,0.1,314.0,20.0,,,illiquid: Rs10 lakh median daily turnover (floor Rs50 lakh),False
ATLASCYCLE,Atlas Cycles (Haryana) Limited,EQ,92.1,,0.1,324.0,20.0,,,illiquid: Rs10 lakh median daily turnover (floor Rs50 lakh),False
SRD,Shankar Lal Rampal Dye-Chem Limited,EQ,37.81,,0.1,217.0,20.0,,,"illiquid: Rs10 lakh median daily turnover (floor Rs50 lakh); only 217 trades/day median — one operator's book, not a market",False
XTGLOBAL,Xtglobal Infotech Limited,EQ,27.2,,0.1,322.0,20.0,,,illiquid: Rs10 lakh median daily turnover (floor Rs50 lakh),False
DOLLEX,Dollex Agrotech Limited,EQ,37.49,,0.099,304.0,20.0,,,"listed 26d ago — under a year of history, no trend to read; illiquid: Rs10 lakh median daily turnover (floor Rs50 lakh)",False
MBLINFRA,MBL Infrastructure Limited,EQ,25.06,,0.098,191.0,5.0,,,"5% circuit band — cannot exit on bad news; illiquid: Rs10 lakh median daily turnover (floor Rs50 lakh); only 191 trades/day median — one operator's book, not a market",False
ABSLPSE,,,9.65,,0.098,388.0,,,,not in the NSE equity master (ETF / REIT / InvIT — not a company); illiquid: Rs10 lakh median daily turnover (floor Rs50 lakh),False
CRESTO,CRESTO TECHNO LIMITED,BE,23.21,,0.098,239.5,5.0,,,"series BE (trade-to-trade / SME — not normal rolling settlement); 5% circuit band — cannot exit on bad news; illiquid: Rs10 lakh median daily turnover (floor Rs50 lakh); only 239 trades/day median — one operator's book, not a market; closed at circuit on 43% of sessions — a stop cannot fill in a locked market",False
BANKPSU,,,81.6,,0.098,89.0,,,,"not in the NSE equity master (ETF / REIT / InvIT — not a company); illiquid: Rs10 lakh median daily turnover (floor Rs50 lakh); only 89 trades/day median — one operator's book, not a market",False
ITAXIS,,,306.14,,0.098,62.0,,,,"not in the NSE equity master (ETF / REIT / InvIT — not a company); illiquid: Rs10 lakh median daily turnover (floor Rs50 lakh); only 62 trades/day median — one operator's book, not a market",False
OSWALAGRO,Oswal Agro Mills Limited,EQ,32.74,,0.098,330.0,10.0,,,illiquid: Rs10 lakh median daily turnover (floor Rs50 lakh),False
HLVLTD,HLV LIMITED,EQ,6.12,,0.097,580.0,20.0,,,illiquid: Rs10 lakh median daily turnover (floor Rs50 lakh),False
DEEP,Deep Polymers Limited,BE,46.72,,0.097,299.0,5.0,,,"series BE (trade-to-trade / SME — not normal rolling settlement); 5% circuit band — cannot exit on bad news; listed 51d ago — under a year of history, no trend to read; illiquid: Rs10 lakh median daily turnover (floor Rs50 lakh); only 299 trades/day median — one operator's book, not a market; closed at circuit on 23% of sessions — a stop cannot fill in a locked market",False
ATLANTAA,ATLANTAA LIMITED,EQ,35.47,,0.097,547.0,20.0,,,illiquid: Rs10 lakh median daily turnover (floor Rs50 lakh),False
AJOONI,Ajooni Biotech Limited,EQ,3.01,,0.097,439.0,20.0,,,price Rs3.01 below the Rs5 floor (tick size ~1% of price; the spread eats the edge); illiquid: Rs10 lakh median daily turnover (floor Rs50 lakh),False
OSWALSEEDS,ShreeOswal Seeds And Chemicals Limited,EQ,12.2,,0.097,391.0,20.0,,,illiquid: Rs10 lakh median daily turnover (floor Rs50 lakh),False
PAVNAIND,Pavna Industries Limited,EQ,15.3,,0.097,387.0,20.0,,,illiquid: Rs10 lakh median daily turnover (floor Rs50 lakh),False
FMCGADD,,,45.0,,0.097,161.0,,,,"not in the NSE equity master (ETF / REIT / InvIT — not a company); illiquid: Rs10 lakh median daily turnover (floor Rs50 lakh); only 161 trades/day median — one operator's book, not a market",False
BANG,Bang Overseas Limited,EQ,33.64,,0.097,265.0,20.0,,,"illiquid: Rs10 lakh median daily turnover (floor Rs50 lakh); only 265 trades/day median — one operator's book, not a market",False
DONEAR,Donear Industries Limited,EQ,80.86,,0.096,177.0,20.0,,,"illiquid: Rs10 lakh median daily turnover (floor Rs50 lakh); only 177 trades/day median — one operator's book, not a market",False
CEMNTGROWW,,,13.52,,0.096,417.0,,,,not in the NSE equity master (ETF / REIT / InvIT — not a company); illiquid: Rs10 lakh median daily turnover (floor Rs50 lakh),False
NOVAAGRI,Nova Agritech Limited,EQ,22.24,,0.096,389.5,20.0,,,illiquid: Rs10 lakh median daily turnover (floor Rs50 lakh),False
BANKADD,,,56.5,,0.095,93.0,,,,"not in the NSE equity master (ETF / REIT / InvIT — not a company); illiquid: Rs10 lakh median daily turnover (floor Rs50 lakh); only 93 trades/day median — one operator's book, not a market",False
SOMICONVEY,Somi Conveyor Beltings Limited,EQ,83.37,,0.095,266.0,20.0,,,"illiquid: Rs10 lakh median daily turnover (floor Rs50 lakh); only 266 trades/day median — one operator's book, not a market",False
SIL,Standard Industries Limited,EQ,15.62,,0.095,434.0,20.0,,,illiquid: Rs10 lakh median daily turnover (floor Rs50 lakh),False
LATTEYS,Latteys Industries Limited,EQ,21.87,131.0,0.094,232.0,20.0,,,"illiquid: Rs9 lakh median daily turnover (floor Rs50 lakh); only 232 trades/day median — one operator's book, not a market",False
MOTOUR,,,76.15,,0.094,154.0,,,,"not in the NSE equity master (ETF / REIT / InvIT — not a company); illiquid: Rs9 lakh median daily turnover (floor Rs50 lakh); only 154 trades/day median — one operator's book, not a market",False
FOCUS,Focus Lighting and Fixtures Limited,EQ,56.26,,0.093,214.0,20.0,,,"illiquid: Rs9 lakh median daily turnover (floor Rs50 lakh); only 214 trades/day median — one operator's book, not a market",False
VLEGOV,VL E-Governance & IT Solutions Limited,EQ,9.37,,0.093,391.0,5.0,,,5% circuit band — cannot exit on bad news; illiquid: Rs9 lakh median daily turnover (floor Rs50 lakh),False
HEALTHCARE,,,21.04,,0.093,204.0,,,,"not in the NSE equity master (ETF / REIT / InvIT — not a company); illiquid: Rs9 lakh median daily turnover (floor Rs50 lakh); only 204 trades/day median — one operator's book, not a market",False
MIDQ50ADD,,,23.74,,0.092,177.0,,,,"not in the NSE equity master (ETF / REIT / InvIT — not a company); illiquid: Rs9 lakh median daily turnover (floor Rs50 lakh); only 177 trades/day median — one operator's book, not a market",False
DIAMINESQ,Diamines & Chemicals Limited,EQ,239.04,,0.092,170.0,20.0,,,"illiquid: Rs9 lakh median daily turnover (floor Rs50 lakh); only 170 trades/day median — one operator's book, not a market",False
AUSOMENT,Ausom Enterprise Limited,EQ,141.68,,0.092,147.0,5.0,,,"5% circuit band — cannot exit on bad news; illiquid: Rs9 lakh median daily turnover (floor Rs50 lakh); only 147 trades/day median — one operator's book, not a market",False
MITTAL,Mittal Life Style Limited,EQ,0.72,,0.092,449.0,20.0,,,price Rs0.72 below the Rs5 floor (tick size ~1% of price; the spread eats the edge); illiquid: Rs9 lakh median daily turnover (floor Rs50 lakh),False
NDLVENTURE,NDL Ventures Limited,EQ,120.26,,0.091,150.0,20.0,,,"illiquid: Rs9 lakh median daily turnover (floor Rs50 lakh); only 150 trades/day median — one operator's book, not a market",False
KRITINUT,Kriti Nutrients Limited,EQ,70.15,,0.091,189.0,5.0,,,"5% circuit band — cannot exit on bad news; illiquid: Rs9 lakh median daily turnover (floor Rs50 lakh); only 189 trades/day median — one operator's book, not a market",False
NEXT50ETF,,,70.11,,0.091,179.0,,,,"not in the NSE equity master (ETF / REIT / InvIT — not a company); illiquid: Rs9 lakh median daily turnover (floor Rs50 lakh); only 179 trades/day median — one operator's book, not a market",False
BEEKAY,Beekay Steel Industries Limited,EQ,440.05,,0.091,119.0,20.0,,,"listed 170d ago — under a year of history, no trend to read; illiquid: Rs9 lakh median daily turnover (floor Rs50 lakh); only 119 trades/day median — one operator's book, not a market",False
MKEXIM,M.K. Exim (India) Limited,EQ,62.0,,0.091,192.0,20.0,,,"listed 51d ago — under a year of history, no trend to read; illiquid: Rs9 lakh median daily turnover (floor Rs50 lakh); only 192 trades/day median — one operator's book, not a market",False
SRTL,Shree Ram Twistex Limited,EQ,37.74,,0.091,305.0,20.0,,,"listed 219d ago — under a year of history, no trend to read; illiquid: Rs9 lakh median daily turnover (floor Rs50 lakh)",False
SUMIT,Sumit Woods Limited,EQ,50.48,,0.089,192.0,20.0,,,"illiquid: Rs9 lakh median daily turnover (floor Rs50 lakh); only 192 trades/day median — one operator's book, not a market",False
SHIVACEM,Shiva Cement Limited,EQ,13.0,,0.089,304.0,20.0,,,"listed 51d ago — under a year of history, no trend to read; illiquid: Rs9 lakh median daily turnover (floor Rs50 lakh)",False
RAJPALAYAM,Rajapalayam Mills Limited,EQ,743.8,,0.088,51.0,20.0,,,"listed 170d ago — under a year of history, no trend to read; illiquid: Rs9 lakh median daily turnover (floor Rs50 lakh); only 51 trades/day median — one operator's book, not a market",False
NBIFIN,N. B. I. Industrial Finance Company Limited,EQ,1839.3,,0.088,51.0,20.0,,,"illiquid: Rs9 lakh median daily turnover (floor Rs50 lakh); only 51 trades/day median — one operator's book, not a market",False
HINDCON,Hindcon Chemicals Limited,BE,33.3,,0.088,315.5,5.0,,,series BE (trade-to-trade / SME — not normal rolling settlement); 5% circuit band — cannot exit on bad news; illiquid: Rs9 lakh median daily turnover (floor Rs50 lakh); closed at circuit on 23% of sessions — a stop cannot fill in a locked market,False
HINDADH,Hindustan Adhesives Limited,EQ,384.8,,0.087,96.0,20.0,,,"listed 51d ago — under a year of history, no trend to read; illiquid: Rs9 lakh median daily turnover (floor Rs50 lakh); only 96 trades/day median — one operator's book, not a market",False
SBISMLETF,,,17.95,,0.087,237.0,,,,"not in the NSE equity master (ETF / REIT / InvIT — not a company); illiquid: Rs9 lakh median daily turnover (floor Rs50 lakh); only 237 trades/day median — one operator's book, not a market",False
GLOBE,GLOBE ENTERPRISES (INDIA) LIMITED,EQ,2.11,,0.087,294.0,20.0,,,"price Rs2.11 below the Rs5 floor (tick size ~1% of price; the spread eats the edge); illiquid: Rs9 lakh median daily turnover (floor Rs50 lakh); only 294 trades/day median — one operator's book, not a market",False
AUSTENG,Austin Engineering Company  Limited,EQ,161.74,,0.087,191.0,20.0,,ST Stage I,"ASM ST Stage I — surveillance: 100% margin, no intraday, no pledging; listed 51d ago — under a year of history, no trend to read; illiquid: Rs9 lakh median daily turnover (floor Rs50 lakh); only 191 trades/day median — one operator's book, not a market",False
SPENCERS,Spencer's Retail Limited,EQ,27.87,,0.087,336.0,20.0,,,illiquid: Rs9 lakh median daily turnover (floor Rs50 lakh),False
BENARAS,Benares Hotels Limited,EQ,10201.0,,0.086,26.0,20.0,,,"listed 51d ago — under a year of history, no trend to read; illiquid: Rs9 lakh median daily turnover (floor Rs50 lakh); only 26 trades/day median — one operator's book, not a market",False
SBIETFPB,,,277.45,,0.086,101.0,,,,"not in the NSE equity master (ETF / REIT / InvIT — not a company); illiquid: Rs9 lakh median daily turnover (floor Rs50 lakh); only 101 trades/day median — one operator's book, not a market",False
SUNDRMBRAK,Sundaram Brake Linings Limited,EQ,667.05,,0.086,120.0,20.0,,,"illiquid: Rs9 lakh median daily turnover (floor Rs50 lakh); only 120 trades/day median — one operator's book, not a market",False
APOLSINHOT,Apollo Sindoori Hotels Limited,EQ,1178.3,,0.086,86.0,20.0,,,"illiquid: Rs9 lakh median daily turnover (floor Rs50 lakh); only 86 trades/day median — one operator's book, not a market",False
VASWANI,Vaswani Industries Limited,EQ,43.8,,0.085,212.0,20.0,,,"illiquid: Rs8 lakh median daily turnover (floor Rs50 lakh); only 212 trades/day median — one operator's book, not a market",False
COMFINTE,Comfort Intech Limited,EQ,6.37,,0.085,406.0,20.0,,ST Stage I,"ASM ST Stage I — surveillance: 100% margin, no intraday, no pledging; listed 170d ago — under a year of history, no trend to read; illiquid: Rs8 lakh median daily turnover (floor Rs50 lakh)",False
BYKE,The Byke Hospitality Ltd,EQ,30.01,,0.085,270.0,10.0,,,"illiquid: Rs8 lakh median daily turnover (floor Rs50 lakh); only 270 trades/day median — one operator's book, not a market",False
GLOBALVECT,Global Vectra Helicorp Limited,EQ,125.94,,0.085,233.0,20.0,,,"illiquid: Rs8 lakh median daily turnover (floor Rs50 lakh); only 233 trades/day median — one operator's book, not a market",False
NIFTYBETF,,,232.77,,0.085,115.0,,,,"not in the NSE equity master (ETF / REIT / InvIT — not a company); illiquid: Rs8 lakh median daily turnover (floor Rs50 lakh); only 115 trades/day median — one operator's book, not a market",False
SHRADDHA,Shraddha Prime Projects Limited,EQ,163.31,,0.084,137.0,20.0,,,"listed 51d ago — under a year of history, no trend to read; illiquid: Rs8 lakh median daily turnover (floor Rs50 lakh); only 137 trades/day median — one operator's book, not a market",False
ABCOTS,A B Cotspin India Limited,EQ,192.07,,0.084,146.0,20.0,,,"illiquid: Rs8 lakh median daily turnover (floor Rs50 lakh); only 146 trades/day median — one operator's book, not a market",False
OPTIFIN,Optimus Finance Limited,EQ,14.58,,0.083,220.0,20.0,,,"listed 51d ago — under a year of history, no trend to read; illiquid: Rs8 lakh median daily turnover (floor Rs50 lakh); only 220 trades/day median — one operator's book, not a market",False
UNITEDTEA,The United Nilgiri Tea Estates Company Limited,EQ,408.85,,0.083,83.0,20.0,,,"illiquid: Rs8 lakh median daily turnover (floor Rs50 lakh); only 83 trades/day median — one operator's book, not a market",False
KAMOPAINTS,Kamdhenu Ventures Limited,EQ,4.07,,0.083,570.0,20.0,,,price Rs4.07 below the Rs5 floor (tick size ~1% of price; the spread eats the edge); illiquid: Rs8 lakh median daily turnover (floor Rs50 lakh),False
VIRINCHI,Virinchi Limited,EQ,12.97,,0.082,248.0,20.0,,,"illiquid: Rs8 lakh median daily turnover (floor Rs50 lakh); only 248 trades/day median — one operator's book, not a market",False
CHOICEGOLD,,,145.27,,0.082,136.0,,,,"not in the NSE equity master (ETF / REIT / InvIT — not a company); illiquid: Rs8 lakh median daily turnover (floor Rs50 lakh); only 136 trades/day median — one operator's book, not a market",False
RKEC,RKEC Projects Limited,BE,23.09,,0.081,391.0,5.0,,,series BE (trade-to-trade / SME — not normal rolling settlement); 5% circuit band — cannot exit on bad news; illiquid: Rs8 lakh median daily turnover (floor Rs50 lakh),False
TIPSFILMS,Tips Films Limited,EQ,328.75,,0.081,207.0,20.0,,,"illiquid: Rs8 lakh median daily turnover (floor Rs50 lakh); only 207 trades/day median — one operator's book, not a market",False
SMALLIETF,,,17.91,,0.08,125.0,,,,"not in the NSE equity master (ETF / REIT / InvIT — not a company); illiquid: Rs8 lakh median daily turnover (floor Rs50 lakh); only 125 trades/day median — one operator's book, not a market",False
MOLOWVOL,,,34.17,,0.079,58.0,,,,"not in the NSE equity master (ETF / REIT / InvIT — not a company); illiquid: Rs8 lakh median daily turnover (floor Rs50 lakh); only 58 trades/day median — one operator's book, not a market",False
WATERBASE,Waterbase Limited,EQ,45.07,,0.079,235.0,20.0,,,"listed 51d ago — under a year of history, no trend to read; illiquid: Rs8 lakh median daily turnover (floor Rs50 lakh); only 235 trades/day median — one operator's book, not a market",False
VARDMNPOLY,Vardhman Polytex Limited,EQ,5.4,,0.078,312.0,20.0,,,illiquid: Rs8 lakh median daily turnover (floor Rs50 lakh),False
BAIDFIN,Baid Finserv Limited,EQ,10.21,,0.077,316.0,20.0,,,illiquid: Rs8 lakh median daily turnover (floor Rs50 lakh),False
ALANKIT,Alankit Limited,EQ,7.71,,0.077,508.0,20.0,,,illiquid: Rs8 lakh median daily turnover (floor Rs50 lakh),False
HECPROJECT,HEC Infra Projects Limited,EQ,112.19,,0.076,146.0,20.0,,,"illiquid: Rs8 lakh median daily turnover (floor Rs50 lakh); only 146 trades/day median — one operator's book, not a market",False
JKIPL,Jinkushal Industries Limited,EQ,100.29,,0.076,213.0,5.0,,,"5% circuit band — cannot exit on bad news; illiquid: Rs8 lakh median daily turnover (floor Rs50 lakh); only 213 trades/day median — one operator's book, not a market",False
VSTL,Vibhor Steel Tubes Limited,EQ,106.84,,0.076,315.0,20.0,,,illiquid: Rs8 lakh median daily turnover (floor Rs50 lakh),False
EMULTIMQ,,,40.72,,0.076,141.0,,,,"not in the NSE equity master (ETF / REIT / InvIT — not a company); illiquid: Rs8 lakh median daily turnover (floor Rs50 lakh); only 141 trades/day median — one operator's book, not a market",False
SILVER001,,,22.03,,0.076,87.0,,,,"not in the NSE equity master (ETF / REIT / InvIT — not a company); illiquid: Rs8 lakh median daily turnover (floor Rs50 lakh); only 87 trades/day median — one operator's book, not a market",False
AMNPLST,Amines & Plasticizers Limited,EQ,172.6,,0.076,180.0,20.0,,,"illiquid: Rs8 lakh median daily turnover (floor Rs50 lakh); only 180 trades/day median — one operator's book, not a market",False
SUPERHOUSE,Superhouse Limited,EQ,154.93,,0.075,138.0,20.0,,,"illiquid: Rs8 lakh median daily turnover (floor Rs50 lakh); only 138 trades/day median — one operator's book, not a market",False
SICAGEN,Sicagen India Limited,EQ,51.53,,0.075,198.0,5.0,,,"5% circuit band — cannot exit on bad news; listed 170d ago — under a year of history, no trend to read; illiquid: Rs8 lakh median daily turnover (floor Rs50 lakh); only 198 trades/day median — one operator's book, not a market",False
JMA,Jullundur Motor Agency (Delhi) Limited,EQ,88.69,,0.074,226.0,20.0,,,"illiquid: Rs7 lakh median daily turnover (floor Rs50 lakh); only 226 trades/day median — one operator's book, not a market",False
SHIVAMAUTO,Shivam Autotech Limited,EQ,16.68,,0.074,228.0,20.0,,LT Stage I,"ASM LT Stage I — surveillance: 100% margin, no intraday, no pledging; illiquid: Rs7 lakh median daily turnover (floor Rs50 lakh); only 228 trades/day median — one operator's book, not a market",False
ABSLNN50ET,,,73.35,,0.074,198.0,,,,"not in the NSE equity master (ETF / REIT / InvIT — not a company); illiquid: Rs7 lakh median daily turnover (floor Rs50 lakh); only 198 trades/day median — one operator's book, not a market",False
INDOWIND,Indowind Energy Limited,EQ,8.58,,0.074,449.0,20.0,,,illiquid: Rs7 lakh median daily turnover (floor Rs50 lakh),False
AAKASH,Aakash Exploration Services Limited,EQ,8.24,,0.073,312.0,20.0,,,illiquid: Rs7 lakh median daily turnover (floor Rs50 lakh),False
AONETMMQ50,,,10.0,,0.073,255.0,,,,"not in the NSE equity master (ETF / REIT / InvIT — not a company); illiquid: Rs7 lakh median daily turnover (floor Rs50 lakh); only 255 trades/day median — one operator's book, not a market",False
LOTUSEYE,Lotus Eye Hospital and Institute Limited,EQ,114.84,,0.073,173.0,20.0,,,"illiquid: Rs7 lakh median daily turnover (floor Rs50 lakh); only 173 trades/day median — one operator's book, not a market",False
SETF10GILT,,,260.15,,0.073,41.0,,,,"not in the NSE equity master (ETF / REIT / InvIT — not a company); illiquid: Rs7 lakh median daily turnover (floor Rs50 lakh); only 41 trades/day median — one operator's book, not a market",False
ELCIDIN,EL CID Investments Limited,EQ,102900.0,,0.073,7.0,20.0,,,"listed 170d ago — under a year of history, no trend to read; illiquid: Rs7 lakh median daily turnover (floor Rs50 lakh); only 7 trades/day median — one operator's book, not a market",False
DCM,DCM  Limited,EQ,71.01,,0.073,82.0,20.0,,,"illiquid: Rs7 lakh median daily turnover (floor Rs50 lakh); only 82 trades/day median — one operator's book, not a market",False
ENKEIWHEL,Enkei Wheels (India) Limited,EQ,388.45,,0.072,79.0,20.0,,,"listed 51d ago — under a year of history, no trend to read; illiquid: Rs7 lakh median daily turnover (floor Rs50 lakh); only 79 trades/day median — one operator's book, not a market",False
WORTHPERI,Worth Peripherals Limited,EQ,143.26,,0.072,94.0,20.0,,,"illiquid: Rs7 lakh median daily turnover (floor Rs50 lakh); only 94 trades/day median — one operator's book, not a market",False
NIRAJ,Niraj Cement Structurals Limited,EQ,27.52,,0.072,147.0,20.0,,,"illiquid: Rs7 lakh median daily turnover (floor Rs50 lakh); only 147 trades/day median — one operator's book, not a market",False
RAJMET,Rajnandini Metal Limited,EQ,3.1,,0.071,628.0,20.0,,,price Rs3.1 below the Rs5 floor (tick size ~1% of price; the spread eats the edge); illiquid: Rs7 lakh median daily turnover (floor Rs50 lakh),False
RUDRA,Rudra Global Infra Products Limited,EQ,19.46,,0.07,174.0,20.0,,,"listed 292d ago — under a year of history, no trend to read; illiquid: Rs7 lakh median daily turnover (floor Rs50 lakh); only 174 trades/day median — one operator's book, not a market",False
KIRANVYPAR,Kiran Vyapar Limited,EQ,191.35,,0.07,108.0,20.0,,,"listed 170d ago — under a year of history, no trend to read; illiquid: Rs7 lakh median daily turnover (floor Rs50 lakh); only 108 trades/day median — one operator's book, not a market",False
SILINV,SIL Investments Limited,EQ,464.1,,0.069,116.0,20.0,,,"illiquid: Rs7 lakh median daily turnover (floor Rs50 lakh); only 116 trades/day median — one operator's book, not a market",False
MOTOGENFIN,The Motor & General Finance Limited,EQ,25.3,106.0,0.069,128.0,20.0,,,"illiquid: Rs7 lakh median daily turnover (floor Rs50 lakh); only 128 trades/day median — one operator's book, not a market",False
SHEMAROO,Shemaroo Entertainment Limited,EQ,111.11,,0.069,114.0,20.0,,,"illiquid: Rs7 lakh median daily turnover (floor Rs50 lakh); only 114 trades/day median — one operator's book, not a market",False
GSEC5IETF,,,65.69,,0.069,38.0,,,,"not in the NSE equity master (ETF / REIT / InvIT — not a company); illiquid: Rs7 lakh median daily turnover (floor Rs50 lakh); only 38 trades/day median — one operator's book, not a market",False
MOKSH,Moksh Ornaments Limited,EQ,9.52,,0.069,280.0,20.0,,,"illiquid: Rs7 lakh median daily turnover (floor Rs50 lakh); only 280 trades/day median — one operator's book, not a market",False
DEVIT,Dev Information Technology Limited,EQ,19.96,,0.068,396.0,20.0,,,illiquid: Rs7 lakh median daily turnover (floor Rs50 lakh),False
BANKBETF,,,56.09,,0.068,284.0,,,,"not in the NSE equity master (ETF / REIT / InvIT — not a company); illiquid: Rs7 lakh median daily turnover (floor Rs50 lakh); only 284 trades/day median — one operator's book, not a market",False
BVCL,Barak Valley Cements Limited,EQ,40.69,,0.068,209.0,20.0,,,"illiquid: Rs7 lakh median daily turnover (floor Rs50 lakh); only 209 trades/day median — one operator's book, not a market",False
MADHAVIPL,Madhav Infra Projects Limited,EQ,7.39,,0.068,332.0,20.0,,,"listed 170d ago — under a year of history, no trend to read; illiquid: Rs7 lakh median daily turnover (floor Rs50 lakh)",False
CPEDU,Career Point Edutech Limited,EQ,179.72,,0.067,82.0,20.0,,,"illiquid: Rs7 lakh median daily turnover (floor Rs50 lakh); only 82 trades/day median — one operator's book, not a market",False
BANK10ADD,,,16.35,,0.067,133.0,,,,"not in the NSE equity master (ETF / REIT / InvIT — not a company); illiquid: Rs7 lakh median daily turnover (floor Rs50 lakh); only 133 trades/day median — one operator's book, not a market",False
MAHESHWARI,Maheshwari Logistics Limited,EQ,71.2,,0.067,75.5,20.0,,,"illiquid: Rs7 lakh median daily turnover (floor Rs50 lakh); only 75 trades/day median — one operator's book, not a market",False
ALPA,Alpa Laboratories Limited,EQ,57.71,,0.066,211.0,20.0,,,"illiquid: Rs7 lakh median daily turnover (floor Rs50 lakh); only 211 trades/day median — one operator's book, not a market",False
VISHAL,Vishal Fabrics Limited,EQ,17.13,,0.066,258.0,20.0,,,"listed 51d ago — under a year of history, no trend to read; illiquid: Rs7 lakh median daily turnover (floor Rs50 lakh); only 258 trades/day median — one operator's book, not a market",False
CLEDUCATE,CL Educate Limited,EQ,53.12,,0.066,157.0,5.0,,,"5% circuit band — cannot exit on bad news; illiquid: Rs7 lakh median daily turnover (floor Rs50 lakh); only 157 trades/day median — one operator's book, not a market",False
JHS,JHS Svendgaard Laboratories Limited,BE,10.53,,0.066,310.0,5.0,,,series BE (trade-to-trade / SME — not normal rolling settlement); 5% circuit band — cannot exit on bad news; illiquid: Rs7 lakh median daily turnover (floor Rs50 lakh); closed at circuit on 22% of sessions — a stop cannot fill in a locked market,False
ADROITINFO,Adroit Infotech Limited,BE,14.67,,0.065,277.0,5.0,,,"series BE (trade-to-trade / SME — not normal rolling settlement); 5% circuit band — cannot exit on bad news; illiquid: Rs6 lakh median daily turnover (floor Rs50 lakh); only 277 trades/day median — one operator's book, not a market",False
NIFTYQLITY,,,19.78,,0.065,207.0,,,,"not in the NSE equity master (ETF / REIT / InvIT — not a company); illiquid: Rs6 lakh median daily turnover (floor Rs50 lakh); only 207 trades/day median — one operator's book, not a market",False
BCPL,BCPL Railway Infrastructure Limited,EQ,66.43,,0.065,268.0,20.0,,,"listed 194d ago — under a year of history, no trend to read; illiquid: Rs6 lakh median daily turnover (floor Rs50 lakh); only 268 trades/day median — one operator's book, not a market",False
SHREYANIND,Shreyans Industries Limited,EQ,129.0,,0.064,142.0,20.0,,,"illiquid: Rs6 lakh median daily turnover (floor Rs50 lakh); only 142 trades/day median — one operator's book, not a market",False
EMMBI,Emmbi Industries Limited,EQ,85.62,,0.063,198.0,20.0,,,"illiquid: Rs6 lakh median daily turnover (floor Rs50 lakh); only 198 trades/day median — one operator's book, not a market",False
ITADD,,,29.58,,0.063,113.0,,,,"not in the NSE equity master (ETF / REIT / InvIT — not a company); illiquid: Rs6 lakh median daily turnover (floor Rs50 lakh); only 113 trades/day median — one operator's book, not a market",False
SHIVATEX,Shiva Texyarn Limited,EQ,166.41,,0.063,113.0,20.0,,,"illiquid: Rs6 lakh median daily turnover (floor Rs50 lakh); only 113 trades/day median — one operator's book, not a market",False
SURANASOL,Surana Solar Limited,EQ,24.36,,0.062,380.0,20.0,,,illiquid: Rs6 lakh median daily turnover (floor Rs50 lakh),False
GKWLIMITED,GKW Limited,EQ,1550.6,,0.062,41.0,20.0,,,"illiquid: Rs6 lakh median daily turnover (floor Rs50 lakh); only 41 trades/day median — one operator's book, not a market",False
AEPL,Artemis Electricals and Projects Limited,EQ,15.04,,0.062,250.0,20.0,,LT Stage I,"ASM LT Stage I — surveillance: 100% margin, no intraday, no pledging; listed 209d ago — under a year of history, no trend to read; illiquid: Rs6 lakh median daily turnover (floor Rs50 lakh); only 250 trades/day median — one operator's book, not a market",False
BALAJEE,Shree Tirupati Balajee Agro Trading Company Limited,EQ,23.97,,0.062,259.0,20.0,,,"illiquid: Rs6 lakh median daily turnover (floor Rs50 lakh); only 259 trades/day median — one operator's book, not a market",False
LICNETFGSC,,,28.93,,0.061,78.0,,,,"not in the NSE equity master (ETF / REIT / InvIT — not a company); illiquid: Rs6 lakh median daily turnover (floor Rs50 lakh); only 78 trades/day median — one operator's book, not a market",False
MITCON,MITCON Consultancy & Engineering Services Limited,EQ,78.49,,0.061,111.0,20.0,,,"illiquid: Rs6 lakh median daily turnover (floor Rs50 lakh); only 111 trades/day median — one operator's book, not a market",False
SURANAT&P,Surana Telecom and Power Limited,EQ,15.76,,0.06,334.0,20.0,,,illiquid: Rs6 lakh median daily turnover (floor Rs50 lakh),False
RAJTV,Raj Television Network Limited,BE,10.88,,0.06,189.0,5.0,,,"series BE (trade-to-trade / SME — not normal rolling settlement); 5% circuit band — cannot exit on bad news; illiquid: Rs6 lakh median daily turnover (floor Rs50 lakh); only 189 trades/day median — one operator's book, not a market; closed at circuit on 57% of sessions — a stop cannot fill in a locked market",False
LOVABLE,Lovable Lingerie Limited,EQ,68.73,,0.06,249.0,20.0,,,"illiquid: Rs6 lakh median daily turnover (floor Rs50 lakh); only 249 trades/day median — one operator's book, not a market",False
RVTH,Revathi Equipment India Limited,EQ,726.75,,0.06,58.0,20.0,,,"illiquid: Rs6 lakh median daily turnover (floor Rs50 lakh); only 58 trades/day median — one operator's book, not a market",False
BBNPPGOLD,,,141.6,,0.059,79.0,,,,"not in the NSE equity master (ETF / REIT / InvIT — not a company); illiquid: Rs6 lakh median daily turnover (floor Rs50 lakh); only 79 trades/day median — one operator's book, not a market",False
SANDESH,The Sandesh Limited,EQ,1002.05,,0.059,83.0,20.0,,,"illiquid: Rs6 lakh median daily turnover (floor Rs50 lakh); only 83 trades/day median — one operator's book, not a market",False
SUTLEJTEX,Sutlej Textiles and Industries Limited,EQ,36.57,,0.058,240.0,20.0,,,"illiquid: Rs6 lakh median daily turnover (floor Rs50 lakh); only 240 trades/day median — one operator's book, not a market",False
SHILGRAVQ,Shilp Gravures Limited,EQ,145.82,,0.057,88.0,20.0,,,"listed 51d ago — under a year of history, no trend to read; illiquid: Rs6 lakh median daily turnover (floor Rs50 lakh); only 88 trades/day median — one operator's book, not a market",False
JOCIL,Jocil Limited,EQ,149.04,133.0,0.056,113.0,20.0,,,"illiquid: Rs6 lakh median daily turnover (floor Rs50 lakh); only 113 trades/day median — one operator's book, not a market",False
ATAM,Atam Valves Limited,EQ,55.26,,0.056,251.0,20.0,,,"illiquid: Rs6 lakh median daily turnover (floor Rs50 lakh); only 251 trades/day median — one operator's book, not a market",False
GROWWNXT50,,,70.39,,0.055,124.0,,,,"not in the NSE equity master (ETF / REIT / InvIT — not a company); illiquid: Rs6 lakh median daily turnover (floor Rs50 lakh); only 124 trades/day median — one operator's book, not a market",False
RSSOFTWARE,R. S. Software (India) Limited,EQ,30.04,,0.055,175.0,5.0,,,"5% circuit band — cannot exit on bad news; illiquid: Rs6 lakh median daily turnover (floor Rs50 lakh); only 175 trades/day median — one operator's book, not a market",False
TAINWALCHM,Tainwala Chemical and Plastic (I) Limited,EQ,200.4,,0.055,68.0,20.0,,,"illiquid: Rs6 lakh median daily turnover (floor Rs50 lakh); only 68 trades/day median — one operator's book, not a market",False
DRCSYSTEMS,DRC Systems India Limited,EQ,12.96,,0.055,301.0,20.0,,,illiquid: Rs6 lakh median daily turnover (floor Rs50 lakh),False
INVENTURE,Inventure Growth & Securities Limited,EQ,0.83,,0.054,335.0,20.0,,,price Rs0.83 below the Rs5 floor (tick size ~1% of price; the spread eats the edge); illiquid: Rs5 lakh median daily turnover (floor Rs50 lakh),False
TWCGOLDETF,,,145.99,,0.053,155.0,,,,"not in the NSE equity master (ETF / REIT / InvIT — not a company); illiquid: Rs5 lakh median daily turnover (floor Rs50 lakh); only 155 trades/day median — one operator's book, not a market",False
VOITHPAPR,Voith Paper Fabrics India Limited,EQ,1410.8,,0.053,48.0,20.0,,,"listed 51d ago — under a year of history, no trend to read; illiquid: Rs5 lakh median daily turnover (floor Rs50 lakh); only 48 trades/day median — one operator's book, not a market",False
STEELCITY,Steel City Securities Limited,EQ,81.54,,0.053,136.0,20.0,,,"illiquid: Rs5 lakh median daily turnover (floor Rs50 lakh); only 136 trades/day median — one operator's book, not a market",False
AGROPHOS,Agro Phos India Limited,EQ,23.38,,0.053,213.0,20.0,,,"illiquid: Rs5 lakh median daily turnover (floor Rs50 lakh); only 213 trades/day median — one operator's book, not a market",False
KANCHI,Kanchi Karpooram Limited,EQ,378.15,,0.053,108.0,5.0,,,"5% circuit band — cannot exit on bad news; listed 170d ago — under a year of history, no trend to read; illiquid: Rs5 lakh median daily turnover (floor Rs50 lakh); only 108 trades/day median — one operator's book, not a market",False
BNKETFAXIS,,,566.23,,0.052,42.0,,,,"not in the NSE equity master (ETF / REIT / InvIT — not a company); illiquid: Rs5 lakh median daily turnover (floor Rs50 lakh); only 42 trades/day median — one operator's book, not a market",False
BALAXI,BALAXI PHARMACEUTICALS LIMITED,EQ,22.38,,0.052,207.0,10.0,,,"illiquid: Rs5 lakh median daily turnover (floor Rs50 lakh); only 207 trades/day median — one operator's book, not a market",False
NIPPOBATRY,Indo-National Limited,EQ,316.05,,0.052,117.0,20.0,,,"illiquid: Rs5 lakh median daily turnover (floor Rs50 lakh); only 117 trades/day median — one operator's book, not a market",False
TOYAMSL,Toyam Sports Limited,EQ,0.71,,0.051,246.0,5.0,,LT Stage I,"ASM LT Stage I — surveillance: 100% margin, no intraday, no pledging; 5% circuit band — cannot exit on bad news; price Rs0.71 below the Rs5 floor (tick size ~1% of price; the spread eats the edge); listed 51d ago — under a year of history, no trend to read; illiquid: Rs5 lakh median daily turnover (floor Rs50 lakh); only 246 trades/day median — one operator's book, not a market",False
HEALTHAXIS,,,162.95,,0.051,77.0,,,,"not in the NSE equity master (ETF / REIT / InvIT — not a company); illiquid: Rs5 lakh median daily turnover (floor Rs50 lakh); only 77 trades/day median — one operator's book, not a market",False
MIDCAPBETA,,,223.5,,0.051,44.0,,,,"not in the NSE equity master (ETF / REIT / InvIT — not a company); illiquid: Rs5 lakh median daily turnover (floor Rs50 lakh); only 44 trades/day median — one operator's book, not a market",False
EMAMIREAL,Emami Realty Limited,EQ,69.12,,0.051,201.0,5.0,0,,"GSM stage 0 — exchange surveillance, periodic call auction; 5% circuit band — cannot exit on bad news; illiquid: Rs5 lakh median daily turnover (floor Rs50 lakh); only 201 trades/day median — one operator's book, not a market",False
RAMANEWS,Shree Rama Newsprint Limited,EQ,28.98,,0.051,180.0,20.0,,,"illiquid: Rs5 lakh median daily turnover (floor Rs50 lakh); only 180 trades/day median — one operator's book, not a market",False
NETF,,,246.55,,0.05,153.0,,,,"not in the NSE equity master (ETF / REIT / InvIT — not a company); illiquid: Rs5 lakh median daily turnover (floor Rs50 lakh); only 153 trades/day median — one operator's book, not a market",False
KRITI,Kriti Industries (India) Limited,EQ,59.07,,0.05,184.0,20.0,,,"illiquid: Rs5 lakh median daily turnover (floor Rs50 lakh); only 184 trades/day median — one operator's book, not a market",False
MOGSEC,,,64.87,,0.05,76.0,,,,"not in the NSE equity master (ETF / REIT / InvIT — not a company); illiquid: Rs5 lakh median daily turnover (floor Rs50 lakh); only 76 trades/day median — one operator's book, not a market",False
MONIFTY100,,,23.84,,0.049,85.0,,,,"not in the NSE equity master (ETF / REIT / InvIT — not a company); illiquid: Rs5 lakh median daily turnover (floor Rs50 lakh); only 85 trades/day median — one operator's book, not a market",False
SHBAJRG,Shri Bajrang Alliance Limited,EQ,168.8,,0.049,89.0,20.0,,,"listed 170d ago — under a year of history, no trend to read; illiquid: Rs5 lakh median daily turnover (floor Rs50 lakh); only 89 trades/day median — one operator's book, not a market",False
KRITIKA,Kritika Wires Limited,EQ,4.95,,0.049,412.0,20.0,,,price Rs4.95 below the Rs5 floor (tick size ~1% of price; the spread eats the edge); illiquid: Rs5 lakh median daily turnover (floor Rs50 lakh),False
NGIL,Nakoda Group of Industries Limited,EQ,37.37,,0.049,118.0,10.0,,,"illiquid: Rs5 lakh median daily turnover (floor Rs50 lakh); only 118 trades/day median — one operator's book, not a market",False
GROWWN200,,,10.71,,0.049,268.0,,,,"not in the NSE equity master (ETF / REIT / InvIT — not a company); illiquid: Rs5 lakh median daily turnover (floor Rs50 lakh); only 268 trades/day median — one operator's book, not a market",False
KHAITANLTD,Khaitan (India) Limited,EQ,150.76,,0.048,113.0,20.0,,,"illiquid: Rs5 lakh median daily turnover (floor Rs50 lakh); only 113 trades/day median — one operator's book, not a market",False
DHUNINV,Dhunseri Investments Limited,EQ,971.95,,0.048,77.0,20.0,,,"illiquid: Rs5 lakh median daily turnover (floor Rs50 lakh); only 77 trades/day median — one operator's book, not a market",False
ASHOKAMET,Ashoka Metcast Limited,EQ,14.61,,0.048,233.0,20.0,,,"illiquid: Rs5 lakh median daily turnover (floor Rs50 lakh); only 233 trades/day median — one operator's book, not a market",False
INDTERRAIN,Indian Terrain Fashions Limited,EQ,29.22,,0.047,110.0,20.0,,,"illiquid: Rs5 lakh median daily turnover (floor Rs50 lakh); only 110 trades/day median — one operator's book, not a market",False
BEDMUTHA,Bedmutha Industries Limited,EQ,110.08,,0.047,85.0,10.0,,,"illiquid: Rs5 lakh median daily turnover (floor Rs50 lakh); only 85 trades/day median — one operator's book, not a market",False
ASPINWALL,Aspinwall and Company Limited,EQ,241.65,,0.047,58.0,20.0,,,"illiquid: Rs5 lakh median daily turnover (floor Rs50 lakh); only 58 trades/day median — one operator's book, not a market",False
SOMATEX,Soma Textiles & Industries Limited,EQ,80.95,,0.046,140.0,5.0,,,"5% circuit band — cannot exit on bad news; illiquid: Rs5 lakh median daily turnover (floor Rs50 lakh); only 140 trades/day median — one operator's book, not a market",False
SMALLADD,,,18.04,,0.046,130.0,,,,"not in the NSE equity master (ETF / REIT / InvIT — not a company); illiquid: Rs5 lakh median daily turnover (floor Rs50 lakh); only 130 trades/day median — one operator's book, not a market",False
PRAXIS,Praxis Home Retail Limited,EQ,4.51,,0.046,189.0,5.0,,,"5% circuit band — cannot exit on bad news; price Rs4.51 below the Rs5 floor (tick size ~1% of price; the spread eats the edge); illiquid: Rs5 lakh median daily turnover (floor Rs50 lakh); only 189 trades/day median — one operator's book, not a market",False
ISTLTD,I S T Limited,EQ,638.45,,0.046,76.0,20.0,,,"listed 51d ago — under a year of history, no trend to read; illiquid: Rs5 lakh median daily turnover (floor Rs50 lakh); only 76 trades/day median — one operator's book, not a market",False
THEINVEST,The Investment Trust Of India Limited,EQ,90.2,,0.046,150.0,20.0,,,"illiquid: Rs5 lakh median daily turnover (floor Rs50 lakh); only 150 trades/day median — one operator's book, not a market",False
NAVKARURB,Navkar Urbanstructure Limited,EQ,0.86,,0.045,267.0,5.0,,,"5% circuit band — cannot exit on bad news; price Rs0.86 below the Rs5 floor (tick size ~1% of price; the spread eats the edge); illiquid: Rs4 lakh median daily turnover (floor Rs50 lakh); only 267 trades/day median — one operator's book, not a market",False
LICNMID100,,,59.58,,0.045,114.0,,,,"not in the NSE equity master (ETF / REIT / InvIT — not a company); illiquid: Rs4 lakh median daily turnover (floor Rs50 lakh); only 114 trades/day median — one operator's book, not a market",False
BSHSL,Bombay Super Hybrid Seeds Limited,EQ,78.25,,0.045,140.0,10.0,,,"illiquid: Rs4 lakh median daily turnover (floor Rs50 lakh); only 140 trades/day median — one operator's book, not a market",False
SUPREME,Supreme Holdings & Hospitality (India) Limited,EQ,29.98,,0.045,193.0,20.0,,,"illiquid: Rs4 lakh median daily turnover (floor Rs50 lakh); only 193 trades/day median — one operator's book, not a market",False
SWARNSAR,Swarnsarita Jewels India Limited,EQ,40.01,,0.045,99.0,20.0,,,"listed 51d ago — under a year of history, no trend to read; illiquid: Rs4 lakh median daily turnover (floor Rs50 lakh); only 99 trades/day median — one operator's book, not a market",False
NDGL,Naga Dhunseri Group Limited,EQ,2383.7,,0.044,42.0,20.0,,,"illiquid: Rs4 lakh median daily turnover (floor Rs50 lakh); only 42 trades/day median — one operator's book, not a market",False
NAHARCAP,Nahar Capital and Financial Services Limited,EQ,241.99,,0.044,65.0,20.0,,,"illiquid: Rs4 lakh median daily turnover (floor Rs50 lakh); only 65 trades/day median — one operator's book, not a market",False
ACCURACY,Accuracy Shipping Limited,EQ,4.17,,0.044,254.0,10.0,,,"price Rs4.17 below the Rs5 floor (tick size ~1% of price; the spread eats the edge); illiquid: Rs4 lakh median daily turnover (floor Rs50 lakh); only 254 trades/day median — one operator's book, not a market",False
MOALPHA50,,,54.91,,0.044,81.0,,,,"not in the NSE equity master (ETF / REIT / InvIT — not a company); illiquid: Rs4 lakh median daily turnover (floor Rs50 lakh); only 81 trades/day median — one operator's book, not a market",False
MALUPAPER,Malu Paper Mills Limited,EQ,31.08,,0.043,149.0,20.0,,,"illiquid: Rs4 lakh median daily turnover (floor Rs50 lakh); only 149 trades/day median — one operator's book, not a market",False
CORALFINAC,Coral India Finance & Housing Limited,EQ,31.41,136.0,0.043,139.0,20.0,,,"illiquid: Rs4 lakh median daily turnover (floor Rs50 lakh); only 139 trades/day median — one operator's book, not a market",False
NITIRAJ,Nitiraj Engineers Limited,EQ,213.86,,0.043,92.0,20.0,,,"illiquid: Rs4 lakh median daily turnover (floor Rs50 lakh); only 92 trades/day median — one operator's book, not a market",False
SMLT,Sarthak Metals Limited,EQ,73.94,,0.043,200.0,20.0,,ST Stage I,"ASM ST Stage I — surveillance: 100% margin, no intraday, no pledging; illiquid: Rs4 lakh median daily turnover (floor Rs50 lakh); only 200 trades/day median — one operator's book, not a market",False
USK,Udayshivakumar Infra Limited,EQ,18.4,,0.042,186.0,20.0,,,"illiquid: Rs4 lakh median daily turnover (floor Rs50 lakh); only 186 trades/day median — one operator's book, not a market",False
SBINMID150,,,21.93,,0.042,158.0,,,,"not in the NSE equity master (ETF / REIT / InvIT — not a company); illiquid: Rs4 lakh median daily turnover (floor Rs50 lakh); only 158 trades/day median — one operator's book, not a market",False
MMWL,Media Matrix Worldwide Limited,EQ,17.99,,0.041,170.0,5.0,,,"5% circuit band — cannot exit on bad news; listed 170d ago — under a year of history, no trend to read; illiquid: Rs4 lakh median daily turnover (floor Rs50 lakh); only 170 trades/day median — one operator's book, not a market; closed at circuit on 28% of sessions — a stop cannot fill in a locked market",False
JISLDVREQS,Jain Irrigation Systems Limited,EQ,19.18,,0.041,196.0,20.0,,,"illiquid: Rs4 lakh median daily turnover (floor Rs50 lakh); only 196 trades/day median — one operator's book, not a market",False
SBIETFQLTY,,,206.3,,0.041,67.0,,,,"not in the NSE equity master (ETF / REIT / InvIT — not a company); illiquid: Rs4 lakh median daily turnover (floor Rs50 lakh); only 67 trades/day median — one operator's book, not a market",False
APCL,Anjani Portland Cement Limited,EQ,92.64,,0.041,107.0,20.0,,,"illiquid: Rs4 lakh median daily turnover (floor Rs50 lakh); only 107 trades/day median — one operator's book, not a market",False
ARCL,ARCL Organics Limited,EQ,229.99,,0.04,55.0,5.0,,,"5% circuit band — cannot exit on bad news; listed 51d ago — under a year of history, no trend to read; illiquid: Rs4 lakh median daily turnover (floor Rs50 lakh); only 55 trades/day median — one operator's book, not a market",False
HEALTHADD,,,16.32,,0.04,112.0,,,,"not in the NSE equity master (ETF / REIT / InvIT — not a company); illiquid: Rs4 lakh median daily turnover (floor Rs50 lakh); only 112 trades/day median — one operator's book, not a market",False
GROWWPSUBK,,,81.42,,0.04,130.0,,,,"not in the NSE equity master (ETF / REIT / InvIT — not a company); illiquid: Rs4 lakh median daily turnover (floor Rs50 lakh); only 130 trades/day median — one operator's book, not a market",False
KOTHARIPRO,Kothari Products Limited,EQ,65.08,,0.04,129.0,20.0,,,"illiquid: Rs4 lakh median daily turnover (floor Rs50 lakh); only 129 trades/day median — one operator's book, not a market",False
INSPIRISYS,Inspirisys Solutions Limited,EQ,83.74,,0.04,89.0,5.0,,,"5% circuit band — cannot exit on bad news; illiquid: Rs4 lakh median daily turnover (floor Rs50 lakh); only 89 trades/day median — one operator's book, not a market",False
TOTAL,Total Transport Systems Limited,BE,75.25,,0.04,126.0,5.0,,,"series BE (trade-to-trade / SME — not normal rolling settlement); 5% circuit band — cannot exit on bad news; illiquid: Rs4 lakh median daily turnover (floor Rs50 lakh); only 126 trades/day median — one operator's book, not a market",False
GEECEE,GeeCee Ventures Limited,EQ,363.45,,0.04,60.0,20.0,,,"illiquid: Rs4 lakh median daily turnover (floor Rs50 lakh); only 60 trades/day median — one operator's book, not a market",False
BIOFILCHEM,Biofil Chemicals & Pharmaceuticals Limited,EQ,30.43,,0.039,153.0,20.0,,,"illiquid: Rs4 lakh median daily turnover (floor Rs50 lakh); only 153 trades/day median — one operator's book, not a market",False
INDOUS,Indo Us Biotech Limited,EQ,74.93,,0.039,157.0,20.0,,,"illiquid: Rs4 lakh median daily turnover (floor Rs50 lakh); only 157 trades/day median — one operator's book, not a market",False
MURUDCERA,Murudeshwar Ceramics Limited,EQ,27.97,,0.039,162.0,20.0,,,"illiquid: Rs4 lakh median daily turnover (floor Rs50 lakh); only 162 trades/day median — one operator's book, not a market",False
KREBSBIO,Krebs Biochemicals and Industries Limited,EQ,59.72,,0.039,126.0,20.0,,LT Stage I,"ASM LT Stage I — surveillance: 100% margin, no intraday, no pledging; illiquid: Rs4 lakh median daily turnover (floor Rs50 lakh); only 126 trades/day median — one operator's book, not a market",False
ACL,Andhra Cements Limited,EQ,39.41,,0.039,218.0,20.0,,,"illiquid: Rs4 lakh median daily turnover (floor Rs50 lakh); only 218 trades/day median — one operator's book, not a market",False
AKSHAR,Akshar Spintex Limited,EQ,0.42,,0.039,239.0,20.0,,,"price Rs0.42 below the Rs5 floor (tick size ~1% of price; the spread eats the edge); illiquid: Rs4 lakh median daily turnover (floor Rs50 lakh); only 239 trades/day median — one operator's book, not a market",False
SMALLGROWW,,,48.67,,0.038,97.0,,,,"not in the NSE equity master (ETF / REIT / InvIT — not a company); illiquid: Rs4 lakh median daily turnover (floor Rs50 lakh); only 97 trades/day median — one operator's book, not a market",False
INDPRUD,Industrial & Prudential Investment Company Limited,EQ,6305.0,,0.038,13.0,20.0,,,"listed 170d ago — under a year of history, no trend to read; illiquid: Rs4 lakh median daily turnover (floor Rs50 lakh); only 13 trades/day median — one operator's book, not a market",False
GILLANDERS,Gillanders Arbuthnot & Company Limited,EQ,109.38,,0.038,93.0,20.0,,,"illiquid: Rs4 lakh median daily turnover (floor Rs50 lakh); only 93 trades/day median — one operator's book, not a market",False
BEARDSELL,Beardsell Limited,EQ,22.22,,0.038,232.0,20.0,,,"illiquid: Rs4 lakh median daily turnover (floor Rs50 lakh); only 232 trades/day median — one operator's book, not a market",False
GROWWPSE,,,93.53,,0.038,126.0,,,,"not in the NSE equity master (ETF / REIT / InvIT — not a company); illiquid: Rs4 lakh median daily turnover (floor Rs50 lakh); only 126 trades/day median — one operator's book, not a market",False
HDFCQUAL,,,54.96,,0.037,104.0,,,,"not in the NSE equity master (ETF / REIT / InvIT — not a company); illiquid: Rs4 lakh median daily turnover (floor Rs50 lakh); only 104 trades/day median — one operator's book, not a market",False
MKPL,M K Proteins Limited,EQ,3.93,,0.037,413.0,20.0,,,price Rs3.93 below the Rs5 floor (tick size ~1% of price; the spread eats the edge); illiquid: Rs4 lakh median daily turnover (floor Rs50 lakh),False
LEENEE,Lee & Nee Softwares Exports Limited,BE,8.89,,0.037,168.5,5.0,,,"series BE (trade-to-trade / SME — not normal rolling settlement); 5% circuit band — cannot exit on bad news; listed 51d ago — under a year of history, no trend to read; illiquid: Rs4 lakh median daily turnover (floor Rs50 lakh); only 168 trades/day median — one operator's book, not a market; closed at circuit on 100% of sessions — a stop cannot fill in a locked market",False
DIGJAMLMTD,Digjam Limited,BE,65.0,,0.037,71.0,5.0,II,,"series BE (trade-to-trade / SME — not normal rolling settlement); GSM stage II — exchange surveillance, periodic call auction; 5% circuit band — cannot exit on bad news; illiquid: Rs4 lakh median daily turnover (floor Rs50 lakh); only 71 trades/day median — one operator's book, not a market; closed at circuit on 30% of sessions — a stop cannot fill in a locked market",False
GSS,GSS Infotech Limited,EQ,10.22,,0.037,249.0,20.0,,,"illiquid: Rs4 lakh median daily turnover (floor Rs50 lakh); only 249 trades/day median — one operator's book, not a market",False
AHLADA,Ahlada Engineers Limited,EQ,38.8,,0.037,115.0,20.0,,,"illiquid: Rs4 lakh median daily turnover (floor Rs50 lakh); only 115 trades/day median — one operator's book, not a market",False
AMBICAAGAR,Ambica Agarbathies & Aroma industries Limited,EQ,23.53,,0.036,161.0,20.0,,,"illiquid: Rs4 lakh median daily turnover (floor Rs50 lakh); only 161 trades/day median — one operator's book, not a market",False
FMNL,Future Market Networks Limited,EQ,8.12,,0.036,147.0,5.0,,,"5% circuit band — cannot exit on bad news; illiquid: Rs4 lakh median daily turnover (floor Rs50 lakh); only 147 trades/day median — one operator's book, not a market",False
ENERGYAXIS,,,18.4,,0.036,74.0,,,,"not in the NSE equity master (ETF / REIT / InvIT — not a company); illiquid: Rs4 lakh median daily turnover (floor Rs50 lakh); only 74 trades/day median — one operator's book, not a market",False
MAHAPEXLTD,Maha Rashtra Apex Corporation Limited,EQ,51.66,,0.036,124.0,20.0,,LT Stage I,"ASM LT Stage I — surveillance: 100% margin, no intraday, no pledging; illiquid: Rs4 lakh median daily turnover (floor Rs50 lakh); only 124 trades/day median — one operator's book, not a market",False
UNIENTER,Uniphos Enterprises Limited,EQ,86.72,,0.036,92.0,20.0,,,"illiquid: Rs4 lakh median daily turnover (floor Rs50 lakh); only 92 trades/day median — one operator's book, not a market",False
RUCHINFRA,Ruchi Infrastructure Limited,EQ,4.94,,0.036,255.0,20.0,,,"price Rs4.94 below the Rs5 floor (tick size ~1% of price; the spread eats the edge); illiquid: Rs4 lakh median daily turnover (floor Rs50 lakh); only 255 trades/day median — one operator's book, not a market",False
VIRTUALG,Virtual Global Education Limited,BE,0.46,,0.036,228.0,5.0,,,"series BE (trade-to-trade / SME — not normal rolling settlement); 5% circuit band — cannot exit on bad news; price Rs0.46 below the Rs5 floor (tick size ~1% of price; the spread eats the edge); listed 51d ago — under a year of history, no trend to read; illiquid: Rs4 lakh median daily turnover (floor Rs50 lakh); only 228 trades/day median — one operator's book, not a market; closed at circuit on 50% of sessions — a stop cannot fill in a locked market",False
UNIONGOLD,,,143.5,,0.036,120.0,,,,"not in the NSE equity master (ETF / REIT / InvIT — not a company); illiquid: Rs4 lakh median daily turnover (floor Rs50 lakh); only 120 trades/day median — one operator's book, not a market",False
ADVIKCA,Advik Capital Limited,EQ,0.98,,0.036,300.0,20.0,,,"price Rs0.98 below the Rs5 floor (tick size ~1% of price; the spread eats the edge); listed 51d ago — under a year of history, no trend to read; illiquid: Rs4 lakh median daily turnover (floor Rs50 lakh)",False
NEXT50ADD,,,69.98,,0.036,39.0,,,,"not in the NSE equity master (ETF / REIT / InvIT — not a company); illiquid: Rs4 lakh median daily turnover (floor Rs50 lakh); only 39 trades/day median — one operator's book, not a market",False
BHANDARI,Bhandari Hosiery Exports Limited,EQ,2.78,,0.036,228.0,10.0,,,"price Rs2.78 below the Rs5 floor (tick size ~1% of price; the spread eats the edge); illiquid: Rs4 lakh median daily turnover (floor Rs50 lakh); only 228 trades/day median — one operator's book, not a market",False
NAGREEKEXP,Nagreeka Exports Limited,EQ,21.63,,0.035,189.0,20.0,,,"illiquid: Rs4 lakh median daily turnover (floor Rs50 lakh); only 189 trades/day median — one operator's book, not a market",False
SAMPANN,Sampann Utpadan India Limited,EQ,23.96,,0.035,156.0,20.0,,,"illiquid: Rs4 lakh median daily turnover (floor Rs50 lakh); only 156 trades/day median — one operator's book, not a market",False
QUINT,Quint Digital Limited,BE,76.73,,0.035,99.0,5.0,,,"series BE (trade-to-trade / SME — not normal rolling settlement); 5% circuit band — cannot exit on bad news; listed 170d ago — under a year of history, no trend to read; illiquid: Rs4 lakh median daily turnover (floor Rs50 lakh); only 99 trades/day median — one operator's book, not a market; closed at circuit on 36% of sessions — a stop cannot fill in a locked market",False
GAYAHWS,Gayatri Highways Limited,EQ,1.86,,0.035,285.0,20.0,0,,"GSM stage 0 — exchange surveillance, periodic call auction; price Rs1.86 below the Rs5 floor (tick size ~1% of price; the spread eats the edge); illiquid: Rs4 lakh median daily turnover (floor Rs50 lakh); only 285 trades/day median — one operator's book, not a market",False
SUNDARAM,Sundaram Multi Pap Limited,EQ,1.07,,0.035,267.0,20.0,,,"price Rs1.07 below the Rs5 floor (tick size ~1% of price; the spread eats the edge); illiquid: Rs4 lakh median daily turnover (floor Rs50 lakh); only 267 trades/day median — one operator's book, not a market",False
ESG,,,38.73,,0.035,66.0,,,,"not in the NSE equity master (ETF / REIT / InvIT — not a company); illiquid: Rs4 lakh median daily turnover (floor Rs50 lakh); only 66 trades/day median — one operator's book, not a market",False
LCCINFOTEC,LCC Infotech Limited,BE,4.02,,0.035,225.0,5.0,,,"series BE (trade-to-trade / SME — not normal rolling settlement); 5% circuit band — cannot exit on bad news; price Rs4.02 below the Rs5 floor (tick size ~1% of price; the spread eats the edge); illiquid: Rs4 lakh median daily turnover (floor Rs50 lakh); only 225 trades/day median — one operator's book, not a market; closed at circuit on 33% of sessions — a stop cannot fill in a locked market",False
NIRAJISPAT,Niraj Ispat Industries Limited,BE,429.65,,0.034,25.0,5.0,,,"series BE (trade-to-trade / SME — not normal rolling settlement); 5% circuit band — cannot exit on bad news; illiquid: Rs3 lakh median daily turnover (floor Rs50 lakh); only 25 trades/day median — one operator's book, not a market; closed at circuit on 100% of sessions — a stop cannot fill in a locked market",False
GLOSTERLTD,Gloster Limited,EQ,552.9,,0.034,56.0,20.0,,,"illiquid: Rs3 lakh median daily turnover (floor Rs50 lakh); only 56 trades/day median — one operator's book, not a market",False
ZSARACOM,Saraswati Commercial India Limited,EQ,10282.0,,0.034,24.0,20.0,,,"listed 170d ago — under a year of history, no trend to read; illiquid: Rs3 lakh median daily turnover (floor Rs50 lakh); only 24 trades/day median — one operator's book, not a market",False
SAPPL,Shree Ajit Pulp & Paper Limited,EQ,317.9,,0.034,53.0,20.0,,,"listed 170d ago — under a year of history, no trend to read; illiquid: Rs3 lakh median daily turnover (floor Rs50 lakh); only 53 trades/day median — one operator's book, not a market",False
CHEMCRUX,Chemcrux Enterprises Limited,EQ,87.16,,0.034,143.0,20.0,,,"listed 51d ago — under a year of history, no trend to read; illiquid: Rs3 lakh median daily turnover (floor Rs50 lakh); only 143 trades/day median — one operator's book, not a market",False
BRNL,Bharat Road Network Limited,EQ,15.93,,0.034,228.0,20.0,,,"illiquid: Rs3 lakh median daily turnover (floor Rs50 lakh); only 228 trades/day median — one operator's book, not a market",False
IPRINGLTD,IP Rings Limited,EQ,144.94,,0.034,72.0,20.0,,LT Stage I,"ASM LT Stage I — surveillance: 100% margin, no intraday, no pledging; listed 51d ago — under a year of history, no trend to read; illiquid: Rs3 lakh median daily turnover (floor Rs50 lakh); only 72 trades/day median — one operator's book, not a market",False
EQUAL200,,,13.03,,0.034,64.0,,,,"not in the NSE equity master (ETF / REIT / InvIT — not a company); illiquid: Rs3 lakh median daily turnover (floor Rs50 lakh); only 64 trades/day median — one operator's book, not a market",False
SBIETFCON,,,113.42,,0.033,103.0,,,,"not in the NSE equity master (ETF / REIT / InvIT — not a company); illiquid: Rs3 lakh median daily turnover (floor Rs50 lakh); only 103 trades/day median — one operator's book, not a market",False
ZENITHSTL,Zenith Steel Pipes & Industries Limited,EQ,5.28,,0.033,256.0,20.0,,,"illiquid: Rs3 lakh median daily turnover (floor Rs50 lakh); only 256 trades/day median — one operator's book, not a market",False
NIBL,NRB Industrial Bearings Limited,EQ,31.37,,0.033,163.0,20.0,,LT Stage I,"ASM LT Stage I — surveillance: 100% margin, no intraday, no pledging; illiquid: Rs3 lakh median daily turnover (floor Rs50 lakh); only 163 trades/day median — one operator's book, not a market",False
EUROBOND,Euro Panel Products Limited,EQ,140.27,,0.033,73.0,20.0,,,"illiquid: Rs3 lakh median daily turnover (floor Rs50 lakh); only 73 trades/day median — one operator's book, not a market",False
ELDEHSG,Eldeco Housing And Industries Limited,EQ,769.0,,0.033,44.0,20.0,,,"illiquid: Rs3 lakh median daily turnover (floor Rs50 lakh); only 44 trades/day median — one operator's book, not a market",False
FIBERWEB,Fiberweb (India) Limited,EQ,26.36,,0.032,142.0,10.0,,,"illiquid: Rs3 lakh median daily turnover (floor Rs50 lakh); only 142 trades/day median — one operator's book, not a market",False
ITL,ITL Industries Limited,EQ,372.8,,0.032,53.0,20.0,,,"listed 51d ago — under a year of history, no trend to read; illiquid: Rs3 lakh median daily turnover (floor Rs50 lakh); only 53 trades/day median — one operator's book, not a market",False
MAKERSL,Makers Laboratories Limited,EQ,179.21,,0.032,104.0,10.0,,,"listed 51d ago — under a year of history, no trend to read; illiquid: Rs3 lakh median daily turnover (floor Rs50 lakh); only 104 trades/day median — one operator's book, not a market",False
IDFNIFTYET,,,250.44,,0.032,47.0,,,,"not in the NSE equity master (ETF / REIT / InvIT — not a company); illiquid: Rs3 lakh median daily turnover (floor Rs50 lakh); only 47 trades/day median — one operator's book, not a market",False
PRAKASHSTL,Prakash Steelage Limited,EQ,3.43,,0.032,345.0,20.0,0,,"GSM stage 0 — exchange surveillance, periodic call auction; price Rs3.43 below the Rs5 floor (tick size ~1% of price; the spread eats the edge); illiquid: Rs3 lakh median daily turnover (floor Rs50 lakh)",False
ORIENTALTL,Oriental Trimex Limited,EQ,4.83,,0.032,271.0,20.0,,,"price Rs4.83 below the Rs5 floor (tick size ~1% of price; the spread eats the edge); illiquid: Rs3 lakh median daily turnover (floor Rs50 lakh); only 271 trades/day median — one operator's book, not a market",False
TOP20,,,8.35,,0.032,150.0,,,,"not in the NSE equity master (ETF / REIT / InvIT — not a company); illiquid: Rs3 lakh median daily turnover (floor Rs50 lakh); only 150 trades/day median — one operator's book, not a market",False
SHRJAGP,Shri Jagdamba Polymers Limited,EQ,657.1,,0.031,53.0,20.0,,,"listed 51d ago — under a year of history, no trend to read; illiquid: Rs3 lakh median daily turnover (floor Rs50 lakh); only 53 trades/day median — one operator's book, not a market",False
TARAPUR,Tarapur Transformers Limited,EQ,11.52,,0.031,211.0,10.0,0,,"GSM stage 0 — exchange surveillance, periodic call auction; illiquid: Rs3 lakh median daily turnover (floor Rs50 lakh); only 211 trades/day median — one operator's book, not a market",False
GRAVISSHO,Graviss Hospitality Limited,BE,42.37,,0.031,70.0,5.0,,,"series BE (trade-to-trade / SME — not normal rolling settlement); 5% circuit band — cannot exit on bad news; listed 170d ago — under a year of history, no trend to read; illiquid: Rs3 lakh median daily turnover (floor Rs50 lakh); only 70 trades/day median — one operator's book, not a market; closed at circuit on 55% of sessions — a stop cannot fill in a locked market",False
GKB,GKB Ophthalmics Limited,EQ,61.5,,0.031,47.0,10.0,,,"listed 51d ago — under a year of history, no trend to read; illiquid: Rs3 lakh median daily turnover (floor Rs50 lakh); only 47 trades/day median — one operator's book, not a market",False
SNXT30BEES,,,39.83,,0.031,74.0,,,,"not in the NSE equity master (ETF / REIT / InvIT — not a company); illiquid: Rs3 lakh median daily turnover (floor Rs50 lakh); only 74 trades/day median — one operator's book, not a market",False
TUTIALKA,Tuticorin Alkali Chemicals & Fertilizers Limited,EQ,54.7,,0.031,138.0,20.0,,,"listed 51d ago — under a year of history, no trend to read; illiquid: Rs3 lakh median daily turnover (floor Rs50 lakh); only 138 trades/day median — one operator's book, not a market",False
BRIGHTBR,Bright Brothers Limited,EQ,234.0,,0.03,40.0,20.0,,,"listed 51d ago — under a year of history, no trend to read; illiquid: Rs3 lakh median daily turnover (floor Rs50 lakh); only 40 trades/day median — one operator's book, not a market",False
OBCL,OBCL Limited,EQ,57.56,,0.03,55.0,20.0,,,"illiquid: Rs3 lakh median daily turnover (floor Rs50 lakh); only 55 trades/day median — one operator's book, not a market",False
PVTBANK,,,27.19,,0.03,25.0,,,,"not in the NSE equity master (ETF / REIT / InvIT — not a company); illiquid: Rs3 lakh median daily turnover (floor Rs50 lakh); only 25 trades/day median — one operator's book, not a market",False
SVGLOBAL,S V Global Mill Limited,EQ,138.95,,0.029,74.0,20.0,,LT Stage I,"ASM LT Stage I — surveillance: 100% margin, no intraday, no pledging; listed 51d ago — under a year of history, no trend to read; illiquid: Rs3 lakh median daily turnover (floor Rs50 lakh); only 74 trades/day median — one operator's book, not a market",False
SHRADHA,Shradha Realty Limited,EQ,30.78,,0.029,95.0,20.0,,,"illiquid: Rs3 lakh median daily turnover (floor Rs50 lakh); only 95 trades/day median — one operator's book, not a market",False
PARNAXLAB,Parnax Lab Limited,EQ,111.54,,0.029,70.0,20.0,,,"listed 51d ago — under a year of history, no trend to read; illiquid: Rs3 lakh median daily turnover (floor Rs50 lakh); only 70 trades/day median — one operator's book, not a market",False
SECURKLOUD,SECUREKLOUD TECHNOLOGIES LIMITED,EQ,15.34,,0.029,135.0,20.0,0,,"GSM stage 0 — exchange surveillance, periodic call auction; illiquid: Rs3 lakh median daily turnover (floor Rs50 lakh); only 135 trades/day median — one operator's book, not a market",False
ODIGMA,Odigma Consultancy Solutions Limited,EQ,20.9,,0.029,334.0,5.0,,,5% circuit band — cannot exit on bad news; illiquid: Rs3 lakh median daily turnover (floor Rs50 lakh),False
TRU,TruCap Finance Limited,EQ,4.25,,0.029,206.0,10.0,,,"price Rs4.25 below the Rs5 floor (tick size ~1% of price; the spread eats the edge); illiquid: Rs3 lakh median daily turnover (floor Rs50 lakh); only 206 trades/day median — one operator's book, not a market",False
SECMARK,SecMark Consultancy Limited,EQ,139.69,,0.029,51.0,20.0,,LT Stage I,"ASM LT Stage I — surveillance: 100% margin, no intraday, no pledging; illiquid: Rs3 lakh median daily turnover (floor Rs50 lakh); only 51 trades/day median — one operator's book, not a market",False
MAGNUM,Magnum Ventures Limited,EQ,18.18,,0.029,102.0,20.0,,,"illiquid: Rs3 lakh median daily turnover (floor Rs50 lakh); only 102 trades/day median — one operator's book, not a market",False
SURYALA,Suryalata Spinning Mills Limited,EQ,376.25,,0.028,21.0,20.0,,,"listed 170d ago — under a year of history, no trend to read; illiquid: Rs3 lakh median daily turnover (floor Rs50 lakh); only 21 trades/day median — one operator's book, not a market",False
AGRITECH,Agri-Tech (India) Limited,EQ,87.1,,0.028,101.0,5.0,,,"5% circuit band — cannot exit on bad news; illiquid: Rs3 lakh median daily turnover (floor Rs50 lakh); only 101 trades/day median — one operator's book, not a market",False
INFRA,,,11.47,,0.028,182.0,,,,"not in the NSE equity master (ETF / REIT / InvIT — not a company); illiquid: Rs3 lakh median daily turnover (floor Rs50 lakh); only 182 trades/day median — one operator's book, not a market",False
SINTERCOM,Sintercom India Limited,EQ,76.83,,0.028,79.0,20.0,,,"illiquid: Rs3 lakh median daily turnover (floor Rs50 lakh); only 79 trades/day median — one operator's book, not a market",False
RRIL,RRIL Limited,EQ,16.07,,0.028,108.0,20.0,,,"listed 170d ago — under a year of history, no trend to read; illiquid: Rs3 lakh median daily turnover (floor Rs50 lakh); only 108 trades/day median — one operator's book, not a market",False
RHL,Robust Hotels Limited,EQ,165.87,,0.028,38.0,20.0,,,"illiquid: Rs3 lakh median daily turnover (floor Rs50 lakh); only 38 trades/day median — one operator's book, not a market",False
GTECJAINX,G-TEC JAINX EDUCATION LIMITED,EQ,35.69,,0.028,76.0,5.0,0,,"GSM stage 0 — exchange surveillance, periodic call auction; 5% circuit band — cannot exit on bad news; illiquid: Rs3 lakh median daily turnover (floor Rs50 lakh); only 76 trades/day median — one operator's book, not a market; closed at circuit on 50% of sessions — a stop cannot fill in a locked market",False
MONEXT50,,,69.51,,0.028,69.0,,,,"not in the NSE equity master (ETF / REIT / InvIT — not a company); illiquid: Rs3 lakh median daily turnover (floor Rs50 lakh); only 69 trades/day median — one operator's book, not a market",False
SADBHIN,Sadbhav Infrastructure Project Limited,EQ,2.6,,0.028,208.5,5.0,,,"5% circuit band — cannot exit on bad news; price Rs2.6 below the Rs5 floor (tick size ~1% of price; the spread eats the edge); illiquid: Rs3 lakh median daily turnover (floor Rs50 lakh); only 208 trades/day median — one operator's book, not a market",False
BNAGROCHEM,BN Agrochem Limited,EQ,215.21,,0.028,48.0,5.0,,,"5% circuit band — cannot exit on bad news; listed 170d ago — under a year of history, no trend to read; illiquid: Rs3 lakh median daily turnover (floor Rs50 lakh); only 48 trades/day median — one operator's book, not a market",False
BSL,BSL Limited,EQ,120.04,,0.027,70.0,20.0,,,"illiquid: Rs3 lakh median daily turnover (floor Rs50 lakh); only 70 trades/day median — one operator's book, not a market",False
CGVAK,CG Vak Software & Exports Limited,EQ,133.8,,0.027,58.0,20.0,,,"listed 51d ago — under a year of history, no trend to read; illiquid: Rs3 lakh median daily turnover (floor Rs50 lakh); only 58 trades/day median — one operator's book, not a market",False
VINNY,Vinny Overseas Limited,EQ,0.89,,0.027,203.0,20.0,,,"price Rs0.89 below the Rs5 floor (tick size ~1% of price; the spread eats the edge); illiquid: Rs3 lakh median daily turnover (floor Rs50 lakh); only 203 trades/day median — one operator's book, not a market",False
PVTBKGROWW,,,26.99,,0.027,95.0,,,,"not in the NSE equity master (ETF / REIT / InvIT — not a company); illiquid: Rs3 lakh median daily turnover (floor Rs50 lakh); only 95 trades/day median — one operator's book, not a market",False
CONS,,,11.29,,0.027,159.0,,,,"not in the NSE equity master (ETF / REIT / InvIT — not a company); illiquid: Rs3 lakh median daily turnover (floor Rs50 lakh); only 159 trades/day median — one operator's book, not a market",False
BSLSENETFG,,,73.15,,0.027,91.0,,,,"not in the NSE equity master (ETF / REIT / InvIT — not a company); illiquid: Rs3 lakh median daily turnover (floor Rs50 lakh); only 91 trades/day median — one operator's book, not a market",False
NOIDATOLL,Noida Toll Bridge Company Limited,EQ,3.67,,0.027,286.0,10.0,,,"price Rs3.67 below the Rs5 floor (tick size ~1% of price; the spread eats the edge); illiquid: Rs3 lakh median daily turnover (floor Rs50 lakh); only 286 trades/day median — one operator's book, not a market",False
VITAL,Vital Chemtech Limited,EQ,52.87,,0.026,31.0,5.0,,,"5% circuit band — cannot exit on bad news; listed 210d ago — under a year of history, no trend to read; illiquid: Rs3 lakh median daily turnover (floor Rs50 lakh); only 31 trades/day median — one operator's book, not a market",False
ENERGYDEV,Energy Development Company Limited,EQ,14.57,,0.026,251.0,20.0,,,"illiquid: Rs3 lakh median daily turnover (floor Rs50 lakh); only 251 trades/day median — one operator's book, not a market",False
BAGFILMS,B.A.G Films and Media Limited,EQ,4.12,,0.026,168.0,20.0,,,"price Rs4.12 below the Rs5 floor (tick size ~1% of price; the spread eats the edge); illiquid: Rs3 lakh median daily turnover (floor Rs50 lakh); only 168 trades/day median — one operator's book, not a market",False
MOIPO,,,46.71,,0.026,47.0,,,,"not in the NSE equity master (ETF / REIT / InvIT — not a company); illiquid: Rs3 lakh median daily turnover (floor Rs50 lakh); only 47 trades/day median — one operator's book, not a market",False
VALUE,,,15.14,,0.026,98.0,,,,"not in the NSE equity master (ETF / REIT / InvIT — not a company); illiquid: Rs3 lakh median daily turnover (floor Rs50 lakh); only 98 trades/day median — one operator's book, not a market",False
MOMETAL,,,12.35,,0.026,52.0,,,,"not in the NSE equity master (ETF / REIT / InvIT — not a company); illiquid: Rs3 lakh median daily turnover (floor Rs50 lakh); only 52 trades/day median — one operator's book, not a market",False
RELCHEMQ,Reliance Chemotex Industries Limited,EQ,114.19,,0.026,105.0,20.0,,,"illiquid: Rs3 lakh median daily turnover (floor Rs50 lakh); only 105 trades/day median — one operator's book, not a market",False
DIGIDRIVE,Digidrive Distributors Limited,EQ,18.1,,0.026,130.0,20.0,,,"illiquid: Rs3 lakh median daily turnover (floor Rs50 lakh); only 130 trades/day median — one operator's book, not a market",False
SUVIDHAA,Suvidhaa Infoserve Limited,EQ,2.1,,0.026,271.0,20.0,,,"price Rs2.1 below the Rs5 floor (tick size ~1% of price; the spread eats the edge); illiquid: Rs3 lakh median daily turnover (floor Rs50 lakh); only 271 trades/day median — one operator's book, not a market",False
ORCHASP,Orchasp Limited,EQ,1.33,,0.026,242.0,20.0,,,"price Rs1.33 below the Rs5 floor (tick size ~1% of price; the spread eats the edge); illiquid: Rs3 lakh median daily turnover (floor Rs50 lakh); only 242 trades/day median — one operator's book, not a market",False
MLKFOOD,Milkfood Limited,EQ,85.7,,0.026,96.0,20.0,,,"listed 51d ago — under a year of history, no trend to read; illiquid: Rs3 lakh median daily turnover (floor Rs50 lakh); only 96 trades/day median — one operator's book, not a market",False
CCHHL,Country Club Hospitality & Holidays Limited,EQ,12.81,,0.026,126.0,20.0,,,"illiquid: Rs3 lakh median daily turnover (floor Rs50 lakh); only 126 trades/day median — one operator's book, not a market",False
GOYALALUM,Goyal Aluminiums Limited,EQ,5.94,,0.025,343.0,20.0,,,illiquid: Rs2 lakh median daily turnover (floor Rs50 lakh),False
COMPUSOFT,Compucom Software Limited,EQ,13.25,,0.025,183.0,20.0,,,"illiquid: Rs2 lakh median daily turnover (floor Rs50 lakh); only 183 trades/day median — one operator's book, not a market",False
SENSEXAXIS,,,75.32,,0.025,61.0,,,,"not in the NSE equity master (ETF / REIT / InvIT — not a company); illiquid: Rs2 lakh median daily turnover (floor Rs50 lakh); only 61 trades/day median — one operator's book, not a market",False
LAL,Lorenzini Apparels Limited,EQ,8.61,,0.025,134.0,20.0,,,"illiquid: Rs2 lakh median daily turnover (floor Rs50 lakh); only 134 trades/day median — one operator's book, not a market",False
MOQUALITY,,,188.19,,0.025,39.0,,,,"not in the NSE equity master (ETF / REIT / InvIT — not a company); illiquid: Rs2 lakh median daily turnover (floor Rs50 lakh); only 39 trades/day median — one operator's book, not a market",False
MIDCAPADD,,,21.83,,0.025,60.0,,,,"not in the NSE equity master (ETF / REIT / InvIT — not a company); illiquid: Rs2 lakh median daily turnover (floor Rs50 lakh); only 60 trades/day median — one operator's book, not a market",False
MEDICAPQ,Medi Caps Limited,BE,24.81,,0.025,118.5,5.0,,,"series BE (trade-to-trade / SME — not normal rolling settlement); 5% circuit band — cannot exit on bad news; listed 51d ago — under a year of history, no trend to read; illiquid: Rs2 lakh median daily turnover (floor Rs50 lakh); only 118 trades/day median — one operator's book, not a market; closed at circuit on 50% of sessions — a stop cannot fill in a locked market",False
IWP,The Indian Wood Products Company Limited,EQ,37.1,,0.025,83.0,20.0,,,"listed 170d ago — under a year of history, no trend to read; illiquid: Rs2 lakh median daily turnover (floor Rs50 lakh); only 83 trades/day median — one operator's book, not a market",False
LEXUS,Lexus Granito (India) Limited,EQ,9.48,,0.024,149.0,20.0,,,"illiquid: Rs2 lakh median daily turnover (floor Rs50 lakh); only 149 trades/day median — one operator's book, not a market",False
RVHL,Ravinder Heights Limited,EQ,37.38,,0.024,96.0,20.0,,,"illiquid: Rs2 lakh median daily turnover (floor Rs50 lakh); only 96 trades/day median — one operator's book, not a market",False
PARASPETRO,Paras Petrofils Limited,EQ,2.03,,0.024,235.0,5.0,,LT Stage I,"ASM LT Stage I — surveillance: 100% margin, no intraday, no pledging; 5% circuit band — cannot exit on bad news; price Rs2.03 below the Rs5 floor (tick size ~1% of price; the spread eats the edge); illiquid: Rs2 lakh median daily turnover (floor Rs50 lakh); only 235 trades/day median — one operator's book, not a market",False
PILITA,PIL ITALICA LIFESTYLE LIMITED,EQ,7.32,,0.024,169.0,5.0,,,"5% circuit band — cannot exit on bad news; illiquid: Rs2 lakh median daily turnover (floor Rs50 lakh); only 169 trades/day median — one operator's book, not a market",False
DANGEE,Dangee Dums Limited,EQ,3.22,,0.024,134.0,10.0,,,"price Rs3.22 below the Rs5 floor (tick size ~1% of price; the spread eats the edge); illiquid: Rs2 lakh median daily turnover (floor Rs50 lakh); only 134 trades/day median — one operator's book, not a market",False
AIROLAM,Airo Lam limited,EQ,91.07,,0.024,66.0,20.0,,,"illiquid: Rs2 lakh median daily turnover (floor Rs50 lakh); only 66 trades/day median — one operator's book, not a market",False
RADIOCITY,Music Broadcast Limited,EQ,5.87,,0.024,140.0,20.0,,,"illiquid: Rs2 lakh median daily turnover (floor Rs50 lakh); only 140 trades/day median — one operator's book, not a market",False
VADILENT,Vadilal Enterprises Limited,EQ,9910.0,,0.023,9.0,20.0,,,"listed 51d ago — under a year of history, no trend to read; illiquid: Rs2 lakh median daily turnover (floor Rs50 lakh); only 9 trades/day median — one operator's book, not a market",False
HGM,HandsOn Global Management (HGM) Limited,EQ,40.05,,0.023,93.0,20.0,,,"illiquid: Rs2 lakh median daily turnover (floor Rs50 lakh); only 93 trades/day median — one operator's book, not a market",False
BONLON,Bonlon Industries Limited,EQ,40.68,,0.023,136.0,10.0,,,"listed 229d ago — under a year of history, no trend to read; illiquid: Rs2 lakh median daily turnover (floor Rs50 lakh); only 136 trades/day median — one operator's book, not a market",False
INSURADD,,,14.61,,0.023,37.0,,,,"not in the NSE equity master (ETF / REIT / InvIT — not a company); illiquid: Rs2 lakh median daily turnover (floor Rs50 lakh); only 37 trades/day median — one operator's book, not a market",False
MCCHRLS-B,Mac Charles India Limited,EQ,672.55,,0.023,40.0,20.0,0,,"GSM stage 0 — exchange surveillance, periodic call auction; listed 170d ago — under a year of history, no trend to read; illiquid: Rs2 lakh median daily turnover (floor Rs50 lakh); only 40 trades/day median — one operator's book, not a market",False
MSCIINDIA,,,28.18,,0.022,160.0,,,,"not in the NSE equity master (ETF / REIT / InvIT — not a company); illiquid: Rs2 lakh median daily turnover (floor Rs50 lakh); only 160 trades/day median — one operator's book, not a market",False
MOMGF,,,152.85,,0.022,37.0,,,,"not in the NSE equity master (ETF / REIT / InvIT — not a company); illiquid: Rs2 lakh median daily turnover (floor Rs50 lakh); only 37 trades/day median — one operator's book, not a market",False
VIVOBIOT,Vivo Bio Tech Limited,EQ,15.1,,0.022,140.0,20.0,,,"listed 51d ago — under a year of history, no trend to read; illiquid: Rs2 lakh median daily turnover (floor Rs50 lakh); only 140 trades/day median — one operator's book, not a market",False
RTSPOWR,RTS Power Corporation Limited,BE,114.1,,0.022,53.5,5.0,,,"series BE (trade-to-trade / SME — not normal rolling settlement); 5% circuit band — cannot exit on bad news; listed 51d ago — under a year of history, no trend to read; illiquid: Rs2 lakh median daily turnover (floor Rs50 lakh); only 53 trades/day median — one operator's book, not a market",False
HYBRIDETF,,,9.84,,0.022,61.0,,,,"not in the NSE equity master (ETF / REIT / InvIT — not a company); illiquid: Rs2 lakh median daily turnover (floor Rs50 lakh); only 61 trades/day median — one operator's book, not a market",False
INDIANCARD,Indian Card Clothing Company Limited,EQ,186.99,,0.022,42.0,20.0,,,"illiquid: Rs2 lakh median daily turnover (floor Rs50 lakh); only 42 trades/day median — one operator's book, not a market",False
BIMETAL,Bimetal Bearings Limited,EQ,640.65,,0.021,34.0,20.0,,,"listed 170d ago — under a year of history, no trend to read; illiquid: Rs2 lakh median daily turnover (floor Rs50 lakh); only 34 trades/day median — one operator's book, not a market",False
LFIC,Lakshmi Finance & Industrial Corporation Limited,EQ,129.0,,0.021,61.0,20.0,,,"illiquid: Rs2 lakh median daily turnover (floor Rs50 lakh); only 61 trades/day median — one operator's book, not a market",False
PREMCO,Premco Global Limited,EQ,397.15,,0.021,42.0,20.0,,,"listed 170d ago — under a year of history, no trend to read; illiquid: Rs2 lakh median daily turnover (floor Rs50 lakh); only 42 trades/day median — one operator's book, not a market",False
ITBETA,,,291.72,,0.021,27.0,,,,"not in the NSE equity master (ETF / REIT / InvIT — not a company); illiquid: Rs2 lakh median daily turnover (floor Rs50 lakh); only 27 trades/day median — one operator's book, not a market",False
MODIRUBBER,Modi Rubber Limited,EQ,118.87,,0.021,64.0,20.0,,,"illiquid: Rs2 lakh median daily turnover (floor Rs50 lakh); only 64 trades/day median — one operator's book, not a market",False
MON50EQUAL,,,31.15,,0.021,68.0,,,,"not in the NSE equity master (ETF / REIT / InvIT — not a company); illiquid: Rs2 lakh median daily turnover (floor Rs50 lakh); only 68 trades/day median — one operator's book, not a market",False
LAGNAM,Lagnam Spintex Limited,EQ,72.26,,0.021,62.0,20.0,,,"illiquid: Rs2 lakh median daily turnover (floor Rs50 lakh); only 62 trades/day median — one operator's book, not a market",False
ANIKINDS,Anik Industries Limited,EQ,45.65,,0.021,88.0,20.0,,,"illiquid: Rs2 lakh median daily turnover (floor Rs50 lakh); only 88 trades/day median — one operator's book, not a market",False
TNTELE,Tamilnadu Telecommunication Limited,BE,11.56,,0.021,135.0,5.0,0,,"series BE (trade-to-trade / SME — not normal rolling settlement); GSM stage 0 — exchange surveillance, periodic call auction; 5% circuit band — cannot exit on bad news; illiquid: Rs2 lakh median daily turnover (floor Rs50 lakh); only 135 trades/day median — one operator's book, not a market; closed at circuit on 23% of sessions — a stop cannot fill in a locked market",False
BOHRAIND,Bohra Industries Limited,EQ,14.21,,0.02,51.0,5.0,,ST Stage I,"ASM ST Stage I — surveillance: 100% margin, no intraday, no pledging; 5% circuit band — cannot exit on bad news; illiquid: Rs2 lakh median daily turnover (floor Rs50 lakh); only 51 trades/day median — one operator's book, not a market",False
GROWWMC150,,,220.32,,0.02,33.0,,,,"not in the NSE equity master (ETF / REIT / InvIT — not a company); illiquid: Rs2 lakh median daily turnover (floor Rs50 lakh); only 33 trades/day median — one operator's book, not a market",False
SURAJLTD,Suraj Limited,EQ,181.7,,0.02,30.0,20.0,,,"illiquid: Rs2 lakh median daily turnover (floor Rs50 lakh); only 30 trades/day median — one operator's book, not a market",False
LOWVOL,,,192.52,,0.02,14.0,,,,"not in the NSE equity master (ETF / REIT / InvIT — not a company); illiquid: Rs2 lakh median daily turnover (floor Rs50 lakh); only 14 trades/day median — one operator's book, not a market",False
AMJLAND,Amj Land Holdings Limited,EQ,37.35,,0.02,105.0,20.0,,,"illiquid: Rs2 lakh median daily turnover (floor Rs50 lakh); only 105 trades/day median — one operator's book, not a market",False
DGCONTENT,Digicontent Limited,EQ,24.16,,0.02,94.0,20.0,,,"illiquid: Rs2 lakh median daily turnover (floor Rs50 lakh); only 94 trades/day median — one operator's book, not a market",False
HINDALUMI,Hind Aluminium Industries Limited,EQ,89.99,,0.02,107.0,20.0,,,"listed 51d ago — under a year of history, no trend to read; illiquid: Rs2 lakh median daily turnover (floor Rs50 lakh); only 107 trades/day median — one operator's book, not a market",False
COMPEAU,Competent Automobiles Company Limited,EQ,362.0,,0.02,26.0,20.0,,,"listed 51d ago — under a year of history, no trend to read; illiquid: Rs2 lakh median daily turnover (floor Rs50 lakh); only 26 trades/day median — one operator's book, not a market",False
NIF500BETA,,,35.36,,0.02,19.0,,,,"not in the NSE equity master (ETF / REIT / InvIT — not a company); illiquid: Rs2 lakh median daily turnover (floor Rs50 lakh); only 19 trades/day median — one operator's book, not a market",False
ZODIACLOTH,Zodiac Clothing Company Limited,EQ,67.71,,0.019,69.0,20.0,,,"illiquid: Rs2 lakh median daily turnover (floor Rs50 lakh); only 69 trades/day median — one operator's book, not a market",False
NAGREEKCAP,Nagreeka Capital & Infrastructure Limited,EQ,27.25,,0.019,110.0,10.0,,,"illiquid: Rs2 lakh median daily turnover (floor Rs50 lakh); only 110 trades/day median — one operator's book, not a market",False
SHYAMCENT,Shyam Century Ferrous Limited,EQ,4.98,,0.019,120.0,10.0,,,"price Rs4.98 below the Rs5 floor (tick size ~1% of price; the spread eats the edge); illiquid: Rs2 lakh median daily turnover (floor Rs50 lakh); only 120 trades/day median — one operator's book, not a market",False
KANANIIND,Kanani Industries Limited,EQ,1.33,,0.019,257.0,20.0,,,"price Rs1.33 below the Rs5 floor (tick size ~1% of price; the spread eats the edge); illiquid: Rs2 lakh median daily turnover (floor Rs50 lakh); only 257 trades/day median — one operator's book, not a market",False
JAIPURKURT,Nandani Creation Limited,EQ,28.5,,0.019,106.0,20.0,,,"illiquid: Rs2 lakh median daily turnover (floor Rs50 lakh); only 106 trades/day median — one operator's book, not a market",False
KEYFINSERV,Keynote Financial Services Limited,EQ,240.0,,0.019,51.0,20.0,,,"illiquid: Rs2 lakh median daily turnover (floor Rs50 lakh); only 51 trades/day median — one operator's book, not a market",False
SECLEDBETA,,,13.89,,0.019,37.0,,,,"not in the NSE equity master (ETF / REIT / InvIT — not a company); illiquid: Rs2 lakh median daily turnover (floor Rs50 lakh); only 37 trades/day median — one operator's book, not a market",False
MOHITIND,Mohit Industries Limited,EQ,22.57,,0.019,87.0,20.0,,,"illiquid: Rs2 lakh median daily turnover (floor Rs50 lakh); only 87 trades/day median — one operator's book, not a market",False
SURYALAXMI,Suryalakshmi Cotton Mills Limited,EQ,56.64,,0.018,73.0,20.0,,,"illiquid: Rs2 lakh median daily turnover (floor Rs50 lakh); only 73 trades/day median — one operator's book, not a market",False
SBIVALETF,,,13.87,,0.018,65.0,,,,"not in the NSE equity master (ETF / REIT / InvIT — not a company); illiquid: Rs2 lakh median daily turnover (floor Rs50 lakh); only 65 trades/day median — one operator's book, not a market",False
LASA,,,6.52,,0.018,150.0,,,,"not in the NSE equity master (ETF / REIT / InvIT — not a company); GSM stage nan — exchange surveillance, periodic call auction; illiquid: Rs2 lakh median daily turnover (floor Rs50 lakh); only 150 trades/day median — one operator's book, not a market",False
LAHOTIOV,Lahoti Overseas Limited,EQ,39.9,,0.018,45.0,20.0,,,"listed 170d ago — under a year of history, no trend to read; illiquid: Rs2 lakh median daily turnover (floor Rs50 lakh); only 45 trades/day median — one operator's book, not a market",False
NEXT30ADD,,,39.96,,0.018,67.0,,,,"not in the NSE equity master (ETF / REIT / InvIT — not a company); illiquid: Rs2 lakh median daily turnover (floor Rs50 lakh); only 67 trades/day median — one operator's book, not a market",False
SELMC,,,29.25,,0.018,99.0,,,,"not in the NSE equity master (ETF / REIT / InvIT — not a company); GSM stage nan — exchange surveillance, periodic call auction; illiquid: Rs2 lakh median daily turnover (floor Rs50 lakh); only 99 trades/day median — one operator's book, not a market",False
ABANSENT,Abans Enterprises Limited,EQ,27.66,,0.018,120.0,5.0,,,"5% circuit band — cannot exit on bad news; listed 170d ago — under a year of history, no trend to read; illiquid: Rs2 lakh median daily turnover (floor Rs50 lakh); only 120 trades/day median — one operator's book, not a market",False
AKG,Akg Exim Limited,EQ,9.38,,0.018,113.0,20.0,,LT Stage I,"ASM LT Stage I — surveillance: 100% margin, no intraday, no pledging; illiquid: Rs2 lakh median daily turnover (floor Rs50 lakh); only 113 trades/day median — one operator's book, not a market",False
PANSARI,Pansari Developers Limited,EQ,271.0,,0.018,18.0,20.0,,,"illiquid: Rs2 lakh median daily turnover (floor Rs50 lakh); only 18 trades/day median — one operator's book, not a market",False
SILLYMONKS,,,16.0,,0.018,45.0,,,,"not in the NSE equity master (ETF / REIT / InvIT — not a company); GSM stage nan — exchange surveillance, periodic call auction; illiquid: Rs2 lakh median daily turnover (floor Rs50 lakh); only 45 trades/day median — one operator's book, not a market",False
PRITI,Priti International Limited,EQ,32.2,,0.018,111.0,10.0,,,"illiquid: Rs2 lakh median daily turnover (floor Rs50 lakh); only 111 trades/day median — one operator's book, not a market",False
TGBHOTELS,TGB Banquets And Hotels Limited,EQ,9.4,,0.017,126.0,20.0,,,"illiquid: Rs2 lakh median daily turnover (floor Rs50 lakh); only 126 trades/day median — one operator's book, not a market",False
LAKSHMIMIL,Lakshmi Mills Company Limited,EQ,7715.0,,0.017,11.5,20.0,,,"listed 51d ago — under a year of history, no trend to read; illiquid: Rs2 lakh median daily turnover (floor Rs50 lakh); only 11 trades/day median — one operator's book, not a market",False
TCIFINANCE,TCI Finance Limited,EQ,14.21,,0.017,99.0,10.0,0,,"GSM stage 0 — exchange surveillance, periodic call auction; illiquid: Rs2 lakh median daily turnover (floor Rs50 lakh); only 99 trades/day median — one operator's book, not a market",False
NTCIND,NTC Industries Limited,EQ,132.53,,0.017,52.0,20.0,,,"listed 51d ago — under a year of history, no trend to read; illiquid: Rs2 lakh median daily turnover (floor Rs50 lakh); only 52 trades/day median — one operator's book, not a market",False
LPDC,Landmark Property Development Company Limited,EQ,6.25,,0.017,183.0,20.0,,,"illiquid: Rs2 lakh median daily turnover (floor Rs50 lakh); only 183 trades/day median — one operator's book, not a market",False
BANKA,Banka BioLoo Limited,EQ,67.97,,0.017,40.0,5.0,,,"5% circuit band — cannot exit on bad news; illiquid: Rs2 lakh median daily turnover (floor Rs50 lakh); only 40 trades/day median — one operator's book, not a market",False
KARMAENG,Karma Energy Limited,EQ,34.86,,0.016,117.0,20.0,,,"illiquid: Rs2 lakh median daily turnover (floor Rs50 lakh); only 117 trades/day median — one operator's book, not a market",False
HEXATRADEX,Hexa Tradex Limited,EQ,157.01,,0.016,47.0,10.0,,,"illiquid: Rs2 lakh median daily turnover (floor Rs50 lakh); only 47 trades/day median — one operator's book, not a market",False
MODTHREAD,Modern Threads (India) Limited,EQ,45.21,,0.016,68.0,20.0,,,"illiquid: Rs2 lakh median daily turnover (floor Rs50 lakh); only 68 trades/day median — one operator's book, not a market",False
ANSALBU,Ansal Buildwell Limited,EQ,84.5,,0.016,70.0,20.0,,,"listed 51d ago — under a year of history, no trend to read; illiquid: Rs2 lakh median daily turnover (floor Rs50 lakh); only 70 trades/day median — one operator's book, not a market",False
SAMBHAAV,Sambhaav Media Limited,EQ,5.1,,0.016,128.0,20.0,,,"illiquid: Rs2 lakh median daily turnover (floor Rs50 lakh); only 128 trades/day median — one operator's book, not a market",False
HISARMETAL,Hisar Metal Industries Limited,EQ,145.1,,0.016,46.0,20.0,,,"illiquid: Rs2 lakh median daily turnover (floor Rs50 lakh); only 46 trades/day median — one operator's book, not a market",False
21STCENMGM,21st Century Management Services Limited,EQ,39.12,,0.016,39.0,2.0,,,"2% circuit band — cannot exit on bad news; illiquid: Rs2 lakh median daily turnover (floor Rs50 lakh); only 39 trades/day median — one operator's book, not a market",False
MOHITE,Mohite Industries Limited,EQ,2.47,,0.016,136.0,20.0,,,"price Rs2.47 below the Rs5 floor (tick size ~1% of price; the spread eats the edge); listed 51d ago — under a year of history, no trend to read; illiquid: Rs2 lakh median daily turnover (floor Rs50 lakh); only 136 trades/day median — one operator's book, not a market",False
REPL,Rudrabhishek Enterprises Limited,EQ,55.3,,0.016,76.0,10.0,,,"illiquid: Rs2 lakh median daily turnover (floor Rs50 lakh); only 76 trades/day median — one operator's book, not a market",False
KAKATCEM,Kakatiya Cement Sugar & Industries Limited,EQ,105.95,,0.016,53.0,5.0,,,"5% circuit band — cannot exit on bad news; illiquid: Rs2 lakh median daily turnover (floor Rs50 lakh); only 53 trades/day median — one operator's book, not a market",False
MOINFRA,,,56.18,,0.015,59.0,,,,"not in the NSE equity master (ETF / REIT / InvIT — not a company); illiquid: Rs2 lakh median daily turnover (floor Rs50 lakh); only 59 trades/day median — one operator's book, not a market",False
ABMKNO,ABM Knowledgeware Limited,EQ,169.0,,0.015,32.0,20.0,,,"listed 170d ago — under a year of history, no trend to read; illiquid: Rs2 lakh median daily turnover (floor Rs50 lakh); only 32 trades/day median — one operator's book, not a market",False
IVZINNIFTY,,,261.59,,0.015,34.0,,,,"not in the NSE equity master (ETF / REIT / InvIT — not a company); illiquid: Rs2 lakh median daily turnover (floor Rs50 lakh); only 34 trades/day median — one operator's book, not a market",False
SAGARDEEP,Sagardeep Alloys Limited,EQ,22.18,,0.015,70.0,20.0,,,"illiquid: Rs2 lakh median daily turnover (floor Rs50 lakh); only 70 trades/day median — one operator's book, not a market",False
SNXT50BETA,,,89.63,,0.015,81.0,,,,"not in the NSE equity master (ETF / REIT / InvIT — not a company); illiquid: Rs2 lakh median daily turnover (floor Rs50 lakh); only 81 trades/day median — one operator's book, not a market",False
PIONEEREMB,Pioneer Embroideries Limited,EQ,20.7,,0.015,72.0,20.0,,,"illiquid: Rs2 lakh median daily turnover (floor Rs50 lakh); only 72 trades/day median — one operator's book, not a market",False
PNC,PNC Media and Entertainment Limited,EQ,17.49,,0.015,170.0,20.0,,,"illiquid: Rs2 lakh median daily turnover (floor Rs50 lakh); only 170 trades/day median — one operator's book, not a market",False
SPLIL,SPL Industries Limited,EQ,29.05,,0.015,84.0,20.0,,,"illiquid: Rs2 lakh median daily turnover (floor Rs50 lakh); only 84 trades/day median — one operator's book, not a market",False
CONSUMAXIS,,,113.24,,0.015,23.0,,,,"not in the NSE equity master (ETF / REIT / InvIT — not a company); illiquid: Rs2 lakh median daily turnover (floor Rs50 lakh); only 23 trades/day median — one operator's book, not a market",False
AMARJOTHI,Amarjothi Spinning Mills Limited,EQ,147.12,,0.015,32.0,20.0,,,"listed 51d ago — under a year of history, no trend to read; illiquid: Rs2 lakh median daily turnover (floor Rs50 lakh); only 32 trades/day median — one operator's book, not a market",False
MOPSE,,,95.53,,0.015,21.0,,,,"not in the NSE equity master (ETF / REIT / InvIT — not a company); illiquid: Rs2 lakh median daily turnover (floor Rs50 lakh); only 21 trades/day median — one operator's book, not a market",False
ANTGRAPHIC,Antarctica Limited,EQ,0.7,,0.015,170.0,20.0,,,"price Rs0.7 below the Rs5 floor (tick size ~1% of price; the spread eats the edge); illiquid: Rs2 lakh median daily turnover (floor Rs50 lakh); only 170 trades/day median — one operator's book, not a market",False
BANARBEADS,Banaras Beads Limited,EQ,110.27,,0.015,73.0,20.0,,,"illiquid: Rs2 lakh median daily turnover (floor Rs50 lakh); only 73 trades/day median — one operator's book, not a market",False
BANK10BETF,,,20.15,,0.015,37.0,,,,"not in the NSE equity master (ETF / REIT / InvIT — not a company); illiquid: Rs2 lakh median daily turnover (floor Rs50 lakh); only 37 trades/day median — one operator's book, not a market",False
MIDBANKADD,,,16.34,,0.015,30.0,,,,"not in the NSE equity master (ETF / REIT / InvIT — not a company); illiquid: Rs2 lakh median daily turnover (floor Rs50 lakh); only 30 trades/day median — one operator's book, not a market",False
VGCL,Vibrant Global Capital Limited,EQ,49.98,,0.014,34.0,5.0,,,"5% circuit band — cannot exit on bad news; listed 51d ago — under a year of history, no trend to read; illiquid: Rs1 lakh median daily turnover (floor Rs50 lakh); only 34 trades/day median — one operator's book, not a market",False
DIVIDEND,,,33.54,,0.014,67.0,,,,"not in the NSE equity master (ETF / REIT / InvIT — not a company); illiquid: Rs1 lakh median daily turnover (floor Rs50 lakh); only 67 trades/day median — one operator's book, not a market",False
PEARLPOLY,Pearl Polymers Limited,EQ,17.55,,0.014,62.0,5.0,,LT Stage I,"ASM LT Stage I — surveillance: 100% margin, no intraday, no pledging; 5% circuit band — cannot exit on bad news; illiquid: Rs1 lakh median daily turnover (floor Rs50 lakh); only 62 trades/day median — one operator's book, not a market",False
ENIFTY,,,22.85,,0.014,62.0,,,,"not in the NSE equity master (ETF / REIT / InvIT — not a company); illiquid: Rs1 lakh median daily turnover (floor Rs50 lakh); only 62 trades/day median — one operator's book, not a market",False
HBSL,HB Stockholdings Limited,EQ,58.61,,0.014,48.0,10.0,,,"illiquid: Rs1 lakh median daily turnover (floor Rs50 lakh); only 48 trades/day median — one operator's book, not a market",False
NPBET,,,281.53,,0.014,21.0,,,,"not in the NSE equity master (ETF / REIT / InvIT — not a company); illiquid: Rs1 lakh median daily turnover (floor Rs50 lakh); only 21 trades/day median — one operator's book, not a market",False
SEMAC,Semac Construction Limited,EQ,236.38,,0.014,38.5,5.0,,,"5% circuit band — cannot exit on bad news; illiquid: Rs1 lakh median daily turnover (floor Rs50 lakh); only 38 trades/day median — one operator's book, not a market",False
DELTAMAGNT,Delta Manufacturing Limited,EQ,56.47,,0.014,78.0,20.0,,,"illiquid: Rs1 lakh median daily turnover (floor Rs50 lakh); only 78 trades/day median — one operator's book, not a market",False
AHLEAST,Asian Hotels (East) Limited,EQ,134.95,,0.014,34.0,20.0,,,"illiquid: Rs1 lakh median daily turnover (floor Rs50 lakh); only 34 trades/day median — one operator's book, not a market",False
WIPL,The Western India Plywoods Limited,EQ,163.27,,0.014,27.0,20.0,,,"illiquid: Rs1 lakh median daily turnover (floor Rs50 lakh); only 27 trades/day median — one operator's book, not a market",False
LKPSEC,LKP Securities Limited,EQ,13.65,,0.013,100.0,10.0,,,"listed 51d ago — under a year of history, no trend to read; illiquid: Rs1 lakh median daily turnover (floor Rs50 lakh); only 100 trades/day median — one operator's book, not a market",False
LAXMICOT,Laxmi Cotspin Limited,EQ,12.8,,0.013,92.0,20.0,,,"illiquid: Rs1 lakh median daily turnover (floor Rs50 lakh); only 92 trades/day median — one operator's book, not a market",False
ARCHIES,Archies Limited,EQ,12.42,,0.013,103.0,20.0,,,"illiquid: Rs1 lakh median daily turnover (floor Rs50 lakh); only 103 trades/day median — one operator's book, not a market",False
ORTINGLOBE,ORTIN GLOBAL LIMITED,EQ,14.9,,0.013,49.0,5.0,0,,"GSM stage 0 — exchange surveillance, periodic call auction; 5% circuit band — cannot exit on bad news; illiquid: Rs1 lakh median daily turnover (floor Rs50 lakh); only 49 trades/day median — one operator's book, not a market",False
ODYCORP,Odyssey Corporation Limited,EQ,6.7,,0.013,86.0,20.0,,,"listed 51d ago — under a year of history, no trend to read; illiquid: Rs1 lakh median daily turnover (floor Rs50 lakh); only 86 trades/day median — one operator's book, not a market",False
STLSTRINF,Steel Strips Infrastructures Limited,EQ,22.5,,0.013,84.0,10.0,,LT Stage I,"ASM LT Stage I — surveillance: 100% margin, no intraday, no pledging; listed 51d ago — under a year of history, no trend to read; illiquid: Rs1 lakh median daily turnover (floor Rs50 lakh); only 84 trades/day median — one operator's book, not a market",False
SENSEXADD,,,75.12,,0.013,31.0,,,,"not in the NSE equity master (ETF / REIT / InvIT — not a company); illiquid: Rs1 lakh median daily turnover (floor Rs50 lakh); only 31 trades/day median — one operator's book, not a market",False
DHATRE,Dhatre Udyog Limited,EQ,3.94,,0.013,173.0,20.0,,,"price Rs3.94 below the Rs5 floor (tick size ~1% of price; the spread eats the edge); listed 51d ago — under a year of history, no trend to read; illiquid: Rs1 lakh median daily turnover (floor Rs50 lakh); only 173 trades/day median — one operator's book, not a market",False
RKDL,Ravi Kumar Distilleries Limited,EQ,16.93,,0.013,81.0,20.0,,,"illiquid: Rs1 lakh median daily turnover (floor Rs50 lakh); only 81 trades/day median — one operator's book, not a market",False
CINEVISTA,Cinevista Limited,EQ,15.37,,0.012,93.0,20.0,,,"illiquid: Rs1 lakh median daily turnover (floor Rs50 lakh); only 93 trades/day median — one operator's book, not a market",False
REGENCERAM,Regency Ceramics Limited,EQ,31.66,,0.012,73.0,20.0,0,,"GSM stage 0 — exchange surveillance, periodic call auction; illiquid: Rs1 lakh median daily turnover (floor Rs50 lakh); only 73 trades/day median — one operator's book, not a market",False
CELEBRITY,Celebrity Fashions Limited,EQ,6.02,,0.012,81.0,20.0,0,,"GSM stage 0 — exchange surveillance, periodic call auction; illiquid: Rs1 lakh median daily turnover (floor Rs50 lakh); only 81 trades/day median — one operator's book, not a market",False
SGLRES,SGL Resources Limited,EQ,2.18,,0.012,108.0,5.0,,,"5% circuit band — cannot exit on bad news; price Rs2.18 below the Rs5 floor (tick size ~1% of price; the spread eats the edge); listed 51d ago — under a year of history, no trend to read; illiquid: Rs1 lakh median daily turnover (floor Rs50 lakh); only 108 trades/day median — one operator's book, not a market",False
CRAVATEX,Cravatex Limited,EQ,355.2,,0.012,42.0,20.0,,,"listed 51d ago — under a year of history, no trend to read; illiquid: Rs1 lakh median daily turnover (floor Rs50 lakh); only 42 trades/day median — one operator's book, not a market",False
VIVIDHA,Visagar Polytex Limited,EQ,0.5,,0.012,145.0,20.0,0,,"GSM stage 0 — exchange surveillance, periodic call auction; price Rs0.5 below the Rs5 floor (tick size ~1% of price; the spread eats the edge); illiquid: Rs1 lakh median daily turnover (floor Rs50 lakh); only 145 trades/day median — one operator's book, not a market",False
EBANKNIFTY,,,55.41,,0.012,22.0,,,,"not in the NSE equity master (ETF / REIT / InvIT — not a company); illiquid: Rs1 lakh median daily turnover (floor Rs50 lakh); only 22 trades/day median — one operator's book, not a market",False
DHRUV,Dhruv Consultancy Services Limited,EQ,19.47,,0.012,67.0,5.0,,,"5% circuit band — cannot exit on bad news; illiquid: Rs1 lakh median daily turnover (floor Rs50 lakh); only 67 trades/day median — one operator's book, not a market",False
VIJSOLX,Vijay Solvex Limited,EQ,615.85,,0.012,27.0,5.0,,,"5% circuit band — cannot exit on bad news; listed 51d ago — under a year of history, no trend to read; illiquid: Rs1 lakh median daily turnover (floor Rs50 lakh); only 27 trades/day median — one operator's book, not a market",False
HYBRIDFIN,Hybrid Financial Services Limited,EQ,17.84,,0.012,74.0,10.0,,,"illiquid: Rs1 lakh median daily turnover (floor Rs50 lakh); only 74 trades/day median — one operator's book, not a market",False
BALKRISHNA,Balkrishna Paper Mills Limited,EQ,16.0,,0.012,79.0,20.0,0,,"GSM stage 0 — exchange surveillance, periodic call auction; illiquid: Rs1 lakh median daily turnover (floor Rs50 lakh); only 79 trades/day median — one operator's book, not a market",False
MUKTAARTS,Mukta Arts Limited,EQ,56.5,,0.011,31.0,20.0,,,"illiquid: Rs1 lakh median daily turnover (floor Rs50 lakh); only 31 trades/day median — one operator's book, not a market",False
TECILCHEM,TECIL Chemicals and Hydro Power Limited,EQ,9.4,,0.011,67.0,20.0,0,,"GSM stage 0 — exchange surveillance, periodic call auction; illiquid: Rs1 lakh median daily turnover (floor Rs50 lakh); only 67 trades/day median — one operator's book, not a market",False
TREEHOUSE,Tree House Education & Accessories Limited,EQ,5.78,,0.011,100.0,20.0,,,"illiquid: Rs1 lakh median daily turnover (floor Rs50 lakh); only 100 trades/day median — one operator's book, not a market",False
PRUDMOULI,Prudential Sugar Corporation Limited,EQ,13.54,,0.011,51.0,10.0,,,"illiquid: Rs1 lakh median daily turnover (floor Rs50 lakh); only 51 trades/day median — one operator's book, not a market",False
INCREDIBLE,INCREDIBLE INDUSTRIES LIMITED,EQ,31.47,,0.011,79.0,20.0,,,"illiquid: Rs1 lakh median daily turnover (floor Rs50 lakh); only 79 trades/day median — one operator's book, not a market",False
ABSL10BANK,,,163.61,,0.011,21.0,,,,"not in the NSE equity master (ETF / REIT / InvIT — not a company); illiquid: Rs1 lakh median daily turnover (floor Rs50 lakh); only 21 trades/day median — one operator's book, not a market",False
ASTAR,Asian Star Company Limited,EQ,645.05,,0.011,46.0,10.0,,,"listed 170d ago — under a year of history, no trend to read; illiquid: Rs1 lakh median daily turnover (floor Rs50 lakh); only 46 trades/day median — one operator's book, not a market",False
GILT5BETA,,,66.25,,0.011,15.0,,,,"not in the NSE equity master (ETF / REIT / InvIT — not a company); illiquid: Rs1 lakh median daily turnover (floor Rs50 lakh); only 15 trades/day median — one operator's book, not a market",False
GANGESSECU,Ganges Securities Limited,EQ,113.96,,0.011,28.0,20.0,,,"illiquid: Rs1 lakh median daily turnover (floor Rs50 lakh); only 28 trades/day median — one operator's book, not a market",False
QUALITY30,,,19.24,,0.011,109.0,,,,"not in the NSE equity master (ETF / REIT / InvIT — not a company); illiquid: Rs1 lakh median daily turnover (floor Rs50 lakh); only 109 trades/day median — one operator's book, not a market",False
WEWIN,WE WIN LIMITED,EQ,52.85,,0.011,48.0,10.0,,,"illiquid: Rs1 lakh median daily turnover (floor Rs50 lakh); only 48 trades/day median — one operator's book, not a market",False
GROWWLOVOL,,,9.76,,0.011,116.0,,,,"not in the NSE equity master (ETF / REIT / InvIT — not a company); illiquid: Rs1 lakh median daily turnover (floor Rs50 lakh); only 116 trades/day median — one operator's book, not a market",False
SHANTI,Shanti Overseas (India) Limited,EQ,5.46,,0.01,80.0,20.0,0,,"GSM stage 0 — exchange surveillance, periodic call auction; illiquid: Rs1 lakh median daily turnover (floor Rs50 lakh); only 80 trades/day median — one operator's book, not a market",False
NORBTEAEXP,Norben Tea & Exports Limited,EQ,61.36,,0.01,38.0,5.0,,,"5% circuit band — cannot exit on bad news; illiquid: Rs1 lakh median daily turnover (floor Rs50 lakh); only 38 trades/day median — one operator's book, not a market",False
IVZSENSEX,,,74.74,,0.01,23.0,,,,"not in the NSE equity master (ETF / REIT / InvIT — not a company); illiquid: Rs1 lakh median daily turnover (floor Rs50 lakh); only 23 trades/day median — one operator's book, not a market",False
UMESLTD,Usha Martin Education & Solutions Limited,EQ,4.51,,0.01,119.0,10.0,,,"price Rs4.51 below the Rs5 floor (tick size ~1% of price; the spread eats the edge); illiquid: Rs1 lakh median daily turnover (floor Rs50 lakh); only 119 trades/day median — one operator's book, not a market",False
MOOILGAS,,,10.98,,0.01,59.0,,,,"not in the NSE equity master (ETF / REIT / InvIT — not a company); illiquid: Rs1 lakh median daily turnover (floor Rs50 lakh); only 59 trades/day median — one operator's book, not a market",False
PALREDTEC,Palred Technologies Limited,EQ,43.42,,0.01,40.0,5.0,,,"5% circuit band — cannot exit on bad news; illiquid: Rs1 lakh median daily turnover (floor Rs50 lakh); only 40 trades/day median — one operator's book, not a market",False
EMETAL,,,12.42,,0.01,40.0,,,,"not in the NSE equity master (ETF / REIT / InvIT — not a company); illiquid: Rs1 lakh median daily turnover (floor Rs50 lakh); only 40 trades/day median — one operator's book, not a market",False
GRANDOAK,Grand Oak Canyons Distillery Limited,EQ,34.96,,0.01,86.0,5.0,,,"5% circuit band — cannot exit on bad news; listed 170d ago — under a year of history, no trend to read; illiquid: Rs1 lakh median daily turnover (floor Rs50 lakh); only 86 trades/day median — one operator's book, not a market",False
MADHUCON,Madhucon Projects Limited,EQ,3.93,,0.01,85.5,5.0,,,"5% circuit band — cannot exit on bad news; price Rs3.93 below the Rs5 floor (tick size ~1% of price; the spread eats the edge); illiquid: Rs1 lakh median daily turnover (floor Rs50 lakh); only 85 trades/day median — one operator's book, not a market",False
KRIDHANINF,Kridhan Infra Limited,EQ,1.86,,0.01,82.0,5.0,,,"5% circuit band — cannot exit on bad news; price Rs1.86 below the Rs5 floor (tick size ~1% of price; the spread eats the edge); illiquid: Rs1 lakh median daily turnover (floor Rs50 lakh); only 82 trades/day median — one operator's book, not a market",False
HDFCLOWVOL,,,19.2,,0.01,73.0,,,,"not in the NSE equity master (ETF / REIT / InvIT — not a company); illiquid: Rs1 lakh median daily turnover (floor Rs50 lakh); only 73 trades/day median — one operator's book, not a market",False
SVPGLOB,SVP GLOBAL TEXTILES LIMITED,EQ,3.0,,0.01,74.0,5.0,,,"5% circuit band — cannot exit on bad news; price Rs3.0 below the Rs5 floor (tick size ~1% of price; the spread eats the edge); illiquid: Rs1 lakh median daily turnover (floor Rs50 lakh); only 74 trades/day median — one operator's book, not a market",False
PML,Paul Merchants Limited,EQ,483.85,,0.01,20.0,20.0,,,"listed 170d ago — under a year of history, no trend to read; illiquid: Rs1 lakh median daily turnover (floor Rs50 lakh); only 20 trades/day median — one operator's book, not a market",False
GUJRAFFIA,Gujarat Raffia Industries Limited,EQ,42.37,,0.01,39.0,10.0,,,"illiquid: Rs1 lakh median daily turnover (floor Rs50 lakh); only 39 trades/day median — one operator's book, not a market",False
HAMPTON,Hampton Sky Realty Limited,EQ,8.24,,0.01,111.0,20.0,,,"listed 51d ago — under a year of history, no trend to read; illiquid: Rs1 lakh median daily turnover (floor Rs50 lakh); only 111 trades/day median — one operator's book, not a market",False
SGL,STL Global Limited,EQ,9.09,,0.009,83.0,10.0,,,"illiquid: Rs1 lakh median daily turnover (floor Rs50 lakh); only 83 trades/day median — one operator's book, not a market",False
SHIVAAGRO,Shiva Global Agro Industries Limited,EQ,39.4,,0.009,46.0,20.0,,,"listed 51d ago — under a year of history, no trend to read; illiquid: Rs1 lakh median daily turnover (floor Rs50 lakh); only 46 trades/day median — one operator's book, not a market",False
MERCANTILE,Mercantile Ventures Limited,EQ,22.33,,0.009,55.0,20.0,,,"listed 170d ago — under a year of history, no trend to read; illiquid: Rs1 lakh median daily turnover (floor Rs50 lakh); only 55 trades/day median — one operator's book, not a market",False
AROGRANITE,Aro Granite Industries Limited,EQ,22.53,,0.009,60.0,20.0,,,"illiquid: Rs1 lakh median daily turnover (floor Rs50 lakh); only 60 trades/day median — one operator's book, not a market",False
AURUS,AURUS GEM CORPORATION LIMITED,EQ,4.29,,0.009,191.0,20.0,,,"price Rs4.29 below the Rs5 floor (tick size ~1% of price; the spread eats the edge); illiquid: Rs1 lakh median daily turnover (floor Rs50 lakh); only 191 trades/day median — one operator's book, not a market",False
TOKYOPLAST,Tokyo Plast International Limited,EQ,70.87,,0.009,32.0,5.0,,,"5% circuit band — cannot exit on bad news; illiquid: Rs1 lakh median daily turnover (floor Rs50 lakh); only 32 trades/day median — one operator's book, not a market",False
MOMNC,,,30.18,,0.009,30.0,,,,"not in the NSE equity master (ETF / REIT / InvIT — not a company); illiquid: Rs1 lakh median daily turnover (floor Rs50 lakh); only 30 trades/day median — one operator's book, not a market",False
GROBTEA,The Grob Tea Company Limited,EQ,899.5,,0.009,20.0,20.0,,,"illiquid: Rs1 lakh median daily turnover (floor Rs50 lakh); only 20 trades/day median — one operator's book, not a market",False
LICNETFN50,,,254.0,,0.009,26.0,,,,"not in the NSE equity master (ETF / REIT / InvIT — not a company); illiquid: Rs1 lakh median daily turnover (floor Rs50 lakh); only 26 trades/day median — one operator's book, not a market",False
AKASH,Akash Infra-Projects Limited,EQ,24.66,,0.009,41.0,20.0,,,"illiquid: Rs1 lakh median daily turnover (floor Rs50 lakh); only 41 trades/day median — one operator's book, not a market",False
DNAMEDIA,Diligent Media Corporation Limited,EQ,2.47,,0.009,111.0,20.0,0,,"GSM stage 0 — exchange surveillance, periodic call auction; price Rs2.47 below the Rs5 floor (tick size ~1% of price; the spread eats the edge); illiquid: Rs1 lakh median daily turnover (floor Rs50 lakh); only 111 trades/day median — one operator's book, not a market",False
TRANSCOR,Transcorp International Limited,EQ,25.38,,0.008,59.0,20.0,,,"listed 51d ago — under a year of history, no trend to read; illiquid: Rs1 lakh median daily turnover (floor Rs50 lakh); only 59 trades/day median — one operator's book, not a market",False
INFOMEDIA,Infomedia Press Limited,EQ,5.41,,0.008,66.0,20.0,0,,"GSM stage 0 — exchange surveillance, periodic call auction; illiquid: Rs1 lakh median daily turnover (floor Rs50 lakh); only 66 trades/day median — one operator's book, not a market",False
MOSERVICE,,,29.25,,0.008,48.0,,,,"not in the NSE equity master (ETF / REIT / InvIT — not a company); illiquid: Rs1 lakh median daily turnover (floor Rs50 lakh); only 48 trades/day median — one operator's book, not a market",False
HRYNSHP,Hariyana Ship Breakers Limited,EQ,94.1,,0.008,41.0,20.0,,,"listed 51d ago — under a year of history, no trend to read; illiquid: Rs1 lakh median daily turnover (floor Rs50 lakh); only 41 trades/day median — one operator's book, not a market",False
LICNFNHGP,,,260.56,,0.008,22.0,,,,"not in the NSE equity master (ETF / REIT / InvIT — not a company); illiquid: Rs1 lakh median daily turnover (floor Rs50 lakh); only 22 trades/day median — one operator's book, not a market",False
MSCI360,,,9.51,,0.008,30.0,,,,"not in the NSE equity master (ETF / REIT / InvIT — not a company); illiquid: Rs1 lakh median daily turnover (floor Rs50 lakh); only 30 trades/day median — one operator's book, not a market",False
ASIANTNE,Asian Tea & Exports Limited,EQ,9.07,,0.008,55.0,20.0,0,,"GSM stage 0 — exchange surveillance, periodic call auction; listed 51d ago — under a year of history, no trend to read; illiquid: Rs1 lakh median daily turnover (floor Rs50 lakh); only 55 trades/day median — one operator's book, not a market",False
PRISMX,Prismx Global Ventures Limited,EQ,0.49,,0.008,129.0,20.0,,,"price Rs0.49 below the Rs5 floor (tick size ~1% of price; the spread eats the edge); listed 51d ago — under a year of history, no trend to read; illiquid: Rs1 lakh median daily turnover (floor Rs50 lakh); only 129 trades/day median — one operator's book, not a market",False
EASTWEST,East West Freight Carriers Limited,EQ,2.35,,0.008,130.0,10.0,,,"price Rs2.35 below the Rs5 floor (tick size ~1% of price; the spread eats the edge); listed 51d ago — under a year of history, no trend to read; illiquid: Rs1 lakh median daily turnover (floor Rs50 lakh); only 130 trades/day median — one operator's book, not a market",False
SAYAJIIND,Sayaji Industries Limited,EQ,116.0,,0.008,8.0,5.0,,,"5% circuit band — cannot exit on bad news; listed 51d ago — under a year of history, no trend to read; illiquid: Rs1 lakh median daily turnover (floor Rs50 lakh); only 8 trades/day median — one operator's book, not a market",False
ROML,Raj Oil Mills Limited,EQ,43.2,,0.008,41.0,20.0,,,"illiquid: Rs1 lakh median daily turnover (floor Rs50 lakh); only 41 trades/day median — one operator's book, not a market",False
METROGLOBL,Metroglobal Limited,EQ,132.0,,0.008,28.0,20.0,,,"listed 170d ago — under a year of history, no trend to read; illiquid: Rs1 lakh median daily turnover (floor Rs50 lakh); only 28 trades/day median — one operator's book, not a market",False
EUROTEXIND,Eurotex Industries and Exports Limited,EQ,16.12,,0.008,50.0,5.0,0,,"GSM stage 0 — exchange surveillance, periodic call auction; 5% circuit band — cannot exit on bad news; illiquid: Rs1 lakh median daily turnover (floor Rs50 lakh); only 50 trades/day median — one operator's book, not a market; closed at circuit on 57% of sessions — a stop cannot fill in a locked market",False
LIQUIDBETA,,,1010.85,,0.007,5.0,5.0,,,"not in the NSE equity master (ETF / REIT / InvIT — not a company); 5% circuit band — cannot exit on bad news; illiquid: Rs1 lakh median daily turnover (floor Rs50 lakh); only 5 trades/day median — one operator's book, not a market",False
WEIZMANIND,Weizmann Limited,EQ,73.52,,0.007,34.0,20.0,,,"illiquid: Rs1 lakh median daily turnover (floor Rs50 lakh); only 34 trades/day median — one operator's book, not a market",False
YOGI,Yogi Limited,EQ,161.86,,0.007,13.0,20.0,,,"listed 51d ago — under a year of history, no trend to read; illiquid: Rs1 lakh median daily turnover (floor Rs50 lakh); only 13 trades/day median — one operator's book, not a market",False
RADAAN,Radaan Mediaworks India Limited,EQ,2.89,,0.007,89.0,20.0,0,,"GSM stage 0 — exchange surveillance, periodic call auction; price Rs2.89 below the Rs5 floor (tick size ~1% of price; the spread eats the edge); illiquid: Rs1 lakh median daily turnover (floor Rs50 lakh); only 89 trades/day median — one operator's book, not a market",False
SAICAPI,Sai Capital Limited,EQ,146.08,,0.007,27.0,20.0,,,"listed 51d ago — under a year of history, no trend to read; illiquid: Rs1 lakh median daily turnover (floor Rs50 lakh); only 27 trades/day median — one operator's book, not a market",False
SALONA,Salona Cotspin Limited,EQ,276.55,,0.007,31.0,20.0,,,"illiquid: Rs1 lakh median daily turnover (floor Rs50 lakh); only 31 trades/day median — one operator's book, not a market",False
CREATIVEYE,Creative Eye Limited,EQ,6.21,,0.007,95.0,20.0,,,"illiquid: Rs1 lakh median daily turnover (floor Rs50 lakh); only 95 trades/day median — one operator's book, not a market",False
SUMEDHA,Sumedha Fiscal Services Limited,EQ,43.05,,0.007,22.0,20.0,,,"listed 51d ago — under a year of history, no trend to read; illiquid: Rs1 lakh median daily turnover (floor Rs50 lakh); only 22 trades/day median — one operator's book, not a market",False
SHIVAMILLS,Shiva Mills Limited,EQ,58.33,,0.007,24.0,5.0,,,"5% circuit band — cannot exit on bad news; illiquid: Rs1 lakh median daily turnover (floor Rs50 lakh); only 24 trades/day median — one operator's book, not a market",False
ALFREDHE,Alfred Herbert India Limited,EQ,2769.6,,0.007,11.0,20.0,,,"listed 51d ago — under a year of history, no trend to read; illiquid: Rs1 lakh median daily turnover (floor Rs50 lakh); only 11 trades/day median — one operator's book, not a market",False
MSL,Mangalam Seeds Limited,EQ,145.69,,0.007,19.0,20.0,,,"listed 51d ago — under a year of history, no trend to read; illiquid: Rs1 lakh median daily turnover (floor Rs50 lakh); only 19 trades/day median — one operator's book, not a market",False
RRECL,RDB Real Estate Constructions Limited,EQ,124.0,,0.006,17.0,10.0,,,"listed 51d ago — under a year of history, no trend to read; illiquid: Rs1 lakh median daily turnover (floor Rs50 lakh); only 17 trades/day median — one operator's book, not a market",False
PHOENXINTL,Phoenix International Limited,EQ,28.98,,0.006,44.0,20.0,,,"listed 51d ago — under a year of history, no trend to read; illiquid: Rs1 lakh median daily turnover (floor Rs50 lakh); only 44 trades/day median — one operator's book, not a market",False
STARTECK,Starteck Finance Limited,EQ,273.7,,0.006,50.0,10.0,,ST Stage I,"ASM ST Stage I — surveillance: 100% margin, no intraday, no pledging; illiquid: Rs1 lakh median daily turnover (floor Rs50 lakh); only 50 trades/day median — one operator's book, not a market",False
TEAMGTY,Team India Guaranty Limited,EQ,238.95,,0.006,15.0,20.0,,,"illiquid: Rs1 lakh median daily turnover (floor Rs50 lakh); only 15 trades/day median — one operator's book, not a market",False
TFL,Transwarranty Finance Limited,EQ,12.16,,0.006,41.0,20.0,,,"illiquid: Rs1 lakh median daily turnover (floor Rs50 lakh); only 41 trades/day median — one operator's book, not a market",False
RETAIL,JHS Svendgaard Retail Ventures Limited,BE,34.93,,0.006,73.0,5.0,,,"series BE (trade-to-trade / SME — not normal rolling settlement); 5% circuit band — cannot exit on bad news; illiquid: Rs1 lakh median daily turnover (floor Rs50 lakh); only 73 trades/day median — one operator's book, not a market; closed at circuit on 32% of sessions — a stop cannot fill in a locked market",False
PALASHSECU,Palash Securities Limited,EQ,87.99,,0.006,26.0,20.0,,,"illiquid: Rs1 lakh median daily turnover (floor Rs50 lakh); only 26 trades/day median — one operator's book, not a market",False
MOBANK10,,,16.25,,0.006,52.0,,,,"not in the NSE equity master (ETF / REIT / InvIT — not a company); illiquid: Rs1 lakh median daily turnover (floor Rs50 lakh); only 52 trades/day median — one operator's book, not a market",False
BBNPNBETF,,,55.46,,0.006,24.0,,,,"not in the NSE equity master (ETF / REIT / InvIT — not a company); illiquid: Rs1 lakh median daily turnover (floor Rs50 lakh); only 24 trades/day median — one operator's book, not a market",False
DCMFINSERV,DCM Financial Services Limited,EQ,5.15,,0.005,93.0,10.0,0,,"GSM stage 0 — exchange surveillance, periodic call auction; illiquid: Rs0 lakh median daily turnover (floor Rs50 lakh); only 93 trades/day median — one operator's book, not a market",False
MADHAV,Madhav Marbles and Granites Limited,EQ,33.62,,0.005,48.0,20.0,,,"illiquid: Rs0 lakh median daily turnover (floor Rs50 lakh); only 48 trades/day median — one operator's book, not a market",False
UPHOT,U P Hotels Limited,EQ,1530.0,,0.005,5.5,5.0,,,"5% circuit band — cannot exit on bad news; listed 51d ago — under a year of history, no trend to read; illiquid: Rs0 lakh median daily turnover (floor Rs50 lakh); only 5 trades/day median — one operator's book, not a market",False
NEXTMEDIA,Next Mediaworks Limited,EQ,3.53,,0.005,62.0,5.0,I,,"GSM stage I — exchange surveillance, periodic call auction; 5% circuit band — cannot exit on bad news; price Rs3.53 below the Rs5 floor (tick size ~1% of price; the spread eats the edge); illiquid: Rs0 lakh median daily turnover (floor Rs50 lakh); only 62 trades/day median — one operator's book, not a market",False
HBESD,HB Estate Developers Limited,EQ,77.06,,0.005,23.0,20.0,,,"listed 170d ago — under a year of history, no trend to read; illiquid: Rs0 lakh median daily turnover (floor Rs50 lakh); only 23 trades/day median — one operator's book, not a market",False
HAVISHA,Sri Havisha Hospitality and Infrastructure Limited,EQ,1.52,,0.005,87.0,20.0,,LT Stage I,"ASM LT Stage I — surveillance: 100% margin, no intraday, no pledging; price Rs1.52 below the Rs5 floor (tick size ~1% of price; the spread eats the edge); illiquid: Rs0 lakh median daily turnover (floor Rs50 lakh); only 87 trades/day median — one operator's book, not a market",False
LARGEMID50,,,34.37,,0.005,16.0,,,,"not in the NSE equity master (ETF / REIT / InvIT — not a company); illiquid: Rs0 lakh median daily turnover (floor Rs50 lakh); only 16 trades/day median — one operator's book, not a market",False
NICCOPAR,Nicco Parks & Resorts Limited,EQ,76.91,,0.005,30.0,20.0,,LT Stage I,"ASM LT Stage I — surveillance: 100% margin, no intraday, no pledging; listed 51d ago — under a year of history, no trend to read; illiquid: Rs0 lakh median daily turnover (floor Rs50 lakh); only 30 trades/day median — one operator's book, not a market",False
ADL,Archidply Decor Limited,EQ,72.29,,0.005,26.0,20.0,,,"illiquid: Rs0 lakh median daily turnover (floor Rs50 lakh); only 26 trades/day median — one operator's book, not a market",False
WILLAMAGOR,Williamson Magor & Company Limited,EQ,21.63,,0.005,54.0,20.0,0,,"GSM stage 0 — exchange surveillance, periodic call auction; illiquid: Rs0 lakh median daily turnover (floor Rs50 lakh); only 54 trades/day median — one operator's book, not a market",False
3PLAND,3P Land Holdings Limited,EQ,30.8,,0.005,68.0,20.0,,,"illiquid: Rs0 lakh median daily turnover (floor Rs50 lakh); only 68 trades/day median — one operator's book, not a market",False
MFML,Mahalaxmi Fabric Mills Limited,EQ,18.39,,0.005,56.0,20.0,,,"illiquid: Rs0 lakh median daily turnover (floor Rs50 lakh); only 56 trades/day median — one operator's book, not a market",False
HEADSUP,Heads UP Ventures Limited,EQ,6.33,,0.005,117.0,20.0,,,"illiquid: Rs0 lakh median daily turnover (floor Rs50 lakh); only 117 trades/day median — one operator's book, not a market",False
SHYAMTEL,Shyam Telecom Limited,EQ,11.15,,0.005,42.0,10.0,0,,"GSM stage 0 — exchange surveillance, periodic call auction; illiquid: Rs0 lakh median daily turnover (floor Rs50 lakh); only 42 trades/day median — one operator's book, not a market",False
GFSTEELS,Grand Foundry Limited,BE,21.99,,0.005,12.0,2.0,,,"series BE (trade-to-trade / SME — not normal rolling settlement); 2% circuit band — cannot exit on bad news; illiquid: Rs0 lakh median daily turnover (floor Rs50 lakh); only 12 trades/day median — one operator's book, not a market; closed at circuit on 100% of sessions — a stop cannot fill in a locked market",False
TOUCHWOOD,Touchwood Entertainment Limited,EQ,59.61,,0.004,32.5,20.0,,,"illiquid: Rs0 lakh median daily turnover (floor Rs50 lakh); only 32 trades/day median — one operator's book, not a market",False
ESENSEX,,,73.17,,0.004,20.0,,,,"not in the NSE equity master (ETF / REIT / InvIT — not a company); illiquid: Rs0 lakh median daily turnover (floor Rs50 lakh); only 20 trades/day median — one operator's book, not a market",False
CURAA,Cura Technologies Limited,BE,72.94,,0.004,22.5,5.0,0,,"series BE (trade-to-trade / SME — not normal rolling settlement); GSM stage 0 — exchange surveillance, periodic call auction; 5% circuit band — cannot exit on bad news; illiquid: Rs0 lakh median daily turnover (floor Rs50 lakh); only 22 trades/day median — one operator's book, not a market; closed at circuit on 33% of sessions — a stop cannot fill in a locked market",False
GLOBALE,Globale Tessile Limited,EQ,10.49,,0.004,27.0,5.0,0,,"GSM stage 0 — exchange surveillance, periodic call auction; 5% circuit band — cannot exit on bad news; illiquid: Rs0 lakh median daily turnover (floor Rs50 lakh); only 27 trades/day median — one operator's book, not a market",False
KEEPLEARN,DSJ Keep Learning Limited,EQ,1.86,,0.004,81.0,20.0,0,,"GSM stage 0 — exchange surveillance, periodic call auction; price Rs1.86 below the Rs5 floor (tick size ~1% of price; the spread eats the edge); illiquid: Rs0 lakh median daily turnover (floor Rs50 lakh); only 81 trades/day median — one operator's book, not a market",False
ARYAMAN,Aryaman Financial Services Limited,EQ,610.0,,0.004,6.5,20.0,,,"listed 51d ago — under a year of history, no trend to read; illiquid: Rs0 lakh median daily turnover (floor Rs50 lakh); only 6 trades/day median — one operator's book, not a market",False
HPIL,Hindprakash Industries Limited,EQ,116.49,,0.004,30.0,20.0,,,"illiquid: Rs0 lakh median daily turnover (floor Rs50 lakh); only 30 trades/day median — one operator's book, not a market",False
KJMCFIN,KJMC Financial Services Limited,EQ,58.45,,0.004,21.0,5.0,,,"5% circuit band — cannot exit on bad news; listed 51d ago — under a year of history, no trend to read; illiquid: Rs0 lakh median daily turnover (floor Rs50 lakh); only 21 trades/day median — one operator's book, not a market",False
ENEXT50,,,69.61,,0.004,10.0,,,,"not in the NSE equity master (ETF / REIT / InvIT — not a company); illiquid: Rs0 lakh median daily turnover (floor Rs50 lakh); only 10 trades/day median — one operator's book, not a market",False
KAMANWALA,Kamanwala Housing Construction Limited,EQ,17.0,,0.004,18.0,20.0,,LT Stage I,"ASM LT Stage I — surveillance: 100% margin, no intraday, no pledging; listed 51d ago — under a year of history, no trend to read; illiquid: Rs0 lakh median daily turnover (floor Rs50 lakh); only 18 trades/day median — one operator's book, not a market",False
PACIFICI,Pacific Industries Limited,EQ,138.59,,0.004,17.0,20.0,,,"listed 51d ago — under a year of history, no trend to read; illiquid: Rs0 lakh median daily turnover (floor Rs50 lakh); only 17 trades/day median — one operator's book, not a market",False
LOYALTEX,Loyal Textile Mills Limited,EQ,208.02,,0.003,13.0,20.0,,,"illiquid: Rs0 lakh median daily turnover (floor Rs50 lakh); only 13 trades/day median — one operator's book, not a market",False
ADDIND,Addi Industries Limited,EQ,73.88,,0.003,26.0,20.0,,,"listed 51d ago — under a year of history, no trend to read; illiquid: Rs0 lakh median daily turnover (floor Rs50 lakh); only 26 trades/day median — one operator's book, not a market",False
SHRIKRISH,Shri Krishna Devcon Limited,EQ,34.82,,0.003,16.5,10.0,,ST Stage I,"ASM ST Stage I — surveillance: 100% margin, no intraday, no pledging; listed 170d ago — under a year of history, no trend to read; illiquid: Rs0 lakh median daily turnover (floor Rs50 lakh); only 16 trades/day median — one operator's book, not a market",False
ACEINTEG,Ace Integrated Solutions Limited,EQ,16.84,,0.003,74.0,20.0,,,"illiquid: Rs0 lakh median daily turnover (floor Rs50 lakh); only 74 trades/day median — one operator's book, not a market",False
GSEC10YEAR,,,30.38,,0.003,18.0,,,,"not in the NSE equity master (ETF / REIT / InvIT — not a company); illiquid: Rs0 lakh median daily turnover (floor Rs50 lakh); only 18 trades/day median — one operator's book, not a market",False
ARTNIRMAN,Art Nirman Limited,EQ,40.13,,0.003,17.0,20.0,,,"illiquid: Rs0 lakh median daily turnover (floor Rs50 lakh); only 17 trades/day median — one operator's book, not a market",False
NKIND,NK Industries Limited,EQ,58.99,,0.003,28.0,20.0,,,"illiquid: Rs0 lakh median daily turnover (floor Rs50 lakh); only 28 trades/day median — one operator's book, not a market",False
NEAGI,Neelamalai Agro Industries Limited,EQ,3284.4,,0.003,2.0,5.0,,,"5% circuit band — cannot exit on bad news; listed 170d ago — under a year of history, no trend to read; illiquid: Rs0 lakh median daily turnover (floor Rs50 lakh); only 2 trades/day median — one operator's book, not a market",False
TERAI,Terai Tea Company Limited,EQ,113.5,,0.003,15.0,20.0,,,"listed 51d ago — under a year of history, no trend to read; illiquid: Rs0 lakh median daily turnover (floor Rs50 lakh); only 15 trades/day median — one operator's book, not a market",False
IVZBANKNF,,,55.21,,0.003,13.0,,,,"not in the NSE equity master (ETF / REIT / InvIT — not a company); illiquid: Rs0 lakh median daily turnover (floor Rs50 lakh); only 13 trades/day median — one operator's book, not a market",False
PBMPOLY,PBM Polytex Limited,EQ,57.75,,0.003,19.0,20.0,,,"listed 51d ago — under a year of history, no trend to read; illiquid: Rs0 lakh median daily turnover (floor Rs50 lakh); only 19 trades/day median — one operator's book, not a market",False
GLFL,Gujarat Lease Financing Limited,EQ,5.43,,0.003,26.0,5.0,0,,"GSM stage 0 — exchange surveillance, periodic call auction; 5% circuit band — cannot exit on bad news; illiquid: Rs0 lakh median daily turnover (floor Rs50 lakh); only 26 trades/day median — one operator's book, not a market",False
HBPOR,HB Portfolio Limited,EQ,62.36,,0.003,20.0,20.0,,,"listed 51d ago — under a year of history, no trend to read; illiquid: Rs0 lakh median daily turnover (floor Rs50 lakh); only 20 trades/day median — one operator's book, not a market",False
GSEC10IETF,,,259.19,,0.003,7.0,,,,"not in the NSE equity master (ETF / REIT / InvIT — not a company); illiquid: Rs0 lakh median daily turnover (floor Rs50 lakh); only 7 trades/day median — one operator's book, not a market",False
THACKER,Thacker & Company Limited,EQ,980.0,,0.002,7.5,20.0,,,"listed 170d ago — under a year of history, no trend to read; illiquid: Rs0 lakh median daily turnover (floor Rs50 lakh); only 7 trades/day median — one operator's book, not a market",False
WHBRADY,WH Brady & Company Limited,EQ,467.8,,0.002,9.0,20.0,,,"listed 51d ago — under a year of history, no trend to read; illiquid: Rs0 lakh median daily turnover (floor Rs50 lakh); only 9 trades/day median — one operator's book, not a market",False
LADDERUP,Ladderup Finance Limited,BE,60.94,,0.002,25.0,5.0,,,"series BE (trade-to-trade / SME — not normal rolling settlement); 5% circuit band — cannot exit on bad news; listed 51d ago — under a year of history, no trend to read; illiquid: Rs0 lakh median daily turnover (floor Rs50 lakh); only 25 trades/day median — one operator's book, not a market; closed at circuit on 55% of sessions — a stop cannot fill in a locked market",False
MUKESHB,Mukesh Babu Financial Services Limited,EQ,123.0,,0.002,3.0,5.0,,,"5% circuit band — cannot exit on bad news; listed 51d ago — under a year of history, no trend to read; illiquid: Rs0 lakh median daily turnover (floor Rs50 lakh); only 3 trades/day median — one operator's book, not a market",False
ARENTERP,Rajdarshan Industries Limited,EQ,32.44,,0.002,25.0,20.0,,LT Stage I,"ASM LT Stage I — surveillance: 100% margin, no intraday, no pledging; illiquid: Rs0 lakh median daily turnover (floor Rs50 lakh); only 25 trades/day median — one operator's book, not a market",False
BLUECOAST,Blue Coast Hotels Limited,EQ,22.49,,0.002,24.0,5.0,0,,"GSM stage 0 — exchange surveillance, periodic call auction; 5% circuit band — cannot exit on bad news; illiquid: Rs0 lakh median daily turnover (floor Rs50 lakh); only 24 trades/day median — one operator's book, not a market",False
MSCIADD,,,27.88,,0.002,13.5,,,,"not in the NSE equity master (ETF / REIT / InvIT — not a company); illiquid: Rs0 lakh median daily turnover (floor Rs50 lakh); only 13 trades/day median — one operator's book, not a market",False
UNIINFO,Uniinfo Telecom Services Limited,EQ,11.45,,0.002,25.0,5.0,,,"5% circuit band — cannot exit on bad news; illiquid: Rs0 lakh median daily turnover (floor Rs50 lakh); only 25 trades/day median — one operator's book, not a market",False
KHANDSE,Khandwala Securities Limited,EQ,17.16,,0.002,49.0,20.0,,,"illiquid: Rs0 lakh median daily turnover (floor Rs50 lakh); only 49 trades/day median — one operator's book, not a market",False
SAYAJIHOTL,Sayaji Hotels Limited,EQ,309.0,,0.002,8.0,10.0,,,"listed 170d ago — under a year of history, no trend to read; illiquid: Rs0 lakh median daily turnover (floor Rs50 lakh); only 8 trades/day median — one operator's book, not a market",False
SAMBANDAM,Sambandam Spinning Mills Limited,EQ,105.25,,0.002,12.0,5.0,,LT Stage I,"ASM LT Stage I — surveillance: 100% margin, no intraday, no pledging; 5% circuit band — cannot exit on bad news; listed 51d ago — under a year of history, no trend to read; illiquid: Rs0 lakh median daily turnover (floor Rs50 lakh); only 12 trades/day median — one operator's book, not a market",False
PANCHMAHQ,Panchmahal Steel Limited,EQ,285.0,,0.002,12.0,20.0,,,"listed 51d ago — under a year of history, no trend to read; illiquid: Rs0 lakh median daily turnover (floor Rs50 lakh); only 12 trades/day median — one operator's book, not a market",False
POLYSPIN,Polyspin Exports Limited,EQ,29.0,,0.002,19.0,20.0,,,"listed 51d ago — under a year of history, no trend to read; illiquid: Rs0 lakh median daily turnover (floor Rs50 lakh); only 19 trades/day median — one operator's book, not a market",False
ELMDIV,,,34.51,,0.002,14.0,,,,"not in the NSE equity master (ETF / REIT / InvIT — not a company); illiquid: Rs0 lakh median daily turnover (floor Rs50 lakh); only 14 trades/day median — one operator's book, not a market",False
LICNETFSEN,,,817.51,,0.001,6.0,,,,"not in the NSE equity master (ETF / REIT / InvIT — not a company); illiquid: Rs0 lakh median daily turnover (floor Rs50 lakh); only 6 trades/day median — one operator's book, not a market",False
THAKDEV,Thakkers Developers Limited,EQ,134.39,,0.001,7.0,5.0,,,"5% circuit band — cannot exit on bad news; listed 170d ago — under a year of history, no trend to read; illiquid: Rs0 lakh median daily turnover (floor Rs50 lakh); only 7 trades/day median — one operator's book, not a market; closed at circuit on 35% of sessions — a stop cannot fill in a locked market",False
EBANK10,,,16.32,,0.001,17.0,,,,"not in the NSE equity master (ETF / REIT / InvIT — not a company); illiquid: Rs0 lakh median daily turnover (floor Rs50 lakh); only 17 trades/day median — one operator's book, not a market",False
ZENITHEXPO,Zenith Exports Limited,EQ,186.63,,0.001,9.0,5.0,,LT Stage I,"ASM LT Stage I — surveillance: 100% margin, no intraday, no pledging; 5% circuit band — cannot exit on bad news; illiquid: Rs0 lakh median daily turnover (floor Rs50 lakh); only 9 trades/day median — one operator's book, not a market",False
SIMPLXREA,Simplex Realty Limited,EQ,119.43,,0.001,5.5,5.0,,,"5% circuit band — cannot exit on bad news; listed 51d ago — under a year of history, no trend to read; illiquid: Rs0 lakh median daily turnover (floor Rs50 lakh); only 5 trades/day median — one operator's book, not a market; closed at circuit on 23% of sessions — a stop cannot fill in a locked market",False
SHERVANI,Shervani Industrial Syndicate Limited,EQ,321.05,,0.001,8.0,20.0,,,"listed 51d ago — under a year of history, no trend to read; illiquid: Rs0 lakh median daily turnover (floor Rs50 lakh); only 8 trades/day median — one operator's book, not a market",False
APOORVA,Apoorva Leasing Finance and Investment Company Limited,BE,33.0,,0.001,13.5,5.0,,,"series BE (trade-to-trade / SME — not normal rolling settlement); 5% circuit band — cannot exit on bad news; listed 51d ago — under a year of history, no trend to read; illiquid: Rs0 lakh median daily turnover (floor Rs50 lakh); only 13 trades/day median — one operator's book, not a market; closed at circuit on 22% of sessions — a stop cannot fill in a locked market",False
SIEL,Superior Industrial Enterprises Limited,EQ,31.5,,0.001,10.0,5.0,,LT Stage I,"ASM LT Stage I — surveillance: 100% margin, no intraday, no pledging; 5% circuit band — cannot exit on bad news; listed 51d ago — under a year of history, no trend to read; illiquid: Rs0 lakh median daily turnover (floor Rs50 lakh); only 10 trades/day median — one operator's book, not a market; closed at circuit on 22% of sessions — a stop cannot fill in a locked market",False
SAB,SAB Industries Limited,EQ,170.0,,0.001,2.0,5.0,,,"5% circuit band — cannot exit on bad news; listed 51d ago — under a year of history, no trend to read; illiquid: Rs0 lakh median daily turnover (floor Rs50 lakh); only 2 trades/day median — one operator's book, not a market",False
GILT10BETA,,,26.15,,0.001,14.0,,,,"not in the NSE equity master (ETF / REIT / InvIT — not a company); illiquid: Rs0 lakh median daily turnover (floor Rs50 lakh); only 14 trades/day median — one operator's book, not a market",False
SONAL,Sonal Mercantile Limited,EQ,80.46,,0.001,6.5,5.0,,,"5% circuit band — cannot exit on bad news; listed 170d ago — under a year of history, no trend to read; illiquid: Rs0 lakh median daily turnover (floor Rs50 lakh); only 6 trades/day median — one operator's book, not a market",False
SUNLOC,Sunil Healthcare Limited,EQ,70.0,,0.001,8.0,20.0,,,"listed 51d ago — under a year of history, no trend to read; illiquid: Rs0 lakh median daily turnover (floor Rs50 lakh); only 8 trades/day median — one operator's book, not a market",False
MASKINVEST,Mask Investments Limited,EQ,144.99,,0.001,9.5,5.0,,,"5% circuit band — cannot exit on bad news; illiquid: Rs0 lakh median daily turnover (floor Rs50 lakh); only 9 trades/day median — one operator's book, not a market",False
KANCOTEA,Kanco Tea & Industries Limited,EQ,52.55,,0.001,8.0,20.0,,,"listed 51d ago — under a year of history, no trend to read; illiquid: Rs0 lakh median daily turnover (floor Rs50 lakh); only 8 trades/day median — one operator's book, not a market",False
VASUPRADA,Shri Vasuprada Plantations Limited,EQ,95.0,,0.001,3.0,5.0,,,"5% circuit band — cannot exit on bad news; listed 51d ago — under a year of history, no trend to read; illiquid: Rs0 lakh median daily turnover (floor Rs50 lakh); only 3 trades/day median — one operator's book, not a market; closed at circuit on 24% of sessions — a stop cannot fill in a locked market",False
ABSLMSCIN,,,27.89,,0.001,12.0,,,,"not in the NSE equity master (ETF / REIT / InvIT — not a company); illiquid: Rs0 lakh median daily turnover (floor Rs50 lakh); only 12 trades/day median — one operator's book, not a market",False
ABGSEC,,,112.99,,0.001,7.0,,,,"not in the NSE equity master (ETF / REIT / InvIT — not a company); illiquid: Rs0 lakh median daily turnover (floor Rs50 lakh); only 7 trades/day median — one operator's book, not a market",False
QUINTEGRA,Quintegra Solutions Limited,EQ,1.54,,0.0,3.0,5.0,0,,"GSM stage 0 — exchange surveillance, periodic call auction; 5% circuit band — cannot exit on bad news; price Rs1.54 below the Rs5 floor (tick size ~1% of price; the spread eats the edge); illiquid: Rs0 lakh median daily turnover (floor Rs50 lakh); only 3 trades/day median — one operator's book, not a market; closed at circuit on 29% of sessions — a stop cannot fill in a locked market",False
GSEC10ADD,,,26.53,,0.0,3.0,,,,"not in the NSE equity master (ETF / REIT / InvIT — not a company); illiquid: Rs0 lakh median daily turnover (floor Rs50 lakh); only 3 trades/day median — one operator's book, not a market",False
GSEC10ABSL,,,111.2,,0.0,2.0,,,,"not in the NSE equity master (ETF / REIT / InvIT — not a company); illiquid: Rs0 lakh median daily turnover (floor Rs50 lakh); only 2 trades/day median — one operator's book, not a market",False
ASSAMENT,Assam Entrade Limited,EQ,789.55,,0.0,2.5,5.0,,LT Stage I,"ASM LT Stage I — surveillance: 100% margin, no intraday, no pledging; 5% circuit band — cannot exit on bad news; listed 51d ago — under a year of history, no trend to read; illiquid: Rs0 lakh median daily turnover (floor Rs50 lakh); only 2 trades/day median — one operator's book, not a market",False
